compound_id,pathway_id
CNP0131061.4,"6    7
Name: pathway_id, dtype: int64"
CNP0213216.16,"6    7
Name: pathway_id, dtype: int64"
CNP0201102.2,"0    1
Name: pathway_id, dtype: int64"
CNP0070038.2,"6    7
Name: pathway_id, dtype: int64"
CNP0277000.2,"6    7
Name: pathway_id, dtype: int64"
CNP0217799.1,"Series([], Name: pathway_id, dtype: int64)"
CNP0193324.0,"0    1
Name: pathway_id, dtype: int64"
CNP0184438.2,"Series([], Name: pathway_id, dtype: int64)"
CNP0205942.1,"6    7
Name: pathway_id, dtype: int64"
CNP0086390.0,"1    2
Name: pathway_id, dtype: int64"
CNP0086390.0,"Series([], Name: pathway_id, dtype: int64)"
CNP0154990.2,"Series([], Name: pathway_id, dtype: int64)"
CNP0207495.6,"6    7
Name: pathway_id, dtype: int64"
CNP0321538.0,"Series([], Name: pathway_id, dtype: int64)"
CNP0298598.2,"Series([], Name: pathway_id, dtype: int64)"
CNP0075441.1,"6    7
Name: pathway_id, dtype: int64"
CNP0283823.3,"Series([], Name: pathway_id, dtype: int64)"
CNP0271530.1,"6    7
Name: pathway_id, dtype: int64"
CNP0333500.1,"Series([], Name: pathway_id, dtype: int64)"
CNP0326806.1,"6    7
Name: pathway_id, dtype: int64"
CNP0330217.1,"6    7
Name: pathway_id, dtype: int64"
CNP0272121.2,"Series([], Name: pathway_id, dtype: int64)"
CNP0199010.1,"Series([], Name: pathway_id, dtype: int64)"
CNP0290145.3,"6    7
Name: pathway_id, dtype: int64"
CNP0255720.0,"6    7
Name: pathway_id, dtype: int64"
CNP0075195.1,"Series([], Name: pathway_id, dtype: int64)"
CNP0250363.1,"6    7
Name: pathway_id, dtype: int64"
CNP0359787.5,"3    4
Name: pathway_id, dtype: int64"
CNP0075305.1,"6    7
Name: pathway_id, dtype: int64"
CNP0331659.1,"6    7
Name: pathway_id, dtype: int64"
CNP0567580.0,"4    5
Name: pathway_id, dtype: int64"
CNP0495044.1,"6    7
Name: pathway_id, dtype: int64"
CNP0163430.5,"2    3
Name: pathway_id, dtype: int64"
CNP0250575.1,"6    7
Name: pathway_id, dtype: int64"
CNP0262893.4,"Series([], Name: pathway_id, dtype: int64)"
CNP0198090.1,"Series([], Name: pathway_id, dtype: int64)"
CNP0076193.2,"Series([], Name: pathway_id, dtype: int64)"
CNP0286835.1,"6    7
Name: pathway_id, dtype: int64"
CNP0264911.2,"Series([], Name: pathway_id, dtype: int64)"
CNP0245347.0,"4    5
Name: pathway_id, dtype: int64"
CNP0107621.0,"4    5
Name: pathway_id, dtype: int64"
CNP0341384.0,"Series([], Name: pathway_id, dtype: int64)"
CNP0097007.2,"6    7
Name: pathway_id, dtype: int64"
CNP0322121.0,"Series([], Name: pathway_id, dtype: int64)"
CNP0074987.1,"6    7
Name: pathway_id, dtype: int64"
CNP0249351.1,"6    7
Name: pathway_id, dtype: int64"
CNP0148913.1,"6    7
Name: pathway_id, dtype: int64"
CNP0075131.0,"0    1
Name: pathway_id, dtype: int64"
CNP0114538.3,"6    7
Name: pathway_id, dtype: int64"
CNP0281132.1,"6    7
Name: pathway_id, dtype: int64"
CNP0218623.1,"Series([], Name: pathway_id, dtype: int64)"
CNP0261513.3,"6    7
Name: pathway_id, dtype: int64"
CNP0255718.1,"3    4
Name: pathway_id, dtype: int64"
CNP0197665.3,"6    7
Name: pathway_id, dtype: int64"
CNP0218870.3,"0    1
Name: pathway_id, dtype: int64"
CNP0111941.0,"Series([], Name: pathway_id, dtype: int64)"
CNP0340059.1,"6    7
Name: pathway_id, dtype: int64"
CNP0416687.1,"6    7
Name: pathway_id, dtype: int64"
CNP0118734.3,"6    7
Name: pathway_id, dtype: int64"
CNP0075551.1,"6    7
Name: pathway_id, dtype: int64"
CNP0250396.2,"Series([], Name: pathway_id, dtype: int64)"
CNP0084708.0,"3    4
Name: pathway_id, dtype: int64"
CNP0546519.2,"6    7
Name: pathway_id, dtype: int64"
CNP0573340.0,"3    4
Name: pathway_id, dtype: int64"
CNP0118589.0,"4    5
Name: pathway_id, dtype: int64"
CNP0603508.1,"6    7
Name: pathway_id, dtype: int64"
CNP0605491.0,"6    7
Name: pathway_id, dtype: int64"
CNP0258893.0,"Series([], Name: pathway_id, dtype: int64)"
CNP0288420.3,"6    7
Name: pathway_id, dtype: int64"
CNP0215911.2,"Series([], Name: pathway_id, dtype: int64)"
CNP0248113.3,"6    7
Name: pathway_id, dtype: int64"
CNP0166877.0,"Series([], Name: pathway_id, dtype: int64)"
CNP0579687.1,"Series([], Name: pathway_id, dtype: int64)"
CNP0601409.1,"Series([], Name: pathway_id, dtype: int64)"
CNP0144851.1,"6    7
Name: pathway_id, dtype: int64"
CNP0390522.1,"6    7
Name: pathway_id, dtype: int64"
CNP0368066.1,"0    1
Name: pathway_id, dtype: int64"
CNP0210147.2,"6    7
Name: pathway_id, dtype: int64"
CNP0363736.1,"6    7
Name: pathway_id, dtype: int64"
CNP0075458.1,"6    7
Name: pathway_id, dtype: int64"
CNP0082643.2,"6    7
Name: pathway_id, dtype: int64"
CNP0075467.1,"6    7
Name: pathway_id, dtype: int64"
CNP0234204.1,"6    7
Name: pathway_id, dtype: int64"
CNP0274791.1,"Series([], Name: pathway_id, dtype: int64)"
CNP0299272.4,"6    7
Name: pathway_id, dtype: int64"
CNP0410487.2,"6    7
Name: pathway_id, dtype: int64"
CNP0264980.1,"3    4
Name: pathway_id, dtype: int64"
CNP0075076.1,"6    7
Name: pathway_id, dtype: int64"
CNP0193498.1,"6    7
Name: pathway_id, dtype: int64"
CNP0164563.11,"6    7
Name: pathway_id, dtype: int64"
CNP0290852.2,"6    7
Name: pathway_id, dtype: int64"
CNP0344781.1,"0    1
Name: pathway_id, dtype: int64"
CNP0224661.0,"Series([], Name: pathway_id, dtype: int64)"
CNP0295445.1,"6    7
Name: pathway_id, dtype: int64"
CNP0195904.1,"Series([], Name: pathway_id, dtype: int64)"
CNP0592507.1,"6    7
Name: pathway_id, dtype: int64"
CNP0422852.1,"6    7
Name: pathway_id, dtype: int64"
CNP0215073.0,"3    4
Name: pathway_id, dtype: int64"
CNP0224549.0,"Series([], Name: pathway_id, dtype: int64)"
CNP0270767.0,"Series([], Name: pathway_id, dtype: int64)"
CNP0147138.0,"Series([], Name: pathway_id, dtype: int64)"
CNP0133041.0,"Series([], Name: pathway_id, dtype: int64)"
CNP0240651.1,"Series([], Name: pathway_id, dtype: int64)"
CNP0190897.1,"6    7
Name: pathway_id, dtype: int64"
CNP0535113.1,"6    7
Name: pathway_id, dtype: int64"
CNP0075357.1,"Series([], Name: pathway_id, dtype: int64)"
CNP0209335.6,"6    7
Name: pathway_id, dtype: int64"
CNP0264892.2,"0    1
Name: pathway_id, dtype: int64"
CNP0074957.2,"6    7
Name: pathway_id, dtype: int64"
CNP0533567.0,"Series([], Name: pathway_id, dtype: int64)"
CNP0550447.2,"6    7
Name: pathway_id, dtype: int64"
CNP0390407.1,"Series([], Name: pathway_id, dtype: int64)"
CNP0130797.1,"6    7
Name: pathway_id, dtype: int64"
CNP0312273.1,"Series([], Name: pathway_id, dtype: int64)"
CNP0244266.1,"Series([], Name: pathway_id, dtype: int64)"
CNP0337385.0,"4    5
Name: pathway_id, dtype: int64"
CNP0198208.0,"3    4
Name: pathway_id, dtype: int64"
CNP0285558.2,"6    7
Name: pathway_id, dtype: int64"
CNP0173877.12,"6    7
Name: pathway_id, dtype: int64"
CNP0326088.1,"Series([], Name: pathway_id, dtype: int64)"
CNP0260305.2,"6    7
Name: pathway_id, dtype: int64"
CNP0075380.1,"Series([], Name: pathway_id, dtype: int64)"
CNP0080699.1,"6    7
Name: pathway_id, dtype: int64"
CNP0169079.1,"Series([], Name: pathway_id, dtype: int64)"
CNP0139115.1,"6    7
Name: pathway_id, dtype: int64"
CNP0130582.1,"6    7
Name: pathway_id, dtype: int64"
CNP0386618.5,"6    7
Name: pathway_id, dtype: int64"
CNP0364760.1,"Series([], Name: pathway_id, dtype: int64)"
CNP0219778.1,"6    7
Name: pathway_id, dtype: int64"
CNP0347540.0,"Series([], Name: pathway_id, dtype: int64)"
CNP0215187.5,"6    7
Name: pathway_id, dtype: int64"
CNP0113570.2,"6    7
Name: pathway_id, dtype: int64"
CNP0178152.0,"Series([], Name: pathway_id, dtype: int64)"
CNP0487197.1,"6    7
Name: pathway_id, dtype: int64"
CNP0242269.1,"6    7
Name: pathway_id, dtype: int64"
CNP0153762.1,"0    1
Name: pathway_id, dtype: int64"
CNP0205916.3,"0    1
Name: pathway_id, dtype: int64"
CNP0204549.2,"6    7
Name: pathway_id, dtype: int64"
CNP0226937.1,"Series([], Name: pathway_id, dtype: int64)"
CNP0248082.0,"3    4
Name: pathway_id, dtype: int64"
CNP0182212.1,"6    7
Name: pathway_id, dtype: int64"
CNP0238564.2,"6    7
Name: pathway_id, dtype: int64"
CNP0248263.1,"6    7
Name: pathway_id, dtype: int64"
CNP0330371.0,"0    1
Name: pathway_id, dtype: int64"
CNP0282494.1,"Series([], Name: pathway_id, dtype: int64)"
CNP0211145.0,"4    5
Name: pathway_id, dtype: int64"
CNP0136256.1,"6    7
Name: pathway_id, dtype: int64"
CNP0171089.4,"2    3
Name: pathway_id, dtype: int64"
CNP0220481.1,"0    1
Name: pathway_id, dtype: int64"
CNP0215633.2,"6    7
Name: pathway_id, dtype: int64"
CNP0154273.1,"Series([], Name: pathway_id, dtype: int64)"
CNP0149780.1,"3    4
Name: pathway_id, dtype: int64"
CNP0177079.1,"4    5
Name: pathway_id, dtype: int64"
CNP0286347.4,"Series([], Name: pathway_id, dtype: int64)"
CNP0269715.16,"6    7
Name: pathway_id, dtype: int64"
CNP0075232.1,"Series([], Name: pathway_id, dtype: int64)"
CNP0565405.2,"Series([], Name: pathway_id, dtype: int64)"
CNP0176529.2,"6    7
Name: pathway_id, dtype: int64"
CNP0075014.1,"6    7
Name: pathway_id, dtype: int64"
CNP0075246.1,"6    7
Name: pathway_id, dtype: int64"
CNP0149707.1,"Series([], Name: pathway_id, dtype: int64)"
CNP0103018.2,"6    7
Name: pathway_id, dtype: int64"
CNP0295784.0,"0    1
Name: pathway_id, dtype: int64"
CNP0276156.1,"6    7
Name: pathway_id, dtype: int64"
CNP0333917.1,"Series([], Name: pathway_id, dtype: int64)"
CNP0412843.1,"6    7
Name: pathway_id, dtype: int64"
CNP0589753.1,"6    7
Name: pathway_id, dtype: int64"
CNP0546519.1,"6    7
Name: pathway_id, dtype: int64"
CNP0286218.2,"Series([], Name: pathway_id, dtype: int64)"
CNP0239283.0,"4    5
Name: pathway_id, dtype: int64"
CNP0272837.0,"0    1
Name: pathway_id, dtype: int64"
CNP0107084.1,"6    7
Name: pathway_id, dtype: int64"
CNP0234214.1,"6    7
Name: pathway_id, dtype: int64"
CNP0252907.1,"Series([], Name: pathway_id, dtype: int64)"
CNP0287597.1,"6    7
Name: pathway_id, dtype: int64"
CNP0238572.1,"0    1
Name: pathway_id, dtype: int64"
CNP0133406.3,"6    7
Name: pathway_id, dtype: int64"
CNP0289128.1,"6    7
Name: pathway_id, dtype: int64"
CNP0268827.2,"Series([], Name: pathway_id, dtype: int64)"
CNP0216868.6,"6    7
Name: pathway_id, dtype: int64"
CNP0315028.3,"6    7
Name: pathway_id, dtype: int64"
CNP0241069.1,"Series([], Name: pathway_id, dtype: int64)"
CNP0243386.2,"6    7
Name: pathway_id, dtype: int64"
CNP0273546.1,"6    7
Name: pathway_id, dtype: int64"
CNP0414288.2,"6    7
Name: pathway_id, dtype: int64"
CNP0166035.1,"6    7
Name: pathway_id, dtype: int64"
CNP0241890.3,"6    7
Name: pathway_id, dtype: int64"
CNP0265723.2,"6    7
Name: pathway_id, dtype: int64"
CNP0218870.7,"0    1
Name: pathway_id, dtype: int64"
CNP0257244.1,"6    7
Name: pathway_id, dtype: int64"
CNP0285840.1,"Series([], Name: pathway_id, dtype: int64)"
CNP0457329.1,"6    7
Name: pathway_id, dtype: int64"
CNP0075250.1,"6    7
Name: pathway_id, dtype: int64"
CNP0233812.1,"6    7
Name: pathway_id, dtype: int64"
CNP0296298.0,"0    1
Name: pathway_id, dtype: int64"
CNP0156323.1,"6    7
Name: pathway_id, dtype: int64"
CNP0256391.10,"3    4
Name: pathway_id, dtype: int64"
CNP0233780.3,"6    7
Name: pathway_id, dtype: int64"
CNP0151428.1,"Series([], Name: pathway_id, dtype: int64)"
CNP0229912.1,"Series([], Name: pathway_id, dtype: int64)"
CNP0316445.0,"4    5
Name: pathway_id, dtype: int64"
CNP0217921.0,"4    5
Name: pathway_id, dtype: int64"
CNP0323192.0,"0    1
Name: pathway_id, dtype: int64"
CNP0123546.0,"0    1
Name: pathway_id, dtype: int64"
CNP0261443.1,"1    2
Name: pathway_id, dtype: int64"
CNP0207819.0,"Series([], Name: pathway_id, dtype: int64)"
CNP0291086.2,"Series([], Name: pathway_id, dtype: int64)"
CNP0185877.0,"3    4
Name: pathway_id, dtype: int64"
CNP0317181.1,"6    7
Name: pathway_id, dtype: int64"
CNP0582500.1,"6    7
Name: pathway_id, dtype: int64"
CNP0165015.0,"Series([], Name: pathway_id, dtype: int64)"
CNP0085272.1,"Series([], Name: pathway_id, dtype: int64)"
CNP0255338.1,"Series([], Name: pathway_id, dtype: int64)"
CNP0479503.1,"6    7
Name: pathway_id, dtype: int64"
CNP0214743.1,"Series([], Name: pathway_id, dtype: int64)"
CNP0278169.2,"Series([], Name: pathway_id, dtype: int64)"
CNP0223746.0,"Series([], Name: pathway_id, dtype: int64)"
CNP0275080.2,"6    7
Name: pathway_id, dtype: int64"
CNP0158018.4,"Series([], Name: pathway_id, dtype: int64)"
CNP0119310.2,"Series([], Name: pathway_id, dtype: int64)"
CNP0166052.2,"6    7
Name: pathway_id, dtype: int64"
CNP0180103.2,"Series([], Name: pathway_id, dtype: int64)"
CNP0223116.2,"6    7
Name: pathway_id, dtype: int64"
CNP0172643.1,"6    7
Name: pathway_id, dtype: int64"
CNP0146242.5,"Series([], Name: pathway_id, dtype: int64)"
CNP0104716.1,"6    7
Name: pathway_id, dtype: int64"
CNP0241789.1,"4    5
Name: pathway_id, dtype: int64"
CNP0241789.1,"6    7
Name: pathway_id, dtype: int64"
CNP0251886.1,"Series([], Name: pathway_id, dtype: int64)"
CNP0189521.2,"6    7
Name: pathway_id, dtype: int64"
CNP0145577.0,"6    7
Name: pathway_id, dtype: int64"
CNP0256711.5,"6    7
Name: pathway_id, dtype: int64"
CNP0176404.1,"6    7
Name: pathway_id, dtype: int64"
CNP0398009.2,"0    1
Name: pathway_id, dtype: int64"
CNP0196622.1,"0    1
Name: pathway_id, dtype: int64"
CNP0250401.1,"6    7
Name: pathway_id, dtype: int64"
CNP0110506.1,"6    7
Name: pathway_id, dtype: int64"
CNP0386878.1,"6    7
Name: pathway_id, dtype: int64"
CNP0241232.1,"Series([], Name: pathway_id, dtype: int64)"
CNP0234059.1,"6    7
Name: pathway_id, dtype: int64"
CNP0307607.0,"Series([], Name: pathway_id, dtype: int64)"
CNP0105322.0,"Series([], Name: pathway_id, dtype: int64)"
CNP0250453.4,"6    7
Name: pathway_id, dtype: int64"
CNP0257938.3,"6    7
Name: pathway_id, dtype: int64"
CNP0145480.3,"Series([], Name: pathway_id, dtype: int64)"
CNP0308562.1,"6    7
Name: pathway_id, dtype: int64"
CNP0482050.1,"6    7
Name: pathway_id, dtype: int64"
CNP0231945.3,"0    1
Name: pathway_id, dtype: int64"
CNP0191001.1,"Series([], Name: pathway_id, dtype: int64)"
CNP0241855.1,"6    7
Name: pathway_id, dtype: int64"
CNP0240647.1,"6    7
Name: pathway_id, dtype: int64"
CNP0204445.1,"6    7
Name: pathway_id, dtype: int64"
CNP0224451.2,"Series([], Name: pathway_id, dtype: int64)"
CNP0250716.2,"0    1
Name: pathway_id, dtype: int64"
CNP0180599.2,"Series([], Name: pathway_id, dtype: int64)"
CNP0587712.0,"4    5
Name: pathway_id, dtype: int64"
CNP0213605.1,"6    7
Name: pathway_id, dtype: int64"
CNP0268202.0,"Series([], Name: pathway_id, dtype: int64)"
CNP0233323.2,"4    5
Name: pathway_id, dtype: int64"
CNP0328496.2,"6    7
Name: pathway_id, dtype: int64"
CNP0075557.1,"3    4
Name: pathway_id, dtype: int64"
CNP0227334.1,"Series([], Name: pathway_id, dtype: int64)"
CNP0283319.1,"6    7
Name: pathway_id, dtype: int64"
CNP0219489.7,"Series([], Name: pathway_id, dtype: int64)"
CNP0116497.2,"6    7
Name: pathway_id, dtype: int64"
CNP0270613.1,"6    7
Name: pathway_id, dtype: int64"
CNP0302974.1,"6    7
Name: pathway_id, dtype: int64"
CNP0346569.1,"Series([], Name: pathway_id, dtype: int64)"
CNP0205423.2,"6    7
Name: pathway_id, dtype: int64"
CNP0169618.1,"6    7
Name: pathway_id, dtype: int64"
CNP0114776.1,"6    7
Name: pathway_id, dtype: int64"
CNP0094945.1,"4    5
Name: pathway_id, dtype: int64"
CNP0204483.1,"6    7
Name: pathway_id, dtype: int64"
CNP0230761.2,"6    7
Name: pathway_id, dtype: int64"
CNP0256283.3,"6    7
Name: pathway_id, dtype: int64"
CNP0265509.1,"3    4
Name: pathway_id, dtype: int64"
CNP0074994.1,"6    7
Name: pathway_id, dtype: int64"
CNP0137058.0,"Series([], Name: pathway_id, dtype: int64)"
CNP0111840.2,"6    7
Name: pathway_id, dtype: int64"
CNP0243518.1,"Series([], Name: pathway_id, dtype: int64)"
CNP0415882.2,"6    7
Name: pathway_id, dtype: int64"
CNP0235134.1,"6    7
Name: pathway_id, dtype: int64"
CNP0075330.2,"6    7
Name: pathway_id, dtype: int64"
CNP0238858.7,"6    7
Name: pathway_id, dtype: int64"
CNP0226572.4,"6    7
Name: pathway_id, dtype: int64"
CNP0075154.0,"Series([], Name: pathway_id, dtype: int64)"
CNP0085848.0,"4    5
Name: pathway_id, dtype: int64"
CNP0169079.2,"Series([], Name: pathway_id, dtype: int64)"
CNP0264250.1,"6    7
Name: pathway_id, dtype: int64"
CNP0535691.1,"6    7
Name: pathway_id, dtype: int64"
CNP0182333.9,"Series([], Name: pathway_id, dtype: int64)"
CNP0312743.1,"Series([], Name: pathway_id, dtype: int64)"
CNP0186797.1,"6    7
Name: pathway_id, dtype: int64"
CNP0266935.0,"Series([], Name: pathway_id, dtype: int64)"
CNP0199950.7,"Series([], Name: pathway_id, dtype: int64)"
CNP0346553.4,"6    7
Name: pathway_id, dtype: int64"
CNP0272943.4,"6    7
Name: pathway_id, dtype: int64"
CNP0313776.1,"6    7
Name: pathway_id, dtype: int64"
CNP0074991.1,"Series([], Name: pathway_id, dtype: int64)"
CNP0212329.4,"6    7
Name: pathway_id, dtype: int64"
CNP0075071.1,"Series([], Name: pathway_id, dtype: int64)"
CNP0321373.0,"4    5
Name: pathway_id, dtype: int64"
CNP0110570.1,"6    7
Name: pathway_id, dtype: int64"
CNP0585306.0,"4    5
Name: pathway_id, dtype: int64"
CNP0241240.2,"Series([], Name: pathway_id, dtype: int64)"
CNP0208908.2,"6    7
Name: pathway_id, dtype: int64"
CNP0575174.0,"3    4
Name: pathway_id, dtype: int64"
CNP0119548.1,"6    7
Name: pathway_id, dtype: int64"
CNP0104555.3,"Series([], Name: pathway_id, dtype: int64)"
CNP0310081.1,"6    7
Name: pathway_id, dtype: int64"
CNP0075489.1,"6    7
Name: pathway_id, dtype: int64"
CNP0411393.1,"4    5
Name: pathway_id, dtype: int64"
CNP0081476.1,"6    7
Name: pathway_id, dtype: int64"
CNP0285635.2,"6    7
Name: pathway_id, dtype: int64"
CNP0144202.1,"6    7
Name: pathway_id, dtype: int64"
CNP0224506.1,"6    7
Name: pathway_id, dtype: int64"
CNP0191892.1,"6    7
Name: pathway_id, dtype: int64"
CNP0425761.2,"4    5
Name: pathway_id, dtype: int64"
CNP0158883.1,"6    7
Name: pathway_id, dtype: int64"
CNP0161282.1,"6    7
Name: pathway_id, dtype: int64"
CNP0162935.0,"3    4
Name: pathway_id, dtype: int64"
CNP0214126.1,"Series([], Name: pathway_id, dtype: int64)"
CNP0216397.2,"6    7
Name: pathway_id, dtype: int64"
CNP0275360.1,"4    5
Name: pathway_id, dtype: int64"
CNP0203672.0,"Series([], Name: pathway_id, dtype: int64)"
CNP0290292.2,"6    7
Name: pathway_id, dtype: int64"
CNP0585047.0,"4    5
Name: pathway_id, dtype: int64"
CNP0229518.2,"6    7
Name: pathway_id, dtype: int64"
CNP0216699.0,"Series([], Name: pathway_id, dtype: int64)"
CNP0324595.1,"2    3
Name: pathway_id, dtype: int64"
CNP0319842.0,"Series([], Name: pathway_id, dtype: int64)"
CNP0201801.2,"6    7
Name: pathway_id, dtype: int64"
CNP0155987.0,"Series([], Name: pathway_id, dtype: int64)"
CNP0148754.2,"6    7
Name: pathway_id, dtype: int64"
CNP0219310.2,"Series([], Name: pathway_id, dtype: int64)"
CNP0295758.0,"4    5
Name: pathway_id, dtype: int64"
CNP0258154.2,"Series([], Name: pathway_id, dtype: int64)"
CNP0515714.1,"Series([], Name: pathway_id, dtype: int64)"
CNP0330037.0,"3    4
Name: pathway_id, dtype: int64"
CNP0267882.3,"6    7
Name: pathway_id, dtype: int64"
CNP0538058.1,"6    7
Name: pathway_id, dtype: int64"
CNP0275696.2,"6    7
Name: pathway_id, dtype: int64"
CNP0075198.1,"6    7
Name: pathway_id, dtype: int64"
CNP0309364.0,"Series([], Name: pathway_id, dtype: int64)"
CNP0229807.1,"3    4
Name: pathway_id, dtype: int64"
CNP0151774.0,"6    7
Name: pathway_id, dtype: int64"
CNP0140133.0,"4    5
Name: pathway_id, dtype: int64"
CNP0246159.2,"6    7
Name: pathway_id, dtype: int64"
CNP0591091.1,"6    7
Name: pathway_id, dtype: int64"
CNP0219489.4,"Series([], Name: pathway_id, dtype: int64)"
CNP0120039.1,"Series([], Name: pathway_id, dtype: int64)"
CNP0280636.4,"6    7
Name: pathway_id, dtype: int64"
CNP0075204.1,"6    7
Name: pathway_id, dtype: int64"
CNP0560642.1,"6    7
Name: pathway_id, dtype: int64"
CNP0162220.7,"6    7
Name: pathway_id, dtype: int64"
CNP0174615.2,"6    7
Name: pathway_id, dtype: int64"
CNP0237716.1,"6    7
Name: pathway_id, dtype: int64"
CNP0289071.2,"6    7
Name: pathway_id, dtype: int64"
CNP0299805.2,"6    7
Name: pathway_id, dtype: int64"
CNP0532573.1,"6    7
Name: pathway_id, dtype: int64"
CNP0188534.2,"Series([], Name: pathway_id, dtype: int64)"
CNP0231718.1,"6    7
Name: pathway_id, dtype: int64"
CNP0267612.1,"6    7
Name: pathway_id, dtype: int64"
CNP0226836.1,"Series([], Name: pathway_id, dtype: int64)"
CNP0220532.4,"6    7
Name: pathway_id, dtype: int64"
CNP0114490.1,"6    7
Name: pathway_id, dtype: int64"
CNP0230452.3,"6    7
Name: pathway_id, dtype: int64"
CNP0142914.1,"6    7
Name: pathway_id, dtype: int64"
CNP0213318.4,"0    1
Name: pathway_id, dtype: int64"
CNP0213318.4,"6    7
Name: pathway_id, dtype: int64"
CNP0574795.0,"4    5
Name: pathway_id, dtype: int64"
CNP0264297.2,"6    7
Name: pathway_id, dtype: int64"
CNP0255572.1,"4    5
Name: pathway_id, dtype: int64"
CNP0546250.1,"6    7
Name: pathway_id, dtype: int64"
CNP0140384.0,"0    1
Name: pathway_id, dtype: int64"
CNP0189487.3,"6    7
Name: pathway_id, dtype: int64"
CNP0134000.1,"Series([], Name: pathway_id, dtype: int64)"
CNP0316925.1,"6    7
Name: pathway_id, dtype: int64"
CNP0277039.3,"0    1
Name: pathway_id, dtype: int64"
CNP0366779.0,"4    5
Name: pathway_id, dtype: int64"
CNP0107028.3,"6    7
Name: pathway_id, dtype: int64"
CNP0075482.1,"6    7
Name: pathway_id, dtype: int64"
CNP0328132.3,"6    7
Name: pathway_id, dtype: int64"
CNP0202432.3,"Series([], Name: pathway_id, dtype: int64)"
CNP0075506.1,"6    7
Name: pathway_id, dtype: int64"
CNP0154565.3,"6    7
Name: pathway_id, dtype: int64"
CNP0075068.1,"Series([], Name: pathway_id, dtype: int64)"
CNP0075068.1,"6    7
Name: pathway_id, dtype: int64"
CNP0075437.1,"6    7
Name: pathway_id, dtype: int64"
CNP0233952.1,"6    7
Name: pathway_id, dtype: int64"
CNP0180359.2,"6    7
Name: pathway_id, dtype: int64"
CNP0190202.2,"6    7
Name: pathway_id, dtype: int64"
CNP0224506.8,"6    7
Name: pathway_id, dtype: int64"
CNP0219661.3,"6    7
Name: pathway_id, dtype: int64"
CNP0225644.3,"Series([], Name: pathway_id, dtype: int64)"
CNP0258169.5,"6    7
Name: pathway_id, dtype: int64"
CNP0248800.1,"6    7
Name: pathway_id, dtype: int64"
CNP0410431.1,"Series([], Name: pathway_id, dtype: int64)"
CNP0215633.3,"6    7
Name: pathway_id, dtype: int64"
CNP0147732.0,"4    5
Name: pathway_id, dtype: int64"
CNP0268827.3,"Series([], Name: pathway_id, dtype: int64)"
CNP0116719.2,"6    7
Name: pathway_id, dtype: int64"
CNP0112948.2,"6    7
Name: pathway_id, dtype: int64"
CNP0075144.1,"6    7
Name: pathway_id, dtype: int64"
CNP0162417.2,"6    7
Name: pathway_id, dtype: int64"
CNP0388516.3,"Series([], Name: pathway_id, dtype: int64)"
CNP0528189.0,"4    5
Name: pathway_id, dtype: int64"
CNP0240760.2,"6    7
Name: pathway_id, dtype: int64"
CNP0168325.6,"6    7
Name: pathway_id, dtype: int64"
CNP0107431.8,"Series([], Name: pathway_id, dtype: int64)"
CNP0501309.2,"Series([], Name: pathway_id, dtype: int64)"
CNP0093801.0,"6    7
Name: pathway_id, dtype: int64"
CNP0230258.2,"Series([], Name: pathway_id, dtype: int64)"
CNP0103424.5,"Series([], Name: pathway_id, dtype: int64)"
CNP0158208.3,"6    7
Name: pathway_id, dtype: int64"
CNP0350397.1,"6    7
Name: pathway_id, dtype: int64"
CNP0228927.4,"6    7
Name: pathway_id, dtype: int64"
CNP0147290.1,"6    7
Name: pathway_id, dtype: int64"
CNP0507041.1,"6    7
Name: pathway_id, dtype: int64"
CNP0262195.8,"6    7
Name: pathway_id, dtype: int64"
CNP0256571.1,"6    7
Name: pathway_id, dtype: int64"
CNP0282505.1,"6    7
Name: pathway_id, dtype: int64"
CNP0281512.0,"Series([], Name: pathway_id, dtype: int64)"
CNP0296656.1,"6    7
Name: pathway_id, dtype: int64"
CNP0075072.1,"6    7
Name: pathway_id, dtype: int64"
CNP0302331.2,"Series([], Name: pathway_id, dtype: int64)"
CNP0075140.0,"0    1
Name: pathway_id, dtype: int64"
CNP0186172.1,"Series([], Name: pathway_id, dtype: int64)"
CNP0223387.2,"3    4
Name: pathway_id, dtype: int64"
CNP0106573.2,"6    7
Name: pathway_id, dtype: int64"
CNP0122021.0,"Series([], Name: pathway_id, dtype: int64)"
CNP0114165.5,"6    7
Name: pathway_id, dtype: int64"
CNP0074971.1,"3    4
Name: pathway_id, dtype: int64"
CNP0115792.1,"Series([], Name: pathway_id, dtype: int64)"
CNP0359317.1,"6    7
Name: pathway_id, dtype: int64"
CNP0151096.3,"6    7
Name: pathway_id, dtype: int64"
CNP0294315.0,"Series([], Name: pathway_id, dtype: int64)"
CNP0132209.1,"6    7
Name: pathway_id, dtype: int64"
CNP0292697.3,"6    7
Name: pathway_id, dtype: int64"
CNP0075338.1,"Series([], Name: pathway_id, dtype: int64)"
CNP0115115.0,"Series([], Name: pathway_id, dtype: int64)"
CNP0225067.10,"0    1
Name: pathway_id, dtype: int64"
CNP0264631.1,"3    4
Name: pathway_id, dtype: int64"
CNP0303727.0,"0    1
Name: pathway_id, dtype: int64"
CNP0288430.1,"6    7
Name: pathway_id, dtype: int64"
CNP0163527.0,"6    7
Name: pathway_id, dtype: int64"
CNP0083563.1,"3    4
Name: pathway_id, dtype: int64"
CNP0162867.1,"Series([], Name: pathway_id, dtype: int64)"
CNP0153549.0,"Series([], Name: pathway_id, dtype: int64)"
CNP0236934.1,"6    7
Name: pathway_id, dtype: int64"
CNP0225079.1,"Series([], Name: pathway_id, dtype: int64)"
CNP0199272.1,"Series([], Name: pathway_id, dtype: int64)"
CNP0231910.3,"6    7
Name: pathway_id, dtype: int64"
CNP0342258.1,"6    7
Name: pathway_id, dtype: int64"
CNP0362760.1,"6    7
Name: pathway_id, dtype: int64"
CNP0220869.5,"4    5
Name: pathway_id, dtype: int64"
CNP0176785.3,"6    7
Name: pathway_id, dtype: int64"
CNP0230165.3,"0    1
Name: pathway_id, dtype: int64"
CNP0328343.0,"3    4
Name: pathway_id, dtype: int64"
CNP0116719.1,"6    7
Name: pathway_id, dtype: int64"
CNP0258163.1,"6    7
Name: pathway_id, dtype: int64"
CNP0190607.0,"3    4
Name: pathway_id, dtype: int64"
CNP0230811.1,"Series([], Name: pathway_id, dtype: int64)"
CNP0328270.2,"6    7
Name: pathway_id, dtype: int64"
CNP0271426.1,"Series([], Name: pathway_id, dtype: int64)"
CNP0354243.16,"Series([], Name: pathway_id, dtype: int64)"
CNP0075307.1,"Series([], Name: pathway_id, dtype: int64)"
CNP0111173.3,"6    7
Name: pathway_id, dtype: int64"
CNP0075404.1,"6    7
Name: pathway_id, dtype: int64"
CNP0127332.2,"6    7
Name: pathway_id, dtype: int64"
CNP0333608.2,"Series([], Name: pathway_id, dtype: int64)"
CNP0280259.1,"Series([], Name: pathway_id, dtype: int64)"
CNP0249576.5,"Series([], Name: pathway_id, dtype: int64)"
CNP0559665.1,"Series([], Name: pathway_id, dtype: int64)"
CNP0241588.3,"6    7
Name: pathway_id, dtype: int64"
CNP0211821.4,"Series([], Name: pathway_id, dtype: int64)"
CNP0289313.6,"6    7
Name: pathway_id, dtype: int64"
CNP0229518.1,"6    7
Name: pathway_id, dtype: int64"
CNP0114538.2,"6    7
Name: pathway_id, dtype: int64"
CNP0300944.1,"0    1
Name: pathway_id, dtype: int64"
CNP0273415.1,"6    7
Name: pathway_id, dtype: int64"
CNP0260860.1,"6    7
Name: pathway_id, dtype: int64"
CNP0219142.0,"Series([], Name: pathway_id, dtype: int64)"
CNP0501985.0,"Series([], Name: pathway_id, dtype: int64)"
CNP0534578.0,"6    7
Name: pathway_id, dtype: int64"
CNP0219683.1,"1    2
Name: pathway_id, dtype: int64"
CNP0234188.2,"6    7
Name: pathway_id, dtype: int64"
CNP0249539.4,"Series([], Name: pathway_id, dtype: int64)"
CNP0075248.1,"6    7
Name: pathway_id, dtype: int64"
CNP0592295.0,"4    5
Name: pathway_id, dtype: int64"
CNP0186061.4,"Series([], Name: pathway_id, dtype: int64)"
CNP0324283.1,"6    7
Name: pathway_id, dtype: int64"
CNP0214801.0,"0    1
Name: pathway_id, dtype: int64"
CNP0221240.1,"6    7
Name: pathway_id, dtype: int64"
CNP0196703.1,"6    7
Name: pathway_id, dtype: int64"
CNP0187615.1,"6    7
Name: pathway_id, dtype: int64"
CNP0291849.1,"6    7
Name: pathway_id, dtype: int64"
CNP0075459.1,"6    7
Name: pathway_id, dtype: int64"
CNP0249583.0,"Series([], Name: pathway_id, dtype: int64)"
CNP0075261.1,"Series([], Name: pathway_id, dtype: int64)"
CNP0239729.7,"6    7
Name: pathway_id, dtype: int64"
CNP0226706.5,"0    1
Name: pathway_id, dtype: int64"
CNP0357544.3,"6    7
Name: pathway_id, dtype: int64"
CNP0075231.1,"Series([], Name: pathway_id, dtype: int64)"
CNP0147662.2,"6    7
Name: pathway_id, dtype: int64"
CNP0225312.2,"Series([], Name: pathway_id, dtype: int64)"
CNP0308512.1,"6    7
Name: pathway_id, dtype: int64"
CNP0075098.2,"Series([], Name: pathway_id, dtype: int64)"
CNP0149799.0,"Series([], Name: pathway_id, dtype: int64)"
CNP0075047.1,"6    7
Name: pathway_id, dtype: int64"
CNP0076108.1,"3    4
Name: pathway_id, dtype: int64"
CNP0075239.1,"6    7
Name: pathway_id, dtype: int64"
CNP0193480.3,"6    7
Name: pathway_id, dtype: int64"
CNP0182333.11,"Series([], Name: pathway_id, dtype: int64)"
CNP0156199.0,"Series([], Name: pathway_id, dtype: int64)"
CNP0292269.0,"Series([], Name: pathway_id, dtype: int64)"
CNP0586833.0,"3    4
Name: pathway_id, dtype: int64"
CNP0278423.2,"6    7
Name: pathway_id, dtype: int64"
CNP0346196.1,"6    7
Name: pathway_id, dtype: int64"
CNP0388061.3,"Series([], Name: pathway_id, dtype: int64)"
CNP0302381.1,"6    7
Name: pathway_id, dtype: int64"
CNP0279957.1,"6    7
Name: pathway_id, dtype: int64"
CNP0302721.1,"6    7
Name: pathway_id, dtype: int64"
CNP0160769.2,"0    1
Name: pathway_id, dtype: int64"
CNP0160769.2,"6    7
Name: pathway_id, dtype: int64"
CNP0172010.6,"6    7
Name: pathway_id, dtype: int64"
CNP0303990.1,"Series([], Name: pathway_id, dtype: int64)"
CNP0074958.2,"6    7
Name: pathway_id, dtype: int64"
CNP0157415.0,"Series([], Name: pathway_id, dtype: int64)"
CNP0133456.1,"6    7
Name: pathway_id, dtype: int64"
CNP0200461.3,"6    7
Name: pathway_id, dtype: int64"
CNP0284102.6,"6    7
Name: pathway_id, dtype: int64"
CNP0527464.1,"4    5
Name: pathway_id, dtype: int64"
CNP0265210.0,"6    7
Name: pathway_id, dtype: int64"
CNP0166574.1,"0    1
Name: pathway_id, dtype: int64"
CNP0086020.1,"Series([], Name: pathway_id, dtype: int64)"
CNP0080699.3,"6    7
Name: pathway_id, dtype: int64"
CNP0353354.2,"6    7
Name: pathway_id, dtype: int64"
CNP0269941.1,"6    7
Name: pathway_id, dtype: int64"
CNP0276658.0,"Series([], Name: pathway_id, dtype: int64)"
CNP0311798.0,"Series([], Name: pathway_id, dtype: int64)"
CNP0175320.0,"Series([], Name: pathway_id, dtype: int64)"
CNP0182410.0,"Series([], Name: pathway_id, dtype: int64)"
CNP0352383.1,"6    7
Name: pathway_id, dtype: int64"
CNP0233412.2,"6    7
Name: pathway_id, dtype: int64"
CNP0235973.3,"6    7
Name: pathway_id, dtype: int64"
CNP0220062.2,"6    7
Name: pathway_id, dtype: int64"
CNP0258724.1,"6    7
Name: pathway_id, dtype: int64"
CNP0168854.1,"0    1
Name: pathway_id, dtype: int64"
CNP0389131.21,"6    7
Name: pathway_id, dtype: int64"
CNP0178442.4,"6    7
Name: pathway_id, dtype: int64"
CNP0232279.7,"Series([], Name: pathway_id, dtype: int64)"
CNP0201883.1,"Series([], Name: pathway_id, dtype: int64)"
CNP0119408.1,"6    7
Name: pathway_id, dtype: int64"
CNP0224099.3,"6    7
Name: pathway_id, dtype: int64"
CNP0338396.4,"6    7
Name: pathway_id, dtype: int64"
CNP0308182.2,"6    7
Name: pathway_id, dtype: int64"
CNP0211933.4,"0    1
Name: pathway_id, dtype: int64"
CNP0306214.0,"4    5
Name: pathway_id, dtype: int64"
CNP0165976.2,"6    7
Name: pathway_id, dtype: int64"
CNP0086425.0,"3    4
Name: pathway_id, dtype: int64"
CNP0326074.0,"Series([], Name: pathway_id, dtype: int64)"
CNP0143310.0,"Series([], Name: pathway_id, dtype: int64)"
CNP0117259.1,"3    4
Name: pathway_id, dtype: int64"
CNP0144327.1,"0    1
Name: pathway_id, dtype: int64"
CNP0160492.1,"0    1
Name: pathway_id, dtype: int64"
CNP0573978.1,"Series([], Name: pathway_id, dtype: int64)"
CNP0534726.0,"6    7
Name: pathway_id, dtype: int64"
CNP0110929.0,"Series([], Name: pathway_id, dtype: int64)"
CNP0162506.1,"6    7
Name: pathway_id, dtype: int64"
CNP0362566.1,"6    7
Name: pathway_id, dtype: int64"
CNP0503862.1,"6    7
Name: pathway_id, dtype: int64"
CNP0312953.1,"4    5
Name: pathway_id, dtype: int64"
CNP0272219.2,"0    1
Name: pathway_id, dtype: int64"
CNP0185903.8,"Series([], Name: pathway_id, dtype: int64)"
CNP0211467.2,"Series([], Name: pathway_id, dtype: int64)"
CNP0104956.0,"4    5
Name: pathway_id, dtype: int64"
CNP0139440.2,"6    7
Name: pathway_id, dtype: int64"
CNP0112993.1,"6    7
Name: pathway_id, dtype: int64"
CNP0108084.2,"0    1
Name: pathway_id, dtype: int64"
CNP0159928.0,"4    5
Name: pathway_id, dtype: int64"
CNP0507087.1,"0    1
Name: pathway_id, dtype: int64"
CNP0269352.2,"6    7
Name: pathway_id, dtype: int64"
CNP0075096.1,"Series([], Name: pathway_id, dtype: int64)"
CNP0325455.1,"4    5
Name: pathway_id, dtype: int64"
CNP0227958.7,"6    7
Name: pathway_id, dtype: int64"
CNP0234626.3,"Series([], Name: pathway_id, dtype: int64)"
CNP0204651.1,"6    7
Name: pathway_id, dtype: int64"
CNP0120596.2,"Series([], Name: pathway_id, dtype: int64)"
CNP0323206.1,"6    7
Name: pathway_id, dtype: int64"
CNP0130803.1,"6    7
Name: pathway_id, dtype: int64"
CNP0075445.1,"6    7
Name: pathway_id, dtype: int64"
CNP0348948.0,"Series([], Name: pathway_id, dtype: int64)"
CNP0576575.1,"3    4
Name: pathway_id, dtype: int64"
CNP0074925.1,"6    7
Name: pathway_id, dtype: int64"
CNP0261051.4,"6    7
Name: pathway_id, dtype: int64"
CNP0381248.1,"0    1
Name: pathway_id, dtype: int64"
CNP0353582.1,"Series([], Name: pathway_id, dtype: int64)"
CNP0151752.1,"6    7
Name: pathway_id, dtype: int64"
CNP0268107.2,"0    1
Name: pathway_id, dtype: int64"
CNP0283911.3,"6    7
Name: pathway_id, dtype: int64"
CNP0232755.2,"3    4
Name: pathway_id, dtype: int64"
CNP0226356.2,"6    7
Name: pathway_id, dtype: int64"
CNP0165784.2,"0    1
Name: pathway_id, dtype: int64"
CNP0262443.0,"Series([], Name: pathway_id, dtype: int64)"
CNP0527963.1,"6    7
Name: pathway_id, dtype: int64"
CNP0176085.3,"Series([], Name: pathway_id, dtype: int64)"
CNP0110327.9,"Series([], Name: pathway_id, dtype: int64)"
CNP0140699.2,"Series([], Name: pathway_id, dtype: int64)"
CNP0199950.8,"Series([], Name: pathway_id, dtype: int64)"
CNP0217009.0,"Series([], Name: pathway_id, dtype: int64)"
CNP0318452.2,"6    7
Name: pathway_id, dtype: int64"
CNP0234962.1,"0    1
Name: pathway_id, dtype: int64"
CNP0232274.1,"0    1
Name: pathway_id, dtype: int64"
CNP0277699.1,"6    7
Name: pathway_id, dtype: int64"
CNP0124220.1,"Series([], Name: pathway_id, dtype: int64)"
CNP0240977.1,"Series([], Name: pathway_id, dtype: int64)"
CNP0250789.3,"6    7
Name: pathway_id, dtype: int64"
CNP0224123.2,"4    5
Name: pathway_id, dtype: int64"
CNP0294753.5,"Series([], Name: pathway_id, dtype: int64)"
CNP0293115.2,"6    7
Name: pathway_id, dtype: int64"
CNP0220439.3,"6    7
Name: pathway_id, dtype: int64"
CNP0075447.1,"6    7
Name: pathway_id, dtype: int64"
CNP0082841.0,"4    5
Name: pathway_id, dtype: int64"
CNP0153923.7,"Series([], Name: pathway_id, dtype: int64)"
CNP0317600.0,"3    4
Name: pathway_id, dtype: int64"
CNP0142682.3,"Series([], Name: pathway_id, dtype: int64)"
CNP0223221.1,"4    5
Name: pathway_id, dtype: int64"
CNP0303804.4,"6    7
Name: pathway_id, dtype: int64"
CNP0241059.3,"Series([], Name: pathway_id, dtype: int64)"
CNP0291191.0,"Series([], Name: pathway_id, dtype: int64)"
CNP0112948.1,"6    7
Name: pathway_id, dtype: int64"
CNP0181082.1,"Series([], Name: pathway_id, dtype: int64)"
CNP0291452.1,"6    7
Name: pathway_id, dtype: int64"
CNP0383270.2,"6    7
Name: pathway_id, dtype: int64"
CNP0123861.1,"6    7
Name: pathway_id, dtype: int64"
CNP0227468.7,"6    7
Name: pathway_id, dtype: int64"
CNP0214896.5,"3    4
Name: pathway_id, dtype: int64"
CNP0547116.1,"6    7
Name: pathway_id, dtype: int64"
CNP0275042.3,"Series([], Name: pathway_id, dtype: int64)"
CNP0130397.0,"6    7
Name: pathway_id, dtype: int64"
CNP0490999.0,"4    5
Name: pathway_id, dtype: int64"
CNP0264154.1,"6    7
Name: pathway_id, dtype: int64"
CNP0210130.2,"Series([], Name: pathway_id, dtype: int64)"
CNP0588718.2,"6    7
Name: pathway_id, dtype: int64"
CNP0510504.0,"3    4
Name: pathway_id, dtype: int64"
CNP0264949.2,"6    7
Name: pathway_id, dtype: int64"
CNP0523063.1,"6    7
Name: pathway_id, dtype: int64"
CNP0312063.1,"Series([], Name: pathway_id, dtype: int64)"
CNP0224569.2,"6    7
Name: pathway_id, dtype: int64"
CNP0170798.8,"6    7
Name: pathway_id, dtype: int64"
CNP0272417.1,"6    7
Name: pathway_id, dtype: int64"
CNP0212811.1,"6    7
Name: pathway_id, dtype: int64"
CNP0291836.1,"6    7
Name: pathway_id, dtype: int64"
CNP0221051.0,"4    5
Name: pathway_id, dtype: int64"
CNP0329929.1,"6    7
Name: pathway_id, dtype: int64"
CNP0199828.1,"6    7
Name: pathway_id, dtype: int64"
CNP0124060.1,"6    7
Name: pathway_id, dtype: int64"
CNP0172795.2,"4    5
Name: pathway_id, dtype: int64"
CNP0223385.3,"6    7
Name: pathway_id, dtype: int64"
CNP0075134.0,"0    1
Name: pathway_id, dtype: int64"
CNP0075354.1,"6    7
Name: pathway_id, dtype: int64"
CNP0075135.0,"0    1
Name: pathway_id, dtype: int64"
CNP0131874.0,"Series([], Name: pathway_id, dtype: int64)"
CNP0218868.1,"6    7
Name: pathway_id, dtype: int64"
CNP0167702.1,"6    7
Name: pathway_id, dtype: int64"
CNP0247051.1,"6    7
Name: pathway_id, dtype: int64"
CNP0167077.1,"6    7
Name: pathway_id, dtype: int64"
CNP0251570.1,"3    4
Name: pathway_id, dtype: int64"
CNP0189434.1,"Series([], Name: pathway_id, dtype: int64)"
CNP0075374.1,"Series([], Name: pathway_id, dtype: int64)"
CNP0074953.1,"3    4
Name: pathway_id, dtype: int64"
CNP0075273.1,"6    7
Name: pathway_id, dtype: int64"
CNP0288942.1,"6    7
Name: pathway_id, dtype: int64"
CNP0157947.2,"6    7
Name: pathway_id, dtype: int64"
CNP0215617.0,"3    4
Name: pathway_id, dtype: int64"
CNP0120850.0,"Series([], Name: pathway_id, dtype: int64)"
CNP0265465.1,"6    7
Name: pathway_id, dtype: int64"
CNP0182298.2,"6    7
Name: pathway_id, dtype: int64"
CNP0171133.1,"6    7
Name: pathway_id, dtype: int64"
CNP0286528.0,"0    1
Name: pathway_id, dtype: int64"
CNP0365444.2,"Series([], Name: pathway_id, dtype: int64)"
CNP0212324.3,"6    7
Name: pathway_id, dtype: int64"
CNP0586312.0,"4    5
Name: pathway_id, dtype: int64"
CNP0237084.3,"6    7
Name: pathway_id, dtype: int64"
CNP0157210.1,"Series([], Name: pathway_id, dtype: int64)"
CNP0214448.3,"6    7
Name: pathway_id, dtype: int64"
CNP0210170.1,"6    7
Name: pathway_id, dtype: int64"
CNP0076985.1,"0    1
Name: pathway_id, dtype: int64"
CNP0193480.1,"6    7
Name: pathway_id, dtype: int64"
CNP0267365.0,"Series([], Name: pathway_id, dtype: int64)"
CNP0217613.0,"0    1
Name: pathway_id, dtype: int64"
CNP0184709.7,"Series([], Name: pathway_id, dtype: int64)"
CNP0484850.1,"6    7
Name: pathway_id, dtype: int64"
CNP0350939.2,"Series([], Name: pathway_id, dtype: int64)"
CNP0075023.1,"6    7
Name: pathway_id, dtype: int64"
CNP0548976.1,"6    7
Name: pathway_id, dtype: int64"
CNP0164493.0,"Series([], Name: pathway_id, dtype: int64)"
CNP0279525.1,"6    7
Name: pathway_id, dtype: int64"
CNP0347609.1,"0    1
Name: pathway_id, dtype: int64"
CNP0294574.1,"6    7
Name: pathway_id, dtype: int64"
CNP0323893.5,"Series([], Name: pathway_id, dtype: int64)"
CNP0182541.2,"6    7
Name: pathway_id, dtype: int64"
CNP0171505.8,"Series([], Name: pathway_id, dtype: int64)"
CNP0106966.6,"Series([], Name: pathway_id, dtype: int64)"
CNP0188768.5,"Series([], Name: pathway_id, dtype: int64)"
CNP0187854.1,"Series([], Name: pathway_id, dtype: int64)"
CNP0189760.1,"6    7
Name: pathway_id, dtype: int64"
CNP0300254.4,"6    7
Name: pathway_id, dtype: int64"
CNP0263174.0,"3    4
Name: pathway_id, dtype: int64"
CNP0220138.2,"6    7
Name: pathway_id, dtype: int64"
CNP0184887.2,"6    7
Name: pathway_id, dtype: int64"
CNP0194838.3,"6    7
Name: pathway_id, dtype: int64"
CNP0186142.3,"0    1
Name: pathway_id, dtype: int64"
CNP0312545.1,"6    7
Name: pathway_id, dtype: int64"
CNP0154569.2,"6    7
Name: pathway_id, dtype: int64"
CNP0346018.1,"6    7
Name: pathway_id, dtype: int64"
CNP0207794.2,"1    2
Name: pathway_id, dtype: int64"
CNP0207794.2,"4    5
Name: pathway_id, dtype: int64"
CNP0075020.2,"3    4
Name: pathway_id, dtype: int64"
CNP0075020.2,"6    7
Name: pathway_id, dtype: int64"
CNP0188768.6,"Series([], Name: pathway_id, dtype: int64)"
CNP0127472.1,"Series([], Name: pathway_id, dtype: int64)"
CNP0592311.0,"0    1
Name: pathway_id, dtype: int64"
CNP0164478.0,"Series([], Name: pathway_id, dtype: int64)"
CNP0162074.0,"Series([], Name: pathway_id, dtype: int64)"
CNP0274415.1,"Series([], Name: pathway_id, dtype: int64)"
CNP0267140.9,"Series([], Name: pathway_id, dtype: int64)"
CNP0324886.0,"Series([], Name: pathway_id, dtype: int64)"
CNP0416758.1,"6    7
Name: pathway_id, dtype: int64"
CNP0164346.0,"Series([], Name: pathway_id, dtype: int64)"
CNP0216879.2,"6    7
Name: pathway_id, dtype: int64"
CNP0229431.2,"6    7
Name: pathway_id, dtype: int64"
CNP0147305.1,"0    1
Name: pathway_id, dtype: int64"
CNP0158905.3,"Series([], Name: pathway_id, dtype: int64)"
CNP0179215.2,"6    7
Name: pathway_id, dtype: int64"
CNP0238227.1,"6    7
Name: pathway_id, dtype: int64"
CNP0225867.5,"Series([], Name: pathway_id, dtype: int64)"
CNP0193202.6,"6    7
Name: pathway_id, dtype: int64"
CNP0205063.6,"Series([], Name: pathway_id, dtype: int64)"
CNP0155247.2,"Series([], Name: pathway_id, dtype: int64)"
CNP0117780.1,"Series([], Name: pathway_id, dtype: int64)"
CNP0075225.1,"6    7
Name: pathway_id, dtype: int64"
CNP0290685.2,"6    7
Name: pathway_id, dtype: int64"
CNP0213238.0,"3    4
Name: pathway_id, dtype: int64"
CNP0267962.1,"6    7
Name: pathway_id, dtype: int64"
CNP0242452.1,"3    4
Name: pathway_id, dtype: int64"
CNP0141875.3,"6    7
Name: pathway_id, dtype: int64"
CNP0075369.1,"Series([], Name: pathway_id, dtype: int64)"
CNP0446418.1,"4    5
Name: pathway_id, dtype: int64"
CNP0446418.1,"6    7
Name: pathway_id, dtype: int64"
CNP0226388.1,"6    7
Name: pathway_id, dtype: int64"
CNP0196290.1,"Series([], Name: pathway_id, dtype: int64)"
CNP0168612.2,"Series([], Name: pathway_id, dtype: int64)"
CNP0530250.1,"0    1
Name: pathway_id, dtype: int64"
CNP0289236.0,"0    1
Name: pathway_id, dtype: int64"
CNP0137967.0,"Series([], Name: pathway_id, dtype: int64)"
CNP0316994.0,"Series([], Name: pathway_id, dtype: int64)"
CNP0483236.1,"6    7
Name: pathway_id, dtype: int64"
CNP0155056.1,"0    1
Name: pathway_id, dtype: int64"
CNP0166190.1,"Series([], Name: pathway_id, dtype: int64)"
CNP0254044.1,"6    7
Name: pathway_id, dtype: int64"
CNP0164077.0,"Series([], Name: pathway_id, dtype: int64)"
CNP0177320.1,"6    7
Name: pathway_id, dtype: int64"
CNP0175532.1,"6    7
Name: pathway_id, dtype: int64"
CNP0136271.1,"0    1
Name: pathway_id, dtype: int64"
CNP0189723.1,"6    7
Name: pathway_id, dtype: int64"
CNP0280636.5,"6    7
Name: pathway_id, dtype: int64"
CNP0187120.1,"Series([], Name: pathway_id, dtype: int64)"
CNP0281790.4,"6    7
Name: pathway_id, dtype: int64"
CNP0210810.1,"3    4
Name: pathway_id, dtype: int64"
CNP0320906.0,"Series([], Name: pathway_id, dtype: int64)"
CNP0330206.0,"Series([], Name: pathway_id, dtype: int64)"
CNP0269715.3,"6    7
Name: pathway_id, dtype: int64"
CNP0166904.1,"6    7
Name: pathway_id, dtype: int64"
CNP0216202.1,"6    7
Name: pathway_id, dtype: int64"
CNP0262890.1,"6    7
Name: pathway_id, dtype: int64"
CNP0303080.1,"6    7
Name: pathway_id, dtype: int64"
CNP0114165.2,"6    7
Name: pathway_id, dtype: int64"
CNP0174021.1,"Series([], Name: pathway_id, dtype: int64)"
CNP0202843.3,"6    7
Name: pathway_id, dtype: int64"
CNP0194827.0,"4    5
Name: pathway_id, dtype: int64"
CNP0110784.1,"6    7
Name: pathway_id, dtype: int64"
CNP0371061.1,"6    7
Name: pathway_id, dtype: int64"
CNP0206712.7,"3    4
Name: pathway_id, dtype: int64"
CNP0120060.11,"6    7
Name: pathway_id, dtype: int64"
CNP0340982.1,"0    1
Name: pathway_id, dtype: int64"
CNP0294620.1,"6    7
Name: pathway_id, dtype: int64"
CNP0363518.1,"6    7
Name: pathway_id, dtype: int64"
CNP0353354.3,"6    7
Name: pathway_id, dtype: int64"
CNP0497495.1,"Series([], Name: pathway_id, dtype: int64)"
CNP0148586.1,"Series([], Name: pathway_id, dtype: int64)"
CNP0227861.1,"Series([], Name: pathway_id, dtype: int64)"
CNP0129196.3,"6    7
Name: pathway_id, dtype: int64"
CNP0279064.2,"Series([], Name: pathway_id, dtype: int64)"
CNP0106892.0,"0    1
Name: pathway_id, dtype: int64"
CNP0202664.0,"Series([], Name: pathway_id, dtype: int64)"
CNP0590782.0,"Series([], Name: pathway_id, dtype: int64)"
CNP0314005.0,"4    5
Name: pathway_id, dtype: int64"
CNP0222527.1,"Series([], Name: pathway_id, dtype: int64)"
CNP0285313.1,"4    5
Name: pathway_id, dtype: int64"
CNP0413732.1,"0    1
Name: pathway_id, dtype: int64"
CNP0179560.6,"6    7
Name: pathway_id, dtype: int64"
CNP0284287.3,"Series([], Name: pathway_id, dtype: int64)"
CNP0257045.1,"0    1
Name: pathway_id, dtype: int64"
CNP0198240.5,"6    7
Name: pathway_id, dtype: int64"
CNP0413957.0,"3    4
Name: pathway_id, dtype: int64"
CNP0295715.3,"Series([], Name: pathway_id, dtype: int64)"
CNP0186313.2,"Series([], Name: pathway_id, dtype: int64)"
CNP0075260.1,"6    7
Name: pathway_id, dtype: int64"
CNP0167799.2,"Series([], Name: pathway_id, dtype: int64)"
CNP0106735.1,"6    7
Name: pathway_id, dtype: int64"
CNP0286263.3,"Series([], Name: pathway_id, dtype: int64)"
CNP0271197.10,"6    7
Name: pathway_id, dtype: int64"
CNP0120533.1,"6    7
Name: pathway_id, dtype: int64"
CNP0075498.1,"6    7
Name: pathway_id, dtype: int64"
CNP0268534.1,"0    1
Name: pathway_id, dtype: int64"
CNP0194838.4,"6    7
Name: pathway_id, dtype: int64"
CNP0268710.2,"6    7
Name: pathway_id, dtype: int64"
CNP0220934.6,"Series([], Name: pathway_id, dtype: int64)"
CNP0075054.1,"6    7
Name: pathway_id, dtype: int64"
CNP0340167.1,"6    7
Name: pathway_id, dtype: int64"
CNP0139733.3,"0    1
Name: pathway_id, dtype: int64"
CNP0109764.1,"6    7
Name: pathway_id, dtype: int64"
CNP0186784.1,"Series([], Name: pathway_id, dtype: int64)"
CNP0187458.0,"Series([], Name: pathway_id, dtype: int64)"
CNP0145453.2,"6    7
Name: pathway_id, dtype: int64"
CNP0353597.0,"6    7
Name: pathway_id, dtype: int64"
CNP0238877.2,"6    7
Name: pathway_id, dtype: int64"
CNP0078258.1,"6    7
Name: pathway_id, dtype: int64"
CNP0269400.9,"0    1
Name: pathway_id, dtype: int64"
CNP0257120.0,"Series([], Name: pathway_id, dtype: int64)"
CNP0227183.2,"6    7
Name: pathway_id, dtype: int64"
CNP0290092.0,"Series([], Name: pathway_id, dtype: int64)"
CNP0290562.5,"6    7
Name: pathway_id, dtype: int64"
CNP0075547.1,"6    7
Name: pathway_id, dtype: int64"
CNP0387891.2,"6    7
Name: pathway_id, dtype: int64"
CNP0179802.2,"6    7
Name: pathway_id, dtype: int64"
CNP0216683.2,"6    7
Name: pathway_id, dtype: int64"
CNP0169414.0,"3    4
Name: pathway_id, dtype: int64"
CNP0180813.0,"4    5
Name: pathway_id, dtype: int64"
CNP0222025.1,"Series([], Name: pathway_id, dtype: int64)"
CNP0225208.1,"6    7
Name: pathway_id, dtype: int64"
CNP0299143.0,"4    5
Name: pathway_id, dtype: int64"
CNP0114003.1,"6    7
Name: pathway_id, dtype: int64"
CNP0234916.0,"Series([], Name: pathway_id, dtype: int64)"
CNP0344609.5,"4    5
Name: pathway_id, dtype: int64"
CNP0132209.4,"6    7
Name: pathway_id, dtype: int64"
CNP0184447.5,"Series([], Name: pathway_id, dtype: int64)"
CNP0223224.5,"6    7
Name: pathway_id, dtype: int64"
CNP0426197.2,"0    1
Name: pathway_id, dtype: int64"
CNP0426197.2,"6    7
Name: pathway_id, dtype: int64"
CNP0499993.2,"6    7
Name: pathway_id, dtype: int64"
CNP0297931.2,"6    7
Name: pathway_id, dtype: int64"
CNP0250490.1,"6    7
Name: pathway_id, dtype: int64"
CNP0075450.1,"6    7
Name: pathway_id, dtype: int64"
CNP0413614.2,"6    7
Name: pathway_id, dtype: int64"
CNP0239376.2,"6    7
Name: pathway_id, dtype: int64"
CNP0185474.4,"Series([], Name: pathway_id, dtype: int64)"
CNP0187821.1,"6    7
Name: pathway_id, dtype: int64"
CNP0201045.1,"Series([], Name: pathway_id, dtype: int64)"
CNP0246159.3,"6    7
Name: pathway_id, dtype: int64"
CNP0184729.1,"6    7
Name: pathway_id, dtype: int64"
CNP0288493.1,"6    7
Name: pathway_id, dtype: int64"
CNP0129834.1,"6    7
Name: pathway_id, dtype: int64"
CNP0495581.1,"6    7
Name: pathway_id, dtype: int64"
CNP0213801.1,"Series([], Name: pathway_id, dtype: int64)"
CNP0205283.1,"6    7
Name: pathway_id, dtype: int64"
CNP0129787.0,"Series([], Name: pathway_id, dtype: int64)"
CNP0482667.1,"3    4
Name: pathway_id, dtype: int64"
CNP0479924.2,"6    7
Name: pathway_id, dtype: int64"
CNP0018904.0,"4    5
Name: pathway_id, dtype: int64"
CNP0279503.0,"Series([], Name: pathway_id, dtype: int64)"
CNP0190966.1,"0    1
Name: pathway_id, dtype: int64"
CNP0264629.1,"6    7
Name: pathway_id, dtype: int64"
CNP0227312.6,"2    3
Name: pathway_id, dtype: int64"
CNP0109417.1,"Series([], Name: pathway_id, dtype: int64)"
CNP0243977.1,"6    7
Name: pathway_id, dtype: int64"
CNP0314720.0,"Series([], Name: pathway_id, dtype: int64)"
CNP0193065.5,"6    7
Name: pathway_id, dtype: int64"
CNP0188768.4,"Series([], Name: pathway_id, dtype: int64)"
CNP0150834.0,"4    5
Name: pathway_id, dtype: int64"
CNP0163817.2,"6    7
Name: pathway_id, dtype: int64"
CNP0221732.2,"Series([], Name: pathway_id, dtype: int64)"
CNP0335133.1,"0    1
Name: pathway_id, dtype: int64"
CNP0164257.2,"6    7
Name: pathway_id, dtype: int64"
CNP0075168.1,"6    7
Name: pathway_id, dtype: int64"
CNP0103205.2,"Series([], Name: pathway_id, dtype: int64)"
CNP0075361.1,"6    7
Name: pathway_id, dtype: int64"
CNP0312960.2,"6    7
Name: pathway_id, dtype: int64"
CNP0175411.2,"3    4
Name: pathway_id, dtype: int64"
CNP0258703.1,"Series([], Name: pathway_id, dtype: int64)"
CNP0308463.1,"6    7
Name: pathway_id, dtype: int64"
CNP0180599.16,"Series([], Name: pathway_id, dtype: int64)"
CNP0356968.2,"6    7
Name: pathway_id, dtype: int64"
CNP0348071.1,"Series([], Name: pathway_id, dtype: int64)"
CNP0182014.1,"6    7
Name: pathway_id, dtype: int64"
CNP0249383.5,"6    7
Name: pathway_id, dtype: int64"
CNP0274636.1,"6    7
Name: pathway_id, dtype: int64"
CNP0219701.2,"6    7
Name: pathway_id, dtype: int64"
CNP0206091.2,"6    7
Name: pathway_id, dtype: int64"
CNP0105550.1,"Series([], Name: pathway_id, dtype: int64)"
CNP0275496.1,"6    7
Name: pathway_id, dtype: int64"
CNP0376119.1,"6    7
Name: pathway_id, dtype: int64"
CNP0220753.1,"Series([], Name: pathway_id, dtype: int64)"
CNP0181452.1,"4    5
Name: pathway_id, dtype: int64"
CNP0075212.1,"Series([], Name: pathway_id, dtype: int64)"
CNP0245361.1,"Series([], Name: pathway_id, dtype: int64)"
CNP0112313.2,"6    7
Name: pathway_id, dtype: int64"
CNP0268245.4,"6    7
Name: pathway_id, dtype: int64"
CNP0374584.2,"Series([], Name: pathway_id, dtype: int64)"
CNP0540713.1,"6    7
Name: pathway_id, dtype: int64"
CNP0270856.0,"Series([], Name: pathway_id, dtype: int64)"
CNP0077024.0,"Series([], Name: pathway_id, dtype: int64)"
CNP0270394.3,"0    1
Name: pathway_id, dtype: int64"
CNP0327279.1,"6    7
Name: pathway_id, dtype: int64"
CNP0111497.0,"0    1
Name: pathway_id, dtype: int64"
CNP0116350.2,"6    7
Name: pathway_id, dtype: int64"
CNP0109560.1,"6    7
Name: pathway_id, dtype: int64"
CNP0599403.0,"4    5
Name: pathway_id, dtype: int64"
CNP0116269.3,"6    7
Name: pathway_id, dtype: int64"
CNP0199397.1,"6    7
Name: pathway_id, dtype: int64"
CNP0153196.2,"6    7
Name: pathway_id, dtype: int64"
CNP0177283.1,"6    7
Name: pathway_id, dtype: int64"
CNP0264190.1,"Series([], Name: pathway_id, dtype: int64)"
CNP0382760.3,"Series([], Name: pathway_id, dtype: int64)"
CNP0257611.1,"6    7
Name: pathway_id, dtype: int64"
CNP0196290.9,"Series([], Name: pathway_id, dtype: int64)"
CNP0260131.3,"6    7
Name: pathway_id, dtype: int64"
CNP0146797.1,"6    7
Name: pathway_id, dtype: int64"
CNP0258860.1,"6    7
Name: pathway_id, dtype: int64"
CNP0257522.0,"Series([], Name: pathway_id, dtype: int64)"
CNP0389018.1,"6    7
Name: pathway_id, dtype: int64"
CNP0380007.2,"6    7
Name: pathway_id, dtype: int64"
CNP0075475.1,"6    7
Name: pathway_id, dtype: int64"
CNP0149521.1,"6    7
Name: pathway_id, dtype: int64"
CNP0334935.1,"6    7
Name: pathway_id, dtype: int64"
CNP0212910.1,"6    7
Name: pathway_id, dtype: int64"
CNP0274529.0,"6    7
Name: pathway_id, dtype: int64"
CNP0207320.0,"3    4
Name: pathway_id, dtype: int64"
CNP0176906.1,"6    7
Name: pathway_id, dtype: int64"
CNP0244005.2,"1    2
Name: pathway_id, dtype: int64"
CNP0244005.2,"Series([], Name: pathway_id, dtype: int64)"
CNP0118849.0,"0    1
Name: pathway_id, dtype: int64"
CNP0075315.0,"0    1
Name: pathway_id, dtype: int64"
CNP0411015.0,"Series([], Name: pathway_id, dtype: int64)"
CNP0154057.1,"4    5
Name: pathway_id, dtype: int64"
CNP0262782.0,"Series([], Name: pathway_id, dtype: int64)"
CNP0167678.1,"6    7
Name: pathway_id, dtype: int64"
CNP0369094.3,"6    7
Name: pathway_id, dtype: int64"
CNP0506493.1,"6    7
Name: pathway_id, dtype: int64"
CNP0191322.0,"4    5
Name: pathway_id, dtype: int64"
CNP0315957.1,"Series([], Name: pathway_id, dtype: int64)"
CNP0161935.1,"6    7
Name: pathway_id, dtype: int64"
CNP0075044.1,"6    7
Name: pathway_id, dtype: int64"
CNP0075466.1,"6    7
Name: pathway_id, dtype: int64"
CNP0300254.1,"6    7
Name: pathway_id, dtype: int64"
CNP0291795.0,"Series([], Name: pathway_id, dtype: int64)"
CNP0476563.0,"Series([], Name: pathway_id, dtype: int64)"
CNP0531817.2,"4    5
Name: pathway_id, dtype: int64"
CNP0184709.2,"Series([], Name: pathway_id, dtype: int64)"
CNP0388516.10,"Series([], Name: pathway_id, dtype: int64)"
CNP0230441.2,"2    3
Name: pathway_id, dtype: int64"
CNP0218896.2,"6    7
Name: pathway_id, dtype: int64"
CNP0130747.1,"Series([], Name: pathway_id, dtype: int64)"
CNP0227800.0,"Series([], Name: pathway_id, dtype: int64)"
CNP0269154.1,"6    7
Name: pathway_id, dtype: int64"
CNP0185882.1,"3    4
Name: pathway_id, dtype: int64"
CNP0261513.2,"6    7
Name: pathway_id, dtype: int64"
CNP0186265.5,"6    7
Name: pathway_id, dtype: int64"
CNP0213697.3,"3    4
Name: pathway_id, dtype: int64"
CNP0239453.2,"6    7
Name: pathway_id, dtype: int64"
CNP0075240.1,"6    7
Name: pathway_id, dtype: int64"
CNP0307768.1,"6    7
Name: pathway_id, dtype: int64"
CNP0419576.2,"0    1
Name: pathway_id, dtype: int64"
CNP0312211.2,"6    7
Name: pathway_id, dtype: int64"
CNP0225598.1,"6    7
Name: pathway_id, dtype: int64"
CNP0158869.1,"Series([], Name: pathway_id, dtype: int64)"
CNP0244343.5,"0    1
Name: pathway_id, dtype: int64"
CNP0219959.0,"0    1
Name: pathway_id, dtype: int64"
CNP0228555.3,"6    7
Name: pathway_id, dtype: int64"
CNP0137443.2,"6    7
Name: pathway_id, dtype: int64"
CNP0175127.0,"Series([], Name: pathway_id, dtype: int64)"
CNP0133787.1,"6    7
Name: pathway_id, dtype: int64"
CNP0103509.2,"Series([], Name: pathway_id, dtype: int64)"
CNP0113671.1,"0    1
Name: pathway_id, dtype: int64"
CNP0373933.2,"6    7
Name: pathway_id, dtype: int64"
CNP0163118.1,"6    7
Name: pathway_id, dtype: int64"
CNP0075350.0,"Series([], Name: pathway_id, dtype: int64)"
CNP0309202.2,"6    7
Name: pathway_id, dtype: int64"
CNP0502075.0,"4    5
Name: pathway_id, dtype: int64"
CNP0291283.0,"Series([], Name: pathway_id, dtype: int64)"
CNP0229410.0,"6    7
Name: pathway_id, dtype: int64"
CNP0163749.1,"Series([], Name: pathway_id, dtype: int64)"
CNP0277434.0,"Series([], Name: pathway_id, dtype: int64)"
CNP0285931.1,"Series([], Name: pathway_id, dtype: int64)"
CNP0285931.1,"6    7
Name: pathway_id, dtype: int64"
CNP0205175.3,"6    7
Name: pathway_id, dtype: int64"
CNP0208363.1,"Series([], Name: pathway_id, dtype: int64)"
CNP0286347.5,"Series([], Name: pathway_id, dtype: int64)"
CNP0376512.2,"6    7
Name: pathway_id, dtype: int64"
CNP0171505.16,"Series([], Name: pathway_id, dtype: int64)"
CNP0106090.0,"4    5
Name: pathway_id, dtype: int64"
CNP0192149.1,"Series([], Name: pathway_id, dtype: int64)"
CNP0291114.2,"6    7
Name: pathway_id, dtype: int64"
CNP0191001.2,"Series([], Name: pathway_id, dtype: int64)"
CNP0295908.0,"0    1
Name: pathway_id, dtype: int64"
CNP0146610.1,"6    7
Name: pathway_id, dtype: int64"
CNP0171132.2,"6    7
Name: pathway_id, dtype: int64"
CNP0132237.1,"6    7
Name: pathway_id, dtype: int64"
CNP0206272.3,"Series([], Name: pathway_id, dtype: int64)"
CNP0129507.1,"4    5
Name: pathway_id, dtype: int64"
CNP0235287.3,"6    7
Name: pathway_id, dtype: int64"
CNP0258740.1,"Series([], Name: pathway_id, dtype: int64)"
CNP0339723.5,"Series([], Name: pathway_id, dtype: int64)"
CNP0273404.4,"6    7
Name: pathway_id, dtype: int64"
CNP0367807.1,"0    1
Name: pathway_id, dtype: int64"
CNP0159010.2,"Series([], Name: pathway_id, dtype: int64)"
CNP0366214.2,"6    7
Name: pathway_id, dtype: int64"
CNP0211580.1,"6    7
Name: pathway_id, dtype: int64"
CNP0234575.1,"6    7
Name: pathway_id, dtype: int64"
CNP0164524.3,"Series([], Name: pathway_id, dtype: int64)"
CNP0362780.2,"6    7
Name: pathway_id, dtype: int64"
CNP0227678.5,"6    7
Name: pathway_id, dtype: int64"
CNP0091159.2,"6    7
Name: pathway_id, dtype: int64"
CNP0303437.1,"6    7
Name: pathway_id, dtype: int64"
CNP0136227.0,"Series([], Name: pathway_id, dtype: int64)"
CNP0354243.2,"Series([], Name: pathway_id, dtype: int64)"
CNP0175519.0,"3    4
Name: pathway_id, dtype: int64"
CNP0369094.6,"6    7
Name: pathway_id, dtype: int64"
CNP0295975.6,"6    7
Name: pathway_id, dtype: int64"
CNP0172333.3,"Series([], Name: pathway_id, dtype: int64)"
CNP0136779.1,"4    5
Name: pathway_id, dtype: int64"
CNP0574087.1,"6    7
Name: pathway_id, dtype: int64"
CNP0112106.1,"6    7
Name: pathway_id, dtype: int64"
CNP0147119.5,"6    7
Name: pathway_id, dtype: int64"
CNP0293140.1,"6    7
Name: pathway_id, dtype: int64"
CNP0569070.1,"6    7
Name: pathway_id, dtype: int64"
CNP0214436.1,"6    7
Name: pathway_id, dtype: int64"
CNP0220938.1,"6    7
Name: pathway_id, dtype: int64"
CNP0507562.1,"Series([], Name: pathway_id, dtype: int64)"
CNP0396336.1,"Series([], Name: pathway_id, dtype: int64)"
CNP0370068.1,"6    7
Name: pathway_id, dtype: int64"
CNP0205973.0,"Series([], Name: pathway_id, dtype: int64)"
CNP0219489.2,"Series([], Name: pathway_id, dtype: int64)"
CNP0241916.3,"6    7
Name: pathway_id, dtype: int64"
CNP0138810.1,"6    7
Name: pathway_id, dtype: int64"
CNP0506226.0,"4    5
Name: pathway_id, dtype: int64"
CNP0229488.7,"6    7
Name: pathway_id, dtype: int64"
CNP0192190.2,"6    7
Name: pathway_id, dtype: int64"
CNP0137934.2,"Series([], Name: pathway_id, dtype: int64)"
CNP0173178.1,"6    7
Name: pathway_id, dtype: int64"
CNP0176283.2,"Series([], Name: pathway_id, dtype: int64)"
CNP0388953.0,"6    7
Name: pathway_id, dtype: int64"
CNP0244976.2,"Series([], Name: pathway_id, dtype: int64)"
CNP0174059.1,"6    7
Name: pathway_id, dtype: int64"
CNP0226572.16,"6    7
Name: pathway_id, dtype: int64"
CNP0219072.4,"6    7
Name: pathway_id, dtype: int64"
CNP0075439.1,"6    7
Name: pathway_id, dtype: int64"
CNP0204738.1,"Series([], Name: pathway_id, dtype: int64)"
CNP0075401.1,"6    7
Name: pathway_id, dtype: int64"
CNP0186977.5,"Series([], Name: pathway_id, dtype: int64)"
CNP0075358.1,"Series([], Name: pathway_id, dtype: int64)"
CNP0293160.1,"6    7
Name: pathway_id, dtype: int64"
CNP0262195.4,"6    7
Name: pathway_id, dtype: int64"
CNP0235305.5,"Series([], Name: pathway_id, dtype: int64)"
CNP0296566.3,"Series([], Name: pathway_id, dtype: int64)"
CNP0176276.1,"6    7
Name: pathway_id, dtype: int64"
CNP0237894.5,"6    7
Name: pathway_id, dtype: int64"
CNP0115852.1,"0    1
Name: pathway_id, dtype: int64"
CNP0232994.0,"0    1
Name: pathway_id, dtype: int64"
CNP0214884.1,"6    7
Name: pathway_id, dtype: int64"
CNP0148248.1,"Series([], Name: pathway_id, dtype: int64)"
CNP0075345.0,"6    7
Name: pathway_id, dtype: int64"
CNP0213128.0,"Series([], Name: pathway_id, dtype: int64)"
CNP0132643.2,"0    1
Name: pathway_id, dtype: int64"
CNP0203807.0,"1    2
Name: pathway_id, dtype: int64"
CNP0203807.0,"Series([], Name: pathway_id, dtype: int64)"
CNP0388275.1,"6    7
Name: pathway_id, dtype: int64"
CNP0516887.0,"3    4
Name: pathway_id, dtype: int64"
CNP0219489.1,"Series([], Name: pathway_id, dtype: int64)"
CNP0329372.0,"0    1
Name: pathway_id, dtype: int64"
CNP0402270.0,"0    1
Name: pathway_id, dtype: int64"
CNP0402270.0,"1    2
Name: pathway_id, dtype: int64"
CNP0237118.0,"Series([], Name: pathway_id, dtype: int64)"
CNP0525680.1,"Series([], Name: pathway_id, dtype: int64)"
CNP0232122.4,"2    3
Name: pathway_id, dtype: int64"
CNP0322284.1,"0    1
Name: pathway_id, dtype: int64"
CNP0223593.1,"6    7
Name: pathway_id, dtype: int64"
CNP0221611.1,"6    7
Name: pathway_id, dtype: int64"
CNP0075123.0,"0    1
Name: pathway_id, dtype: int64"
CNP0250602.1,"6    7
Name: pathway_id, dtype: int64"
CNP0239589.2,"6    7
Name: pathway_id, dtype: int64"
CNP0200978.1,"6    7
Name: pathway_id, dtype: int64"
CNP0260248.1,"6    7
Name: pathway_id, dtype: int64"
CNP0276074.1,"Series([], Name: pathway_id, dtype: int64)"
CNP0143365.0,"0    1
Name: pathway_id, dtype: int64"
CNP0400007.4,"6    7
Name: pathway_id, dtype: int64"
CNP0074957.1,"6    7
Name: pathway_id, dtype: int64"
CNP0191904.0,"Series([], Name: pathway_id, dtype: int64)"
CNP0104740.1,"6    7
Name: pathway_id, dtype: int64"
CNP0299189.1,"6    7
Name: pathway_id, dtype: int64"
CNP0226911.1,"6    7
Name: pathway_id, dtype: int64"
CNP0334348.2,"6    7
Name: pathway_id, dtype: int64"
CNP0274232.0,"3    4
Name: pathway_id, dtype: int64"
CNP0075146.1,"6    7
Name: pathway_id, dtype: int64"
CNP0169590.1,"6    7
Name: pathway_id, dtype: int64"
CNP0228944.1,"0    1
Name: pathway_id, dtype: int64"
CNP0604194.1,"6    7
Name: pathway_id, dtype: int64"
CNP0076975.0,"Series([], Name: pathway_id, dtype: int64)"
CNP0276210.1,"Series([], Name: pathway_id, dtype: int64)"
CNP0283370.1,"6    7
Name: pathway_id, dtype: int64"
CNP0322299.2,"Series([], Name: pathway_id, dtype: int64)"
CNP0200978.2,"6    7
Name: pathway_id, dtype: int64"
CNP0316614.1,"6    7
Name: pathway_id, dtype: int64"
CNP0196682.1,"6    7
Name: pathway_id, dtype: int64"
CNP0552717.1,"6    7
Name: pathway_id, dtype: int64"
CNP0075388.1,"Series([], Name: pathway_id, dtype: int64)"
CNP0244823.2,"Series([], Name: pathway_id, dtype: int64)"
CNP0291526.0,"Series([], Name: pathway_id, dtype: int64)"
CNP0240312.1,"6    7
Name: pathway_id, dtype: int64"
CNP0230367.1,"Series([], Name: pathway_id, dtype: int64)"
CNP0230809.1,"Series([], Name: pathway_id, dtype: int64)"
CNP0239971.2,"Series([], Name: pathway_id, dtype: int64)"
CNP0294678.1,"4    5
Name: pathway_id, dtype: int64"
CNP0143402.2,"Series([], Name: pathway_id, dtype: int64)"
CNP0547199.1,"6    7
Name: pathway_id, dtype: int64"
CNP0310679.2,"4    5
Name: pathway_id, dtype: int64"
CNP0357006.1,"1    2
Name: pathway_id, dtype: int64"
CNP0406109.1,"6    7
Name: pathway_id, dtype: int64"
CNP0075440.1,"6    7
Name: pathway_id, dtype: int64"
CNP0117562.1,"6    7
Name: pathway_id, dtype: int64"
CNP0396336.7,"Series([], Name: pathway_id, dtype: int64)"
CNP0110749.0,"Series([], Name: pathway_id, dtype: int64)"
CNP0201235.2,"Series([], Name: pathway_id, dtype: int64)"
CNP0148754.1,"6    7
Name: pathway_id, dtype: int64"
CNP0250564.1,"6    7
Name: pathway_id, dtype: int64"
CNP0200769.1,"6    7
Name: pathway_id, dtype: int64"
CNP0310337.6,"6    7
Name: pathway_id, dtype: int64"
CNP0238548.1,"Series([], Name: pathway_id, dtype: int64)"
CNP0314884.1,"6    7
Name: pathway_id, dtype: int64"
CNP0312879.3,"6    7
Name: pathway_id, dtype: int64"
CNP0273495.2,"Series([], Name: pathway_id, dtype: int64)"
CNP0246101.1,"3    4
Name: pathway_id, dtype: int64"
CNP0194338.1,"6    7
Name: pathway_id, dtype: int64"
CNP0141902.1,"6    7
Name: pathway_id, dtype: int64"
CNP0524548.1,"Series([], Name: pathway_id, dtype: int64)"
CNP0228819.1,"6    7
Name: pathway_id, dtype: int64"
CNP0212326.1,"4    5
Name: pathway_id, dtype: int64"
CNP0235973.1,"6    7
Name: pathway_id, dtype: int64"
CNP0410091.1,"6    7
Name: pathway_id, dtype: int64"
CNP0244917.1,"6    7
Name: pathway_id, dtype: int64"
CNP0254124.2,"3    4
Name: pathway_id, dtype: int64"
CNP0155046.0,"4    5
Name: pathway_id, dtype: int64"
CNP0290380.0,"6    7
Name: pathway_id, dtype: int64"
CNP0260756.1,"6    7
Name: pathway_id, dtype: int64"
CNP0125219.0,"0    1
Name: pathway_id, dtype: int64"
CNP0297417.1,"Series([], Name: pathway_id, dtype: int64)"
CNP0209290.1,"Series([], Name: pathway_id, dtype: int64)"
CNP0558015.1,"6    7
Name: pathway_id, dtype: int64"
CNP0485774.1,"6    7
Name: pathway_id, dtype: int64"
CNP0206594.0,"Series([], Name: pathway_id, dtype: int64)"
CNP0179486.1,"6    7
Name: pathway_id, dtype: int64"
CNP0145206.1,"6    7
Name: pathway_id, dtype: int64"
CNP0163367.1,"Series([], Name: pathway_id, dtype: int64)"
CNP0104029.2,"6    7
Name: pathway_id, dtype: int64"
CNP0172770.2,"6    7
Name: pathway_id, dtype: int64"
CNP0157960.1,"0    1
Name: pathway_id, dtype: int64"
CNP0310679.1,"4    5
Name: pathway_id, dtype: int64"
CNP0158670.0,"Series([], Name: pathway_id, dtype: int64)"
CNP0255650.1,"6    7
Name: pathway_id, dtype: int64"
CNP0292054.1,"6    7
Name: pathway_id, dtype: int64"
CNP0075425.1,"6    7
Name: pathway_id, dtype: int64"
CNP0362704.1,"6    7
Name: pathway_id, dtype: int64"
CNP0284546.3,"6    7
Name: pathway_id, dtype: int64"
CNP0284922.2,"6    7
Name: pathway_id, dtype: int64"
CNP0146101.1,"6    7
Name: pathway_id, dtype: int64"
CNP0182602.1,"6    7
Name: pathway_id, dtype: int64"
CNP0187388.1,"6    7
Name: pathway_id, dtype: int64"
CNP0234866.1,"6    7
Name: pathway_id, dtype: int64"
CNP0075279.1,"6    7
Name: pathway_id, dtype: int64"
CNP0225025.0,"Series([], Name: pathway_id, dtype: int64)"
CNP0168713.0,"Series([], Name: pathway_id, dtype: int64)"
CNP0236253.0,"4    5
Name: pathway_id, dtype: int64"
CNP0092079.1,"6    7
Name: pathway_id, dtype: int64"
CNP0075461.1,"6    7
Name: pathway_id, dtype: int64"
CNP0197680.3,"Series([], Name: pathway_id, dtype: int64)"
CNP0173877.4,"6    7
Name: pathway_id, dtype: int64"
CNP0197890.0,"Series([], Name: pathway_id, dtype: int64)"
CNP0116493.1,"Series([], Name: pathway_id, dtype: int64)"
CNP0308692.5,"6    7
Name: pathway_id, dtype: int64"
CNP0511674.0,"6    7
Name: pathway_id, dtype: int64"
CNP0183570.2,"0    1
Name: pathway_id, dtype: int64"
CNP0074933.0,"6    7
Name: pathway_id, dtype: int64"
CNP0136269.1,"3    4
Name: pathway_id, dtype: int64"
CNP0313418.1,"6    7
Name: pathway_id, dtype: int64"
CNP0310032.1,"6    7
Name: pathway_id, dtype: int64"
CNP0268736.6,"Series([], Name: pathway_id, dtype: int64)"
CNP0075473.1,"6    7
Name: pathway_id, dtype: int64"
CNP0171700.2,"6    7
Name: pathway_id, dtype: int64"
CNP0216348.9,"6    7
Name: pathway_id, dtype: int64"
CNP0188090.0,"Series([], Name: pathway_id, dtype: int64)"
CNP0167158.0,"Series([], Name: pathway_id, dtype: int64)"
CNP0333881.0,"3    4
Name: pathway_id, dtype: int64"
CNP0075408.1,"Series([], Name: pathway_id, dtype: int64)"
CNP0158092.1,"3    4
Name: pathway_id, dtype: int64"
CNP0193937.4,"4    5
Name: pathway_id, dtype: int64"
CNP0246991.1,"6    7
Name: pathway_id, dtype: int64"
CNP0238857.10,"Series([], Name: pathway_id, dtype: int64)"
CNP0392702.3,"6    7
Name: pathway_id, dtype: int64"
CNP0206925.0,"0    1
Name: pathway_id, dtype: int64"
CNP0282729.1,"Series([], Name: pathway_id, dtype: int64)"
CNP0330890.0,"3    4
Name: pathway_id, dtype: int64"
CNP0330890.0,"6    7
Name: pathway_id, dtype: int64"
CNP0349117.1,"0    1
Name: pathway_id, dtype: int64"
CNP0349117.1,"1    2
Name: pathway_id, dtype: int64"
CNP0038366.1,"6    7
Name: pathway_id, dtype: int64"
CNP0138966.2,"6    7
Name: pathway_id, dtype: int64"
CNP0495404.1,"6    7
Name: pathway_id, dtype: int64"
CNP0153849.4,"6    7
Name: pathway_id, dtype: int64"
CNP0257354.1,"0    1
Name: pathway_id, dtype: int64"
CNP0075319.0,"Series([], Name: pathway_id, dtype: int64)"
CNP0075230.0,"4    5
Name: pathway_id, dtype: int64"
CNP0132569.1,"3    4
Name: pathway_id, dtype: int64"
CNP0268073.5,"Series([], Name: pathway_id, dtype: int64)"
CNP0261372.6,"Series([], Name: pathway_id, dtype: int64)"
CNP0224551.1,"6    7
Name: pathway_id, dtype: int64"
CNP0267644.2,"0    1
Name: pathway_id, dtype: int64"
CNP0267644.2,"6    7
Name: pathway_id, dtype: int64"
CNP0271077.8,"6    7
Name: pathway_id, dtype: int64"
CNP0207361.1,"Series([], Name: pathway_id, dtype: int64)"
CNP0597438.0,"4    5
Name: pathway_id, dtype: int64"
CNP0137352.0,"Series([], Name: pathway_id, dtype: int64)"
CNP0187953.2,"Series([], Name: pathway_id, dtype: int64)"
CNP0289997.1,"0    1
Name: pathway_id, dtype: int64"
CNP0538307.1,"6    7
Name: pathway_id, dtype: int64"
CNP0333093.3,"6    7
Name: pathway_id, dtype: int64"
CNP0189357.5,"0    1
Name: pathway_id, dtype: int64"
CNP0326420.0,"4    5
Name: pathway_id, dtype: int64"
CNP0150394.1,"Series([], Name: pathway_id, dtype: int64)"
CNP0075511.1,"0    1
Name: pathway_id, dtype: int64"
CNP0133270.1,"6    7
Name: pathway_id, dtype: int64"
CNP0297931.1,"6    7
Name: pathway_id, dtype: int64"
CNP0229774.2,"6    7
Name: pathway_id, dtype: int64"
CNP0183799.0,"0    1
Name: pathway_id, dtype: int64"
CNP0075359.1,"Series([], Name: pathway_id, dtype: int64)"
CNP0092021.1,"6    7
Name: pathway_id, dtype: int64"
CNP0197874.0,"4    5
Name: pathway_id, dtype: int64"
CNP0132528.1,"6    7
Name: pathway_id, dtype: int64"
CNP0254019.1,"0    1
Name: pathway_id, dtype: int64"
CNP0180933.3,"6    7
Name: pathway_id, dtype: int64"
CNP0203286.1,"6    7
Name: pathway_id, dtype: int64"
CNP0138772.2,"Series([], Name: pathway_id, dtype: int64)"
CNP0178880.7,"6    7
Name: pathway_id, dtype: int64"
CNP0349480.1,"Series([], Name: pathway_id, dtype: int64)"
CNP0202432.4,"Series([], Name: pathway_id, dtype: int64)"
CNP0152694.1,"6    7
Name: pathway_id, dtype: int64"
CNP0202795.2,"6    7
Name: pathway_id, dtype: int64"
CNP0123983.6,"6    7
Name: pathway_id, dtype: int64"
CNP0146292.0,"3    4
Name: pathway_id, dtype: int64"
CNP0074947.1,"6    7
Name: pathway_id, dtype: int64"
CNP0105851.1,"6    7
Name: pathway_id, dtype: int64"
CNP0400245.1,"6    7
Name: pathway_id, dtype: int64"
CNP0105382.1,"6    7
Name: pathway_id, dtype: int64"
CNP0075295.1,"6    7
Name: pathway_id, dtype: int64"
CNP0187250.3,"0    1
Name: pathway_id, dtype: int64"
CNP0102830.2,"6    7
Name: pathway_id, dtype: int64"
CNP0568848.0,"Series([], Name: pathway_id, dtype: int64)"
CNP0137402.2,"6    7
Name: pathway_id, dtype: int64"
CNP0302682.2,"6    7
Name: pathway_id, dtype: int64"
CNP0121867.2,"Series([], Name: pathway_id, dtype: int64)"
CNP0316408.5,"6    7
Name: pathway_id, dtype: int64"
CNP0219735.3,"3    4
Name: pathway_id, dtype: int64"
CNP0593450.0,"Series([], Name: pathway_id, dtype: int64)"
CNP0553190.1,"4    5
Name: pathway_id, dtype: int64"
CNP0223764.1,"6    7
Name: pathway_id, dtype: int64"
CNP0223782.0,"Series([], Name: pathway_id, dtype: int64)"
CNP0192047.2,"6    7
Name: pathway_id, dtype: int64"
CNP0214035.2,"Series([], Name: pathway_id, dtype: int64)"
CNP0270955.4,"6    7
Name: pathway_id, dtype: int64"
CNP0259242.4,"6    7
Name: pathway_id, dtype: int64"
CNP0318431.1,"Series([], Name: pathway_id, dtype: int64)"
CNP0234240.1,"0    1
Name: pathway_id, dtype: int64"
CNP0305593.0,"Series([], Name: pathway_id, dtype: int64)"
CNP0155436.1,"6    7
Name: pathway_id, dtype: int64"
CNP0124380.0,"Series([], Name: pathway_id, dtype: int64)"
CNP0245544.2,"Series([], Name: pathway_id, dtype: int64)"
CNP0074990.1,"6    7
Name: pathway_id, dtype: int64"
CNP0381044.1,"6    7
Name: pathway_id, dtype: int64"
CNP0273101.1,"6    7
Name: pathway_id, dtype: int64"
CNP0269056.3,"6    7
Name: pathway_id, dtype: int64"
CNP0266750.6,"6    7
Name: pathway_id, dtype: int64"
CNP0112956.2,"6    7
Name: pathway_id, dtype: int64"
CNP0319444.1,"0    1
Name: pathway_id, dtype: int64"
CNP0218350.1,"3    4
Name: pathway_id, dtype: int64"
CNP0134044.5,"Series([], Name: pathway_id, dtype: int64)"
CNP0118645.1,"Series([], Name: pathway_id, dtype: int64)"
CNP0075494.1,"6    7
Name: pathway_id, dtype: int64"
CNP0287011.0,"0    1
Name: pathway_id, dtype: int64"
CNP0151900.1,"6    7
Name: pathway_id, dtype: int64"
CNP0479924.1,"6    7
Name: pathway_id, dtype: int64"
CNP0237079.5,"6    7
Name: pathway_id, dtype: int64"
CNP0252493.1,"6    7
Name: pathway_id, dtype: int64"
CNP0284353.0,"4    5
Name: pathway_id, dtype: int64"
CNP0303108.0,"Series([], Name: pathway_id, dtype: int64)"
CNP0257580.1,"Series([], Name: pathway_id, dtype: int64)"
CNP0172039.4,"6    7
Name: pathway_id, dtype: int64"
CNP0121998.4,"6    7
Name: pathway_id, dtype: int64"
CNP0281116.0,"Series([], Name: pathway_id, dtype: int64)"
CNP0218248.0,"4    5
Name: pathway_id, dtype: int64"
CNP0249765.1,"6    7
Name: pathway_id, dtype: int64"
CNP0116516.1,"6    7
Name: pathway_id, dtype: int64"
CNP0285192.1,"6    7
Name: pathway_id, dtype: int64"
CNP0256904.2,"6    7
Name: pathway_id, dtype: int64"
CNP0194084.3,"6    7
Name: pathway_id, dtype: int64"
CNP0075059.1,"6    7
Name: pathway_id, dtype: int64"
CNP0182298.1,"6    7
Name: pathway_id, dtype: int64"
CNP0219706.3,"Series([], Name: pathway_id, dtype: int64)"
CNP0365259.1,"6    7
Name: pathway_id, dtype: int64"
CNP0173186.1,"6    7
Name: pathway_id, dtype: int64"
CNP0226356.3,"6    7
Name: pathway_id, dtype: int64"
CNP0118904.5,"0    1
Name: pathway_id, dtype: int64"
CNP0568449.1,"6    7
Name: pathway_id, dtype: int64"
CNP0142072.2,"3    4
Name: pathway_id, dtype: int64"
CNP0263913.1,"3    4
Name: pathway_id, dtype: int64"
CNP0262195.3,"6    7
Name: pathway_id, dtype: int64"
CNP0288057.2,"6    7
Name: pathway_id, dtype: int64"
CNP0580246.1,"6    7
Name: pathway_id, dtype: int64"
CNP0204542.1,"6    7
Name: pathway_id, dtype: int64"
CNP0133107.4,"6    7
Name: pathway_id, dtype: int64"
CNP0234472.2,"6    7
Name: pathway_id, dtype: int64"
CNP0538698.1,"6    7
Name: pathway_id, dtype: int64"
CNP0194734.0,"3    4
Name: pathway_id, dtype: int64"
CNP0266958.1,"6    7
Name: pathway_id, dtype: int64"
CNP0235973.4,"6    7
Name: pathway_id, dtype: int64"
CNP0309518.2,"6    7
Name: pathway_id, dtype: int64"
CNP0285478.0,"Series([], Name: pathway_id, dtype: int64)"
CNP0074966.1,"6    7
Name: pathway_id, dtype: int64"
CNP0315048.0,"Series([], Name: pathway_id, dtype: int64)"
CNP0338598.0,"Series([], Name: pathway_id, dtype: int64)"
CNP0257097.0,"4    5
Name: pathway_id, dtype: int64"
CNP0262670.1,"Series([], Name: pathway_id, dtype: int64)"
CNP0220187.3,"6    7
Name: pathway_id, dtype: int64"
CNP0256553.0,"Series([], Name: pathway_id, dtype: int64)"
CNP0075283.0,"4    5
Name: pathway_id, dtype: int64"
CNP0213414.1,"Series([], Name: pathway_id, dtype: int64)"
CNP0309152.0,"4    5
Name: pathway_id, dtype: int64"
CNP0222112.5,"6    7
Name: pathway_id, dtype: int64"
CNP0164270.2,"6    7
Name: pathway_id, dtype: int64"
CNP0196111.0,"0    1
Name: pathway_id, dtype: int64"
CNP0275435.3,"6    7
Name: pathway_id, dtype: int64"
CNP0143990.0,"0    1
Name: pathway_id, dtype: int64"
CNP0417199.1,"0    1
Name: pathway_id, dtype: int64"
CNP0314666.1,"6    7
Name: pathway_id, dtype: int64"
CNP0602330.0,"Series([], Name: pathway_id, dtype: int64)"
CNP0293101.0,"4    5
Name: pathway_id, dtype: int64"
CNP0286261.0,"Series([], Name: pathway_id, dtype: int64)"
CNP0366659.0,"Series([], Name: pathway_id, dtype: int64)"
CNP0124744.2,"6    7
Name: pathway_id, dtype: int64"
CNP0157020.2,"6    7
Name: pathway_id, dtype: int64"
CNP0143416.1,"6    7
Name: pathway_id, dtype: int64"
CNP0273546.2,"6    7
Name: pathway_id, dtype: int64"
CNP0315469.1,"6    7
Name: pathway_id, dtype: int64"
CNP0075337.1,"Series([], Name: pathway_id, dtype: int64)"
CNP0240345.1,"6    7
Name: pathway_id, dtype: int64"
CNP0075115.2,"6    7
Name: pathway_id, dtype: int64"
CNP0159480.2,"Series([], Name: pathway_id, dtype: int64)"
CNP0268859.2,"6    7
Name: pathway_id, dtype: int64"
CNP0310033.1,"6    7
Name: pathway_id, dtype: int64"
CNP0283986.1,"6    7
Name: pathway_id, dtype: int64"
CNP0031311.1,"6    7
Name: pathway_id, dtype: int64"
CNP0293260.4,"6    7
Name: pathway_id, dtype: int64"
CNP0229898.1,"6    7
Name: pathway_id, dtype: int64"
CNP0296237.3,"0    1
Name: pathway_id, dtype: int64"
CNP0244343.1,"0    1
Name: pathway_id, dtype: int64"
CNP0105013.3,"6    7
Name: pathway_id, dtype: int64"
CNP0201837.4,"6    7
Name: pathway_id, dtype: int64"
CNP0383231.1,"6    7
Name: pathway_id, dtype: int64"
CNP0184539.0,"4    5
Name: pathway_id, dtype: int64"
CNP0228526.5,"6    7
Name: pathway_id, dtype: int64"
CNP0172176.0,"Series([], Name: pathway_id, dtype: int64)"
CNP0230379.2,"6    7
Name: pathway_id, dtype: int64"
CNP0075486.1,"6    7
Name: pathway_id, dtype: int64"
CNP0195455.3,"Series([], Name: pathway_id, dtype: int64)"
CNP0338115.1,"6    7
Name: pathway_id, dtype: int64"
CNP0294331.4,"6    7
Name: pathway_id, dtype: int64"
CNP0075289.1,"Series([], Name: pathway_id, dtype: int64)"
CNP0184036.2,"6    7
Name: pathway_id, dtype: int64"
CNP0208908.1,"6    7
Name: pathway_id, dtype: int64"
CNP0311140.3,"Series([], Name: pathway_id, dtype: int64)"
CNP0203953.2,"6    7
Name: pathway_id, dtype: int64"
CNP0216683.1,"6    7
Name: pathway_id, dtype: int64"
CNP0307203.0,"Series([], Name: pathway_id, dtype: int64)"
CNP0304845.1,"6    7
Name: pathway_id, dtype: int64"
CNP0075367.1,"6    7
Name: pathway_id, dtype: int64"
CNP0288721.1,"0    1
Name: pathway_id, dtype: int64"
CNP0288721.1,"6    7
Name: pathway_id, dtype: int64"
CNP0379502.1,"Series([], Name: pathway_id, dtype: int64)"
CNP0074958.1,"6    7
Name: pathway_id, dtype: int64"
CNP0075312.1,"6    7
Name: pathway_id, dtype: int64"
CNP0275477.1,"6    7
Name: pathway_id, dtype: int64"
CNP0243555.0,"6    7
Name: pathway_id, dtype: int64"
CNP0269992.0,"Series([], Name: pathway_id, dtype: int64)"
CNP0285929.1,"Series([], Name: pathway_id, dtype: int64)"
CNP0075276.1,"6    7
Name: pathway_id, dtype: int64"
CNP0272517.3,"4    5
Name: pathway_id, dtype: int64"
CNP0383239.1,"Series([], Name: pathway_id, dtype: int64)"
CNP0208191.1,"6    7
Name: pathway_id, dtype: int64"
CNP0222568.1,"Series([], Name: pathway_id, dtype: int64)"
CNP0495539.0,"1    2
Name: pathway_id, dtype: int64"
CNP0495539.0,"3    4
Name: pathway_id, dtype: int64"
CNP0495539.0,"Series([], Name: pathway_id, dtype: int64)"
CNP0295504.1,"Series([], Name: pathway_id, dtype: int64)"
CNP0134839.1,"4    5
Name: pathway_id, dtype: int64"
CNP0134839.1,"Series([], Name: pathway_id, dtype: int64)"
CNP0485363.0,"0    1
Name: pathway_id, dtype: int64"
CNP0290185.3,"6    7
Name: pathway_id, dtype: int64"
CNP0075402.1,"6    7
Name: pathway_id, dtype: int64"
CNP0194993.1,"4    5
Name: pathway_id, dtype: int64"
CNP0172039.1,"6    7
Name: pathway_id, dtype: int64"
CNP0343302.0,"3    4
Name: pathway_id, dtype: int64"
CNP0409025.1,"0    1
Name: pathway_id, dtype: int64"
CNP0248515.1,"6    7
Name: pathway_id, dtype: int64"
CNP0535220.1,"Series([], Name: pathway_id, dtype: int64)"
CNP0168766.1,"6    7
Name: pathway_id, dtype: int64"
CNP0496282.0,"4    5
Name: pathway_id, dtype: int64"
CNP0230774.3,"Series([], Name: pathway_id, dtype: int64)"
CNP0179928.1,"6    7
Name: pathway_id, dtype: int64"
CNP0182249.1,"6    7
Name: pathway_id, dtype: int64"
CNP0497656.1,"Series([], Name: pathway_id, dtype: int64)"
CNP0254155.5,"Series([], Name: pathway_id, dtype: int64)"
CNP0191285.1,"Series([], Name: pathway_id, dtype: int64)"
CNP0195210.1,"6    7
Name: pathway_id, dtype: int64"
CNP0235287.1,"6    7
Name: pathway_id, dtype: int64"
CNP0266880.0,"0    1
Name: pathway_id, dtype: int64"
CNP0198736.0,"3    4
Name: pathway_id, dtype: int64"
CNP0148313.1,"6    7
Name: pathway_id, dtype: int64"
CNP0075218.1,"Series([], Name: pathway_id, dtype: int64)"
CNP0113025.1,"Series([], Name: pathway_id, dtype: int64)"
CNP0151300.0,"Series([], Name: pathway_id, dtype: int64)"
CNP0148128.1,"6    7
Name: pathway_id, dtype: int64"
CNP0135352.1,"6    7
Name: pathway_id, dtype: int64"
CNP0404197.1,"6    7
Name: pathway_id, dtype: int64"
CNP0214749.2,"6    7
Name: pathway_id, dtype: int64"
CNP0241500.1,"6    7
Name: pathway_id, dtype: int64"
CNP0167906.6,"6    7
Name: pathway_id, dtype: int64"
CNP0185030.1,"6    7
Name: pathway_id, dtype: int64"
CNP0221629.10,"0    1
Name: pathway_id, dtype: int64"
CNP0157960.5,"0    1
Name: pathway_id, dtype: int64"
CNP0241588.1,"6    7
Name: pathway_id, dtype: int64"
CNP0270199.0,"Series([], Name: pathway_id, dtype: int64)"
CNP0104861.4,"6    7
Name: pathway_id, dtype: int64"
CNP0260689.1,"6    7
Name: pathway_id, dtype: int64"
CNP0171607.2,"6    7
Name: pathway_id, dtype: int64"
CNP0176695.2,"6    7
Name: pathway_id, dtype: int64"
CNP0295010.2,"6    7
Name: pathway_id, dtype: int64"
CNP0178038.2,"6    7
Name: pathway_id, dtype: int64"
CNP0485945.1,"6    7
Name: pathway_id, dtype: int64"
CNP0145208.2,"0    1
Name: pathway_id, dtype: int64"
CNP0265454.2,"Series([], Name: pathway_id, dtype: int64)"
CNP0158339.1,"6    7
Name: pathway_id, dtype: int64"
CNP0186106.1,"0    1
Name: pathway_id, dtype: int64"
CNP0162136.1,"Series([], Name: pathway_id, dtype: int64)"
CNP0290567.0,"0    1
Name: pathway_id, dtype: int64"
CNP0225312.1,"Series([], Name: pathway_id, dtype: int64)"
CNP0172039.2,"6    7
Name: pathway_id, dtype: int64"
CNP0205629.1,"4    5
Name: pathway_id, dtype: int64"
CNP0339928.1,"6    7
Name: pathway_id, dtype: int64"
CNP0188188.1,"6    7
Name: pathway_id, dtype: int64"
CNP0103409.2,"6    7
Name: pathway_id, dtype: int64"
CNP0510171.0,"4    5
Name: pathway_id, dtype: int64"
CNP0328270.5,"6    7
Name: pathway_id, dtype: int64"
CNP0288297.12,"6    7
Name: pathway_id, dtype: int64"
CNP0268736.9,"Series([], Name: pathway_id, dtype: int64)"
CNP0166342.1,"6    7
Name: pathway_id, dtype: int64"
CNP0196115.3,"Series([], Name: pathway_id, dtype: int64)"
CNP0182200.5,"6    7
Name: pathway_id, dtype: int64"
CNP0168612.6,"Series([], Name: pathway_id, dtype: int64)"
CNP0257726.1,"6    7
Name: pathway_id, dtype: int64"
CNP0324702.1,"6    7
Name: pathway_id, dtype: int64"
CNP0238721.1,"Series([], Name: pathway_id, dtype: int64)"
CNP0239152.1,"6    7
Name: pathway_id, dtype: int64"
CNP0157792.1,"6    7
Name: pathway_id, dtype: int64"
CNP0397679.2,"Series([], Name: pathway_id, dtype: int64)"
CNP0244979.1,"6    7
Name: pathway_id, dtype: int64"
CNP0288297.1,"6    7
Name: pathway_id, dtype: int64"
CNP0075183.1,"Series([], Name: pathway_id, dtype: int64)"
CNP0119125.1,"6    7
Name: pathway_id, dtype: int64"
CNP0259363.1,"6    7
Name: pathway_id, dtype: int64"
CNP0361595.1,"6    7
Name: pathway_id, dtype: int64"
CNP0104018.0,"Series([], Name: pathway_id, dtype: int64)"
CNP0248491.9,"6    7
Name: pathway_id, dtype: int64"
CNP0075030.1,"Series([], Name: pathway_id, dtype: int64)"
CNP0381924.1,"1    2
Name: pathway_id, dtype: int64"
CNP0381924.1,"4    5
Name: pathway_id, dtype: int64"
CNP0075062.1,"6    7
Name: pathway_id, dtype: int64"
CNP0160248.1,"3    4
Name: pathway_id, dtype: int64"
CNP0143201.1,"6    7
Name: pathway_id, dtype: int64"
CNP0213992.1,"Series([], Name: pathway_id, dtype: int64)"
CNP0141686.0,"3    4
Name: pathway_id, dtype: int64"
CNP0235386.1,"6    7
Name: pathway_id, dtype: int64"
CNP0321567.1,"Series([], Name: pathway_id, dtype: int64)"
CNP0290260.0,"Series([], Name: pathway_id, dtype: int64)"
CNP0103424.6,"Series([], Name: pathway_id, dtype: int64)"
CNP0228303.0,"0    1
Name: pathway_id, dtype: int64"
CNP0130653.5,"6    7
Name: pathway_id, dtype: int64"
CNP0411484.2,"Series([], Name: pathway_id, dtype: int64)"
CNP0245106.0,"4    5
Name: pathway_id, dtype: int64"
CNP0242861.0,"Series([], Name: pathway_id, dtype: int64)"
CNP0287288.1,"3    4
Name: pathway_id, dtype: int64"
CNP0255667.2,"Series([], Name: pathway_id, dtype: int64)"
CNP0338622.16,"4    5
Name: pathway_id, dtype: int64"
CNP0205342.1,"4    5
Name: pathway_id, dtype: int64"
CNP0075414.1,"0    1
Name: pathway_id, dtype: int64"
CNP0178084.0,"Series([], Name: pathway_id, dtype: int64)"
CNP0323702.1,"6    7
Name: pathway_id, dtype: int64"
CNP0153923.8,"Series([], Name: pathway_id, dtype: int64)"
CNP0187250.1,"0    1
Name: pathway_id, dtype: int64"
CNP0107419.0,"Series([], Name: pathway_id, dtype: int64)"
CNP0244258.1,"6    7
Name: pathway_id, dtype: int64"
CNP0148557.2,"Series([], Name: pathway_id, dtype: int64)"
CNP0179696.1,"6    7
Name: pathway_id, dtype: int64"
CNP0074939.1,"6    7
Name: pathway_id, dtype: int64"
CNP0198481.3,"6    7
Name: pathway_id, dtype: int64"
CNP0075130.2,"0    1
Name: pathway_id, dtype: int64"
CNP0249100.1,"6    7
Name: pathway_id, dtype: int64"
CNP0240820.4,"6    7
Name: pathway_id, dtype: int64"
CNP0313833.1,"6    7
Name: pathway_id, dtype: int64"
CNP0279844.0,"Series([], Name: pathway_id, dtype: int64)"
CNP0135149.1,"Series([], Name: pathway_id, dtype: int64)"
CNP0075523.1,"Series([], Name: pathway_id, dtype: int64)"
CNP0179435.2,"6    7
Name: pathway_id, dtype: int64"
CNP0124767.2,"6    7
Name: pathway_id, dtype: int64"
CNP0577071.1,"Series([], Name: pathway_id, dtype: int64)"
CNP0550447.3,"6    7
Name: pathway_id, dtype: int64"
CNP0193761.0,"Series([], Name: pathway_id, dtype: int64)"
CNP0388516.15,"Series([], Name: pathway_id, dtype: int64)"
CNP0171405.3,"6    7
Name: pathway_id, dtype: int64"
CNP0173530.1,"Series([], Name: pathway_id, dtype: int64)"
CNP0324595.2,"2    3
Name: pathway_id, dtype: int64"
CNP0250171.0,"3    4
Name: pathway_id, dtype: int64"
CNP0556441.1,"0    1
Name: pathway_id, dtype: int64"
CNP0275362.0,"Series([], Name: pathway_id, dtype: int64)"
CNP0574706.1,"Series([], Name: pathway_id, dtype: int64)"
CNP0418479.1,"6    7
Name: pathway_id, dtype: int64"
CNP0411259.1,"Series([], Name: pathway_id, dtype: int64)"
CNP0359402.4,"4    5
Name: pathway_id, dtype: int64"
CNP0247469.1,"Series([], Name: pathway_id, dtype: int64)"
CNP0393430.3,"0    1
Name: pathway_id, dtype: int64"
CNP0237115.5,"Series([], Name: pathway_id, dtype: int64)"
CNP0277172.2,"0    1
Name: pathway_id, dtype: int64"
CNP0095113.1,"6    7
Name: pathway_id, dtype: int64"
CNP0246678.7,"Series([], Name: pathway_id, dtype: int64)"
CNP0288471.1,"Series([], Name: pathway_id, dtype: int64)"
CNP0235020.2,"6    7
Name: pathway_id, dtype: int64"
CNP0002778.0,"3    4
Name: pathway_id, dtype: int64"
CNP0264518.1,"Series([], Name: pathway_id, dtype: int64)"
CNP0236298.1,"Series([], Name: pathway_id, dtype: int64)"
CNP0183017.3,"6    7
Name: pathway_id, dtype: int64"
CNP0284734.1,"6    7
Name: pathway_id, dtype: int64"
CNP0571282.13,"Series([], Name: pathway_id, dtype: int64)"
CNP0080698.1,"6    7
Name: pathway_id, dtype: int64"
CNP0277930.2,"6    7
Name: pathway_id, dtype: int64"
CNP0290821.1,"6    7
Name: pathway_id, dtype: int64"
CNP0233705.2,"6    7
Name: pathway_id, dtype: int64"
CNP0293352.2,"Series([], Name: pathway_id, dtype: int64)"
CNP0247045.3,"6    7
Name: pathway_id, dtype: int64"
CNP0182333.10,"Series([], Name: pathway_id, dtype: int64)"
CNP0356599.2,"6    7
Name: pathway_id, dtype: int64"
CNP0283094.1,"Series([], Name: pathway_id, dtype: int64)"
CNP0213216.10,"6    7
Name: pathway_id, dtype: int64"
CNP0268715.22,"Series([], Name: pathway_id, dtype: int64)"
CNP0231394.1,"6    7
Name: pathway_id, dtype: int64"
CNP0162973.0,"0    1
Name: pathway_id, dtype: int64"
CNP0480394.1,"6    7
Name: pathway_id, dtype: int64"
CNP0302990.0,"Series([], Name: pathway_id, dtype: int64)"
CNP0227958.3,"6    7
Name: pathway_id, dtype: int64"
CNP0344512.4,"6    7
Name: pathway_id, dtype: int64"
CNP0106907.1,"Series([], Name: pathway_id, dtype: int64)"
CNP0383318.1,"6    7
Name: pathway_id, dtype: int64"
CNP0278508.1,"6    7
Name: pathway_id, dtype: int64"
CNP0518181.0,"6    7
Name: pathway_id, dtype: int64"
CNP0112893.2,"Series([], Name: pathway_id, dtype: int64)"
CNP0413128.3,"6    7
Name: pathway_id, dtype: int64"
CNP0240681.1,"6    7
Name: pathway_id, dtype: int64"
CNP0293304.0,"3    4
Name: pathway_id, dtype: int64"
CNP0179560.1,"6    7
Name: pathway_id, dtype: int64"
CNP0237611.3,"6    7
Name: pathway_id, dtype: int64"
CNP0216545.6,"Series([], Name: pathway_id, dtype: int64)"
CNP0364519.1,"Series([], Name: pathway_id, dtype: int64)"
CNP0304390.1,"Series([], Name: pathway_id, dtype: int64)"
CNP0075492.1,"6    7
Name: pathway_id, dtype: int64"
CNP0302176.1,"6    7
Name: pathway_id, dtype: int64"
CNP0296836.1,"6    7
Name: pathway_id, dtype: int64"
CNP0233455.2,"6    7
Name: pathway_id, dtype: int64"
CNP0217648.0,"Series([], Name: pathway_id, dtype: int64)"
CNP0080104.1,"6    7
Name: pathway_id, dtype: int64"
CNP0289075.4,"6    7
Name: pathway_id, dtype: int64"
CNP0206125.1,"6    7
Name: pathway_id, dtype: int64"
CNP0548479.1,"6    7
Name: pathway_id, dtype: int64"
CNP0144057.2,"1    2
Name: pathway_id, dtype: int64"
CNP0144057.2,"Series([], Name: pathway_id, dtype: int64)"
CNP0277831.6,"Series([], Name: pathway_id, dtype: int64)"
CNP0282017.2,"6    7
Name: pathway_id, dtype: int64"
CNP0140382.0,"4    5
Name: pathway_id, dtype: int64"
CNP0244664.2,"6    7
Name: pathway_id, dtype: int64"
CNP0109275.2,"6    7
Name: pathway_id, dtype: int64"
CNP0186345.1,"6    7
Name: pathway_id, dtype: int64"
CNP0204311.1,"6    7
Name: pathway_id, dtype: int64"
CNP0119057.1,"4    5
Name: pathway_id, dtype: int64"
CNP0142982.0,"Series([], Name: pathway_id, dtype: int64)"
CNP0075545.1,"6    7
Name: pathway_id, dtype: int64"
CNP0075405.1,"Series([], Name: pathway_id, dtype: int64)"
CNP0222077.1,"3    4
Name: pathway_id, dtype: int64"
CNP0222650.1,"6    7
Name: pathway_id, dtype: int64"
CNP0266385.3,"6    7
Name: pathway_id, dtype: int64"
CNP0357367.3,"6    7
Name: pathway_id, dtype: int64"
CNP0387351.1,"6    7
Name: pathway_id, dtype: int64"
CNP0325465.1,"6    7
Name: pathway_id, dtype: int64"
CNP0364101.1,"6    7
Name: pathway_id, dtype: int64"
CNP0348920.0,"Series([], Name: pathway_id, dtype: int64)"
CNP0217099.1,"Series([], Name: pathway_id, dtype: int64)"
CNP0248919.0,"Series([], Name: pathway_id, dtype: int64)"
CNP0207839.1,"6    7
Name: pathway_id, dtype: int64"
CNP0275435.2,"6    7
Name: pathway_id, dtype: int64"
CNP0128193.2,"6    7
Name: pathway_id, dtype: int64"
CNP0295019.2,"Series([], Name: pathway_id, dtype: int64)"
CNP0267882.1,"6    7
Name: pathway_id, dtype: int64"
CNP0131061.3,"6    7
Name: pathway_id, dtype: int64"
CNP0528658.1,"6    7
Name: pathway_id, dtype: int64"
CNP0173398.1,"6    7
Name: pathway_id, dtype: int64"
CNP0259890.1,"6    7
Name: pathway_id, dtype: int64"
CNP0111096.2,"6    7
Name: pathway_id, dtype: int64"
CNP0383345.1,"6    7
Name: pathway_id, dtype: int64"
CNP0130653.1,"6    7
Name: pathway_id, dtype: int64"
CNP0201870.17,"2    3
Name: pathway_id, dtype: int64"
CNP0362902.1,"Series([], Name: pathway_id, dtype: int64)"
CNP0344377.1,"Series([], Name: pathway_id, dtype: int64)"
CNP0190075.0,"4    5
Name: pathway_id, dtype: int64"
CNP0169826.0,"4    5
Name: pathway_id, dtype: int64"
CNP0157329.9,"Series([], Name: pathway_id, dtype: int64)"
CNP0143415.1,"6    7
Name: pathway_id, dtype: int64"
CNP0168511.1,"6    7
Name: pathway_id, dtype: int64"
CNP0206404.2,"0    1
Name: pathway_id, dtype: int64"
CNP0207903.0,"4    5
Name: pathway_id, dtype: int64"
CNP0399561.4,"Series([], Name: pathway_id, dtype: int64)"
CNP0280165.3,"6    7
Name: pathway_id, dtype: int64"
CNP0172017.1,"6    7
Name: pathway_id, dtype: int64"
CNP0272600.4,"Series([], Name: pathway_id, dtype: int64)"
CNP0261884.1,"6    7
Name: pathway_id, dtype: int64"
CNP0271376.2,"6    7
Name: pathway_id, dtype: int64"
CNP0188123.3,"6    7
Name: pathway_id, dtype: int64"
CNP0227678.6,"6    7
Name: pathway_id, dtype: int64"
CNP0138845.1,"6    7
Name: pathway_id, dtype: int64"
CNP0272505.2,"6    7
Name: pathway_id, dtype: int64"
CNP0170097.19,"0    1
Name: pathway_id, dtype: int64"
CNP0075031.1,"3    4
Name: pathway_id, dtype: int64"
CNP0210201.3,"6    7
Name: pathway_id, dtype: int64"
CNP0334710.1,"0    1
Name: pathway_id, dtype: int64"
CNP0264556.1,"Series([], Name: pathway_id, dtype: int64)"
CNP0385394.0,"Series([], Name: pathway_id, dtype: int64)"
CNP0075247.1,"6    7
Name: pathway_id, dtype: int64"
CNP0074970.1,"6    7
Name: pathway_id, dtype: int64"
CNP0203449.2,"6    7
Name: pathway_id, dtype: int64"
CNP0130780.3,"Series([], Name: pathway_id, dtype: int64)"
CNP0171505.1,"Series([], Name: pathway_id, dtype: int64)"
CNP0162417.1,"6    7
Name: pathway_id, dtype: int64"
CNP0163548.2,"6    7
Name: pathway_id, dtype: int64"
CNP0160179.1,"6    7
Name: pathway_id, dtype: int64"
CNP0572908.1,"6    7
Name: pathway_id, dtype: int64"
CNP0109345.2,"6    7
Name: pathway_id, dtype: int64"
CNP0114935.2,"Series([], Name: pathway_id, dtype: int64)"
CNP0078238.1,"6    7
Name: pathway_id, dtype: int64"
CNP0310642.1,"Series([], Name: pathway_id, dtype: int64)"
CNP0143114.0,"Series([], Name: pathway_id, dtype: int64)"
CNP0146597.1,"4    5
Name: pathway_id, dtype: int64"
CNP0152488.1,"6    7
Name: pathway_id, dtype: int64"
CNP0213382.1,"3    4
Name: pathway_id, dtype: int64"
CNP0199763.1,"3    4
Name: pathway_id, dtype: int64"
CNP0600564.1,"0    1
Name: pathway_id, dtype: int64"
CNP0198254.3,"Series([], Name: pathway_id, dtype: int64)"
CNP0280572.1,"Series([], Name: pathway_id, dtype: int64)"
CNP0307703.1,"6    7
Name: pathway_id, dtype: int64"
CNP0076823.1,"Series([], Name: pathway_id, dtype: int64)"
CNP0229582.1,"Series([], Name: pathway_id, dtype: int64)"
CNP0261746.2,"6    7
Name: pathway_id, dtype: int64"
CNP0162539.4,"Series([], Name: pathway_id, dtype: int64)"
CNP0246337.4,"6    7
Name: pathway_id, dtype: int64"
CNP0154263.2,"Series([], Name: pathway_id, dtype: int64)"
CNP0349495.4,"6    7
Name: pathway_id, dtype: int64"
CNP0262102.1,"6    7
Name: pathway_id, dtype: int64"
CNP0181372.1,"Series([], Name: pathway_id, dtype: int64)"
CNP0191106.1,"6    7
Name: pathway_id, dtype: int64"
CNP0271855.2,"6    7
Name: pathway_id, dtype: int64"
CNP0242282.1,"Series([], Name: pathway_id, dtype: int64)"
CNP0594037.1,"Series([], Name: pathway_id, dtype: int64)"
CNP0157960.4,"0    1
Name: pathway_id, dtype: int64"
CNP0240695.2,"6    7
Name: pathway_id, dtype: int64"
CNP0188650.1,"6    7
Name: pathway_id, dtype: int64"
CNP0366214.1,"6    7
Name: pathway_id, dtype: int64"
CNP0206404.1,"0    1
Name: pathway_id, dtype: int64"
CNP0241955.0,"4    5
Name: pathway_id, dtype: int64"
CNP0198174.1,"Series([], Name: pathway_id, dtype: int64)"
CNP0104630.0,"Series([], Name: pathway_id, dtype: int64)"
CNP0162539.2,"Series([], Name: pathway_id, dtype: int64)"
CNP0605848.0,"Series([], Name: pathway_id, dtype: int64)"
CNP0257577.0,"0    1
Name: pathway_id, dtype: int64"
CNP0210682.3,"Series([], Name: pathway_id, dtype: int64)"
CNP0075431.1,"Series([], Name: pathway_id, dtype: int64)"
CNP0258835.2,"6    7
Name: pathway_id, dtype: int64"
CNP0230003.1,"Series([], Name: pathway_id, dtype: int64)"
CNP0075214.1,"Series([], Name: pathway_id, dtype: int64)"
CNP0386568.1,"Series([], Name: pathway_id, dtype: int64)"
CNP0154057.2,"4    5
Name: pathway_id, dtype: int64"
CNP0183669.2,"6    7
Name: pathway_id, dtype: int64"
CNP0537728.1,"6    7
Name: pathway_id, dtype: int64"
CNP0245628.1,"Series([], Name: pathway_id, dtype: int64)"
CNP0564711.1,"6    7
Name: pathway_id, dtype: int64"
CNP0250716.6,"0    1
Name: pathway_id, dtype: int64"
CNP0173877.14,"6    7
Name: pathway_id, dtype: int64"
CNP0357367.4,"6    7
Name: pathway_id, dtype: int64"
CNP0075426.1,"Series([], Name: pathway_id, dtype: int64)"
CNP0304790.0,"3    4
Name: pathway_id, dtype: int64"
CNP0161030.2,"3    4
Name: pathway_id, dtype: int64"
CNP0248402.2,"Series([], Name: pathway_id, dtype: int64)"
CNP0132089.2,"1    2
Name: pathway_id, dtype: int64"
CNP0132089.2,"Series([], Name: pathway_id, dtype: int64)"
CNP0188406.2,"1    2
Name: pathway_id, dtype: int64"
CNP0188406.2,"Series([], Name: pathway_id, dtype: int64)"
CNP0140749.2,"6    7
Name: pathway_id, dtype: int64"
CNP0157673.1,"6    7
Name: pathway_id, dtype: int64"
CNP0323489.2,"6    7
Name: pathway_id, dtype: int64"
CNP0075190.1,"6    7
Name: pathway_id, dtype: int64"
CNP0284409.4,"3    4
Name: pathway_id, dtype: int64"
CNP0278208.1,"3    4
Name: pathway_id, dtype: int64"
CNP0075194.1,"6    7
Name: pathway_id, dtype: int64"
CNP0168691.0,"3    4
Name: pathway_id, dtype: int64"
CNP0110434.1,"6    7
Name: pathway_id, dtype: int64"
CNP0075434.1,"Series([], Name: pathway_id, dtype: int64)"
CNP0581008.1,"6    7
Name: pathway_id, dtype: int64"
CNP0215052.2,"6    7
Name: pathway_id, dtype: int64"
CNP0299935.1,"3    4
Name: pathway_id, dtype: int64"
CNP0529067.0,"4    5
Name: pathway_id, dtype: int64"
CNP0265791.1,"6    7
Name: pathway_id, dtype: int64"
CNP0526335.1,"6    7
Name: pathway_id, dtype: int64"
CNP0176584.0,"0    1
Name: pathway_id, dtype: int64"
CNP0229016.0,"0    1
Name: pathway_id, dtype: int64"
CNP0252098.1,"6    7
Name: pathway_id, dtype: int64"
CNP0531817.1,"4    5
Name: pathway_id, dtype: int64"
CNP0152283.0,"0    1
Name: pathway_id, dtype: int64"
CNP0152283.0,"1    2
Name: pathway_id, dtype: int64"
CNP0312373.1,"4    5
Name: pathway_id, dtype: int64"
CNP0232898.2,"1    2
Name: pathway_id, dtype: int64"
CNP0232898.2,"Series([], Name: pathway_id, dtype: int64)"
CNP0322329.1,"6    7
Name: pathway_id, dtype: int64"
CNP0134515.1,"6    7
Name: pathway_id, dtype: int64"
CNP0075116.1,"6    7
Name: pathway_id, dtype: int64"
CNP0124637.0,"Series([], Name: pathway_id, dtype: int64)"
CNP0292626.7,"6    7
Name: pathway_id, dtype: int64"
CNP0586483.1,"4    5
Name: pathway_id, dtype: int64"
CNP0076080.2,"Series([], Name: pathway_id, dtype: int64)"
CNP0254624.1,"6    7
Name: pathway_id, dtype: int64"
CNP0168298.1,"6    7
Name: pathway_id, dtype: int64"
CNP0164027.3,"Series([], Name: pathway_id, dtype: int64)"
CNP0250789.2,"6    7
Name: pathway_id, dtype: int64"
CNP0134916.0,"0    1
Name: pathway_id, dtype: int64"
CNP0313117.2,"6    7
Name: pathway_id, dtype: int64"
CNP0218101.2,"6    7
Name: pathway_id, dtype: int64"
CNP0321505.1,"Series([], Name: pathway_id, dtype: int64)"
CNP0108075.1,"Series([], Name: pathway_id, dtype: int64)"
CNP0140535.1,"6    7
Name: pathway_id, dtype: int64"
CNP0163086.3,"6    7
Name: pathway_id, dtype: int64"
CNP0212937.9,"Series([], Name: pathway_id, dtype: int64)"
CNP0075249.1,"6    7
Name: pathway_id, dtype: int64"
CNP0267219.1,"6    7
Name: pathway_id, dtype: int64"
CNP0146409.2,"Series([], Name: pathway_id, dtype: int64)"
CNP0245549.1,"Series([], Name: pathway_id, dtype: int64)"
CNP0186966.2,"0    1
Name: pathway_id, dtype: int64"
CNP0365355.3,"0    1
Name: pathway_id, dtype: int64"
CNP0220934.1,"Series([], Name: pathway_id, dtype: int64)"
CNP0074924.1,"6    7
Name: pathway_id, dtype: int64"
CNP0262703.0,"3    4
Name: pathway_id, dtype: int64"
CNP0307686.0,"3    4
Name: pathway_id, dtype: int64"
CNP0213957.1,"Series([], Name: pathway_id, dtype: int64)"
CNP0222851.3,"6    7
Name: pathway_id, dtype: int64"
CNP0186359.6,"6    7
Name: pathway_id, dtype: int64"
CNP0565805.1,"0    1
Name: pathway_id, dtype: int64"
CNP0232361.1,"3    4
Name: pathway_id, dtype: int64"
CNP0394685.1,"6    7
Name: pathway_id, dtype: int64"
CNP0525635.1,"6    7
Name: pathway_id, dtype: int64"
CNP0482480.1,"6    7
Name: pathway_id, dtype: int64"
CNP0077136.0,"0    1
Name: pathway_id, dtype: int64"
CNP0230774.1,"Series([], Name: pathway_id, dtype: int64)"
CNP0223324.0,"3    4
Name: pathway_id, dtype: int64"
CNP0075021.0,"6    7
Name: pathway_id, dtype: int64"
CNP0178167.1,"6    7
Name: pathway_id, dtype: int64"
CNP0230367.2,"Series([], Name: pathway_id, dtype: int64)"
CNP0329638.1,"6    7
Name: pathway_id, dtype: int64"
CNP0291888.1,"6    7
Name: pathway_id, dtype: int64"
CNP0075395.1,"Series([], Name: pathway_id, dtype: int64)"
CNP0245616.1,"6    7
Name: pathway_id, dtype: int64"
CNP0139347.0,"3    4
Name: pathway_id, dtype: int64"
CNP0482386.1,"Series([], Name: pathway_id, dtype: int64)"
CNP0187690.0,"3    4
Name: pathway_id, dtype: int64"
CNP0180331.0,"Series([], Name: pathway_id, dtype: int64)"
CNP0236414.2,"6    7
Name: pathway_id, dtype: int64"
CNP0217726.0,"Series([], Name: pathway_id, dtype: int64)"
CNP0180848.1,"Series([], Name: pathway_id, dtype: int64)"
CNP0183834.3,"6    7
Name: pathway_id, dtype: int64"
CNP0259981.5,"6    7
Name: pathway_id, dtype: int64"
CNP0261513.1,"6    7
Name: pathway_id, dtype: int64"
CNP0157801.0,"Series([], Name: pathway_id, dtype: int64)"
CNP0223737.0,"3    4
Name: pathway_id, dtype: int64"
CNP0138409.1,"Series([], Name: pathway_id, dtype: int64)"
CNP0182244.5,"Series([], Name: pathway_id, dtype: int64)"
CNP0362760.2,"6    7
Name: pathway_id, dtype: int64"
CNP0080169.0,"6    7
Name: pathway_id, dtype: int64"
CNP0075512.1,"6    7
Name: pathway_id, dtype: int64"
CNP0120770.1,"Series([], Name: pathway_id, dtype: int64)"
CNP0178630.1,"6    7
Name: pathway_id, dtype: int64"
CNP0275417.2,"3    4
Name: pathway_id, dtype: int64"
CNP0162539.1,"Series([], Name: pathway_id, dtype: int64)"
CNP0592676.3,"0    1
Name: pathway_id, dtype: int64"
CNP0172503.1,"6    7
Name: pathway_id, dtype: int64"
CNP0234190.2,"Series([], Name: pathway_id, dtype: int64)"
CNP0256627.5,"Series([], Name: pathway_id, dtype: int64)"
CNP0075472.1,"6    7
Name: pathway_id, dtype: int64"
CNP0168854.2,"0    1
Name: pathway_id, dtype: int64"
CNP0175340.1,"6    7
Name: pathway_id, dtype: int64"
CNP0290585.1,"Series([], Name: pathway_id, dtype: int64)"
CNP0235410.6,"0    1
Name: pathway_id, dtype: int64"
CNP0278544.1,"1    2
Name: pathway_id, dtype: int64"
CNP0278544.1,"Series([], Name: pathway_id, dtype: int64)"
CNP0075428.1,"Series([], Name: pathway_id, dtype: int64)"
CNP0371290.5,"Series([], Name: pathway_id, dtype: int64)"
CNP0233493.0,"Series([], Name: pathway_id, dtype: int64)"
CNP0195309.2,"6    7
Name: pathway_id, dtype: int64"
CNP0133807.1,"6    7
Name: pathway_id, dtype: int64"
CNP0391592.0,"0    1
Name: pathway_id, dtype: int64"
CNP0164428.2,"Series([], Name: pathway_id, dtype: int64)"
CNP0585146.0,"Series([], Name: pathway_id, dtype: int64)"
CNP0269108.0,"Series([], Name: pathway_id, dtype: int64)"
CNP0270865.0,"0    1
Name: pathway_id, dtype: int64"
CNP0343908.0,"4    5
Name: pathway_id, dtype: int64"
CNP0268019.2,"Series([], Name: pathway_id, dtype: int64)"
CNP0077049.2,"0    1
Name: pathway_id, dtype: int64"
CNP0240511.0,"Series([], Name: pathway_id, dtype: int64)"
CNP0137383.1,"6    7
Name: pathway_id, dtype: int64"
CNP0281497.0,"Series([], Name: pathway_id, dtype: int64)"
CNP0209646.1,"6    7
Name: pathway_id, dtype: int64"
CNP0269565.1,"6    7
Name: pathway_id, dtype: int64"
CNP0141799.1,"6    7
Name: pathway_id, dtype: int64"
CNP0537733.0,"4    5
Name: pathway_id, dtype: int64"
CNP0183627.1,"6    7
Name: pathway_id, dtype: int64"
CNP0329737.0,"3    4
Name: pathway_id, dtype: int64"
CNP0185740.4,"6    7
Name: pathway_id, dtype: int64"
CNP0183466.1,"6    7
Name: pathway_id, dtype: int64"
CNP0326350.1,"6    7
Name: pathway_id, dtype: int64"
CNP0242526.1,"6    7
Name: pathway_id, dtype: int64"
CNP0335363.1,"Series([], Name: pathway_id, dtype: int64)"
CNP0204616.0,"3    4
Name: pathway_id, dtype: int64"
CNP0163216.1,"3    4
Name: pathway_id, dtype: int64"
CNP0193498.3,"6    7
Name: pathway_id, dtype: int64"
CNP0256469.1,"Series([], Name: pathway_id, dtype: int64)"
CNP0578976.1,"6    7
Name: pathway_id, dtype: int64"
CNP0302726.2,"6    7
Name: pathway_id, dtype: int64"
CNP0312159.2,"6    7
Name: pathway_id, dtype: int64"
CNP0186875.3,"6    7
Name: pathway_id, dtype: int64"
CNP0074953.2,"3    4
Name: pathway_id, dtype: int64"
CNP0216017.3,"Series([], Name: pathway_id, dtype: int64)"
CNP0170483.1,"6    7
Name: pathway_id, dtype: int64"
CNP0202672.0,"4    5
Name: pathway_id, dtype: int64"
CNP0075550.1,"6    7
Name: pathway_id, dtype: int64"
CNP0143842.1,"Series([], Name: pathway_id, dtype: int64)"
CNP0186142.1,"0    1
Name: pathway_id, dtype: int64"
CNP0178880.5,"6    7
Name: pathway_id, dtype: int64"
CNP0075335.1,"6    7
Name: pathway_id, dtype: int64"
CNP0484478.0,"3    4
Name: pathway_id, dtype: int64"
CNP0228556.0,"0    1
Name: pathway_id, dtype: int64"
CNP0174859.1,"6    7
Name: pathway_id, dtype: int64"
CNP0227499.0,"3    4
Name: pathway_id, dtype: int64"
CNP0225199.1,"6    7
Name: pathway_id, dtype: int64"
CNP0120238.1,"Series([], Name: pathway_id, dtype: int64)"
CNP0577408.0,"Series([], Name: pathway_id, dtype: int64)"
CNP0204813.1,"Series([], Name: pathway_id, dtype: int64)"
CNP0324146.10,"6    7
Name: pathway_id, dtype: int64"
CNP0246775.1,"6    7
Name: pathway_id, dtype: int64"
CNP0240720.0,"Series([], Name: pathway_id, dtype: int64)"
CNP0268736.8,"Series([], Name: pathway_id, dtype: int64)"
CNP0236926.3,"6    7
Name: pathway_id, dtype: int64"
CNP0403339.10,"6    7
Name: pathway_id, dtype: int64"
CNP0187454.1,"6    7
Name: pathway_id, dtype: int64"
CNP0140225.2,"6    7
Name: pathway_id, dtype: int64"
CNP0184958.1,"6    7
Name: pathway_id, dtype: int64"
CNP0337037.3,"0    1
Name: pathway_id, dtype: int64"
CNP0187953.14,"Series([], Name: pathway_id, dtype: int64)"
CNP0118507.2,"6    7
Name: pathway_id, dtype: int64"
CNP0265519.0,"4    5
Name: pathway_id, dtype: int64"
CNP0076638.1,"Series([], Name: pathway_id, dtype: int64)"
CNP0163644.0,"4    5
Name: pathway_id, dtype: int64"
CNP0292043.1,"6    7
Name: pathway_id, dtype: int64"
CNP0286156.3,"6    7
Name: pathway_id, dtype: int64"
CNP0137466.4,"6    7
Name: pathway_id, dtype: int64"
CNP0075550.2,"6    7
Name: pathway_id, dtype: int64"
CNP0524194.1,"6    7
Name: pathway_id, dtype: int64"
CNP0144843.3,"Series([], Name: pathway_id, dtype: int64)"
CNP0257779.1,"6    7
Name: pathway_id, dtype: int64"
CNP0102671.1,"Series([], Name: pathway_id, dtype: int64)"
CNP0251625.2,"6    7
Name: pathway_id, dtype: int64"
CNP0159354.4,"6    7
Name: pathway_id, dtype: int64"
CNP0133244.0,"Series([], Name: pathway_id, dtype: int64)"
CNP0327658.1,"6    7
Name: pathway_id, dtype: int64"
CNP0229800.2,"6    7
Name: pathway_id, dtype: int64"
CNP0075343.0,"3    4
Name: pathway_id, dtype: int64"
CNP0161610.1,"6    7
Name: pathway_id, dtype: int64"
CNP0288142.2,"Series([], Name: pathway_id, dtype: int64)"
CNP0272600.3,"Series([], Name: pathway_id, dtype: int64)"
CNP0112163.0,"Series([], Name: pathway_id, dtype: int64)"
CNP0278204.2,"Series([], Name: pathway_id, dtype: int64)"
CNP0524942.1,"4    5
Name: pathway_id, dtype: int64"
CNP0253868.4,"6    7
Name: pathway_id, dtype: int64"
CNP0595051.1,"6    7
Name: pathway_id, dtype: int64"
CNP0333434.0,"Series([], Name: pathway_id, dtype: int64)"
CNP0220938.5,"6    7
Name: pathway_id, dtype: int64"
CNP0587790.1,"Series([], Name: pathway_id, dtype: int64)"
CNP0264911.1,"Series([], Name: pathway_id, dtype: int64)"
CNP0546557.1,"0    1
Name: pathway_id, dtype: int64"
CNP0224801.0,"0    1
Name: pathway_id, dtype: int64"
CNP0522831.0,"4    5
Name: pathway_id, dtype: int64"
CNP0522831.0,"Series([], Name: pathway_id, dtype: int64)"
CNP0397409.1,"Series([], Name: pathway_id, dtype: int64)"
CNP0491055.2,"Series([], Name: pathway_id, dtype: int64)"
CNP0297565.2,"6    7
Name: pathway_id, dtype: int64"
CNP0329599.1,"6    7
Name: pathway_id, dtype: int64"
CNP0320411.0,"Series([], Name: pathway_id, dtype: int64)"
CNP0341283.1,"6    7
Name: pathway_id, dtype: int64"
CNP0345452.1,"Series([], Name: pathway_id, dtype: int64)"
CNP0303929.1,"6    7
Name: pathway_id, dtype: int64"
CNP0319829.1,"6    7
Name: pathway_id, dtype: int64"
CNP0075011.1,"6    7
Name: pathway_id, dtype: int64"
CNP0106037.0,"Series([], Name: pathway_id, dtype: int64)"
CNP0247400.0,"4    5
Name: pathway_id, dtype: int64"
CNP0209797.1,"6    7
Name: pathway_id, dtype: int64"
CNP0225738.1,"6    7
Name: pathway_id, dtype: int64"
CNP0350386.1,"6    7
Name: pathway_id, dtype: int64"
CNP0138861.1,"0    1
Name: pathway_id, dtype: int64"
CNP0075040.1,"6    7
Name: pathway_id, dtype: int64"
CNP0278544.2,"1    2
Name: pathway_id, dtype: int64"
CNP0278544.2,"Series([], Name: pathway_id, dtype: int64)"
CNP0129861.4,"0    1
Name: pathway_id, dtype: int64"
CNP0227678.7,"6    7
Name: pathway_id, dtype: int64"
CNP0133176.1,"6    7
Name: pathway_id, dtype: int64"
CNP0323522.2,"6    7
Name: pathway_id, dtype: int64"
CNP0074931.1,"6    7
Name: pathway_id, dtype: int64"
CNP0315238.1,"6    7
Name: pathway_id, dtype: int64"
CNP0246491.1,"6    7
Name: pathway_id, dtype: int64"
CNP0162444.1,"6    7
Name: pathway_id, dtype: int64"
CNP0296419.0,"Series([], Name: pathway_id, dtype: int64)"
CNP0190291.2,"4    5
Name: pathway_id, dtype: int64"
CNP0350562.2,"6    7
Name: pathway_id, dtype: int64"
CNP0603272.1,"6    7
Name: pathway_id, dtype: int64"
CNP0510475.0,"0    1
Name: pathway_id, dtype: int64"
CNP0140888.1,"Series([], Name: pathway_id, dtype: int64)"
CNP0366009.0,"3    4
Name: pathway_id, dtype: int64"
CNP0324724.1,"Series([], Name: pathway_id, dtype: int64)"
CNP0588353.0,"Series([], Name: pathway_id, dtype: int64)"
CNP0164406.2,"6    7
Name: pathway_id, dtype: int64"
CNP0074988.1,"Series([], Name: pathway_id, dtype: int64)"
CNP0189068.1,"6    7
Name: pathway_id, dtype: int64"
CNP0075067.1,"6    7
Name: pathway_id, dtype: int64"
CNP0289451.2,"1    2
Name: pathway_id, dtype: int64"
CNP0289451.2,"Series([], Name: pathway_id, dtype: int64)"
CNP0314528.1,"6    7
Name: pathway_id, dtype: int64"
CNP0302903.2,"6    7
Name: pathway_id, dtype: int64"
CNP0214335.0,"4    5
Name: pathway_id, dtype: int64"
CNP0187853.0,"Series([], Name: pathway_id, dtype: int64)"
CNP0408903.1,"0    1
Name: pathway_id, dtype: int64"
CNP0408903.1,"6    7
Name: pathway_id, dtype: int64"
CNP0111684.2,"6    7
Name: pathway_id, dtype: int64"
CNP0075119.2,"0    1
Name: pathway_id, dtype: int64"
CNP0160916.1,"6    7
Name: pathway_id, dtype: int64"
CNP0074977.1,"6    7
Name: pathway_id, dtype: int64"
CNP0238433.2,"6    7
Name: pathway_id, dtype: int64"
CNP0113580.1,"6    7
Name: pathway_id, dtype: int64"
CNP0237084.2,"6    7
Name: pathway_id, dtype: int64"
CNP0334493.1,"6    7
Name: pathway_id, dtype: int64"
CNP0336215.0,"Series([], Name: pathway_id, dtype: int64)"
CNP0167834.2,"Series([], Name: pathway_id, dtype: int64)"
CNP0192174.3,"Series([], Name: pathway_id, dtype: int64)"
CNP0293550.1,"6    7
Name: pathway_id, dtype: int64"
CNP0075136.1,"0    1
Name: pathway_id, dtype: int64"
CNP0240546.1,"6    7
Name: pathway_id, dtype: int64"
CNP0537370.1,"6    7
Name: pathway_id, dtype: int64"
CNP0099060.1,"6    7
Name: pathway_id, dtype: int64"
CNP0226706.4,"0    1
Name: pathway_id, dtype: int64"
CNP0300780.1,"6    7
Name: pathway_id, dtype: int64"
CNP0278386.0,"Series([], Name: pathway_id, dtype: int64)"
CNP0213414.5,"Series([], Name: pathway_id, dtype: int64)"
CNP0190089.0,"3    4
Name: pathway_id, dtype: int64"
CNP0154607.1,"4    5
Name: pathway_id, dtype: int64"
CNP0509091.1,"4    5
Name: pathway_id, dtype: int64"
CNP0117705.10,"6    7
Name: pathway_id, dtype: int64"
CNP0149550.0,"Series([], Name: pathway_id, dtype: int64)"
CNP0280229.1,"6    7
Name: pathway_id, dtype: int64"
CNP0160390.2,"6    7
Name: pathway_id, dtype: int64"
CNP0174833.1,"4    5
Name: pathway_id, dtype: int64"
CNP0208811.1,"Series([], Name: pathway_id, dtype: int64)"
CNP0139723.2,"6    7
Name: pathway_id, dtype: int64"
CNP0549980.1,"0    1
Name: pathway_id, dtype: int64"
CNP0280189.2,"6    7
Name: pathway_id, dtype: int64"
CNP0565430.1,"Series([], Name: pathway_id, dtype: int64)"
CNP0240056.1,"6    7
Name: pathway_id, dtype: int64"
CNP0152946.2,"0    1
Name: pathway_id, dtype: int64"
CNP0189803.1,"6    7
Name: pathway_id, dtype: int64"
CNP0135122.1,"6    7
Name: pathway_id, dtype: int64"
CNP0242084.1,"Series([], Name: pathway_id, dtype: int64)"
CNP0214655.1,"Series([], Name: pathway_id, dtype: int64)"
CNP0198240.3,"6    7
Name: pathway_id, dtype: int64"
CNP0132646.1,"6    7
Name: pathway_id, dtype: int64"
CNP0149258.0,"Series([], Name: pathway_id, dtype: int64)"
CNP0148557.34,"Series([], Name: pathway_id, dtype: int64)"
CNP0302773.1,"0    1
Name: pathway_id, dtype: int64"
CNP0302773.1,"6    7
Name: pathway_id, dtype: int64"
CNP0283463.2,"Series([], Name: pathway_id, dtype: int64)"
CNP0252493.7,"6    7
Name: pathway_id, dtype: int64"
CNP0364871.2,"6    7
Name: pathway_id, dtype: int64"
CNP0074943.1,"6    7
Name: pathway_id, dtype: int64"
CNP0313931.2,"6    7
Name: pathway_id, dtype: int64"
CNP0087997.1,"Series([], Name: pathway_id, dtype: int64)"
CNP0256391.11,"3    4
Name: pathway_id, dtype: int64"
CNP0192348.3,"6    7
Name: pathway_id, dtype: int64"
CNP0273650.2,"6    7
Name: pathway_id, dtype: int64"
CNP0258237.1,"6    7
Name: pathway_id, dtype: int64"
CNP0554749.1,"Series([], Name: pathway_id, dtype: int64)"
CNP0274293.2,"6    7
Name: pathway_id, dtype: int64"
CNP0298914.0,"Series([], Name: pathway_id, dtype: int64)"
CNP0259146.1,"6    7
Name: pathway_id, dtype: int64"
CNP0289005.1,"Series([], Name: pathway_id, dtype: int64)"
CNP0297234.1,"6    7
Name: pathway_id, dtype: int64"
CNP0326066.0,"Series([], Name: pathway_id, dtype: int64)"
CNP0326066.0,"6    7
Name: pathway_id, dtype: int64"
CNP0176785.2,"6    7
Name: pathway_id, dtype: int64"
CNP0269715.4,"6    7
Name: pathway_id, dtype: int64"
CNP0298591.1,"Series([], Name: pathway_id, dtype: int64)"
CNP0254106.1,"6    7
Name: pathway_id, dtype: int64"
CNP0604193.0,"6    7
Name: pathway_id, dtype: int64"
CNP0502658.0,"0    1
Name: pathway_id, dtype: int64"
CNP0224900.0,"Series([], Name: pathway_id, dtype: int64)"
CNP0216868.2,"6    7
Name: pathway_id, dtype: int64"
CNP0124400.3,"6    7
Name: pathway_id, dtype: int64"
CNP0293180.0,"Series([], Name: pathway_id, dtype: int64)"
CNP0524120.2,"6    7
Name: pathway_id, dtype: int64"
CNP0191012.1,"Series([], Name: pathway_id, dtype: int64)"
CNP0141135.1,"Series([], Name: pathway_id, dtype: int64)"
CNP0216868.8,"6    7
Name: pathway_id, dtype: int64"
CNP0132404.1,"Series([], Name: pathway_id, dtype: int64)"
CNP0591041.0,"Series([], Name: pathway_id, dtype: int64)"
CNP0190151.1,"6    7
Name: pathway_id, dtype: int64"
CNP0268428.0,"Series([], Name: pathway_id, dtype: int64)"
CNP0273825.4,"Series([], Name: pathway_id, dtype: int64)"
CNP0198093.1,"6    7
Name: pathway_id, dtype: int64"
CNP0289512.2,"6    7
Name: pathway_id, dtype: int64"
CNP0138315.1,"6    7
Name: pathway_id, dtype: int64"
CNP0114935.3,"Series([], Name: pathway_id, dtype: int64)"
CNP0194684.1,"6    7
Name: pathway_id, dtype: int64"
CNP0277640.3,"Series([], Name: pathway_id, dtype: int64)"
CNP0075216.1,"Series([], Name: pathway_id, dtype: int64)"
CNP0202219.1,"6    7
Name: pathway_id, dtype: int64"
CNP0231753.0,"0    1
Name: pathway_id, dtype: int64"
CNP0186364.4,"6    7
Name: pathway_id, dtype: int64"
CNP0198481.9,"6    7
Name: pathway_id, dtype: int64"
CNP0326801.2,"Series([], Name: pathway_id, dtype: int64)"
CNP0209991.1,"6    7
Name: pathway_id, dtype: int64"
CNP0125079.1,"6    7
Name: pathway_id, dtype: int64"
CNP0368158.1,"Series([], Name: pathway_id, dtype: int64)"
CNP0219063.2,"6    7
Name: pathway_id, dtype: int64"
CNP0311230.1,"6    7
Name: pathway_id, dtype: int64"
CNP0124414.0,"Series([], Name: pathway_id, dtype: int64)"
CNP0507302.1,"6    7
Name: pathway_id, dtype: int64"
CNP0155553.4,"6    7
Name: pathway_id, dtype: int64"
CNP0590625.1,"6    7
Name: pathway_id, dtype: int64"
CNP0603602.0,"4    5
Name: pathway_id, dtype: int64"
CNP0302771.1,"4    5
Name: pathway_id, dtype: int64"
CNP0075137.1,"0    1
Name: pathway_id, dtype: int64"
CNP0603483.0,"4    5
Name: pathway_id, dtype: int64"
CNP0211621.0,"Series([], Name: pathway_id, dtype: int64)"
CNP0167976.1,"1    2
Name: pathway_id, dtype: int64"
CNP0167976.1,"Series([], Name: pathway_id, dtype: int64)"
CNP0168302.1,"6    7
Name: pathway_id, dtype: int64"
CNP0315736.0,"Series([], Name: pathway_id, dtype: int64)"
CNP0235838.0,"4    5
Name: pathway_id, dtype: int64"
CNP0222170.1,"6    7
Name: pathway_id, dtype: int64"
CNP0111031.0,"Series([], Name: pathway_id, dtype: int64)"
CNP0179261.0,"Series([], Name: pathway_id, dtype: int64)"
CNP0423206.2,"Series([], Name: pathway_id, dtype: int64)"
CNP0214162.3,"Series([], Name: pathway_id, dtype: int64)"
CNP0595880.1,"Series([], Name: pathway_id, dtype: int64)"
CNP0086972.1,"6    7
Name: pathway_id, dtype: int64"
CNP0218447.1,"Series([], Name: pathway_id, dtype: int64)"
CNP0175817.2,"6    7
Name: pathway_id, dtype: int64"
CNP0328034.1,"6    7
Name: pathway_id, dtype: int64"
CNP0228863.2,"6    7
Name: pathway_id, dtype: int64"
CNP0191102.1,"6    7
Name: pathway_id, dtype: int64"
CNP0260728.0,"Series([], Name: pathway_id, dtype: int64)"
CNP0117327.1,"6    7
Name: pathway_id, dtype: int64"
CNP0165314.0,"Series([], Name: pathway_id, dtype: int64)"
CNP0338115.2,"6    7
Name: pathway_id, dtype: int64"
CNP0303345.1,"6    7
Name: pathway_id, dtype: int64"
CNP0142184.2,"6    7
Name: pathway_id, dtype: int64"
CNP0075531.1,"Series([], Name: pathway_id, dtype: int64)"
CNP0285678.1,"6    7
Name: pathway_id, dtype: int64"
CNP0238467.2,"Series([], Name: pathway_id, dtype: int64)"
CNP0218685.2,"6    7
Name: pathway_id, dtype: int64"
CNP0178737.2,"6    7
Name: pathway_id, dtype: int64"
CNP0172083.3,"6    7
Name: pathway_id, dtype: int64"
CNP0269561.3,"6    7
Name: pathway_id, dtype: int64"
CNP0256103.1,"6    7
Name: pathway_id, dtype: int64"
CNP0134593.1,"Series([], Name: pathway_id, dtype: int64)"
CNP0281673.1,"6    7
Name: pathway_id, dtype: int64"
CNP0191431.2,"6    7
Name: pathway_id, dtype: int64"
CNP0260217.5,"6    7
Name: pathway_id, dtype: int64"
CNP0174584.2,"0    1
Name: pathway_id, dtype: int64"
CNP0220138.3,"6    7
Name: pathway_id, dtype: int64"
CNP0180599.1,"Series([], Name: pathway_id, dtype: int64)"
CNP0228963.1,"Series([], Name: pathway_id, dtype: int64)"
CNP0151125.1,"6    7
Name: pathway_id, dtype: int64"
CNP0170380.0,"Series([], Name: pathway_id, dtype: int64)"
CNP0159260.1,"6    7
Name: pathway_id, dtype: int64"
CNP0131092.3,"6    7
Name: pathway_id, dtype: int64"
CNP0237633.1,"6    7
Name: pathway_id, dtype: int64"
CNP0280563.0,"6    7
Name: pathway_id, dtype: int64"
CNP0121751.1,"6    7
Name: pathway_id, dtype: int64"
CNP0164136.1,"Series([], Name: pathway_id, dtype: int64)"
CNP0248340.0,"Series([], Name: pathway_id, dtype: int64)"
CNP0392086.0,"Series([], Name: pathway_id, dtype: int64)"
CNP0203752.1,"Series([], Name: pathway_id, dtype: int64)"
CNP0378930.0,"Series([], Name: pathway_id, dtype: int64)"
CNP0272463.2,"Series([], Name: pathway_id, dtype: int64)"
CNP0146817.2,"6    7
Name: pathway_id, dtype: int64"
CNP0180304.1,"6    7
Name: pathway_id, dtype: int64"
CNP0133241.1,"Series([], Name: pathway_id, dtype: int64)"
CNP0120603.1,"6    7
Name: pathway_id, dtype: int64"
CNP0286379.0,"Series([], Name: pathway_id, dtype: int64)"
CNP0220939.4,"Series([], Name: pathway_id, dtype: int64)"
CNP0189763.2,"Series([], Name: pathway_id, dtype: int64)"
CNP0192266.3,"Series([], Name: pathway_id, dtype: int64)"
CNP0298040.0,"3    4
Name: pathway_id, dtype: int64"
CNP0306926.1,"Series([], Name: pathway_id, dtype: int64)"
CNP0109146.1,"Series([], Name: pathway_id, dtype: int64)"
CNP0267029.2,"6    7
Name: pathway_id, dtype: int64"
CNP0180599.13,"Series([], Name: pathway_id, dtype: int64)"
CNP0397482.1,"6    7
Name: pathway_id, dtype: int64"
CNP0075264.1,"6    7
Name: pathway_id, dtype: int64"
CNP0208322.2,"Series([], Name: pathway_id, dtype: int64)"
CNP0132902.2,"6    7
Name: pathway_id, dtype: int64"
CNP0300575.1,"6    7
Name: pathway_id, dtype: int64"
CNP0145684.1,"6    7
Name: pathway_id, dtype: int64"
CNP0289434.1,"6    7
Name: pathway_id, dtype: int64"
CNP0362107.1,"6    7
Name: pathway_id, dtype: int64"
CNP0091159.1,"6    7
Name: pathway_id, dtype: int64"
CNP0312171.1,"6    7
Name: pathway_id, dtype: int64"
CNP0192119.1,"4    5
Name: pathway_id, dtype: int64"
CNP0074949.1,"6    7
Name: pathway_id, dtype: int64"
CNP0189368.1,"6    7
Name: pathway_id, dtype: int64"
CNP0319739.1,"6    7
Name: pathway_id, dtype: int64"
CNP0152549.1,"6    7
Name: pathway_id, dtype: int64"
CNP0220341.0,"Series([], Name: pathway_id, dtype: int64)"
CNP0379661.0,"0    1
Name: pathway_id, dtype: int64"
CNP0175985.0,"0    1
Name: pathway_id, dtype: int64"
CNP0074997.1,"6    7
Name: pathway_id, dtype: int64"
CNP0208683.2,"6    7
Name: pathway_id, dtype: int64"
CNP0238965.1,"Series([], Name: pathway_id, dtype: int64)"
CNP0169003.4,"6    7
Name: pathway_id, dtype: int64"
CNP0248798.2,"6    7
Name: pathway_id, dtype: int64"
CNP0117429.2,"Series([], Name: pathway_id, dtype: int64)"
CNP0168288.0,"Series([], Name: pathway_id, dtype: int64)"
CNP0388875.1,"Series([], Name: pathway_id, dtype: int64)"
CNP0103424.1,"Series([], Name: pathway_id, dtype: int64)"
CNP0157043.1,"6    7
Name: pathway_id, dtype: int64"
CNP0192007.3,"Series([], Name: pathway_id, dtype: int64)"
CNP0302341.0,"Series([], Name: pathway_id, dtype: int64)"
CNP0259538.0,"4    5
Name: pathway_id, dtype: int64"
CNP0336513.0,"4    5
Name: pathway_id, dtype: int64"
CNP0111614.3,"6    7
Name: pathway_id, dtype: int64"
CNP0535732.1,"6    7
Name: pathway_id, dtype: int64"
CNP0252493.2,"6    7
Name: pathway_id, dtype: int64"
CNP0354243.14,"Series([], Name: pathway_id, dtype: int64)"
CNP0226909.0,"Series([], Name: pathway_id, dtype: int64)"
CNP0110413.1,"6    7
Name: pathway_id, dtype: int64"
CNP0182212.2,"6    7
Name: pathway_id, dtype: int64"
CNP0226326.4,"6    7
Name: pathway_id, dtype: int64"
CNP0242095.1,"0    1
Name: pathway_id, dtype: int64"
CNP0242095.1,"6    7
Name: pathway_id, dtype: int64"
CNP0201957.8,"6    7
Name: pathway_id, dtype: int64"
CNP0075415.1,"6    7
Name: pathway_id, dtype: int64"
CNP0317630.1,"6    7
Name: pathway_id, dtype: int64"
CNP0075075.1,"Series([], Name: pathway_id, dtype: int64)"
CNP0168612.7,"Series([], Name: pathway_id, dtype: int64)"
CNP0248343.4,"6    7
Name: pathway_id, dtype: int64"
CNP0223123.1,"Series([], Name: pathway_id, dtype: int64)"
CNP0242282.2,"Series([], Name: pathway_id, dtype: int64)"
CNP0226305.1,"6    7
Name: pathway_id, dtype: int64"
CNP0161129.5,"6    7
Name: pathway_id, dtype: int64"
CNP0256627.2,"Series([], Name: pathway_id, dtype: int64)"
CNP0075502.1,"6    7
Name: pathway_id, dtype: int64"
CNP0106941.1,"6    7
Name: pathway_id, dtype: int64"
CNP0311689.1,"6    7
Name: pathway_id, dtype: int64"
CNP0418808.4,"0    1
Name: pathway_id, dtype: int64"
CNP0263207.1,"6    7
Name: pathway_id, dtype: int64"
CNP0180136.2,"6    7
Name: pathway_id, dtype: int64"
CNP0075024.1,"Series([], Name: pathway_id, dtype: int64)"
CNP0075024.1,"6    7
Name: pathway_id, dtype: int64"
CNP0258469.1,"6    7
Name: pathway_id, dtype: int64"
CNP0346069.0,"4    5
Name: pathway_id, dtype: int64"
CNP0223356.1,"Series([], Name: pathway_id, dtype: int64)"
CNP0228951.4,"6    7
Name: pathway_id, dtype: int64"
CNP0201476.2,"4    5
Name: pathway_id, dtype: int64"
CNP0188078.1,"6    7
Name: pathway_id, dtype: int64"
CNP0313070.0,"Series([], Name: pathway_id, dtype: int64)"
CNP0552060.1,"6    7
Name: pathway_id, dtype: int64"
CNP0177991.0,"Series([], Name: pathway_id, dtype: int64)"
CNP0311440.3,"6    7
Name: pathway_id, dtype: int64"
CNP0242778.1,"Series([], Name: pathway_id, dtype: int64)"
CNP0143067.0,"0    1
Name: pathway_id, dtype: int64"
CNP0243942.1,"6    7
Name: pathway_id, dtype: int64"
CNP0575306.1,"0    1
Name: pathway_id, dtype: int64"
CNP0157012.2,"0    1
Name: pathway_id, dtype: int64"
CNP0187953.13,"Series([], Name: pathway_id, dtype: int64)"
CNP0170689.1,"4    5
Name: pathway_id, dtype: int64"
CNP0254553.1,"6    7
Name: pathway_id, dtype: int64"
CNP0318226.1,"6    7
Name: pathway_id, dtype: int64"
CNP0303589.1,"6    7
Name: pathway_id, dtype: int64"
CNP0075233.1,"Series([], Name: pathway_id, dtype: int64)"
CNP0189004.1,"6    7
Name: pathway_id, dtype: int64"
CNP0185631.1,"Series([], Name: pathway_id, dtype: int64)"
CNP0284467.1,"6    7
Name: pathway_id, dtype: int64"
CNP0234679.1,"1    2
Name: pathway_id, dtype: int64"
CNP0234679.1,"Series([], Name: pathway_id, dtype: int64)"
CNP0233941.1,"6    7
Name: pathway_id, dtype: int64"
CNP0257171.2,"0    1
Name: pathway_id, dtype: int64"
CNP0217792.1,"6    7
Name: pathway_id, dtype: int64"
CNP0253982.1,"6    7
Name: pathway_id, dtype: int64"
CNP0388516.5,"Series([], Name: pathway_id, dtype: int64)"
CNP0090651.1,"6    7
Name: pathway_id, dtype: int64"
CNP0155918.2,"6    7
Name: pathway_id, dtype: int64"
CNP0229114.1,"6    7
Name: pathway_id, dtype: int64"
CNP0261866.1,"6    7
Name: pathway_id, dtype: int64"
CNP0542875.1,"6    7
Name: pathway_id, dtype: int64"
CNP0103453.0,"3    4
Name: pathway_id, dtype: int64"
CNP0236338.0,"Series([], Name: pathway_id, dtype: int64)"
CNP0153433.0,"4    5
Name: pathway_id, dtype: int64"
CNP0283823.1,"Series([], Name: pathway_id, dtype: int64)"
CNP0109577.0,"Series([], Name: pathway_id, dtype: int64)"
CNP0273332.1,"Series([], Name: pathway_id, dtype: int64)"
CNP0151497.1,"6    7
Name: pathway_id, dtype: int64"
CNP0111614.2,"6    7
Name: pathway_id, dtype: int64"
CNP0125238.2,"6    7
Name: pathway_id, dtype: int64"
CNP0422467.0,"Series([], Name: pathway_id, dtype: int64)"
CNP0075555.1,"Series([], Name: pathway_id, dtype: int64)"
CNP0144778.1,"6    7
Name: pathway_id, dtype: int64"
CNP0222584.14,"Series([], Name: pathway_id, dtype: int64)"
CNP0145096.1,"6    7
Name: pathway_id, dtype: int64"
CNP0184447.6,"Series([], Name: pathway_id, dtype: int64)"
CNP0216507.1,"6    7
Name: pathway_id, dtype: int64"
CNP0509124.1,"6    7
Name: pathway_id, dtype: int64"
CNP0178656.0,"6    7
Name: pathway_id, dtype: int64"
CNP0225577.1,"6    7
Name: pathway_id, dtype: int64"
CNP0075156.1,"Series([], Name: pathway_id, dtype: int64)"
CNP0075366.1,"6    7
Name: pathway_id, dtype: int64"
CNP0270340.3,"6    7
Name: pathway_id, dtype: int64"
CNP0440539.1,"6    7
Name: pathway_id, dtype: int64"
CNP0251777.3,"6    7
Name: pathway_id, dtype: int64"
CNP0549221.1,"Series([], Name: pathway_id, dtype: int64)"
CNP0074993.1,"6    7
Name: pathway_id, dtype: int64"
CNP0207609.4,"6    7
Name: pathway_id, dtype: int64"
CNP0321574.1,"Series([], Name: pathway_id, dtype: int64)"
CNP0263650.0,"Series([], Name: pathway_id, dtype: int64)"
CNP0075234.1,"6    7
Name: pathway_id, dtype: int64"
CNP0075399.1,"Series([], Name: pathway_id, dtype: int64)"
CNP0355347.1,"6    7
Name: pathway_id, dtype: int64"
CNP0207345.1,"Series([], Name: pathway_id, dtype: int64)"
CNP0232898.1,"1    2
Name: pathway_id, dtype: int64"
CNP0232898.1,"Series([], Name: pathway_id, dtype: int64)"
CNP0319447.1,"6    7
Name: pathway_id, dtype: int64"
CNP0147967.0,"Series([], Name: pathway_id, dtype: int64)"
CNP0603477.0,"6    7
Name: pathway_id, dtype: int64"
CNP0242707.8,"6    7
Name: pathway_id, dtype: int64"
CNP0537039.1,"0    1
Name: pathway_id, dtype: int64"
CNP0137260.1,"6    7
Name: pathway_id, dtype: int64"
CNP0171090.1,"6    7
Name: pathway_id, dtype: int64"
CNP0221044.0,"Series([], Name: pathway_id, dtype: int64)"
CNP0176616.3,"6    7
Name: pathway_id, dtype: int64"
CNP0228710.4,"6    7
Name: pathway_id, dtype: int64"
CNP0285578.1,"0    1
Name: pathway_id, dtype: int64"
CNP0238654.1,"6    7
Name: pathway_id, dtype: int64"
CNP0112748.0,"Series([], Name: pathway_id, dtype: int64)"
CNP0233513.1,"Series([], Name: pathway_id, dtype: int64)"
CNP0209300.1,"6    7
Name: pathway_id, dtype: int64"
CNP0225035.1,"Series([], Name: pathway_id, dtype: int64)"
CNP0549736.1,"6    7
Name: pathway_id, dtype: int64"
CNP0304960.0,"Series([], Name: pathway_id, dtype: int64)"
CNP0110694.1,"6    7
Name: pathway_id, dtype: int64"
CNP0569153.0,"Series([], Name: pathway_id, dtype: int64)"
CNP0205235.1,"0    1
Name: pathway_id, dtype: int64"
CNP0240904.1,"Series([], Name: pathway_id, dtype: int64)"
CNP0253374.1,"6    7
Name: pathway_id, dtype: int64"
CNP0123983.5,"6    7
Name: pathway_id, dtype: int64"
CNP0230203.0,"Series([], Name: pathway_id, dtype: int64)"
CNP0214917.2,"Series([], Name: pathway_id, dtype: int64)"
CNP0396648.1,"6    7
Name: pathway_id, dtype: int64"
CNP0221870.3,"6    7
Name: pathway_id, dtype: int64"
CNP0253309.4,"Series([], Name: pathway_id, dtype: int64)"
CNP0242836.1,"6    7
Name: pathway_id, dtype: int64"
CNP0288297.3,"6    7
Name: pathway_id, dtype: int64"
CNP0075278.1,"6    7
Name: pathway_id, dtype: int64"
CNP0210061.4,"0    1
Name: pathway_id, dtype: int64"
CNP0110706.1,"6    7
Name: pathway_id, dtype: int64"
CNP0321643.1,"6    7
Name: pathway_id, dtype: int64"
CNP0194054.0,"Series([], Name: pathway_id, dtype: int64)"
CNP0371526.1,"6    7
Name: pathway_id, dtype: int64"
CNP0206414.2,"6    7
Name: pathway_id, dtype: int64"
CNP0494642.1,"6    7
Name: pathway_id, dtype: int64"
CNP0578011.1,"6    7
Name: pathway_id, dtype: int64"
CNP0582560.1,"Series([], Name: pathway_id, dtype: int64)"
CNP0074963.1,"6    7
Name: pathway_id, dtype: int64"
CNP0220853.2,"6    7
Name: pathway_id, dtype: int64"
CNP0324146.1,"6    7
Name: pathway_id, dtype: int64"
CNP0575654.0,"6    7
Name: pathway_id, dtype: int64"
CNP0411630.0,"Series([], Name: pathway_id, dtype: int64)"
CNP0263661.1,"Series([], Name: pathway_id, dtype: int64)"
CNP0138092.2,"6    7
Name: pathway_id, dtype: int64"
CNP0162486.2,"Series([], Name: pathway_id, dtype: int64)"
CNP0234338.2,"6    7
Name: pathway_id, dtype: int64"
CNP0213296.2,"4    5
Name: pathway_id, dtype: int64"
CNP0177494.1,"6    7
Name: pathway_id, dtype: int64"
CNP0174330.0,"Series([], Name: pathway_id, dtype: int64)"
CNP0128655.3,"Series([], Name: pathway_id, dtype: int64)"
CNP0126034.1,"Series([], Name: pathway_id, dtype: int64)"
CNP0351015.2,"Series([], Name: pathway_id, dtype: int64)"
CNP0262935.0,"4    5
Name: pathway_id, dtype: int64"
CNP0272502.0,"Series([], Name: pathway_id, dtype: int64)"
CNP0319558.2,"6    7
Name: pathway_id, dtype: int64"
CNP0239078.1,"Series([], Name: pathway_id, dtype: int64)"
CNP0179950.1,"6    7
Name: pathway_id, dtype: int64"
CNP0051865.5,"6    7
Name: pathway_id, dtype: int64"
CNP0387351.2,"6    7
Name: pathway_id, dtype: int64"
CNP0113508.3,"Series([], Name: pathway_id, dtype: int64)"
CNP0214721.1,"Series([], Name: pathway_id, dtype: int64)"
CNP0143984.1,"6    7
Name: pathway_id, dtype: int64"
CNP0313035.3,"0    1
Name: pathway_id, dtype: int64"
CNP0180103.3,"Series([], Name: pathway_id, dtype: int64)"
CNP0156947.1,"6    7
Name: pathway_id, dtype: int64"
CNP0142072.1,"3    4
Name: pathway_id, dtype: int64"
CNP0075300.1,"6    7
Name: pathway_id, dtype: int64"
CNP0239761.1,"6    7
Name: pathway_id, dtype: int64"
CNP0335160.1,"6    7
Name: pathway_id, dtype: int64"
CNP0074955.1,"6    7
Name: pathway_id, dtype: int64"
CNP0157590.1,"6    7
Name: pathway_id, dtype: int64"
CNP0211101.2,"6    7
Name: pathway_id, dtype: int64"
CNP0135371.1,"6    7
Name: pathway_id, dtype: int64"
CNP0264225.1,"Series([], Name: pathway_id, dtype: int64)"
CNP0604853.1,"0    1
Name: pathway_id, dtype: int64"
CNP0215883.1,"Series([], Name: pathway_id, dtype: int64)"
CNP0276741.1,"6    7
Name: pathway_id, dtype: int64"
CNP0108916.1,"3    4
Name: pathway_id, dtype: int64"
CNP0246158.1,"Series([], Name: pathway_id, dtype: int64)"
CNP0342329.0,"3    4
Name: pathway_id, dtype: int64"
CNP0145185.0,"3    4
Name: pathway_id, dtype: int64"
CNP0389436.3,"Series([], Name: pathway_id, dtype: int64)"
CNP0105676.1,"Series([], Name: pathway_id, dtype: int64)"
CNP0075379.0,"6    7
Name: pathway_id, dtype: int64"
CNP0117445.1,"Series([], Name: pathway_id, dtype: int64)"
CNP0237115.2,"Series([], Name: pathway_id, dtype: int64)"
CNP0232387.1,"6    7
Name: pathway_id, dtype: int64"
CNP0217099.3,"Series([], Name: pathway_id, dtype: int64)"
CNP0310682.0,"Series([], Name: pathway_id, dtype: int64)"
CNP0106941.2,"6    7
Name: pathway_id, dtype: int64"
CNP0124887.0,"Series([], Name: pathway_id, dtype: int64)"
CNP0122777.1,"6    7
Name: pathway_id, dtype: int64"
CNP0232618.2,"6    7
Name: pathway_id, dtype: int64"
CNP0224569.3,"6    7
Name: pathway_id, dtype: int64"
CNP0143722.2,"Series([], Name: pathway_id, dtype: int64)"
CNP0157329.4,"Series([], Name: pathway_id, dtype: int64)"
CNP0167552.1,"Series([], Name: pathway_id, dtype: int64)"
CNP0116269.1,"6    7
Name: pathway_id, dtype: int64"
CNP0145131.2,"6    7
Name: pathway_id, dtype: int64"
CNP0334168.1,"0    1
Name: pathway_id, dtype: int64"
CNP0402443.1,"Series([], Name: pathway_id, dtype: int64)"
CNP0195798.1,"Series([], Name: pathway_id, dtype: int64)"
CNP0171217.1,"Series([], Name: pathway_id, dtype: int64)"
CNP0074952.0,"6    7
Name: pathway_id, dtype: int64"
CNP0233156.2,"6    7
Name: pathway_id, dtype: int64"
CNP0406108.4,"6    7
Name: pathway_id, dtype: int64"
CNP0207575.1,"6    7
Name: pathway_id, dtype: int64"
CNP0260033.3,"6    7
Name: pathway_id, dtype: int64"
CNP0494479.1,"6    7
Name: pathway_id, dtype: int64"
CNP0161695.2,"6    7
Name: pathway_id, dtype: int64"
CNP0214896.1,"3    4
Name: pathway_id, dtype: int64"
CNP0167582.4,"Series([], Name: pathway_id, dtype: int64)"
CNP0222909.2,"0    1
Name: pathway_id, dtype: int64"
CNP0157584.1,"6    7
Name: pathway_id, dtype: int64"
CNP0604301.0,"4    5
Name: pathway_id, dtype: int64"
CNP0272104.1,"6    7
Name: pathway_id, dtype: int64"
CNP0160260.1,"0    1
Name: pathway_id, dtype: int64"
CNP0485435.1,"6    7
Name: pathway_id, dtype: int64"
CNP0294534.0,"Series([], Name: pathway_id, dtype: int64)"
CNP0412193.1,"Series([], Name: pathway_id, dtype: int64)"
CNP0137334.0,"4    5
Name: pathway_id, dtype: int64"
CNP0266997.0,"Series([], Name: pathway_id, dtype: int64)"
CNP0198563.1,"2    3
Name: pathway_id, dtype: int64"
CNP0198808.4,"6    7
Name: pathway_id, dtype: int64"
CNP0234106.0,"4    5
Name: pathway_id, dtype: int64"
CNP0271040.0,"4    5
Name: pathway_id, dtype: int64"
CNP0295975.5,"6    7
Name: pathway_id, dtype: int64"
CNP0258332.4,"6    7
Name: pathway_id, dtype: int64"
CNP0204764.3,"6    7
Name: pathway_id, dtype: int64"
CNP0131568.0,"4    5
Name: pathway_id, dtype: int64"
CNP0287439.1,"0    1
Name: pathway_id, dtype: int64"
CNP0075418.1,"0    1
Name: pathway_id, dtype: int64"
CNP0113342.1,"Series([], Name: pathway_id, dtype: int64)"
CNP0232387.3,"6    7
Name: pathway_id, dtype: int64"
CNP0289854.1,"Series([], Name: pathway_id, dtype: int64)"
CNP0262195.7,"6    7
Name: pathway_id, dtype: int64"
CNP0228493.6,"6    7
Name: pathway_id, dtype: int64"
CNP0572176.0,"4    5
Name: pathway_id, dtype: int64"
CNP0224096.9,"6    7
Name: pathway_id, dtype: int64"
CNP0193797.1,"6    7
Name: pathway_id, dtype: int64"
CNP0170062.1,"3    4
Name: pathway_id, dtype: int64"
CNP0373115.2,"6    7
Name: pathway_id, dtype: int64"
CNP0218704.1,"0    1
Name: pathway_id, dtype: int64"
CNP0107019.1,"6    7
Name: pathway_id, dtype: int64"
CNP0203552.2,"Series([], Name: pathway_id, dtype: int64)"
CNP0273429.2,"Series([], Name: pathway_id, dtype: int64)"
CNP0121818.1,"0    1
Name: pathway_id, dtype: int64"
CNP0195585.1,"6    7
Name: pathway_id, dtype: int64"
CNP0203876.1,"6    7
Name: pathway_id, dtype: int64"
CNP0243646.1,"Series([], Name: pathway_id, dtype: int64)"
CNP0229318.1,"3    4
Name: pathway_id, dtype: int64"
CNP0214668.4,"6    7
Name: pathway_id, dtype: int64"
CNP0135128.0,"6    7
Name: pathway_id, dtype: int64"
CNP0231823.2,"3    4
Name: pathway_id, dtype: int64"
CNP0324695.1,"Series([], Name: pathway_id, dtype: int64)"
CNP0509499.0,"4    5
Name: pathway_id, dtype: int64"
CNP0307872.1,"Series([], Name: pathway_id, dtype: int64)"
CNP0255574.0,"4    5
Name: pathway_id, dtype: int64"
CNP0286996.0,"0    1
Name: pathway_id, dtype: int64"
CNP0122799.1,"Series([], Name: pathway_id, dtype: int64)"
CNP0275287.0,"Series([], Name: pathway_id, dtype: int64)"
CNP0324773.1,"Series([], Name: pathway_id, dtype: int64)"
CNP0237570.0,"Series([], Name: pathway_id, dtype: int64)"
CNP0163025.2,"6    7
Name: pathway_id, dtype: int64"
CNP0155820.1,"6    7
Name: pathway_id, dtype: int64"
CNP0242100.1,"6    7
Name: pathway_id, dtype: int64"
CNP0227561.1,"6    7
Name: pathway_id, dtype: int64"
CNP0242481.2,"6    7
Name: pathway_id, dtype: int64"
CNP0189996.2,"6    7
Name: pathway_id, dtype: int64"
CNP0590933.1,"6    7
Name: pathway_id, dtype: int64"
CNP0214042.1,"6    7
Name: pathway_id, dtype: int64"
CNP0588718.1,"6    7
Name: pathway_id, dtype: int64"
CNP0246512.1,"6    7
Name: pathway_id, dtype: int64"
CNP0291980.0,"4    5
Name: pathway_id, dtype: int64"
CNP0105908.0,"3    4
Name: pathway_id, dtype: int64"
CNP0123471.2,"6    7
Name: pathway_id, dtype: int64"
CNP0290149.1,"6    7
Name: pathway_id, dtype: int64"
CNP0141319.6,"6    7
Name: pathway_id, dtype: int64"
CNP0075515.1,"Series([], Name: pathway_id, dtype: int64)"
CNP0187077.2,"6    7
Name: pathway_id, dtype: int64"
CNP0163726.6,"6    7
Name: pathway_id, dtype: int64"
CNP0210474.6,"6    7
Name: pathway_id, dtype: int64"
CNP0422611.3,"Series([], Name: pathway_id, dtype: int64)"
CNP0193498.2,"6    7
Name: pathway_id, dtype: int64"
CNP0183261.1,"6    7
Name: pathway_id, dtype: int64"
CNP0251008.2,"Series([], Name: pathway_id, dtype: int64)"
CNP0271623.4,"6    7
Name: pathway_id, dtype: int64"
CNP0156669.1,"0    1
Name: pathway_id, dtype: int64"
CNP0156669.1,"6    7
Name: pathway_id, dtype: int64"
CNP0075163.1,"Series([], Name: pathway_id, dtype: int64)"
CNP0136235.1,"Series([], Name: pathway_id, dtype: int64)"
CNP0299564.1,"Series([], Name: pathway_id, dtype: int64)"
CNP0284923.1,"6    7
Name: pathway_id, dtype: int64"
CNP0218603.2,"0    1
Name: pathway_id, dtype: int64"
CNP0557863.1,"6    7
Name: pathway_id, dtype: int64"
CNP0264566.1,"3    4
Name: pathway_id, dtype: int64"
CNP0501309.1,"Series([], Name: pathway_id, dtype: int64)"
CNP0203960.2,"6    7
Name: pathway_id, dtype: int64"
CNP0115412.2,"6    7
Name: pathway_id, dtype: int64"
CNP0325160.0,"3    4
Name: pathway_id, dtype: int64"
CNP0135445.2,"Series([], Name: pathway_id, dtype: int64)"
CNP0265164.1,"6    7
Name: pathway_id, dtype: int64"
CNP0273540.1,"Series([], Name: pathway_id, dtype: int64)"
CNP0379786.0,"Series([], Name: pathway_id, dtype: int64)"
CNP0354108.1,"6    7
Name: pathway_id, dtype: int64"
CNP0138595.2,"6    7
Name: pathway_id, dtype: int64"
CNP0254951.0,"4    5
Name: pathway_id, dtype: int64"
CNP0213640.1,"6    7
Name: pathway_id, dtype: int64"
CNP0109846.1,"Series([], Name: pathway_id, dtype: int64)"
CNP0243202.5,"6    7
Name: pathway_id, dtype: int64"
CNP0326744.1,"6    7
Name: pathway_id, dtype: int64"
CNP0516093.0,"4    5
Name: pathway_id, dtype: int64"
CNP0185484.0,"Series([], Name: pathway_id, dtype: int64)"
CNP0347796.2,"6    7
Name: pathway_id, dtype: int64"
CNP0162942.1,"0    1
Name: pathway_id, dtype: int64"
CNP0205544.4,"0    1
Name: pathway_id, dtype: int64"
CNP0410615.1,"6    7
Name: pathway_id, dtype: int64"
CNP0229766.3,"Series([], Name: pathway_id, dtype: int64)"
CNP0216545.7,"Series([], Name: pathway_id, dtype: int64)"
CNP0075483.1,"6    7
Name: pathway_id, dtype: int64"
CNP0182244.4,"Series([], Name: pathway_id, dtype: int64)"
CNP0606176.2,"4    5
Name: pathway_id, dtype: int64"
CNP0286632.1,"Series([], Name: pathway_id, dtype: int64)"
CNP0254915.1,"6    7
Name: pathway_id, dtype: int64"
CNP0253093.2,"6    7
Name: pathway_id, dtype: int64"
CNP0243825.3,"Series([], Name: pathway_id, dtype: int64)"
CNP0243745.0,"3    4
Name: pathway_id, dtype: int64"
CNP0222445.3,"6    7
Name: pathway_id, dtype: int64"
CNP0236970.2,"Series([], Name: pathway_id, dtype: int64)"
CNP0219575.3,"Series([], Name: pathway_id, dtype: int64)"
CNP0285336.1,"Series([], Name: pathway_id, dtype: int64)"
CNP0170263.2,"6    7
Name: pathway_id, dtype: int64"
CNP0288601.3,"Series([], Name: pathway_id, dtype: int64)"
CNP0166591.2,"Series([], Name: pathway_id, dtype: int64)"
CNP0075348.1,"6    7
Name: pathway_id, dtype: int64"
CNP0075041.2,"6    7
Name: pathway_id, dtype: int64"
CNP0210667.1,"6    7
Name: pathway_id, dtype: int64"
CNP0325962.0,"Series([], Name: pathway_id, dtype: int64)"
CNP0496402.0,"6    7
Name: pathway_id, dtype: int64"
CNP0254691.0,"Series([], Name: pathway_id, dtype: int64)"
CNP0591308.0,"6    7
Name: pathway_id, dtype: int64"
CNP0172621.3,"6    7
Name: pathway_id, dtype: int64"
CNP0214576.0,"6    7
Name: pathway_id, dtype: int64"
CNP0202007.1,"6    7
Name: pathway_id, dtype: int64"
CNP0214553.0,"Series([], Name: pathway_id, dtype: int64)"
CNP0242032.1,"6    7
Name: pathway_id, dtype: int64"
CNP0278382.2,"Series([], Name: pathway_id, dtype: int64)"
CNP0155030.1,"0    1
Name: pathway_id, dtype: int64"
CNP0193202.9,"6    7
Name: pathway_id, dtype: int64"
CNP0208996.4,"6    7
Name: pathway_id, dtype: int64"
CNP0200637.2,"Series([], Name: pathway_id, dtype: int64)"
CNP0522943.0,"6    7
Name: pathway_id, dtype: int64"
CNP0123354.3,"Series([], Name: pathway_id, dtype: int64)"
CNP0185903.7,"Series([], Name: pathway_id, dtype: int64)"
CNP0330385.0,"6    7
Name: pathway_id, dtype: int64"
CNP0255602.2,"0    1
Name: pathway_id, dtype: int64"
CNP0210682.1,"Series([], Name: pathway_id, dtype: int64)"
CNP0252785.1,"Series([], Name: pathway_id, dtype: int64)"
CNP0180957.3,"Series([], Name: pathway_id, dtype: int64)"
CNP0245935.1,"4    5
Name: pathway_id, dtype: int64"
CNP0074928.1,"6    7
Name: pathway_id, dtype: int64"
CNP0389480.1,"6    7
Name: pathway_id, dtype: int64"
CNP0265236.1,"6    7
Name: pathway_id, dtype: int64"
CNP0395277.1,"Series([], Name: pathway_id, dtype: int64)"
CNP0401908.2,"Series([], Name: pathway_id, dtype: int64)"
CNP0075520.1,"Series([], Name: pathway_id, dtype: int64)"
CNP0248120.4,"3    4
Name: pathway_id, dtype: int64"
CNP0248120.4,"6    7
Name: pathway_id, dtype: int64"
CNP0208561.1,"2    3
Name: pathway_id, dtype: int64"
CNP0324589.0,"Series([], Name: pathway_id, dtype: int64)"
CNP0163726.3,"6    7
Name: pathway_id, dtype: int64"
CNP0255180.1,"3    4
Name: pathway_id, dtype: int64"
CNP0074999.1,"6    7
Name: pathway_id, dtype: int64"
CNP0289075.1,"6    7
Name: pathway_id, dtype: int64"
CNP0241365.0,"6    7
Name: pathway_id, dtype: int64"
CNP0309461.2,"6    7
Name: pathway_id, dtype: int64"
CNP0272604.1,"6    7
Name: pathway_id, dtype: int64"
CNP0258550.1,"6    7
Name: pathway_id, dtype: int64"
CNP0122990.1,"6    7
Name: pathway_id, dtype: int64"
CNP0277357.2,"6    7
Name: pathway_id, dtype: int64"
CNP0235373.1,"Series([], Name: pathway_id, dtype: int64)"
CNP0345779.1,"6    7
Name: pathway_id, dtype: int64"
CNP0347682.0,"3    4
Name: pathway_id, dtype: int64"
CNP0340965.0,"Series([], Name: pathway_id, dtype: int64)"
CNP0171132.1,"6    7
Name: pathway_id, dtype: int64"
CNP0224353.2,"Series([], Name: pathway_id, dtype: int64)"
CNP0195185.3,"Series([], Name: pathway_id, dtype: int64)"
CNP0235373.6,"Series([], Name: pathway_id, dtype: int64)"
CNP0190975.1,"6    7
Name: pathway_id, dtype: int64"
CNP0274532.1,"Series([], Name: pathway_id, dtype: int64)"
CNP0213340.2,"6    7
Name: pathway_id, dtype: int64"
CNP0141421.5,"6    7
Name: pathway_id, dtype: int64"
CNP0333958.0,"3    4
Name: pathway_id, dtype: int64"
CNP0198091.1,"6    7
Name: pathway_id, dtype: int64"
CNP0248576.1,"6    7
Name: pathway_id, dtype: int64"
CNP0236162.1,"0    1
Name: pathway_id, dtype: int64"
CNP0396919.1,"6    7
Name: pathway_id, dtype: int64"
CNP0238965.2,"Series([], Name: pathway_id, dtype: int64)"
CNP0075331.1,"6    7
Name: pathway_id, dtype: int64"
CNP0136277.1,"6    7
Name: pathway_id, dtype: int64"
CNP0251777.2,"6    7
Name: pathway_id, dtype: int64"
CNP0105770.0,"Series([], Name: pathway_id, dtype: int64)"
CNP0288203.1,"1    2
Name: pathway_id, dtype: int64"
CNP0075110.1,"Series([], Name: pathway_id, dtype: int64)"
CNP0342611.1,"4    5
Name: pathway_id, dtype: int64"
CNP0374238.0,"3    4
Name: pathway_id, dtype: int64"
CNP0277651.0,"4    5
Name: pathway_id, dtype: int64"
CNP0328633.0,"Series([], Name: pathway_id, dtype: int64)"
CNP0223907.1,"6    7
Name: pathway_id, dtype: int64"
CNP0269114.6,"Series([], Name: pathway_id, dtype: int64)"
CNP0276984.1,"6    7
Name: pathway_id, dtype: int64"
CNP0543828.1,"6    7
Name: pathway_id, dtype: int64"
CNP0214370.2,"6    7
Name: pathway_id, dtype: int64"
CNP0158208.2,"6    7
Name: pathway_id, dtype: int64"
CNP0513729.0,"4    5
Name: pathway_id, dtype: int64"
CNP0154427.0,"4    5
Name: pathway_id, dtype: int64"
CNP0252454.1,"6    7
Name: pathway_id, dtype: int64"
CNP0140986.1,"Series([], Name: pathway_id, dtype: int64)"
CNP0189045.1,"Series([], Name: pathway_id, dtype: int64)"
CNP0327920.0,"Series([], Name: pathway_id, dtype: int64)"
CNP0249223.2,"Series([], Name: pathway_id, dtype: int64)"
CNP0278374.2,"6    7
Name: pathway_id, dtype: int64"
CNP0075524.1,"Series([], Name: pathway_id, dtype: int64)"
CNP0186899.1,"6    7
Name: pathway_id, dtype: int64"
CNP0323149.2,"6    7
Name: pathway_id, dtype: int64"
CNP0212966.1,"6    7
Name: pathway_id, dtype: int64"
CNP0125076.3,"Series([], Name: pathway_id, dtype: int64)"
CNP0213440.2,"6    7
Name: pathway_id, dtype: int64"
CNP0296248.0,"3    4
Name: pathway_id, dtype: int64"
CNP0368614.0,"3    4
Name: pathway_id, dtype: int64"
CNP0386248.2,"3    4
Name: pathway_id, dtype: int64"
CNP0406183.3,"6    7
Name: pathway_id, dtype: int64"
CNP0144475.3,"Series([], Name: pathway_id, dtype: int64)"
CNP0419212.2,"6    7
Name: pathway_id, dtype: int64"
CNP0115683.0,"Series([], Name: pathway_id, dtype: int64)"
CNP0301421.3,"Series([], Name: pathway_id, dtype: int64)"
CNP0213166.1,"Series([], Name: pathway_id, dtype: int64)"
CNP0075377.1,"Series([], Name: pathway_id, dtype: int64)"
CNP0145086.0,"Series([], Name: pathway_id, dtype: int64)"
CNP0485467.1,"Series([], Name: pathway_id, dtype: int64)"
CNP0507699.1,"Series([], Name: pathway_id, dtype: int64)"
CNP0232644.1,"6    7
Name: pathway_id, dtype: int64"
CNP0272366.1,"Series([], Name: pathway_id, dtype: int64)"
CNP0121426.0,"Series([], Name: pathway_id, dtype: int64)"
CNP0370102.2,"Series([], Name: pathway_id, dtype: int64)"
CNP0294756.1,"Series([], Name: pathway_id, dtype: int64)"
CNP0075262.1,"6    7
Name: pathway_id, dtype: int64"
CNP0213440.1,"6    7
Name: pathway_id, dtype: int64"
CNP0252245.1,"6    7
Name: pathway_id, dtype: int64"
CNP0484867.1,"0    1
Name: pathway_id, dtype: int64"
CNP0290342.3,"6    7
Name: pathway_id, dtype: int64"
CNP0299894.0,"Series([], Name: pathway_id, dtype: int64)"
CNP0204779.1,"6    7
Name: pathway_id, dtype: int64"
CNP0562154.1,"6    7
Name: pathway_id, dtype: int64"
CNP0148527.0,"4    5
Name: pathway_id, dtype: int64"
CNP0378089.2,"6    7
Name: pathway_id, dtype: int64"
CNP0215343.1,"6    7
Name: pathway_id, dtype: int64"
CNP0210932.0,"4    5
Name: pathway_id, dtype: int64"
CNP0075330.1,"6    7
Name: pathway_id, dtype: int64"
CNP0229894.1,"6    7
Name: pathway_id, dtype: int64"
CNP0243310.1,"0    1
Name: pathway_id, dtype: int64"
CNP0169618.4,"6    7
Name: pathway_id, dtype: int64"
CNP0075501.1,"6    7
Name: pathway_id, dtype: int64"
CNP0344888.2,"6    7
Name: pathway_id, dtype: int64"
CNP0201667.2,"6    7
Name: pathway_id, dtype: int64"
CNP0075394.1,"Series([], Name: pathway_id, dtype: int64)"
CNP0156485.2,"6    7
Name: pathway_id, dtype: int64"
CNP0329984.2,"6    7
Name: pathway_id, dtype: int64"
CNP0231270.6,"6    7
Name: pathway_id, dtype: int64"
CNP0075449.1,"6    7
Name: pathway_id, dtype: int64"
CNP0075464.1,"6    7
Name: pathway_id, dtype: int64"
CNP0262228.0,"Series([], Name: pathway_id, dtype: int64)"
CNP0236655.1,"6    7
Name: pathway_id, dtype: int64"
CNP0277512.3,"6    7
Name: pathway_id, dtype: int64"
CNP0210966.2,"6    7
Name: pathway_id, dtype: int64"
CNP0350230.1,"6    7
Name: pathway_id, dtype: int64"
CNP0287686.1,"6    7
Name: pathway_id, dtype: int64"
CNP0321096.2,"6    7
Name: pathway_id, dtype: int64"
CNP0256627.6,"Series([], Name: pathway_id, dtype: int64)"
CNP0196519.2,"6    7
Name: pathway_id, dtype: int64"
CNP0289313.2,"6    7
Name: pathway_id, dtype: int64"
CNP0075120.1,"0    1
Name: pathway_id, dtype: int64"
CNP0262747.7,"6    7
Name: pathway_id, dtype: int64"
CNP0139246.0,"3    4
Name: pathway_id, dtype: int64"
CNP0417734.3,"6    7
Name: pathway_id, dtype: int64"
CNP0224353.3,"Series([], Name: pathway_id, dtype: int64)"
CNP0075483.2,"6    7
Name: pathway_id, dtype: int64"
CNP0206784.1,"Series([], Name: pathway_id, dtype: int64)"
CNP0146238.10,"6    7
Name: pathway_id, dtype: int64"
CNP0139988.2,"0    1
Name: pathway_id, dtype: int64"
CNP0550543.1,"6    7
Name: pathway_id, dtype: int64"
CNP0264690.0,"Series([], Name: pathway_id, dtype: int64)"
CNP0575245.1,"Series([], Name: pathway_id, dtype: int64)"
CNP0103504.0,"Series([], Name: pathway_id, dtype: int64)"
CNP0197230.0,"3    4
Name: pathway_id, dtype: int64"
CNP0154709.1,"Series([], Name: pathway_id, dtype: int64)"
CNP0167295.0,"Series([], Name: pathway_id, dtype: int64)"
CNP0357452.2,"0    1
Name: pathway_id, dtype: int64"
CNP0324996.2,"6    7
Name: pathway_id, dtype: int64"
CNP0257776.1,"6    7
Name: pathway_id, dtype: int64"
CNP0075139.0,"0    1
Name: pathway_id, dtype: int64"
CNP0237529.1,"6    7
Name: pathway_id, dtype: int64"
CNP0140417.2,"6    7
Name: pathway_id, dtype: int64"
CNP0189857.0,"4    5
Name: pathway_id, dtype: int64"
CNP0319558.1,"6    7
Name: pathway_id, dtype: int64"
CNP0346043.1,"0    1
Name: pathway_id, dtype: int64"
CNP0197337.0,"Series([], Name: pathway_id, dtype: int64)"
CNP0268715.11,"Series([], Name: pathway_id, dtype: int64)"
CNP0126867.1,"Series([], Name: pathway_id, dtype: int64)"
CNP0170966.4,"6    7
Name: pathway_id, dtype: int64"
CNP0222275.3,"Series([], Name: pathway_id, dtype: int64)"
CNP0317809.0,"Series([], Name: pathway_id, dtype: int64)"
CNP0302747.1,"0    1
Name: pathway_id, dtype: int64"
CNP0280020.2,"6    7
Name: pathway_id, dtype: int64"
CNP0191240.1,"6    7
Name: pathway_id, dtype: int64"
CNP0311925.0,"Series([], Name: pathway_id, dtype: int64)"
CNP0126647.2,"6    7
Name: pathway_id, dtype: int64"
CNP0075333.1,"6    7
Name: pathway_id, dtype: int64"
CNP0187191.2,"6    7
Name: pathway_id, dtype: int64"
CNP0216923.1,"6    7
Name: pathway_id, dtype: int64"
CNP0148916.1,"Series([], Name: pathway_id, dtype: int64)"
CNP0254117.1,"Series([], Name: pathway_id, dtype: int64)"
CNP0197339.2,"6    7
Name: pathway_id, dtype: int64"
CNP0321516.0,"Series([], Name: pathway_id, dtype: int64)"
CNP0253685.0,"Series([], Name: pathway_id, dtype: int64)"
CNP0254017.1,"3    4
Name: pathway_id, dtype: int64"
CNP0176491.1,"3    4
Name: pathway_id, dtype: int64"
CNP0289395.0,"0    1
Name: pathway_id, dtype: int64"
CNP0544804.1,"6    7
Name: pathway_id, dtype: int64"
CNP0274346.1,"6    7
Name: pathway_id, dtype: int64"
CNP0170992.0,"Series([], Name: pathway_id, dtype: int64)"
CNP0294939.0,"Series([], Name: pathway_id, dtype: int64)"
CNP0490228.1,"6    7
Name: pathway_id, dtype: int64"
CNP0085544.1,"6    7
Name: pathway_id, dtype: int64"
CNP0174059.3,"6    7
Name: pathway_id, dtype: int64"
CNP0148784.1,"6    7
Name: pathway_id, dtype: int64"
CNP0484430.1,"6    7
Name: pathway_id, dtype: int64"
CNP0262195.14,"6    7
Name: pathway_id, dtype: int64"
CNP0226385.0,"0    1
Name: pathway_id, dtype: int64"
CNP0230635.3,"6    7
Name: pathway_id, dtype: int64"
CNP0192607.2,"Series([], Name: pathway_id, dtype: int64)"
CNP0175979.1,"6    7
Name: pathway_id, dtype: int64"
CNP0331973.0,"Series([], Name: pathway_id, dtype: int64)"
CNP0329964.3,"0    1
Name: pathway_id, dtype: int64"
CNP0117252.2,"6    7
Name: pathway_id, dtype: int64"
CNP0075470.1,"6    7
Name: pathway_id, dtype: int64"
CNP0383759.0,"Series([], Name: pathway_id, dtype: int64)"
CNP0184069.12,"6    7
Name: pathway_id, dtype: int64"
CNP0314099.1,"Series([], Name: pathway_id, dtype: int64)"
CNP0258546.3,"6    7
Name: pathway_id, dtype: int64"
CNP0075034.1,"6    7
Name: pathway_id, dtype: int64"
CNP0504449.1,"Series([], Name: pathway_id, dtype: int64)"
CNP0179503.1,"Series([], Name: pathway_id, dtype: int64)"
CNP0158828.1,"6    7
Name: pathway_id, dtype: int64"
CNP0180599.17,"Series([], Name: pathway_id, dtype: int64)"
CNP0264295.1,"6    7
Name: pathway_id, dtype: int64"
CNP0254120.1,"Series([], Name: pathway_id, dtype: int64)"
CNP0256626.1,"Series([], Name: pathway_id, dtype: int64)"
CNP0268736.7,"Series([], Name: pathway_id, dtype: int64)"
CNP0075126.0,"0    1
Name: pathway_id, dtype: int64"
CNP0488749.1,"6    7
Name: pathway_id, dtype: int64"
CNP0282494.2,"Series([], Name: pathway_id, dtype: int64)"
CNP0490764.1,"6    7
Name: pathway_id, dtype: int64"
CNP0560385.1,"6    7
Name: pathway_id, dtype: int64"
CNP0230636.1,"Series([], Name: pathway_id, dtype: int64)"
CNP0207167.2,"6    7
Name: pathway_id, dtype: int64"
CNP0548835.1,"6    7
Name: pathway_id, dtype: int64"
CNP0323972.1,"6    7
Name: pathway_id, dtype: int64"
CNP0284605.0,"Series([], Name: pathway_id, dtype: int64)"
CNP0513895.1,"0    1
Name: pathway_id, dtype: int64"
CNP0115754.0,"Series([], Name: pathway_id, dtype: int64)"
CNP0225276.1,"Series([], Name: pathway_id, dtype: int64)"
CNP0189973.7,"6    7
Name: pathway_id, dtype: int64"
CNP0538171.0,"Series([], Name: pathway_id, dtype: int64)"
CNP0184435.0,"Series([], Name: pathway_id, dtype: int64)"
CNP0229082.1,"Series([], Name: pathway_id, dtype: int64)"
CNP0085817.1,"Series([], Name: pathway_id, dtype: int64)"
CNP0140417.1,"6    7
Name: pathway_id, dtype: int64"
CNP0119898.0,"4    5
Name: pathway_id, dtype: int64"
CNP0151090.1,"6    7
Name: pathway_id, dtype: int64"
CNP0183053.1,"6    7
Name: pathway_id, dtype: int64"
CNP0258681.1,"6    7
Name: pathway_id, dtype: int64"
CNP0104861.3,"6    7
Name: pathway_id, dtype: int64"
CNP0262320.1,"6    7
Name: pathway_id, dtype: int64"
CNP0322085.1,"6    7
Name: pathway_id, dtype: int64"
CNP0132089.3,"1    2
Name: pathway_id, dtype: int64"
CNP0132089.3,"Series([], Name: pathway_id, dtype: int64)"
CNP0183709.3,"6    7
Name: pathway_id, dtype: int64"
CNP0190199.4,"Series([], Name: pathway_id, dtype: int64)"
CNP0261638.2,"6    7
Name: pathway_id, dtype: int64"
CNP0196251.0,"6    7
Name: pathway_id, dtype: int64"
CNP0296839.1,"4    5
Name: pathway_id, dtype: int64"
CNP0259243.1,"0    1
Name: pathway_id, dtype: int64"
CNP0184978.2,"6    7
Name: pathway_id, dtype: int64"
CNP0076607.0,"3    4
Name: pathway_id, dtype: int64"
CNP0186478.0,"Series([], Name: pathway_id, dtype: int64)"
CNP0339795.1,"6    7
Name: pathway_id, dtype: int64"
CNP0275201.1,"Series([], Name: pathway_id, dtype: int64)"
CNP0167163.1,"6    7
Name: pathway_id, dtype: int64"
CNP0121607.1,"6    7
Name: pathway_id, dtype: int64"
CNP0479450.1,"6    7
Name: pathway_id, dtype: int64"
CNP0416138.2,"6    7
Name: pathway_id, dtype: int64"
CNP0293525.1,"Series([], Name: pathway_id, dtype: int64)"
CNP0153540.1,"Series([], Name: pathway_id, dtype: int64)"
CNP0279535.2,"6    7
Name: pathway_id, dtype: int64"
CNP0192808.1,"Series([], Name: pathway_id, dtype: int64)"
CNP0117694.1,"Series([], Name: pathway_id, dtype: int64)"
CNP0152516.2,"Series([], Name: pathway_id, dtype: int64)"
CNP0282488.1,"Series([], Name: pathway_id, dtype: int64)"
CNP0113143.1,"6    7
Name: pathway_id, dtype: int64"
CNP0294047.1,"6    7
Name: pathway_id, dtype: int64"
CNP0105013.1,"6    7
Name: pathway_id, dtype: int64"
CNP0195353.0,"6    7
Name: pathway_id, dtype: int64"
CNP0399858.1,"Series([], Name: pathway_id, dtype: int64)"
CNP0208038.9,"6    7
Name: pathway_id, dtype: int64"
CNP0285079.1,"6    7
Name: pathway_id, dtype: int64"
CNP0391235.2,"4    5
Name: pathway_id, dtype: int64"
CNP0333265.1,"0    1
Name: pathway_id, dtype: int64"
CNP0190943.1,"Series([], Name: pathway_id, dtype: int64)"
CNP0400723.0,"Series([], Name: pathway_id, dtype: int64)"
CNP0075346.0,"6    7
Name: pathway_id, dtype: int64"
CNP0017887.0,"2    3
Name: pathway_id, dtype: int64"
CNP0155514.2,"3    4
Name: pathway_id, dtype: int64"
CNP0404565.1,"Series([], Name: pathway_id, dtype: int64)"
CNP0187563.0,"Series([], Name: pathway_id, dtype: int64)"
CNP0126567.1,"Series([], Name: pathway_id, dtype: int64)"
CNP0340570.1,"6    7
Name: pathway_id, dtype: int64"
CNP0074930.1,"6    7
Name: pathway_id, dtype: int64"
CNP0243298.1,"6    7
Name: pathway_id, dtype: int64"
CNP0218084.1,"Series([], Name: pathway_id, dtype: int64)"
CNP0162865.6,"6    7
Name: pathway_id, dtype: int64"
CNP0209335.4,"6    7
Name: pathway_id, dtype: int64"
CNP0545264.1,"6    7
Name: pathway_id, dtype: int64"
CNP0153909.1,"0    1
Name: pathway_id, dtype: int64"
CNP0209297.2,"6    7
Name: pathway_id, dtype: int64"
CNP0222523.5,"Series([], Name: pathway_id, dtype: int64)"
CNP0075060.1,"6    7
Name: pathway_id, dtype: int64"
CNP0202001.2,"0    1
Name: pathway_id, dtype: int64"
CNP0199670.2,"Series([], Name: pathway_id, dtype: int64)"
CNP0224424.1,"6    7
Name: pathway_id, dtype: int64"
CNP0116912.1,"Series([], Name: pathway_id, dtype: int64)"
CNP0293352.3,"Series([], Name: pathway_id, dtype: int64)"
CNP0195423.4,"Series([], Name: pathway_id, dtype: int64)"
CNP0270111.1,"6    7
Name: pathway_id, dtype: int64"
CNP0329700.1,"6    7
Name: pathway_id, dtype: int64"
CNP0160574.1,"6    7
Name: pathway_id, dtype: int64"
CNP0075292.1,"6    7
Name: pathway_id, dtype: int64"
CNP0075293.1,"6    7
Name: pathway_id, dtype: int64"
CNP0074954.1,"6    7
Name: pathway_id, dtype: int64"
CNP0243289.1,"Series([], Name: pathway_id, dtype: int64)"
CNP0328779.1,"6    7
Name: pathway_id, dtype: int64"
CNP0104278.0,"Series([], Name: pathway_id, dtype: int64)"
CNP0191641.1,"Series([], Name: pathway_id, dtype: int64)"
CNP0337143.1,"6    7
Name: pathway_id, dtype: int64"
CNP0498278.0,"4    5
Name: pathway_id, dtype: int64"
CNP0182448.3,"0    1
Name: pathway_id, dtype: int64"
CNP0251015.0,"Series([], Name: pathway_id, dtype: int64)"
CNP0126993.3,"Series([], Name: pathway_id, dtype: int64)"
CNP0243033.1,"4    5
Name: pathway_id, dtype: int64"
CNP0185917.1,"6    7
Name: pathway_id, dtype: int64"
CNP0370297.1,"Series([], Name: pathway_id, dtype: int64)"
CNP0195812.2,"Series([], Name: pathway_id, dtype: int64)"
CNP0270093.0,"Series([], Name: pathway_id, dtype: int64)"
CNP0502081.1,"Series([], Name: pathway_id, dtype: int64)"
CNP0075497.1,"6    7
Name: pathway_id, dtype: int64"
CNP0566643.0,"Series([], Name: pathway_id, dtype: int64)"
CNP0232477.4,"6    7
Name: pathway_id, dtype: int64"
CNP0269476.1,"6    7
Name: pathway_id, dtype: int64"
CNP0144084.0,"Series([], Name: pathway_id, dtype: int64)"
CNP0116903.2,"Series([], Name: pathway_id, dtype: int64)"
CNP0283712.1,"Series([], Name: pathway_id, dtype: int64)"
CNP0210130.12,"Series([], Name: pathway_id, dtype: int64)"
CNP0283128.5,"6    7
Name: pathway_id, dtype: int64"
CNP0421210.5,"6    7
Name: pathway_id, dtype: int64"
CNP0237981.3,"0    1
Name: pathway_id, dtype: int64"
CNP0163526.2,"6    7
Name: pathway_id, dtype: int64"
CNP0164635.2,"Series([], Name: pathway_id, dtype: int64)"
CNP0325865.3,"6    7
Name: pathway_id, dtype: int64"
CNP0401410.2,"Series([], Name: pathway_id, dtype: int64)"
CNP0225654.2,"4    5
Name: pathway_id, dtype: int64"
CNP0332570.0,"Series([], Name: pathway_id, dtype: int64)"
CNP0210398.13,"6    7
Name: pathway_id, dtype: int64"
CNP0539424.1,"6    7
Name: pathway_id, dtype: int64"
CNP0194338.3,"6    7
Name: pathway_id, dtype: int64"
CNP0300811.1,"6    7
Name: pathway_id, dtype: int64"
CNP0349495.2,"6    7
Name: pathway_id, dtype: int64"
CNP0118147.1,"6    7
Name: pathway_id, dtype: int64"
CNP0194999.0,"Series([], Name: pathway_id, dtype: int64)"
CNP0280189.1,"6    7
Name: pathway_id, dtype: int64"
CNP0224929.4,"0    1
Name: pathway_id, dtype: int64"
CNP0159308.0,"Series([], Name: pathway_id, dtype: int64)"
CNP0241890.11,"6    7
Name: pathway_id, dtype: int64"
CNP0194874.2,"0    1
Name: pathway_id, dtype: int64"
CNP0321037.0,"Series([], Name: pathway_id, dtype: int64)"
CNP0075419.1,"0    1
Name: pathway_id, dtype: int64"
CNP0134735.0,"Series([], Name: pathway_id, dtype: int64)"
CNP0075528.0,"Series([], Name: pathway_id, dtype: int64)"
CNP0282489.1,"4    5
Name: pathway_id, dtype: int64"
CNP0173918.2,"Series([], Name: pathway_id, dtype: int64)"
CNP0560979.1,"6    7
Name: pathway_id, dtype: int64"
CNP0575830.1,"6    7
Name: pathway_id, dtype: int64"
CNP0212836.4,"6    7
Name: pathway_id, dtype: int64"
CNP0282729.7,"Series([], Name: pathway_id, dtype: int64)"
CNP0265703.6,"6    7
Name: pathway_id, dtype: int64"
CNP0075046.1,"Series([], Name: pathway_id, dtype: int64)"
CNP0370963.2,"6    7
Name: pathway_id, dtype: int64"
CNP0075206.1,"4    5
Name: pathway_id, dtype: int64"
CNP0227134.1,"6    7
Name: pathway_id, dtype: int64"
CNP0248343.3,"6    7
Name: pathway_id, dtype: int64"
CNP0174351.1,"Series([], Name: pathway_id, dtype: int64)"
CNP0252595.0,"Series([], Name: pathway_id, dtype: int64)"
CNP0226884.2,"6    7
Name: pathway_id, dtype: int64"
CNP0331048.2,"6    7
Name: pathway_id, dtype: int64"
CNP0299042.4,"0    1
Name: pathway_id, dtype: int64"
CNP0191525.1,"6    7
Name: pathway_id, dtype: int64"
CNP0254155.4,"Series([], Name: pathway_id, dtype: int64)"
CNP0275419.1,"6    7
Name: pathway_id, dtype: int64"
CNP0164865.1,"6    7
Name: pathway_id, dtype: int64"
CNP0129586.0,"4    5
Name: pathway_id, dtype: int64"
CNP0200241.2,"0    1
Name: pathway_id, dtype: int64"
CNP0223139.2,"6    7
Name: pathway_id, dtype: int64"
CNP0164561.1,"Series([], Name: pathway_id, dtype: int64)"
CNP0277448.2,"6    7
Name: pathway_id, dtype: int64"
CNP0285521.2,"Series([], Name: pathway_id, dtype: int64)"
CNP0517118.1,"6    7
Name: pathway_id, dtype: int64"
CNP0232387.7,"6    7
Name: pathway_id, dtype: int64"
CNP0140485.5,"6    7
Name: pathway_id, dtype: int64"
CNP0393114.2,"6    7
Name: pathway_id, dtype: int64"
CNP0087920.1,"6    7
Name: pathway_id, dtype: int64"
CNP0135032.1,"3    4
Name: pathway_id, dtype: int64"
CNP0470813.0,"Series([], Name: pathway_id, dtype: int64)"
CNP0552444.1,"6    7
Name: pathway_id, dtype: int64"
CNP0288544.1,"3    4
Name: pathway_id, dtype: int64"
CNP0288544.1,"6    7
Name: pathway_id, dtype: int64"
CNP0479562.1,"4    5
Name: pathway_id, dtype: int64"
CNP0237079.4,"6    7
Name: pathway_id, dtype: int64"
CNP0173877.13,"6    7
Name: pathway_id, dtype: int64"
CNP0246782.0,"Series([], Name: pathway_id, dtype: int64)"
CNP0159987.0,"3    4
Name: pathway_id, dtype: int64"
CNP0221661.0,"4    5
Name: pathway_id, dtype: int64"
CNP0169966.0,"Series([], Name: pathway_id, dtype: int64)"
CNP0074980.1,"6    7
Name: pathway_id, dtype: int64"
CNP0279852.2,"Series([], Name: pathway_id, dtype: int64)"
CNP0199950.4,"Series([], Name: pathway_id, dtype: int64)"
CNP0260756.8,"6    7
Name: pathway_id, dtype: int64"
CNP0075277.1,"6    7
Name: pathway_id, dtype: int64"
CNP0153083.1,"6    7
Name: pathway_id, dtype: int64"
CNP0182333.3,"Series([], Name: pathway_id, dtype: int64)"
CNP0205624.2,"Series([], Name: pathway_id, dtype: int64)"
CNP0406604.0,"Series([], Name: pathway_id, dtype: int64)"
CNP0086587.0,"Series([], Name: pathway_id, dtype: int64)"
CNP0269850.2,"6    7
Name: pathway_id, dtype: int64"
CNP0287490.0,"Series([], Name: pathway_id, dtype: int64)"
CNP0214597.4,"6    7
Name: pathway_id, dtype: int64"
CNP0108027.0,"6    7
Name: pathway_id, dtype: int64"
CNP0605418.1,"6    7
Name: pathway_id, dtype: int64"
CNP0110987.4,"6    7
Name: pathway_id, dtype: int64"
CNP0245519.1,"6    7
Name: pathway_id, dtype: int64"
CNP0481062.1,"6    7
Name: pathway_id, dtype: int64"
CNP0217037.1,"Series([], Name: pathway_id, dtype: int64)"
CNP0183145.2,"6    7
Name: pathway_id, dtype: int64"
CNP0222942.2,"6    7
Name: pathway_id, dtype: int64"
CNP0301697.1,"6    7
Name: pathway_id, dtype: int64"
CNP0334199.1,"Series([], Name: pathway_id, dtype: int64)"
CNP0141198.1,"Series([], Name: pathway_id, dtype: int64)"
CNP0262051.0,"4    5
Name: pathway_id, dtype: int64"
CNP0270266.1,"6    7
Name: pathway_id, dtype: int64"
CNP0325573.1,"6    7
Name: pathway_id, dtype: int64"
CNP0329804.1,"6    7
Name: pathway_id, dtype: int64"
CNP0225677.1,"0    1
Name: pathway_id, dtype: int64"
CNP0317123.1,"Series([], Name: pathway_id, dtype: int64)"
CNP0315189.0,"Series([], Name: pathway_id, dtype: int64)"
CNP0551857.1,"6    7
Name: pathway_id, dtype: int64"
CNP0249388.1,"6    7
Name: pathway_id, dtype: int64"
CNP0330297.2,"Series([], Name: pathway_id, dtype: int64)"
CNP0227958.8,"6    7
Name: pathway_id, dtype: int64"
CNP0276082.2,"1    2
Name: pathway_id, dtype: int64"
CNP0276082.2,"Series([], Name: pathway_id, dtype: int64)"
CNP0506869.1,"0    1
Name: pathway_id, dtype: int64"
CNP0506869.1,"6    7
Name: pathway_id, dtype: int64"
CNP0145361.3,"6    7
Name: pathway_id, dtype: int64"
CNP0311496.1,"4    5
Name: pathway_id, dtype: int64"
CNP0292440.1,"6    7
Name: pathway_id, dtype: int64"
CNP0203743.0,"Series([], Name: pathway_id, dtype: int64)"
CNP0263989.0,"0    1
Name: pathway_id, dtype: int64"
CNP0267141.5,"Series([], Name: pathway_id, dtype: int64)"
CNP0267141.5,"6    7
Name: pathway_id, dtype: int64"
CNP0145043.1,"6    7
Name: pathway_id, dtype: int64"
CNP0182932.1,"6    7
Name: pathway_id, dtype: int64"
CNP0261619.6,"Series([], Name: pathway_id, dtype: int64)"
CNP0316858.0,"3    4
Name: pathway_id, dtype: int64"
CNP0155202.1,"Series([], Name: pathway_id, dtype: int64)"
CNP0222015.1,"Series([], Name: pathway_id, dtype: int64)"
CNP0075016.1,"6    7
Name: pathway_id, dtype: int64"
CNP0074942.1,"6    7
Name: pathway_id, dtype: int64"
CNP0075299.1,"6    7
Name: pathway_id, dtype: int64"
CNP0313376.1,"6    7
Name: pathway_id, dtype: int64"
CNP0577497.1,"6    7
Name: pathway_id, dtype: int64"
CNP0249383.3,"6    7
Name: pathway_id, dtype: int64"
CNP0273647.1,"6    7
Name: pathway_id, dtype: int64"
CNP0117533.0,"4    5
Name: pathway_id, dtype: int64"
CNP0183112.1,"6    7
Name: pathway_id, dtype: int64"
CNP0074967.1,"6    7
Name: pathway_id, dtype: int64"
CNP0261237.4,"0    1
Name: pathway_id, dtype: int64"
CNP0154569.1,"6    7
Name: pathway_id, dtype: int64"
CNP0175595.1,"Series([], Name: pathway_id, dtype: int64)"
CNP0413350.0,"0    1
Name: pathway_id, dtype: int64"
CNP0365355.1,"0    1
Name: pathway_id, dtype: int64"
CNP0382150.1,"6    7
Name: pathway_id, dtype: int64"
CNP0075208.1,"6    7
Name: pathway_id, dtype: int64"
CNP0162059.2,"6    7
Name: pathway_id, dtype: int64"
CNP0271653.1,"0    1
Name: pathway_id, dtype: int64"
CNP0075438.1,"6    7
Name: pathway_id, dtype: int64"
CNP0277688.1,"6    7
Name: pathway_id, dtype: int64"
CNP0232416.3,"Series([], Name: pathway_id, dtype: int64)"
CNP0205513.0,"0    1
Name: pathway_id, dtype: int64"
CNP0294805.0,"Series([], Name: pathway_id, dtype: int64)"
CNP0075128.0,"0    1
Name: pathway_id, dtype: int64"
CNP0075469.1,"Series([], Name: pathway_id, dtype: int64)"
CNP0097710.1,"Series([], Name: pathway_id, dtype: int64)"
CNP0075433.1,"6    7
Name: pathway_id, dtype: int64"
CNP0132357.1,"6    7
Name: pathway_id, dtype: int64"
CNP0119526.1,"6    7
Name: pathway_id, dtype: int64"
CNP0394923.1,"0    1
Name: pathway_id, dtype: int64"
CNP0217667.1,"Series([], Name: pathway_id, dtype: int64)"
CNP0189357.2,"0    1
Name: pathway_id, dtype: int64"
CNP0178641.5,"6    7
Name: pathway_id, dtype: int64"
CNP0257964.1,"Series([], Name: pathway_id, dtype: int64)"
CNP0379019.2,"6    7
Name: pathway_id, dtype: int64"
CNP0259287.1,"0    1
Name: pathway_id, dtype: int64"
CNP0259287.1,"1    2
Name: pathway_id, dtype: int64"
CNP0285895.1,"6    7
Name: pathway_id, dtype: int64"
CNP0194726.1,"6    7
Name: pathway_id, dtype: int64"
CNP0278411.4,"0    1
Name: pathway_id, dtype: int64"
CNP0228467.0,"3    4
Name: pathway_id, dtype: int64"
CNP0140817.1,"6    7
Name: pathway_id, dtype: int64"
CNP0106966.11,"Series([], Name: pathway_id, dtype: int64)"
CNP0283368.1,"Series([], Name: pathway_id, dtype: int64)"
CNP0283911.6,"6    7
Name: pathway_id, dtype: int64"
CNP0159487.2,"6    7
Name: pathway_id, dtype: int64"
CNP0342215.0,"Series([], Name: pathway_id, dtype: int64)"
CNP0299960.0,"3    4
Name: pathway_id, dtype: int64"
CNP0334682.0,"3    4
Name: pathway_id, dtype: int64"
CNP0288297.11,"6    7
Name: pathway_id, dtype: int64"
CNP0537549.1,"6    7
Name: pathway_id, dtype: int64"
CNP0115418.3,"Series([], Name: pathway_id, dtype: int64)"
CNP0538576.1,"6    7
Name: pathway_id, dtype: int64"
CNP0493114.1,"Series([], Name: pathway_id, dtype: int64)"
CNP0161840.0,"3    4
Name: pathway_id, dtype: int64"
CNP0075436.1,"6    7
Name: pathway_id, dtype: int64"
CNP0075012.1,"6    7
Name: pathway_id, dtype: int64"
CNP0531677.1,"6    7
Name: pathway_id, dtype: int64"
CNP0166878.2,"6    7
Name: pathway_id, dtype: int64"
CNP0075519.1,"Series([], Name: pathway_id, dtype: int64)"
CNP0346553.2,"6    7
Name: pathway_id, dtype: int64"
CNP0237115.10,"Series([], Name: pathway_id, dtype: int64)"
CNP0314350.1,"6    7
Name: pathway_id, dtype: int64"
CNP0262913.2,"6    7
Name: pathway_id, dtype: int64"
CNP0184030.2,"Series([], Name: pathway_id, dtype: int64)"
CNP0075252.1,"6    7
Name: pathway_id, dtype: int64"
CNP0350421.2,"Series([], Name: pathway_id, dtype: int64)"
CNP0140333.2,"Series([], Name: pathway_id, dtype: int64)"
CNP0074989.1,"6    7
Name: pathway_id, dtype: int64"
CNP0123463.3,"Series([], Name: pathway_id, dtype: int64)"
CNP0360479.1,"6    7
Name: pathway_id, dtype: int64"
CNP0075113.1,"Series([], Name: pathway_id, dtype: int64)"
CNP0075460.1,"6    7
Name: pathway_id, dtype: int64"
CNP0227531.1,"6    7
Name: pathway_id, dtype: int64"
CNP0218166.1,"Series([], Name: pathway_id, dtype: int64)"
CNP0389131.15,"6    7
Name: pathway_id, dtype: int64"
CNP0380608.2,"6    7
Name: pathway_id, dtype: int64"
CNP0277116.2,"6    7
Name: pathway_id, dtype: int64"
CNP0130812.1,"6    7
Name: pathway_id, dtype: int64"
CNP0490784.1,"4    5
Name: pathway_id, dtype: int64"
CNP0181142.1,"6    7
Name: pathway_id, dtype: int64"
CNP0233479.2,"Series([], Name: pathway_id, dtype: int64)"
CNP0178078.2,"6    7
Name: pathway_id, dtype: int64"
CNP0304940.1,"Series([], Name: pathway_id, dtype: int64)"
CNP0322104.0,"Series([], Name: pathway_id, dtype: int64)"
CNP0108353.0,"Series([], Name: pathway_id, dtype: int64)"
CNP0128955.3,"6    7
Name: pathway_id, dtype: int64"
CNP0185903.9,"Series([], Name: pathway_id, dtype: int64)"
CNP0243857.2,"6    7
Name: pathway_id, dtype: int64"
CNP0331148.0,"Series([], Name: pathway_id, dtype: int64)"
CNP0377870.2,"6    7
Name: pathway_id, dtype: int64"
CNP0279740.2,"6    7
Name: pathway_id, dtype: int64"
CNP0300583.2,"6    7
Name: pathway_id, dtype: int64"
CNP0130708.0,"Series([], Name: pathway_id, dtype: int64)"
CNP0142865.0,"Series([], Name: pathway_id, dtype: int64)"
CNP0379116.1,"0    1
Name: pathway_id, dtype: int64"
CNP0394762.0,"Series([], Name: pathway_id, dtype: int64)"
CNP0266856.1,"Series([], Name: pathway_id, dtype: int64)"
CNP0266856.1,"6    7
Name: pathway_id, dtype: int64"
CNP0284830.2,"6    7
Name: pathway_id, dtype: int64"
CNP0130150.1,"6    7
Name: pathway_id, dtype: int64"
CNP0325056.1,"0    1
Name: pathway_id, dtype: int64"
CNP0305796.1,"6    7
Name: pathway_id, dtype: int64"
CNP0296656.2,"6    7
Name: pathway_id, dtype: int64"
CNP0293823.1,"Series([], Name: pathway_id, dtype: int64)"
CNP0149043.2,"Series([], Name: pathway_id, dtype: int64)"
CNP0149300.4,"6    7
Name: pathway_id, dtype: int64"
CNP0153196.1,"6    7
Name: pathway_id, dtype: int64"
CNP0283911.2,"6    7
Name: pathway_id, dtype: int64"
CNP0274277.1,"Series([], Name: pathway_id, dtype: int64)"
CNP0103200.1,"6    7
Name: pathway_id, dtype: int64"
CNP0124959.1,"0    1
Name: pathway_id, dtype: int64"
CNP0402000.6,"6    7
Name: pathway_id, dtype: int64"
CNP0165558.3,"6    7
Name: pathway_id, dtype: int64"
CNP0395118.1,"6    7
Name: pathway_id, dtype: int64"
CNP0074959.2,"6    7
Name: pathway_id, dtype: int64"
CNP0244446.0,"4    5
Name: pathway_id, dtype: int64"
CNP0075423.1,"3    4
Name: pathway_id, dtype: int64"
CNP0138648.1,"6    7
Name: pathway_id, dtype: int64"
CNP0294056.3,"0    1
Name: pathway_id, dtype: int64"
CNP0191431.3,"6    7
Name: pathway_id, dtype: int64"
CNP0560886.1,"6    7
Name: pathway_id, dtype: int64"
CNP0206348.2,"6    7
Name: pathway_id, dtype: int64"
CNP0296168.2,"6    7
Name: pathway_id, dtype: int64"
CNP0137437.2,"6    7
Name: pathway_id, dtype: int64"
CNP0215883.5,"Series([], Name: pathway_id, dtype: int64)"
CNP0134714.2,"3    4
Name: pathway_id, dtype: int64"
CNP0184815.1,"6    7
Name: pathway_id, dtype: int64"
CNP0075084.1,"4    5
Name: pathway_id, dtype: int64"
CNP0081276.2,"6    7
Name: pathway_id, dtype: int64"
CNP0222119.5,"6    7
Name: pathway_id, dtype: int64"
CNP0075120.2,"0    1
Name: pathway_id, dtype: int64"
CNP0244079.3,"6    7
Name: pathway_id, dtype: int64"
CNP0075206.4,"4    5
Name: pathway_id, dtype: int64"
CNP0284245.0,"Series([], Name: pathway_id, dtype: int64)"
CNP0300860.0,"3    4
Name: pathway_id, dtype: int64"
CNP0156805.0,"4    5
Name: pathway_id, dtype: int64"
CNP0127198.0,"Series([], Name: pathway_id, dtype: int64)"
CNP0260566.2,"Series([], Name: pathway_id, dtype: int64)"
CNP0272169.1,"0    1
Name: pathway_id, dtype: int64"
CNP0133098.1,"6    7
Name: pathway_id, dtype: int64"
CNP0181402.2,"6    7
Name: pathway_id, dtype: int64"
CNP0108084.1,"0    1
Name: pathway_id, dtype: int64"
CNP0315685.2,"Series([], Name: pathway_id, dtype: int64)"
CNP0075407.1,"6    7
Name: pathway_id, dtype: int64"
CNP0296914.0,"Series([], Name: pathway_id, dtype: int64)"
CNP0293352.5,"Series([], Name: pathway_id, dtype: int64)"
CNP0253205.0,"Series([], Name: pathway_id, dtype: int64)"
CNP0256199.1,"6    7
Name: pathway_id, dtype: int64"
CNP0171099.1,"Series([], Name: pathway_id, dtype: int64)"
CNP0141319.4,"6    7
Name: pathway_id, dtype: int64"
CNP0338508.0,"3    4
Name: pathway_id, dtype: int64"
CNP0215987.1,"Series([], Name: pathway_id, dtype: int64)"
CNP0190346.0,"0    1
Name: pathway_id, dtype: int64"
CNP0376021.1,"6    7
Name: pathway_id, dtype: int64"
CNP0157701.1,"6    7
Name: pathway_id, dtype: int64"
CNP0328724.1,"6    7
Name: pathway_id, dtype: int64"
CNP0152173.1,"6    7
Name: pathway_id, dtype: int64"
CNP0212253.1,"4    5
Name: pathway_id, dtype: int64"
CNP0147159.1,"3    4
Name: pathway_id, dtype: int64"
CNP0183628.1,"6    7
Name: pathway_id, dtype: int64"
CNP0262189.2,"6    7
Name: pathway_id, dtype: int64"
CNP0111202.1,"6    7
Name: pathway_id, dtype: int64"
CNP0177233.1,"6    7
Name: pathway_id, dtype: int64"
CNP0240460.1,"6    7
Name: pathway_id, dtype: int64"
CNP0166799.1,"6    7
Name: pathway_id, dtype: int64"
CNP0233625.1,"0    1
Name: pathway_id, dtype: int64"
CNP0499160.1,"6    7
Name: pathway_id, dtype: int64"
CNP0398009.1,"0    1
Name: pathway_id, dtype: int64"
CNP0381465.5,"6    7
Name: pathway_id, dtype: int64"
CNP0184577.4,"6    7
Name: pathway_id, dtype: int64"
CNP0231295.7,"0    1
Name: pathway_id, dtype: int64"
CNP0238227.2,"6    7
Name: pathway_id, dtype: int64"
CNP0576002.0,"4    5
Name: pathway_id, dtype: int64"
CNP0556441.2,"0    1
Name: pathway_id, dtype: int64"
CNP0075037.0,"Series([], Name: pathway_id, dtype: int64)"
CNP0181824.0,"4    5
Name: pathway_id, dtype: int64"
CNP0327606.1,"6    7
Name: pathway_id, dtype: int64"
CNP0342707.0,"Series([], Name: pathway_id, dtype: int64)"
CNP0226476.1,"6    7
Name: pathway_id, dtype: int64"
CNP0244121.5,"6    7
Name: pathway_id, dtype: int64"
CNP0225360.1,"6    7
Name: pathway_id, dtype: int64"
CNP0539752.1,"6    7
Name: pathway_id, dtype: int64"
CNP0076463.2,"4    5
Name: pathway_id, dtype: int64"
CNP0209858.8,"6    7
Name: pathway_id, dtype: int64"
CNP0075205.1,"4    5
Name: pathway_id, dtype: int64"
CNP0185474.3,"Series([], Name: pathway_id, dtype: int64)"
CNP0144769.1,"6    7
Name: pathway_id, dtype: int64"
CNP0220185.1,"0    1
Name: pathway_id, dtype: int64"
CNP0222942.4,"6    7
Name: pathway_id, dtype: int64"
CNP0120500.1,"6    7
Name: pathway_id, dtype: int64"
CNP0314174.0,"4    5
Name: pathway_id, dtype: int64"
CNP0131745.2,"6    7
Name: pathway_id, dtype: int64"
CNP0080502.3,"6    7
Name: pathway_id, dtype: int64"
CNP0271256.0,"0    1
Name: pathway_id, dtype: int64"
CNP0330707.2,"6    7
Name: pathway_id, dtype: int64"
CNP0107677.2,"6    7
Name: pathway_id, dtype: int64"
CNP0399067.1,"6    7
Name: pathway_id, dtype: int64"
CNP0075429.1,"6    7
Name: pathway_id, dtype: int64"
CNP0361547.1,"6    7
Name: pathway_id, dtype: int64"
CNP0174155.1,"Series([], Name: pathway_id, dtype: int64)"
CNP0263112.1,"6    7
Name: pathway_id, dtype: int64"
CNP0160096.2,"6    7
Name: pathway_id, dtype: int64"
CNP0261282.2,"6    7
Name: pathway_id, dtype: int64"
CNP0400662.1,"Series([], Name: pathway_id, dtype: int64)"
CNP0294832.2,"Series([], Name: pathway_id, dtype: int64)"
CNP0396081.0,"3    4
Name: pathway_id, dtype: int64"
CNP0075002.1,"6    7
Name: pathway_id, dtype: int64"
CNP0075396.1,"6    7
Name: pathway_id, dtype: int64"
CNP0205063.5,"Series([], Name: pathway_id, dtype: int64)"
CNP0366510.1,"Series([], Name: pathway_id, dtype: int64)"
CNP0199996.0,"Series([], Name: pathway_id, dtype: int64)"
CNP0134051.2,"6    7
Name: pathway_id, dtype: int64"
CNP0209864.0,"Series([], Name: pathway_id, dtype: int64)"
CNP0355992.0,"3    4
Name: pathway_id, dtype: int64"
CNP0328096.0,"Series([], Name: pathway_id, dtype: int64)"
CNP0170325.0,"Series([], Name: pathway_id, dtype: int64)"
CNP0192007.2,"Series([], Name: pathway_id, dtype: int64)"
CNP0106812.4,"Series([], Name: pathway_id, dtype: int64)"
CNP0075104.1,"Series([], Name: pathway_id, dtype: int64)"
CNP0127006.0,"4    5
Name: pathway_id, dtype: int64"
CNP0405459.2,"6    7
Name: pathway_id, dtype: int64"
CNP0083934.0,"4    5
Name: pathway_id, dtype: int64"
CNP0292358.3,"6    7
Name: pathway_id, dtype: int64"
CNP0284287.1,"Series([], Name: pathway_id, dtype: int64)"
CNP0266942.1,"6    7
Name: pathway_id, dtype: int64"
CNP0295643.1,"Series([], Name: pathway_id, dtype: int64)"
CNP0222584.6,"Series([], Name: pathway_id, dtype: int64)"
CNP0075203.1,"3    4
Name: pathway_id, dtype: int64"
CNP0086182.2,"Series([], Name: pathway_id, dtype: int64)"
CNP0260216.4,"Series([], Name: pathway_id, dtype: int64)"
CNP0234626.4,"Series([], Name: pathway_id, dtype: int64)"
CNP0096729.1,"6    7
Name: pathway_id, dtype: int64"
CNP0192269.2,"Series([], Name: pathway_id, dtype: int64)"
CNP0152200.4,"0    1
Name: pathway_id, dtype: int64"
CNP0321376.0,"0    1
Name: pathway_id, dtype: int64"
CNP0538766.1,"Series([], Name: pathway_id, dtype: int64)"
CNP0075069.1,"Series([], Name: pathway_id, dtype: int64)"
CNP0196318.1,"3    4
Name: pathway_id, dtype: int64"
CNP0148557.20,"Series([], Name: pathway_id, dtype: int64)"
CNP0139692.2,"3    4
Name: pathway_id, dtype: int64"
CNP0409760.1,"Series([], Name: pathway_id, dtype: int64)"
CNP0285762.1,"6    7
Name: pathway_id, dtype: int64"
CNP0137473.0,"Series([], Name: pathway_id, dtype: int64)"
CNP0144818.0,"3    4
Name: pathway_id, dtype: int64"
CNP0228777.0,"Series([], Name: pathway_id, dtype: int64)"
CNP0179236.0,"4    5
Name: pathway_id, dtype: int64"
CNP0298775.1,"6    7
Name: pathway_id, dtype: int64"
CNP0075310.1,"6    7
Name: pathway_id, dtype: int64"
CNP0179686.3,"6    7
Name: pathway_id, dtype: int64"
CNP0347005.1,"6    7
Name: pathway_id, dtype: int64"
CNP0281969.1,"6    7
Name: pathway_id, dtype: int64"
CNP0144229.2,"6    7
Name: pathway_id, dtype: int64"
CNP0003450.0,"3    4
Name: pathway_id, dtype: int64"
CNP0202300.4,"Series([], Name: pathway_id, dtype: int64)"
CNP0308403.2,"6    7
Name: pathway_id, dtype: int64"
CNP0125941.1,"6    7
Name: pathway_id, dtype: int64"
CNP0194928.1,"6    7
Name: pathway_id, dtype: int64"
CNP0182946.3,"6    7
Name: pathway_id, dtype: int64"
CNP0114295.1,"0    1
Name: pathway_id, dtype: int64"
CNP0210262.2,"6    7
Name: pathway_id, dtype: int64"
CNP0562563.1,"6    7
Name: pathway_id, dtype: int64"
CNP0419576.1,"0    1
Name: pathway_id, dtype: int64"
CNP0291732.3,"0    1
Name: pathway_id, dtype: int64"
CNP0148787.1,"6    7
Name: pathway_id, dtype: int64"
CNP0257771.1,"Series([], Name: pathway_id, dtype: int64)"
CNP0396992.2,"3    4
Name: pathway_id, dtype: int64"
CNP0224506.7,"6    7
Name: pathway_id, dtype: int64"
CNP0193466.6,"0    1
Name: pathway_id, dtype: int64"
CNP0229665.3,"6    7
Name: pathway_id, dtype: int64"
CNP0341969.0,"Series([], Name: pathway_id, dtype: int64)"
CNP0103060.1,"6    7
Name: pathway_id, dtype: int64"
CNP0538819.1,"6    7
Name: pathway_id, dtype: int64"
CNP0281011.2,"0    1
Name: pathway_id, dtype: int64"
CNP0142251.0,"Series([], Name: pathway_id, dtype: int64)"
CNP0363563.1,"2    3
Name: pathway_id, dtype: int64"
CNP0120761.1,"Series([], Name: pathway_id, dtype: int64)"
CNP0347087.0,"4    5
Name: pathway_id, dtype: int64"
CNP0145608.2,"Series([], Name: pathway_id, dtype: int64)"
CNP0286439.1,"Series([], Name: pathway_id, dtype: int64)"
CNP0159173.0,"4    5
Name: pathway_id, dtype: int64"
CNP0075189.1,"6    7
Name: pathway_id, dtype: int64"
CNP0210398.4,"6    7
Name: pathway_id, dtype: int64"
CNP0286877.1,"6    7
Name: pathway_id, dtype: int64"
CNP0220906.1,"6    7
Name: pathway_id, dtype: int64"
CNP0338396.5,"6    7
Name: pathway_id, dtype: int64"
CNP0387891.1,"6    7
Name: pathway_id, dtype: int64"
CNP0176393.1,"6    7
Name: pathway_id, dtype: int64"
CNP0159019.2,"6    7
Name: pathway_id, dtype: int64"
CNP0128686.0,"3    4
Name: pathway_id, dtype: int64"
CNP0294809.3,"6    7
Name: pathway_id, dtype: int64"
CNP0336435.1,"Series([], Name: pathway_id, dtype: int64)"
CNP0234626.2,"Series([], Name: pathway_id, dtype: int64)"
CNP0209290.3,"Series([], Name: pathway_id, dtype: int64)"
CNP0264022.1,"Series([], Name: pathway_id, dtype: int64)"
CNP0240877.1,"6    7
Name: pathway_id, dtype: int64"
CNP0075491.1,"6    7
Name: pathway_id, dtype: int64"
CNP0154990.4,"Series([], Name: pathway_id, dtype: int64)"
CNP0408386.1,"6    7
Name: pathway_id, dtype: int64"
CNP0282684.2,"6    7
Name: pathway_id, dtype: int64"
CNP0124358.1,"6    7
Name: pathway_id, dtype: int64"
CNP0272943.1,"6    7
Name: pathway_id, dtype: int64"
CNP0115158.2,"6    7
Name: pathway_id, dtype: int64"
CNP0187968.1,"Series([], Name: pathway_id, dtype: int64)"
CNP0075242.1,"6    7
Name: pathway_id, dtype: int64"
CNP0357211.1,"6    7
Name: pathway_id, dtype: int64"
CNP0392746.1,"6    7
Name: pathway_id, dtype: int64"
CNP0075000.1,"6    7
Name: pathway_id, dtype: int64"
CNP0075281.1,"6    7
Name: pathway_id, dtype: int64"
CNP0226764.3,"6    7
Name: pathway_id, dtype: int64"
CNP0161763.2,"6    7
Name: pathway_id, dtype: int64"
CNP0122327.2,"6    7
Name: pathway_id, dtype: int64"
CNP0306385.0,"4    5
Name: pathway_id, dtype: int64"
CNP0320644.0,"Series([], Name: pathway_id, dtype: int64)"
CNP0144475.2,"Series([], Name: pathway_id, dtype: int64)"
CNP0281291.2,"Series([], Name: pathway_id, dtype: int64)"
CNP0176354.1,"6    7
Name: pathway_id, dtype: int64"
CNP0179824.2,"Series([], Name: pathway_id, dtype: int64)"
CNP0241824.2,"6    7
Name: pathway_id, dtype: int64"
CNP0320181.0,"4    5
Name: pathway_id, dtype: int64"
CNP0402035.1,"Series([], Name: pathway_id, dtype: int64)"
CNP0394487.0,"6    7
Name: pathway_id, dtype: int64"
CNP0190154.1,"6    7
Name: pathway_id, dtype: int64"
CNP0234522.0,"Series([], Name: pathway_id, dtype: int64)"
CNP0333618.1,"Series([], Name: pathway_id, dtype: int64)"
CNP0282231.1,"6    7
Name: pathway_id, dtype: int64"
CNP0040660.1,"6    7
Name: pathway_id, dtype: int64"
CNP0175405.2,"6    7
Name: pathway_id, dtype: int64"
CNP0188863.1,"0    1
Name: pathway_id, dtype: int64"
CNP0075485.1,"6    7
Name: pathway_id, dtype: int64"
CNP0233199.1,"6    7
Name: pathway_id, dtype: int64"
CNP0389080.1,"6    7
Name: pathway_id, dtype: int64"
CNP0287210.1,"Series([], Name: pathway_id, dtype: int64)"
CNP0175987.1,"6    7
Name: pathway_id, dtype: int64"
CNP0264898.1,"Series([], Name: pathway_id, dtype: int64)"
CNP0105231.1,"3    4
Name: pathway_id, dtype: int64"
CNP0215295.3,"6    7
Name: pathway_id, dtype: int64"
CNP0178837.1,"Series([], Name: pathway_id, dtype: int64)"
CNP0559377.1,"Series([], Name: pathway_id, dtype: int64)"
CNP0196548.1,"6    7
Name: pathway_id, dtype: int64"
CNP0209593.1,"4    5
Name: pathway_id, dtype: int64"
CNP0155008.2,"4    5
Name: pathway_id, dtype: int64"
CNP0155008.2,"6    7
Name: pathway_id, dtype: int64"
CNP0206992.1,"6    7
Name: pathway_id, dtype: int64"
CNP0272535.2,"6    7
Name: pathway_id, dtype: int64"
CNP0220187.1,"6    7
Name: pathway_id, dtype: int64"
CNP0313475.0,"4    5
Name: pathway_id, dtype: int64"
CNP0075338.2,"Series([], Name: pathway_id, dtype: int64)"
CNP0367698.3,"Series([], Name: pathway_id, dtype: int64)"
CNP0237958.1,"6    7
Name: pathway_id, dtype: int64"
CNP0537737.1,"6    7
Name: pathway_id, dtype: int64"
CNP0075285.1,"Series([], Name: pathway_id, dtype: int64)"
CNP0567199.1,"6    7
Name: pathway_id, dtype: int64"
CNP0363675.4,"Series([], Name: pathway_id, dtype: int64)"
CNP0281436.2,"6    7
Name: pathway_id, dtype: int64"
CNP0134051.1,"6    7
Name: pathway_id, dtype: int64"
CNP0543105.1,"6    7
Name: pathway_id, dtype: int64"
CNP0420166.0,"Series([], Name: pathway_id, dtype: int64)"
CNP0238627.1,"Series([], Name: pathway_id, dtype: int64)"
CNP0363562.1,"0    1
Name: pathway_id, dtype: int64"
CNP0206521.1,"6    7
Name: pathway_id, dtype: int64"
CNP0300392.1,"6    7
Name: pathway_id, dtype: int64"
CNP0365807.2,"Series([], Name: pathway_id, dtype: int64)"
CNP0262025.1,"Series([], Name: pathway_id, dtype: int64)"
CNP0163718.0,"Series([], Name: pathway_id, dtype: int64)"
CNP0227524.2,"6    7
Name: pathway_id, dtype: int64"
CNP0192451.2,"6    7
Name: pathway_id, dtype: int64"
CNP0184487.2,"3    4
Name: pathway_id, dtype: int64"
CNP0141319.5,"6    7
Name: pathway_id, dtype: int64"
CNP0311823.0,"0    1
Name: pathway_id, dtype: int64"
CNP0151040.2,"0    1
Name: pathway_id, dtype: int64"
CNP0170044.1,"6    7
Name: pathway_id, dtype: int64"
CNP0114055.2,"Series([], Name: pathway_id, dtype: int64)"
CNP0320079.1,"0    1
Name: pathway_id, dtype: int64"
CNP0077117.1,"6    7
Name: pathway_id, dtype: int64"
CNP0348272.1,"Series([], Name: pathway_id, dtype: int64)"
CNP0270394.4,"0    1
Name: pathway_id, dtype: int64"
CNP0125835.1,"6    7
Name: pathway_id, dtype: int64"
CNP0171025.1,"0    1
Name: pathway_id, dtype: int64"
CNP0272347.1,"Series([], Name: pathway_id, dtype: int64)"
CNP0278853.0,"4    5
Name: pathway_id, dtype: int64"
CNP0003402.0,"Series([], Name: pathway_id, dtype: int64)"
CNP0222343.1,"6    7
Name: pathway_id, dtype: int64"
CNP0380844.2,"4    5
Name: pathway_id, dtype: int64"
CNP0075316.1,"Series([], Name: pathway_id, dtype: int64)"
CNP0269715.17,"6    7
Name: pathway_id, dtype: int64"
CNP0201854.2,"6    7
Name: pathway_id, dtype: int64"
CNP0308978.4,"4    5
Name: pathway_id, dtype: int64"
CNP0172271.4,"4    5
Name: pathway_id, dtype: int64"
CNP0284102.7,"6    7
Name: pathway_id, dtype: int64"
CNP0193295.2,"6    7
Name: pathway_id, dtype: int64"
CNP0265376.4,"0    1
Name: pathway_id, dtype: int64"
CNP0172920.1,"0    1
Name: pathway_id, dtype: int64"
CNP0605802.1,"6    7
Name: pathway_id, dtype: int64"
CNP0129450.1,"Series([], Name: pathway_id, dtype: int64)"
CNP0260821.1,"Series([], Name: pathway_id, dtype: int64)"
CNP0244076.2,"6    7
Name: pathway_id, dtype: int64"
CNP0229778.8,"6    7
Name: pathway_id, dtype: int64"
CNP0326347.1,"Series([], Name: pathway_id, dtype: int64)"
CNP0247355.3,"6    7
Name: pathway_id, dtype: int64"
CNP0194234.3,"6    7
Name: pathway_id, dtype: int64"
CNP0106812.5,"Series([], Name: pathway_id, dtype: int64)"
CNP0176006.1,"6    7
Name: pathway_id, dtype: int64"
CNP0174866.0,"Series([], Name: pathway_id, dtype: int64)"
CNP0241200.2,"6    7
Name: pathway_id, dtype: int64"
CNP0255014.1,"6    7
Name: pathway_id, dtype: int64"
CNP0192878.0,"Series([], Name: pathway_id, dtype: int64)"
CNP0199950.1,"Series([], Name: pathway_id, dtype: int64)"
CNP0075125.1,"0    1
Name: pathway_id, dtype: int64"
CNP0570434.0,"3    4
Name: pathway_id, dtype: int64"
CNP0146172.3,"6    7
Name: pathway_id, dtype: int64"
CNP0479880.1,"6    7
Name: pathway_id, dtype: int64"
CNP0332908.1,"0    1
Name: pathway_id, dtype: int64"
CNP0381650.1,"6    7
Name: pathway_id, dtype: int64"
CNP0212324.8,"6    7
Name: pathway_id, dtype: int64"
CNP0075496.1,"6    7
Name: pathway_id, dtype: int64"
CNP0279172.1,"6    7
Name: pathway_id, dtype: int64"
CNP0297417.5,"Series([], Name: pathway_id, dtype: int64)"
CNP0208683.1,"6    7
Name: pathway_id, dtype: int64"
CNP0566394.0,"4    5
Name: pathway_id, dtype: int64"
CNP0185018.4,"6    7
Name: pathway_id, dtype: int64"
CNP0284102.8,"6    7
Name: pathway_id, dtype: int64"
CNP0103982.0,"Series([], Name: pathway_id, dtype: int64)"
CNP0241588.8,"6    7
Name: pathway_id, dtype: int64"
CNP0232342.1,"0    1
Name: pathway_id, dtype: int64"
CNP0151519.2,"6    7
Name: pathway_id, dtype: int64"
CNP0250389.4,"Series([], Name: pathway_id, dtype: int64)"
CNP0104923.2,"Series([], Name: pathway_id, dtype: int64)"
CNP0268736.15,"Series([], Name: pathway_id, dtype: int64)"
CNP0282141.1,"4    5
Name: pathway_id, dtype: int64"
CNP0177581.3,"6    7
Name: pathway_id, dtype: int64"
CNP0075527.1,"0    1
Name: pathway_id, dtype: int64"
CNP0282671.2,"Series([], Name: pathway_id, dtype: int64)"
CNP0105664.1,"6    7
Name: pathway_id, dtype: int64"
CNP0257151.1,"6    7
Name: pathway_id, dtype: int64"
CNP0074929.1,"6    7
Name: pathway_id, dtype: int64"
CNP0145608.1,"Series([], Name: pathway_id, dtype: int64)"
CNP0366297.1,"0    1
Name: pathway_id, dtype: int64"
CNP0404347.1,"6    7
Name: pathway_id, dtype: int64"
CNP0315621.1,"Series([], Name: pathway_id, dtype: int64)"
CNP0229817.2,"Series([], Name: pathway_id, dtype: int64)"
CNP0222650.2,"6    7
Name: pathway_id, dtype: int64"
CNP0217883.1,"6    7
Name: pathway_id, dtype: int64"
CNP0191217.0,"Series([], Name: pathway_id, dtype: int64)"
CNP0123833.1,"4    5
Name: pathway_id, dtype: int64"
CNP0155407.2,"0    1
Name: pathway_id, dtype: int64"
CNP0545006.1,"6    7
Name: pathway_id, dtype: int64"
CNP0241129.1,"6    7
Name: pathway_id, dtype: int64"
CNP0552729.1,"4    5
Name: pathway_id, dtype: int64"
CNP0386988.0,"Series([], Name: pathway_id, dtype: int64)"
CNP0115082.0,"0    1
Name: pathway_id, dtype: int64"
CNP0243448.1,"6    7
Name: pathway_id, dtype: int64"
CNP0236620.7,"6    7
Name: pathway_id, dtype: int64"
CNP0231490.1,"Series([], Name: pathway_id, dtype: int64)"
CNP0075313.1,"Series([], Name: pathway_id, dtype: int64)"
CNP0352867.1,"Series([], Name: pathway_id, dtype: int64)"
CNP0319563.0,"Series([], Name: pathway_id, dtype: int64)"
CNP0253517.1,"3    4
Name: pathway_id, dtype: int64"
CNP0346196.3,"6    7
Name: pathway_id, dtype: int64"
CNP0380806.1,"Series([], Name: pathway_id, dtype: int64)"
CNP0174002.2,"6    7
Name: pathway_id, dtype: int64"
CNP0225376.2,"Series([], Name: pathway_id, dtype: int64)"
CNP0220531.1,"6    7
Name: pathway_id, dtype: int64"
CNP0423171.2,"6    7
Name: pathway_id, dtype: int64"
CNP0139016.5,"6    7
Name: pathway_id, dtype: int64"
CNP0110210.1,"Series([], Name: pathway_id, dtype: int64)"
CNP0075347.1,"6    7
Name: pathway_id, dtype: int64"
CNP0491915.1,"Series([], Name: pathway_id, dtype: int64)"
CNP0325715.1,"6    7
Name: pathway_id, dtype: int64"
CNP0331942.0,"3    4
Name: pathway_id, dtype: int64"
CNP0401042.1,"6    7
Name: pathway_id, dtype: int64"
CNP0117368.2,"Series([], Name: pathway_id, dtype: int64)"
CNP0114072.1,"6    7
Name: pathway_id, dtype: int64"
CNP0300156.1,"Series([], Name: pathway_id, dtype: int64)"
CNP0227830.2,"6    7
Name: pathway_id, dtype: int64"
CNP0257636.1,"Series([], Name: pathway_id, dtype: int64)"
CNP0164257.1,"6    7
Name: pathway_id, dtype: int64"
CNP0137279.0,"Series([], Name: pathway_id, dtype: int64)"
CNP0293653.1,"6    7
Name: pathway_id, dtype: int64"
CNP0494834.1,"6    7
Name: pathway_id, dtype: int64"
CNP0522608.1,"Series([], Name: pathway_id, dtype: int64)"
CNP0503130.1,"6    7
Name: pathway_id, dtype: int64"
CNP0241916.2,"6    7
Name: pathway_id, dtype: int64"
CNP0186815.0,"6    7
Name: pathway_id, dtype: int64"
CNP0389584.0,"0    1
Name: pathway_id, dtype: int64"
CNP0201195.1,"6    7
Name: pathway_id, dtype: int64"
CNP0109417.3,"Series([], Name: pathway_id, dtype: int64)"
CNP0140314.2,"6    7
Name: pathway_id, dtype: int64"
CNP0324497.0,"Series([], Name: pathway_id, dtype: int64)"
CNP0283460.0,"4    5
Name: pathway_id, dtype: int64"
CNP0207592.1,"0    1
Name: pathway_id, dtype: int64"
CNP0196443.1,"6    7
Name: pathway_id, dtype: int64"
CNP0075297.1,"6    7
Name: pathway_id, dtype: int64"
CNP0598649.0,"4    5
Name: pathway_id, dtype: int64"
CNP0166906.1,"6    7
Name: pathway_id, dtype: int64"
CNP0253936.2,"6    7
Name: pathway_id, dtype: int64"
CNP0275101.1,"Series([], Name: pathway_id, dtype: int64)"
CNP0294496.2,"6    7
Name: pathway_id, dtype: int64"
CNP0337829.1,"Series([], Name: pathway_id, dtype: int64)"
CNP0182740.1,"6    7
Name: pathway_id, dtype: int64"
CNP0274448.0,"6    7
Name: pathway_id, dtype: int64"
CNP0268019.11,"Series([], Name: pathway_id, dtype: int64)"
CNP0200615.2,"6    7
Name: pathway_id, dtype: int64"
CNP0267294.1,"6    7
Name: pathway_id, dtype: int64"
CNP0194582.1,"3    4
Name: pathway_id, dtype: int64"
CNP0160123.1,"6    7
Name: pathway_id, dtype: int64"
CNP0242426.1,"6    7
Name: pathway_id, dtype: int64"
CNP0249641.1,"Series([], Name: pathway_id, dtype: int64)"
CNP0209455.0,"Series([], Name: pathway_id, dtype: int64)"
CNP0322936.0,"Series([], Name: pathway_id, dtype: int64)"
CNP0155730.0,"0    1
Name: pathway_id, dtype: int64"
CNP0209297.1,"6    7
Name: pathway_id, dtype: int64"
CNP0528459.4,"Series([], Name: pathway_id, dtype: int64)"
CNP0106966.1,"Series([], Name: pathway_id, dtype: int64)"
CNP0570108.1,"6    7
Name: pathway_id, dtype: int64"
CNP0277274.1,"Series([], Name: pathway_id, dtype: int64)"
CNP0222584.2,"Series([], Name: pathway_id, dtype: int64)"
CNP0325865.1,"6    7
Name: pathway_id, dtype: int64"
CNP0108995.1,"6    7
Name: pathway_id, dtype: int64"
CNP0327540.1,"6    7
Name: pathway_id, dtype: int64"
CNP0304219.1,"Series([], Name: pathway_id, dtype: int64)"
CNP0202808.4,"6    7
Name: pathway_id, dtype: int64"
CNP0273404.5,"6    7
Name: pathway_id, dtype: int64"
CNP0195565.2,"6    7
Name: pathway_id, dtype: int64"
CNP0299970.1,"6    7
Name: pathway_id, dtype: int64"
CNP0110327.4,"Series([], Name: pathway_id, dtype: int64)"
CNP0103082.1,"Series([], Name: pathway_id, dtype: int64)"
CNP0200539.1,"Series([], Name: pathway_id, dtype: int64)"
CNP0198091.3,"6    7
Name: pathway_id, dtype: int64"
CNP0281622.0,"Series([], Name: pathway_id, dtype: int64)"
CNP0124087.1,"Series([], Name: pathway_id, dtype: int64)"
CNP0195275.3,"6    7
Name: pathway_id, dtype: int64"
CNP0247873.1,"4    5
Name: pathway_id, dtype: int64"
CNP0218174.1,"6    7
Name: pathway_id, dtype: int64"
CNP0075371.1,"6    7
Name: pathway_id, dtype: int64"
CNP0214689.3,"6    7
Name: pathway_id, dtype: int64"
CNP0117763.1,"3    4
Name: pathway_id, dtype: int64"
CNP0225644.14,"Series([], Name: pathway_id, dtype: int64)"
CNP0220934.2,"Series([], Name: pathway_id, dtype: int64)"
CNP0152473.1,"6    7
Name: pathway_id, dtype: int64"
CNP0171339.1,"0    1
Name: pathway_id, dtype: int64"
CNP0110610.1,"6    7
Name: pathway_id, dtype: int64"
CNP0155510.1,"6    7
Name: pathway_id, dtype: int64"
CNP0382881.4,"6    7
Name: pathway_id, dtype: int64"
CNP0169905.2,"6    7
Name: pathway_id, dtype: int64"
CNP0302544.2,"6    7
Name: pathway_id, dtype: int64"
CNP0276738.2,"6    7
Name: pathway_id, dtype: int64"
CNP0270864.0,"0    1
Name: pathway_id, dtype: int64"
CNP0163054.1,"6    7
Name: pathway_id, dtype: int64"
CNP0323036.2,"Series([], Name: pathway_id, dtype: int64)"
CNP0352168.1,"Series([], Name: pathway_id, dtype: int64)"
CNP0574123.0,"Series([], Name: pathway_id, dtype: int64)"
CNP0483988.0,"Series([], Name: pathway_id, dtype: int64)"
CNP0178418.9,"6    7
Name: pathway_id, dtype: int64"
CNP0386358.0,"Series([], Name: pathway_id, dtype: int64)"
CNP0159557.1,"6    7
Name: pathway_id, dtype: int64"
CNP0528118.1,"Series([], Name: pathway_id, dtype: int64)"
CNP0534268.1,"Series([], Name: pathway_id, dtype: int64)"
CNP0222998.1,"6    7
Name: pathway_id, dtype: int64"
CNP0314621.5,"6    7
Name: pathway_id, dtype: int64"
CNP0256904.5,"6    7
Name: pathway_id, dtype: int64"
CNP0130321.0,"Series([], Name: pathway_id, dtype: int64)"
CNP0315306.6,"6    7
Name: pathway_id, dtype: int64"
CNP0420602.0,"Series([], Name: pathway_id, dtype: int64)"
CNP0219028.1,"6    7
Name: pathway_id, dtype: int64"
CNP0223278.2,"6    7
Name: pathway_id, dtype: int64"
CNP0226872.3,"6    7
Name: pathway_id, dtype: int64"
CNP0328165.0,"3    4
Name: pathway_id, dtype: int64"
CNP0595579.1,"6    7
Name: pathway_id, dtype: int64"
CNP0166055.1,"6    7
Name: pathway_id, dtype: int64"
CNP0230367.11,"Series([], Name: pathway_id, dtype: int64)"
CNP0213681.3,"Series([], Name: pathway_id, dtype: int64)"
CNP0383248.2,"6    7
Name: pathway_id, dtype: int64"
CNP0075309.1,"6    7
Name: pathway_id, dtype: int64"
CNP0164573.3,"Series([], Name: pathway_id, dtype: int64)"
CNP0248491.10,"6    7
Name: pathway_id, dtype: int64"
CNP0244834.1,"Series([], Name: pathway_id, dtype: int64)"
CNP0286902.1,"6    7
Name: pathway_id, dtype: int64"
CNP0083428.1,"6    7
Name: pathway_id, dtype: int64"
CNP0295182.2,"6    7
Name: pathway_id, dtype: int64"
CNP0206622.1,"6    7
Name: pathway_id, dtype: int64"
CNP0296237.2,"0    1
Name: pathway_id, dtype: int64"
CNP0110109.1,"Series([], Name: pathway_id, dtype: int64)"
CNP0244074.3,"6    7
Name: pathway_id, dtype: int64"
CNP0400315.2,"0    1
Name: pathway_id, dtype: int64"
CNP0075257.1,"6    7
Name: pathway_id, dtype: int64"
CNP0149300.3,"6    7
Name: pathway_id, dtype: int64"
CNP0216175.1,"6    7
Name: pathway_id, dtype: int64"
CNP0156125.1,"6    7
Name: pathway_id, dtype: int64"
CNP0373735.2,"1    2
Name: pathway_id, dtype: int64"
CNP0373735.2,"Series([], Name: pathway_id, dtype: int64)"
CNP0275748.3,"6    7
Name: pathway_id, dtype: int64"
CNP0156909.0,"Series([], Name: pathway_id, dtype: int64)"
CNP0332011.2,"4    5
Name: pathway_id, dtype: int64"
CNP0252413.1,"Series([], Name: pathway_id, dtype: int64)"
CNP0212102.1,"Series([], Name: pathway_id, dtype: int64)"
CNP0247661.1,"Series([], Name: pathway_id, dtype: int64)"
CNP0282808.6,"6    7
Name: pathway_id, dtype: int64"
CNP0559769.1,"6    7
Name: pathway_id, dtype: int64"
CNP0396298.0,"Series([], Name: pathway_id, dtype: int64)"
CNP0168348.0,"Series([], Name: pathway_id, dtype: int64)"
CNP0110015.1,"0    1
Name: pathway_id, dtype: int64"
CNP0286740.1,"4    5
Name: pathway_id, dtype: int64"
CNP0269042.1,"Series([], Name: pathway_id, dtype: int64)"
CNP0522527.1,"4    5
Name: pathway_id, dtype: int64"
CNP0113219.3,"6    7
Name: pathway_id, dtype: int64"
CNP0247179.0,"4    5
Name: pathway_id, dtype: int64"
CNP0109668.3,"Series([], Name: pathway_id, dtype: int64)"
CNP0207087.1,"Series([], Name: pathway_id, dtype: int64)"
CNP0191793.4,"6    7
Name: pathway_id, dtype: int64"
CNP0107431.7,"Series([], Name: pathway_id, dtype: int64)"
CNP0225898.0,"6    7
Name: pathway_id, dtype: int64"
CNP0243772.8,"Series([], Name: pathway_id, dtype: int64)"
CNP0279095.0,"Series([], Name: pathway_id, dtype: int64)"
CNP0325744.1,"4    5
Name: pathway_id, dtype: int64"
CNP0218174.2,"6    7
Name: pathway_id, dtype: int64"
CNP0231270.7,"6    7
Name: pathway_id, dtype: int64"
CNP0350446.2,"6    7
Name: pathway_id, dtype: int64"
CNP0155116.0,"Series([], Name: pathway_id, dtype: int64)"
CNP0139758.0,"0    1
Name: pathway_id, dtype: int64"
CNP0075356.1,"6    7
Name: pathway_id, dtype: int64"
CNP0282139.1,"4    5
Name: pathway_id, dtype: int64"
CNP0232615.1,"6    7
Name: pathway_id, dtype: int64"
CNP0325865.2,"6    7
Name: pathway_id, dtype: int64"
CNP0113170.0,"0    1
Name: pathway_id, dtype: int64"
CNP0200644.5,"6    7
Name: pathway_id, dtype: int64"
CNP0409520.1,"6    7
Name: pathway_id, dtype: int64"
CNP0075477.1,"6    7
Name: pathway_id, dtype: int64"
CNP0579679.1,"6    7
Name: pathway_id, dtype: int64"
CNP0529208.1,"6    7
Name: pathway_id, dtype: int64"
CNP0196946.13,"6    7
Name: pathway_id, dtype: int64"
CNP0075349.1,"6    7
Name: pathway_id, dtype: int64"
CNP0269344.2,"6    7
Name: pathway_id, dtype: int64"
CNP0211069.0,"Series([], Name: pathway_id, dtype: int64)"
CNP0186983.2,"4    5
Name: pathway_id, dtype: int64"
CNP0376118.1,"6    7
Name: pathway_id, dtype: int64"
CNP0222214.0,"3    4
Name: pathway_id, dtype: int64"
CNP0242593.1,"6    7
Name: pathway_id, dtype: int64"
CNP0517107.1,"6    7
Name: pathway_id, dtype: int64"
CNP0210561.1,"6    7
Name: pathway_id, dtype: int64"
CNP0265187.2,"Series([], Name: pathway_id, dtype: int64)"
CNP0316106.2,"6    7
Name: pathway_id, dtype: int64"
CNP0216857.2,"6    7
Name: pathway_id, dtype: int64"
CNP0106080.1,"6    7
Name: pathway_id, dtype: int64"
CNP0075112.0,"Series([], Name: pathway_id, dtype: int64)"
CNP0295047.4,"6    7
Name: pathway_id, dtype: int64"
CNP0379488.1,"0    1
Name: pathway_id, dtype: int64"
CNP0261005.0,"0    1
Name: pathway_id, dtype: int64"
CNP0086219.1,"6    7
Name: pathway_id, dtype: int64"
CNP0134011.2,"Series([], Name: pathway_id, dtype: int64)"
CNP0187919.1,"6    7
Name: pathway_id, dtype: int64"
CNP0107431.2,"Series([], Name: pathway_id, dtype: int64)"
CNP0075188.1,"6    7
Name: pathway_id, dtype: int64"
CNP0283443.1,"6    7
Name: pathway_id, dtype: int64"
CNP0401232.2,"6    7
Name: pathway_id, dtype: int64"
CNP0303017.0,"3    4
Name: pathway_id, dtype: int64"
CNP0156385.1,"4    5
Name: pathway_id, dtype: int64"
CNP0173733.2,"6    7
Name: pathway_id, dtype: int64"
CNP0075544.1,"6    7
Name: pathway_id, dtype: int64"
CNP0139114.2,"6    7
Name: pathway_id, dtype: int64"
CNP0199448.0,"4    5
Name: pathway_id, dtype: int64"
CNP0322371.1,"3    4
Name: pathway_id, dtype: int64"
CNP0296262.1,"4    5
Name: pathway_id, dtype: int64"
CNP0335864.0,"Series([], Name: pathway_id, dtype: int64)"
CNP0167999.2,"0    1
Name: pathway_id, dtype: int64"
CNP0075178.1,"6    7
Name: pathway_id, dtype: int64"
CNP0180599.18,"Series([], Name: pathway_id, dtype: int64)"
CNP0136587.1,"6    7
Name: pathway_id, dtype: int64"
CNP0225355.1,"6    7
Name: pathway_id, dtype: int64"
CNP0075370.1,"Series([], Name: pathway_id, dtype: int64)"
CNP0112982.1,"0    1
Name: pathway_id, dtype: int64"
CNP0283362.3,"Series([], Name: pathway_id, dtype: int64)"
CNP0238930.1,"Series([], Name: pathway_id, dtype: int64)"
CNP0113335.2,"6    7
Name: pathway_id, dtype: int64"
CNP0379991.1,"1    2
Name: pathway_id, dtype: int64"
CNP0367486.0,"3    4
Name: pathway_id, dtype: int64"
CNP0198808.3,"6    7
Name: pathway_id, dtype: int64"
CNP0205770.1,"Series([], Name: pathway_id, dtype: int64)"
CNP0335505.1,"4    5
Name: pathway_id, dtype: int64"
CNP0221296.1,"6    7
Name: pathway_id, dtype: int64"
CNP0422244.3,"6    7
Name: pathway_id, dtype: int64"
CNP0575710.0,"3    4
Name: pathway_id, dtype: int64"
CNP0206692.1,"0    1
Name: pathway_id, dtype: int64"
CNP0267842.1,"Series([], Name: pathway_id, dtype: int64)"
CNP0253356.2,"0    1
Name: pathway_id, dtype: int64"
CNP0253356.2,"6    7
Name: pathway_id, dtype: int64"
CNP0249539.3,"Series([], Name: pathway_id, dtype: int64)"
CNP0291217.2,"6    7
Name: pathway_id, dtype: int64"
CNP0238808.3,"6    7
Name: pathway_id, dtype: int64"
CNP0075352.1,"Series([], Name: pathway_id, dtype: int64)"
CNP0107228.1,"6    7
Name: pathway_id, dtype: int64"
CNP0314029.2,"6    7
Name: pathway_id, dtype: int64"
CNP0198413.1,"Series([], Name: pathway_id, dtype: int64)"
CNP0245890.1,"6    7
Name: pathway_id, dtype: int64"
CNP0322249.1,"6    7
Name: pathway_id, dtype: int64"
CNP0216704.1,"6    7
Name: pathway_id, dtype: int64"
CNP0113335.1,"6    7
Name: pathway_id, dtype: int64"
CNP0332130.1,"6    7
Name: pathway_id, dtype: int64"
CNP0187289.3,"Series([], Name: pathway_id, dtype: int64)"
CNP0075403.2,"Series([], Name: pathway_id, dtype: int64)"
CNP0176536.1,"6    7
Name: pathway_id, dtype: int64"
CNP0027335.1,"6    7
Name: pathway_id, dtype: int64"
CNP0158163.0,"4    5
Name: pathway_id, dtype: int64"
CNP0154912.0,"3    4
Name: pathway_id, dtype: int64"
CNP0169639.2,"6    7
Name: pathway_id, dtype: int64"
CNP0223449.1,"6    7
Name: pathway_id, dtype: int64"
CNP0178533.0,"0    1
Name: pathway_id, dtype: int64"
CNP0147800.1,"3    4
Name: pathway_id, dtype: int64"
CNP0249718.0,"Series([], Name: pathway_id, dtype: int64)"
CNP0200831.1,"6    7
Name: pathway_id, dtype: int64"
CNP0336049.1,"Series([], Name: pathway_id, dtype: int64)"
CNP0566623.1,"6    7
Name: pathway_id, dtype: int64"
CNP0550447.1,"6    7
Name: pathway_id, dtype: int64"
CNP0188030.0,"Series([], Name: pathway_id, dtype: int64)"
CNP0245641.2,"6    7
Name: pathway_id, dtype: int64"
CNP0145552.0,"Series([], Name: pathway_id, dtype: int64)"
CNP0287427.1,"6    7
Name: pathway_id, dtype: int64"
CNP0304305.2,"6    7
Name: pathway_id, dtype: int64"
CNP0587994.1,"Series([], Name: pathway_id, dtype: int64)"
CNP0082351.3,"6    7
Name: pathway_id, dtype: int64"
CNP0207592.2,"0    1
Name: pathway_id, dtype: int64"
CNP0225099.0,"Series([], Name: pathway_id, dtype: int64)"
CNP0187586.1,"6    7
Name: pathway_id, dtype: int64"
CNP0134292.0,"Series([], Name: pathway_id, dtype: int64)"
CNP0403286.1,"6    7
Name: pathway_id, dtype: int64"
CNP0333960.0,"0    1
Name: pathway_id, dtype: int64"
CNP0238557.1,"Series([], Name: pathway_id, dtype: int64)"
CNP0301373.2,"Series([], Name: pathway_id, dtype: int64)"
CNP0198415.1,"3    4
Name: pathway_id, dtype: int64"
CNP0075051.1,"Series([], Name: pathway_id, dtype: int64)"
CNP0074985.1,"6    7
Name: pathway_id, dtype: int64"
CNP0075206.2,"4    5
Name: pathway_id, dtype: int64"
CNP0300292.3,"6    7
Name: pathway_id, dtype: int64"
CNP0227673.2,"6    7
Name: pathway_id, dtype: int64"
CNP0241403.1,"6    7
Name: pathway_id, dtype: int64"
CNP0178012.1,"Series([], Name: pathway_id, dtype: int64)"
CNP0075513.1,"6    7
Name: pathway_id, dtype: int64"
CNP0263933.2,"6    7
Name: pathway_id, dtype: int64"
CNP0193101.0,"0    1
Name: pathway_id, dtype: int64"
CNP0173728.2,"6    7
Name: pathway_id, dtype: int64"
CNP0271085.0,"6    7
Name: pathway_id, dtype: int64"
CNP0184187.1,"Series([], Name: pathway_id, dtype: int64)"
CNP0512301.0,"Series([], Name: pathway_id, dtype: int64)"
CNP0279382.2,"Series([], Name: pathway_id, dtype: int64)"
CNP0338526.1,"6    7
Name: pathway_id, dtype: int64"
CNP0192070.1,"6    7
Name: pathway_id, dtype: int64"
CNP0210437.0,"3    4
Name: pathway_id, dtype: int64"
CNP0365561.1,"6    7
Name: pathway_id, dtype: int64"
CNP0307038.1,"3    4
Name: pathway_id, dtype: int64"
CNP0193949.2,"Series([], Name: pathway_id, dtype: int64)"
CNP0241588.7,"6    7
Name: pathway_id, dtype: int64"
CNP0307140.1,"6    7
Name: pathway_id, dtype: int64"
CNP0225752.1,"6    7
Name: pathway_id, dtype: int64"
CNP0350044.0,"Series([], Name: pathway_id, dtype: int64)"
CNP0371588.0,"4    5
Name: pathway_id, dtype: int64"
CNP0115364.0,"Series([], Name: pathway_id, dtype: int64)"
CNP0092500.1,"6    7
Name: pathway_id, dtype: int64"
CNP0509736.1,"6    7
Name: pathway_id, dtype: int64"
CNP0571757.1,"Series([], Name: pathway_id, dtype: int64)"
CNP0321708.2,"6    7
Name: pathway_id, dtype: int64"
CNP0136860.0,"0    1
Name: pathway_id, dtype: int64"
CNP0121061.1,"Series([], Name: pathway_id, dtype: int64)"
CNP0550945.1,"6    7
Name: pathway_id, dtype: int64"
CNP0231993.1,"4    5
Name: pathway_id, dtype: int64"
CNP0526394.0,"Series([], Name: pathway_id, dtype: int64)"
CNP0590296.1,"4    5
Name: pathway_id, dtype: int64"
CNP0289241.5,"6    7
Name: pathway_id, dtype: int64"
CNP0376594.2,"6    7
Name: pathway_id, dtype: int64"
CNP0253722.6,"0    1
Name: pathway_id, dtype: int64"
CNP0075049.1,"Series([], Name: pathway_id, dtype: int64)"
CNP0174615.1,"6    7
Name: pathway_id, dtype: int64"
CNP0105858.2,"6    7
Name: pathway_id, dtype: int64"
CNP0175896.1,"Series([], Name: pathway_id, dtype: int64)"
CNP0075424.1,"6    7
Name: pathway_id, dtype: int64"
CNP0415170.1,"6    7
Name: pathway_id, dtype: int64"
CNP0226478.1,"Series([], Name: pathway_id, dtype: int64)"
CNP0075268.1,"6    7
Name: pathway_id, dtype: int64"
CNP0335116.0,"Series([], Name: pathway_id, dtype: int64)"
CNP0295975.7,"6    7
Name: pathway_id, dtype: int64"
CNP0161424.1,"Series([], Name: pathway_id, dtype: int64)"
CNP0238574.1,"Series([], Name: pathway_id, dtype: int64)"
CNP0228185.14,"6    7
Name: pathway_id, dtype: int64"
CNP0273247.0,"Series([], Name: pathway_id, dtype: int64)"
CNP0249065.1,"Series([], Name: pathway_id, dtype: int64)"
CNP0169068.1,"6    7
Name: pathway_id, dtype: int64"
CNP0189324.2,"6    7
Name: pathway_id, dtype: int64"
CNP0216759.2,"Series([], Name: pathway_id, dtype: int64)"
CNP0482292.1,"6    7
Name: pathway_id, dtype: int64"
CNP0258169.3,"6    7
Name: pathway_id, dtype: int64"
CNP0198980.1,"6    7
Name: pathway_id, dtype: int64"
CNP0276763.1,"Series([], Name: pathway_id, dtype: int64)"
CNP0075063.1,"0    1
Name: pathway_id, dtype: int64"
CNP0333576.0,"Series([], Name: pathway_id, dtype: int64)"
CNP0330745.1,"4    5
Name: pathway_id, dtype: int64"
CNP0397409.5,"Series([], Name: pathway_id, dtype: int64)"
CNP0195822.2,"6    7
Name: pathway_id, dtype: int64"
CNP0187953.5,"Series([], Name: pathway_id, dtype: int64)"
CNP0262717.1,"6    7
Name: pathway_id, dtype: int64"
CNP0284435.0,"Series([], Name: pathway_id, dtype: int64)"
CNP0344631.0,"0    1
Name: pathway_id, dtype: int64"
CNP0117438.0,"4    5
Name: pathway_id, dtype: int64"
CNP0075291.1,"Series([], Name: pathway_id, dtype: int64)"
CNP0172278.2,"6    7
Name: pathway_id, dtype: int64"
CNP0239447.2,"0    1
Name: pathway_id, dtype: int64"
CNP0080698.3,"6    7
Name: pathway_id, dtype: int64"
CNP0287982.1,"6    7
Name: pathway_id, dtype: int64"
CNP0243755.7,"6    7
Name: pathway_id, dtype: int64"
CNP0075181.1,"6    7
Name: pathway_id, dtype: int64"
CNP0138682.1,"Series([], Name: pathway_id, dtype: int64)"
CNP0117886.0,"0    1
Name: pathway_id, dtype: int64"
CNP0263376.1,"6    7
Name: pathway_id, dtype: int64"
CNP0245530.1,"6    7
Name: pathway_id, dtype: int64"
CNP0316187.1,"6    7
Name: pathway_id, dtype: int64"
CNP0179560.4,"6    7
Name: pathway_id, dtype: int64"
CNP0232333.3,"Series([], Name: pathway_id, dtype: int64)"
CNP0182244.6,"Series([], Name: pathway_id, dtype: int64)"
CNP0323111.2,"Series([], Name: pathway_id, dtype: int64)"
CNP0183421.2,"Series([], Name: pathway_id, dtype: int64)"
CNP0226329.4,"Series([], Name: pathway_id, dtype: int64)"
CNP0259661.1,"6    7
Name: pathway_id, dtype: int64"
CNP0164561.2,"Series([], Name: pathway_id, dtype: int64)"
CNP0146703.1,"6    7
Name: pathway_id, dtype: int64"
CNP0362734.1,"6    7
Name: pathway_id, dtype: int64"
CNP0159487.1,"6    7
Name: pathway_id, dtype: int64"
CNP0109937.1,"6    7
Name: pathway_id, dtype: int64"
CNP0524870.1,"6    7
Name: pathway_id, dtype: int64"
CNP0241893.2,"6    7
Name: pathway_id, dtype: int64"
CNP0143042.1,"3    4
Name: pathway_id, dtype: int64"
CNP0104861.2,"6    7
Name: pathway_id, dtype: int64"
CNP0120841.8,"0    1
Name: pathway_id, dtype: int64"
CNP0120841.8,"6    7
Name: pathway_id, dtype: int64"
CNP0300397.1,"6    7
Name: pathway_id, dtype: int64"
CNP0182747.1,"4    5
Name: pathway_id, dtype: int64"
CNP0196793.1,"6    7
Name: pathway_id, dtype: int64"
CNP0255341.1,"Series([], Name: pathway_id, dtype: int64)"
CNP0487858.1,"3    4
Name: pathway_id, dtype: int64"
CNP0567945.1,"6    7
Name: pathway_id, dtype: int64"
CNP0515128.1,"4    5
Name: pathway_id, dtype: int64"
CNP0515128.1,"6    7
Name: pathway_id, dtype: int64"
CNP0562143.0,"4    5
Name: pathway_id, dtype: int64"
CNP0210398.2,"6    7
Name: pathway_id, dtype: int64"
CNP0556807.1,"6    7
Name: pathway_id, dtype: int64"
CNP0205124.1,"6    7
Name: pathway_id, dtype: int64"
CNP0213606.1,"6    7
Name: pathway_id, dtype: int64"
CNP0279331.4,"6    7
Name: pathway_id, dtype: int64"
CNP0209797.2,"6    7
Name: pathway_id, dtype: int64"
CNP0245379.1,"6    7
Name: pathway_id, dtype: int64"
CNP0140978.1,"6    7
Name: pathway_id, dtype: int64"
CNP0196341.1,"6    7
Name: pathway_id, dtype: int64"
CNP0270317.1,"6    7
Name: pathway_id, dtype: int64"
CNP0552274.1,"6    7
Name: pathway_id, dtype: int64"
CNP0308695.0,"0    1
Name: pathway_id, dtype: int64"
CNP0252785.5,"Series([], Name: pathway_id, dtype: int64)"
CNP0110590.1,"6    7
Name: pathway_id, dtype: int64"
CNP0181102.2,"6    7
Name: pathway_id, dtype: int64"
CNP0324938.1,"6    7
Name: pathway_id, dtype: int64"
CNP0271670.1,"6    7
Name: pathway_id, dtype: int64"
CNP0112767.1,"6    7
Name: pathway_id, dtype: int64"
CNP0075117.1,"6    7
Name: pathway_id, dtype: int64"
CNP0365468.0,"Series([], Name: pathway_id, dtype: int64)"
CNP0174885.4,"Series([], Name: pathway_id, dtype: int64)"
CNP0151096.4,"6    7
Name: pathway_id, dtype: int64"
CNP0187615.2,"6    7
Name: pathway_id, dtype: int64"
CNP0234188.3,"6    7
Name: pathway_id, dtype: int64"
CNP0075554.1,"6    7
Name: pathway_id, dtype: int64"
CNP0341948.0,"4    5
Name: pathway_id, dtype: int64"
CNP0187860.0,"Series([], Name: pathway_id, dtype: int64)"
CNP0325336.0,"6    7
Name: pathway_id, dtype: int64"
CNP0308692.4,"6    7
Name: pathway_id, dtype: int64"
CNP0075200.1,"6    7
Name: pathway_id, dtype: int64"
CNP0135141.4,"6    7
Name: pathway_id, dtype: int64"
CNP0259036.1,"6    7
Name: pathway_id, dtype: int64"
CNP0309156.1,"6    7
Name: pathway_id, dtype: int64"
CNP0075529.1,"Series([], Name: pathway_id, dtype: int64)"
CNP0244258.2,"6    7
Name: pathway_id, dtype: int64"
CNP0151162.0,"0    1
Name: pathway_id, dtype: int64"
CNP0145319.2,"6    7
Name: pathway_id, dtype: int64"
CNP0317021.0,"Series([], Name: pathway_id, dtype: int64)"
CNP0165094.7,"Series([], Name: pathway_id, dtype: int64)"
CNP0106617.1,"6    7
Name: pathway_id, dtype: int64"
CNP0255014.2,"6    7
Name: pathway_id, dtype: int64"
CNP0075228.0,"0    1
Name: pathway_id, dtype: int64"
CNP0074934.0,"6    7
Name: pathway_id, dtype: int64"
CNP0118580.0,"0    1
Name: pathway_id, dtype: int64"
CNP0286567.0,"3    4
Name: pathway_id, dtype: int64"
CNP0259165.0,"Series([], Name: pathway_id, dtype: int64)"
CNP0075549.1,"6    7
Name: pathway_id, dtype: int64"
CNP0075206.3,"4    5
Name: pathway_id, dtype: int64"
CNP0313961.1,"6    7
Name: pathway_id, dtype: int64"
CNP0244671.2,"2    3
Name: pathway_id, dtype: int64"
CNP0410558.4,"6    7
Name: pathway_id, dtype: int64"
CNP0104321.0,"Series([], Name: pathway_id, dtype: int64)"
CNP0295617.1,"0    1
Name: pathway_id, dtype: int64"
CNP0255464.1,"6    7
Name: pathway_id, dtype: int64"
CNP0155553.3,"6    7
Name: pathway_id, dtype: int64"
CNP0169905.1,"6    7
Name: pathway_id, dtype: int64"
CNP0146515.1,"6    7
Name: pathway_id, dtype: int64"
CNP0123428.1,"Series([], Name: pathway_id, dtype: int64)"
CNP0407665.2,"Series([], Name: pathway_id, dtype: int64)"
CNP0074996.1,"6    7
Name: pathway_id, dtype: int64"
CNP0155137.0,"Series([], Name: pathway_id, dtype: int64)"
CNP0115997.2,"6    7
Name: pathway_id, dtype: int64"
CNP0276456.1,"6    7
Name: pathway_id, dtype: int64"
CNP0139037.1,"6    7
Name: pathway_id, dtype: int64"
CNP0257058.0,"Series([], Name: pathway_id, dtype: int64)"
CNP0242707.4,"6    7
Name: pathway_id, dtype: int64"
CNP0247222.1,"6    7
Name: pathway_id, dtype: int64"
CNP0211650.0,"3    4
Name: pathway_id, dtype: int64"
CNP0206091.3,"6    7
Name: pathway_id, dtype: int64"
CNP0105851.2,"6    7
Name: pathway_id, dtype: int64"
CNP0129323.1,"6    7
Name: pathway_id, dtype: int64"
CNP0147863.1,"6    7
Name: pathway_id, dtype: int64"
CNP0344263.2,"6    7
Name: pathway_id, dtype: int64"
CNP0380106.2,"Series([], Name: pathway_id, dtype: int64)"
CNP0401834.0,"Series([], Name: pathway_id, dtype: int64)"
CNP0290830.1,"Series([], Name: pathway_id, dtype: int64)"
CNP0075132.1,"0    1
Name: pathway_id, dtype: int64"
CNP0252087.1,"6    7
Name: pathway_id, dtype: int64"
CNP0143722.1,"Series([], Name: pathway_id, dtype: int64)"
CNP0074959.1,"6    7
Name: pathway_id, dtype: int64"
CNP0288886.2,"6    7
Name: pathway_id, dtype: int64"
CNP0112144.0,"0    1
Name: pathway_id, dtype: int64"
CNP0230225.3,"6    7
Name: pathway_id, dtype: int64"
CNP0205397.0,"4    5
Name: pathway_id, dtype: int64"
CNP0327782.2,"6    7
Name: pathway_id, dtype: int64"
CNP0397638.0,"3    4
Name: pathway_id, dtype: int64"
CNP0405935.2,"6    7
Name: pathway_id, dtype: int64"
CNP0237356.0,"6    7
Name: pathway_id, dtype: int64"
CNP0272379.0,"4    5
Name: pathway_id, dtype: int64"
CNP0103367.1,"6    7
Name: pathway_id, dtype: int64"
CNP0122769.1,"6    7
Name: pathway_id, dtype: int64"
CNP0138187.3,"Series([], Name: pathway_id, dtype: int64)"
CNP0204729.1,"4    5
Name: pathway_id, dtype: int64"
CNP0159893.0,"Series([], Name: pathway_id, dtype: int64)"
CNP0170002.1,"4    5
Name: pathway_id, dtype: int64"
CNP0262195.12,"6    7
Name: pathway_id, dtype: int64"
CNP0403339.2,"6    7
Name: pathway_id, dtype: int64"
CNP0184442.0,"Series([], Name: pathway_id, dtype: int64)"
CNP0284502.3,"6    7
Name: pathway_id, dtype: int64"
CNP0537591.2,"6    7
Name: pathway_id, dtype: int64"
CNP0127534.1,"6    7
Name: pathway_id, dtype: int64"
CNP0242426.2,"6    7
Name: pathway_id, dtype: int64"
CNP0524870.2,"6    7
Name: pathway_id, dtype: int64"
CNP0168508.2,"Series([], Name: pathway_id, dtype: int64)"
CNP0143104.1,"1    2
Name: pathway_id, dtype: int64"
CNP0143104.1,"Series([], Name: pathway_id, dtype: int64)"
CNP0209970.1,"6    7
Name: pathway_id, dtype: int64"
CNP0544736.1,"6    7
Name: pathway_id, dtype: int64"
CNP0075336.0,"Series([], Name: pathway_id, dtype: int64)"
CNP0192475.0,"3    4
Name: pathway_id, dtype: int64"
CNP0585028.1,"6    7
Name: pathway_id, dtype: int64"
CNP0206449.0,"Series([], Name: pathway_id, dtype: int64)"
CNP0186983.3,"4    5
Name: pathway_id, dtype: int64"
CNP0502975.0,"4    5
Name: pathway_id, dtype: int64"
CNP0317632.4,"0    1
Name: pathway_id, dtype: int64"
CNP0270748.0,"3    4
Name: pathway_id, dtype: int64"
CNP0216640.1,"Series([], Name: pathway_id, dtype: int64)"
CNP0105401.0,"Series([], Name: pathway_id, dtype: int64)"
CNP0277699.2,"6    7
Name: pathway_id, dtype: int64"
CNP0224486.0,"3    4
Name: pathway_id, dtype: int64"
CNP0243325.1,"6    7
Name: pathway_id, dtype: int64"
CNP0123409.0,"6    7
Name: pathway_id, dtype: int64"
CNP0141472.1,"6    7
Name: pathway_id, dtype: int64"
CNP0281436.6,"6    7
Name: pathway_id, dtype: int64"
CNP0125345.1,"6    7
Name: pathway_id, dtype: int64"
CNP0245876.2,"Series([], Name: pathway_id, dtype: int64)"
CNP0232677.1,"Series([], Name: pathway_id, dtype: int64)"
CNP0350501.1,"Series([], Name: pathway_id, dtype: int64)"
CNP0075376.1,"0    1
Name: pathway_id, dtype: int64"
CNP0187730.1,"6    7
Name: pathway_id, dtype: int64"
CNP0075456.1,"6    7
Name: pathway_id, dtype: int64"
CNP0228863.5,"6    7
Name: pathway_id, dtype: int64"
CNP0310659.1,"6    7
Name: pathway_id, dtype: int64"
CNP0115430.2,"6    7
Name: pathway_id, dtype: int64"
CNP0078434.1,"0    1
Name: pathway_id, dtype: int64"
CNP0115523.0,"Series([], Name: pathway_id, dtype: int64)"
CNP0210398.9,"6    7
Name: pathway_id, dtype: int64"
CNP0200880.0,"3    4
Name: pathway_id, dtype: int64"
CNP0328120.1,"6    7
Name: pathway_id, dtype: int64"
CNP0225521.1,"6    7
Name: pathway_id, dtype: int64"
CNP0189964.1,"Series([], Name: pathway_id, dtype: int64)"
CNP0212480.2,"6    7
Name: pathway_id, dtype: int64"
CNP0165049.1,"6    7
Name: pathway_id, dtype: int64"
CNP0201740.1,"6    7
Name: pathway_id, dtype: int64"
CNP0122521.1,"Series([], Name: pathway_id, dtype: int64)"
CNP0115997.3,"6    7
Name: pathway_id, dtype: int64"
CNP0270573.1,"0    1
Name: pathway_id, dtype: int64"
CNP0127691.1,"Series([], Name: pathway_id, dtype: int64)"
CNP0214794.5,"0    1
Name: pathway_id, dtype: int64"
CNP0520090.1,"6    7
Name: pathway_id, dtype: int64"
CNP0532533.1,"6    7
Name: pathway_id, dtype: int64"
CNP0159011.0,"0    1
Name: pathway_id, dtype: int64"
CNP0167594.2,"6    7
Name: pathway_id, dtype: int64"
CNP0174793.2,"0    1
Name: pathway_id, dtype: int64"
CNP0311537.0,"4    5
Name: pathway_id, dtype: int64"
CNP0200028.2,"0    1
Name: pathway_id, dtype: int64"
CNP0200028.2,"6    7
Name: pathway_id, dtype: int64"
CNP0498723.1,"6    7
Name: pathway_id, dtype: int64"
CNP0563247.0,"4    5
Name: pathway_id, dtype: int64"
CNP0587271.1,"6    7
Name: pathway_id, dtype: int64"
CNP0184240.2,"6    7
Name: pathway_id, dtype: int64"
CNP0488825.1,"6    7
Name: pathway_id, dtype: int64"
CNP0267865.1,"6    7
Name: pathway_id, dtype: int64"
CNP0235018.2,"4    5
Name: pathway_id, dtype: int64"
CNP0075510.1,"0    1
Name: pathway_id, dtype: int64"
CNP0075210.1,"6    7
Name: pathway_id, dtype: int64"
CNP0331420.0,"3    4
Name: pathway_id, dtype: int64"
CNP0120761.4,"Series([], Name: pathway_id, dtype: int64)"
CNP0175608.1,"6    7
Name: pathway_id, dtype: int64"
CNP0209183.0,"3    4
Name: pathway_id, dtype: int64"
CNP0257406.2,"6    7
Name: pathway_id, dtype: int64"
CNP0158167.0,"4    5
Name: pathway_id, dtype: int64"
CNP0270263.2,"6    7
Name: pathway_id, dtype: int64"
CNP0173485.1,"6    7
Name: pathway_id, dtype: int64"
CNP0302064.2,"6    7
Name: pathway_id, dtype: int64"
CNP0315425.1,"0    1
Name: pathway_id, dtype: int64"
CNP0287162.1,"6    7
Name: pathway_id, dtype: int64"
CNP0172039.5,"6    7
Name: pathway_id, dtype: int64"
CNP0288834.1,"6    7
Name: pathway_id, dtype: int64"
CNP0253722.12,"0    1
Name: pathway_id, dtype: int64"
CNP0133157.1,"6    7
Name: pathway_id, dtype: int64"
CNP0284243.1,"6    7
Name: pathway_id, dtype: int64"
CNP0420987.0,"3    4
Name: pathway_id, dtype: int64"
CNP0205561.1,"Series([], Name: pathway_id, dtype: int64)"
CNP0208669.6,"6    7
Name: pathway_id, dtype: int64"
CNP0216051.2,"6    7
Name: pathway_id, dtype: int64"
CNP0397679.1,"Series([], Name: pathway_id, dtype: int64)"
CNP0075355.1,"6    7
Name: pathway_id, dtype: int64"
CNP0205669.1,"Series([], Name: pathway_id, dtype: int64)"
CNP0539406.2,"6    7
Name: pathway_id, dtype: int64"
CNP0157577.2,"Series([], Name: pathway_id, dtype: int64)"
CNP0256474.1,"6    7
Name: pathway_id, dtype: int64"
CNP0412179.1,"6    7
Name: pathway_id, dtype: int64"
CNP0227830.3,"6    7
Name: pathway_id, dtype: int64"
CNP0250599.2,"6    7
Name: pathway_id, dtype: int64"
CNP0420515.1,"6    7
Name: pathway_id, dtype: int64"
CNP0564683.1,"0    1
Name: pathway_id, dtype: int64"
CNP0265454.5,"Series([], Name: pathway_id, dtype: int64)"
CNP0135582.1,"Series([], Name: pathway_id, dtype: int64)"
CNP0274142.0,"3    4
Name: pathway_id, dtype: int64"
CNP0137969.1,"6    7
Name: pathway_id, dtype: int64"
CNP0347912.0,"Series([], Name: pathway_id, dtype: int64)"
CNP0394897.1,"0    1
Name: pathway_id, dtype: int64"
CNP0320951.1,"6    7
Name: pathway_id, dtype: int64"
CNP0212688.2,"Series([], Name: pathway_id, dtype: int64)"
CNP0152200.3,"0    1
Name: pathway_id, dtype: int64"
CNP0236304.1,"6    7
Name: pathway_id, dtype: int64"
CNP0191141.1,"6    7
Name: pathway_id, dtype: int64"
CNP0074945.1,"6    7
Name: pathway_id, dtype: int64"
CNP0154629.1,"6    7
Name: pathway_id, dtype: int64"
CNP0170637.1,"6    7
Name: pathway_id, dtype: int64"
CNP0221393.1,"6    7
Name: pathway_id, dtype: int64"
CNP0347498.2,"Series([], Name: pathway_id, dtype: int64)"
CNP0115064.1,"4    5
Name: pathway_id, dtype: int64"
CNP0075451.1,"6    7
Name: pathway_id, dtype: int64"
CNP0314733.2,"Series([], Name: pathway_id, dtype: int64)"
CNP0146019.3,"6    7
Name: pathway_id, dtype: int64"
CNP0207839.5,"6    7
Name: pathway_id, dtype: int64"
CNP0278687.1,"6    7
Name: pathway_id, dtype: int64"
CNP0306356.1,"6    7
Name: pathway_id, dtype: int64"
CNP0241256.1,"6    7
Name: pathway_id, dtype: int64"
CNP0075406.1,"6    7
Name: pathway_id, dtype: int64"
CNP0225067.9,"0    1
Name: pathway_id, dtype: int64"
CNP0155394.1,"3    4
Name: pathway_id, dtype: int64"
CNP0304008.0,"Series([], Name: pathway_id, dtype: int64)"
CNP0277512.2,"6    7
Name: pathway_id, dtype: int64"
CNP0075179.1,"Series([], Name: pathway_id, dtype: int64)"
CNP0242307.1,"Series([], Name: pathway_id, dtype: int64)"
CNP0126060.1,"6    7
Name: pathway_id, dtype: int64"
CNP0271530.2,"6    7
Name: pathway_id, dtype: int64"
CNP0075109.1,"6    7
Name: pathway_id, dtype: int64"
CNP0294863.1,"6    7
Name: pathway_id, dtype: int64"
CNP0414251.2,"6    7
Name: pathway_id, dtype: int64"
CNP0256415.4,"6    7
Name: pathway_id, dtype: int64"
CNP0105902.0,"Series([], Name: pathway_id, dtype: int64)"
CNP0079116.1,"Series([], Name: pathway_id, dtype: int64)"
CNP0174885.3,"Series([], Name: pathway_id, dtype: int64)"
CNP0123759.3,"Series([], Name: pathway_id, dtype: int64)"
CNP0580402.0,"4    5
Name: pathway_id, dtype: int64"
CNP0553766.1,"6    7
Name: pathway_id, dtype: int64"
CNP0483002.0,"4    5
Name: pathway_id, dtype: int64"
CNP0144610.2,"6    7
Name: pathway_id, dtype: int64"
CNP0170119.1,"6    7
Name: pathway_id, dtype: int64"
CNP0202808.1,"6    7
Name: pathway_id, dtype: int64"
CNP0521948.1,"6    7
Name: pathway_id, dtype: int64"
CNP0500024.1,"6    7
Name: pathway_id, dtype: int64"
CNP0195043.2,"6    7
Name: pathway_id, dtype: int64"
CNP0354243.15,"Series([], Name: pathway_id, dtype: int64)"
CNP0287822.0,"Series([], Name: pathway_id, dtype: int64)"
CNP0217099.7,"Series([], Name: pathway_id, dtype: int64)"
CNP0533452.1,"Series([], Name: pathway_id, dtype: int64)"
CNP0151086.1,"6    7
Name: pathway_id, dtype: int64"
CNP0279740.1,"6    7
Name: pathway_id, dtype: int64"
CNP0167166.1,"6    7
Name: pathway_id, dtype: int64"
CNP0184790.1,"4    5
Name: pathway_id, dtype: int64"
CNP0529011.1,"6    7
Name: pathway_id, dtype: int64"
CNP0264340.1,"6    7
Name: pathway_id, dtype: int64"
CNP0550042.1,"Series([], Name: pathway_id, dtype: int64)"
CNP0348871.0,"3    4
Name: pathway_id, dtype: int64"
CNP0202536.0,"4    5
Name: pathway_id, dtype: int64"
CNP0283911.5,"6    7
Name: pathway_id, dtype: int64"
CNP0074978.1,"6    7
Name: pathway_id, dtype: int64"
CNP0247986.1,"Series([], Name: pathway_id, dtype: int64)"
CNP0340485.1,"6    7
Name: pathway_id, dtype: int64"
CNP0225678.1,"Series([], Name: pathway_id, dtype: int64)"
CNP0259177.0,"4    5
Name: pathway_id, dtype: int64"
CNP0075381.1,"Series([], Name: pathway_id, dtype: int64)"
CNP0075270.1,"6    7
Name: pathway_id, dtype: int64"
CNP0124495.2,"6    7
Name: pathway_id, dtype: int64"
CNP0359558.1,"Series([], Name: pathway_id, dtype: int64)"
CNP0110412.0,"Series([], Name: pathway_id, dtype: int64)"
CNP0193833.1,"6    7
Name: pathway_id, dtype: int64"
CNP0075463.1,"6    7
Name: pathway_id, dtype: int64"
CNP0259185.1,"4    5
Name: pathway_id, dtype: int64"
CNP0285117.0,"4    5
Name: pathway_id, dtype: int64"
CNP0075334.1,"6    7
Name: pathway_id, dtype: int64"
CNP0236243.1,"6    7
Name: pathway_id, dtype: int64"
CNP0196704.1,"6    7
Name: pathway_id, dtype: int64"
CNP0194842.1,"Series([], Name: pathway_id, dtype: int64)"
CNP0169925.1,"6    7
Name: pathway_id, dtype: int64"
CNP0260124.1,"6    7
Name: pathway_id, dtype: int64"
CNP0342902.1,"6    7
Name: pathway_id, dtype: int64"
CNP0335470.2,"6    7
Name: pathway_id, dtype: int64"
CNP0174021.2,"Series([], Name: pathway_id, dtype: int64)"
CNP0306217.2,"0    1
Name: pathway_id, dtype: int64"
CNP0182081.1,"Series([], Name: pathway_id, dtype: int64)"
CNP0237115.3,"Series([], Name: pathway_id, dtype: int64)"
CNP0130493.1,"0    1
Name: pathway_id, dtype: int64"
CNP0321285.1,"6    7
Name: pathway_id, dtype: int64"
CNP0246234.0,"3    4
Name: pathway_id, dtype: int64"
CNP0344609.1,"4    5
Name: pathway_id, dtype: int64"
CNP0242090.0,"4    5
Name: pathway_id, dtype: int64"
CNP0547109.1,"4    5
Name: pathway_id, dtype: int64"
CNP0129513.1,"Series([], Name: pathway_id, dtype: int64)"
CNP0204983.0,"Series([], Name: pathway_id, dtype: int64)"
CNP0563792.0,"0    1
Name: pathway_id, dtype: int64"
CNP0137224.0,"3    4
Name: pathway_id, dtype: int64"
CNP0344822.0,"4    5
Name: pathway_id, dtype: int64"
CNP0390633.1,"6    7
Name: pathway_id, dtype: int64"
CNP0117714.1,"6    7
Name: pathway_id, dtype: int64"
CNP0124744.3,"6    7
Name: pathway_id, dtype: int64"
CNP0170296.2,"6    7
Name: pathway_id, dtype: int64"
CNP0259675.1,"Series([], Name: pathway_id, dtype: int64)"
CNP0264543.1,"6    7
Name: pathway_id, dtype: int64"
CNP0231823.1,"3    4
Name: pathway_id, dtype: int64"
CNP0465567.1,"6    7
Name: pathway_id, dtype: int64"
CNP0323654.0,"3    4
Name: pathway_id, dtype: int64"
CNP0075378.0,"3    4
Name: pathway_id, dtype: int64"
CNP0075400.1,"Series([], Name: pathway_id, dtype: int64)"
CNP0301571.2,"6    7
Name: pathway_id, dtype: int64"
CNP0121298.4,"6    7
Name: pathway_id, dtype: int64"
CNP0236336.2,"6    7
Name: pathway_id, dtype: int64"
CNP0075480.2,"6    7
Name: pathway_id, dtype: int64"
CNP0146409.3,"Series([], Name: pathway_id, dtype: int64)"
CNP0311401.4,"6    7
Name: pathway_id, dtype: int64"
CNP0283111.1,"0    1
Name: pathway_id, dtype: int64"
CNP0085182.2,"6    7
Name: pathway_id, dtype: int64"
CNP0300826.0,"6    7
Name: pathway_id, dtype: int64"
CNP0223007.2,"Series([], Name: pathway_id, dtype: int64)"
CNP0580686.1,"0    1
Name: pathway_id, dtype: int64"
CNP0580686.1,"6    7
Name: pathway_id, dtype: int64"
CNP0248343.2,"6    7
Name: pathway_id, dtype: int64"
CNP0422879.1,"6    7
Name: pathway_id, dtype: int64"
CNP0212910.3,"6    7
Name: pathway_id, dtype: int64"
CNP0188353.0,"Series([], Name: pathway_id, dtype: int64)"
CNP0279236.1,"6    7
Name: pathway_id, dtype: int64"
CNP0406606.1,"6    7
Name: pathway_id, dtype: int64"
CNP0075073.1,"6    7
Name: pathway_id, dtype: int64"
CNP0389938.1,"Series([], Name: pathway_id, dtype: int64)"
CNP0216822.2,"2    3
Name: pathway_id, dtype: int64"
CNP0295975.1,"6    7
Name: pathway_id, dtype: int64"
CNP0174034.1,"6    7
Name: pathway_id, dtype: int64"
CNP0238047.2,"6    7
Name: pathway_id, dtype: int64"
CNP0388349.0,"4    5
Name: pathway_id, dtype: int64"
CNP0227402.0,"Series([], Name: pathway_id, dtype: int64)"
CNP0255750.1,"6    7
Name: pathway_id, dtype: int64"
CNP0074946.1,"6    7
Name: pathway_id, dtype: int64"
CNP0232927.1,"6    7
Name: pathway_id, dtype: int64"
CNP0299664.1,"6    7
Name: pathway_id, dtype: int64"
CNP0310832.1,"6    7
Name: pathway_id, dtype: int64"
CNP0179686.2,"6    7
Name: pathway_id, dtype: int64"
CNP0211738.1,"6    7
Name: pathway_id, dtype: int64"
CNP0520388.1,"6    7
Name: pathway_id, dtype: int64"
CNP0201667.3,"6    7
Name: pathway_id, dtype: int64"
CNP0482863.0,"4    5
Name: pathway_id, dtype: int64"
CNP0302682.1,"6    7
Name: pathway_id, dtype: int64"
CNP0280346.1,"Series([], Name: pathway_id, dtype: int64)"
CNP0075042.1,"6    7
Name: pathway_id, dtype: int64"
CNP0169253.0,"Series([], Name: pathway_id, dtype: int64)"
CNP0322747.1,"6    7
Name: pathway_id, dtype: int64"
CNP0183435.1,"6    7
Name: pathway_id, dtype: int64"
CNP0171424.5,"Series([], Name: pathway_id, dtype: int64)"
CNP0103691.1,"6    7
Name: pathway_id, dtype: int64"
CNP0075499.1,"6    7
Name: pathway_id, dtype: int64"
CNP0116497.1,"6    7
Name: pathway_id, dtype: int64"
CNP0222398.1,"6    7
Name: pathway_id, dtype: int64"
CNP0240774.0,"3    4
Name: pathway_id, dtype: int64"
CNP0368158.7,"Series([], Name: pathway_id, dtype: int64)"
CNP0292393.2,"6    7
Name: pathway_id, dtype: int64"
CNP0210106.3,"Series([], Name: pathway_id, dtype: int64)"
CNP0075038.1,"Series([], Name: pathway_id, dtype: int64)"
CNP0258199.0,"Series([], Name: pathway_id, dtype: int64)"
CNP0161695.5,"6    7
Name: pathway_id, dtype: int64"
CNP0334789.1,"3    4
Name: pathway_id, dtype: int64"
CNP0151021.1,"6    7
Name: pathway_id, dtype: int64"
CNP0115195.0,"Series([], Name: pathway_id, dtype: int64)"
CNP0315685.4,"Series([], Name: pathway_id, dtype: int64)"
CNP0268804.1,"6    7
Name: pathway_id, dtype: int64"
CNP0145268.1,"6    7
Name: pathway_id, dtype: int64"
CNP0184282.1,"Series([], Name: pathway_id, dtype: int64)"
CNP0156281.3,"Series([], Name: pathway_id, dtype: int64)"
CNP0563804.1,"6    7
Name: pathway_id, dtype: int64"
CNP0156006.1,"0    1
Name: pathway_id, dtype: int64"
CNP0515984.1,"4    5
Name: pathway_id, dtype: int64"
CNP0130360.1,"Series([], Name: pathway_id, dtype: int64)"
CNP0095959.2,"Series([], Name: pathway_id, dtype: int64)"
CNP0227517.1,"6    7
Name: pathway_id, dtype: int64"
CNP0283914.1,"6    7
Name: pathway_id, dtype: int64"
CNP0230734.1,"6    7
Name: pathway_id, dtype: int64"
CNP0221046.2,"6    7
Name: pathway_id, dtype: int64"
CNP0392422.1,"6    7
Name: pathway_id, dtype: int64"
CNP0254731.0,"Series([], Name: pathway_id, dtype: int64)"
CNP0520100.1,"6    7
Name: pathway_id, dtype: int64"
CNP0118829.2,"6    7
Name: pathway_id, dtype: int64"
CNP0172621.4,"6    7
Name: pathway_id, dtype: int64"
CNP0522344.1,"4    5
Name: pathway_id, dtype: int64"
CNP0075553.1,"6    7
Name: pathway_id, dtype: int64"
CNP0256979.2,"6    7
Name: pathway_id, dtype: int64"
CNP0107433.1,"6    7
Name: pathway_id, dtype: int64"
CNP0211316.1,"6    7
Name: pathway_id, dtype: int64"
CNP0110690.1,"6    7
Name: pathway_id, dtype: int64"
CNP0075306.1,"6    7
Name: pathway_id, dtype: int64"
CNP0158342.0,"4    5
Name: pathway_id, dtype: int64"
CNP0280915.1,"6    7
Name: pathway_id, dtype: int64"
CNP0163793.2,"6    7
Name: pathway_id, dtype: int64"
CNP0310446.0,"3    4
Name: pathway_id, dtype: int64"
CNP0075297.2,"6    7
Name: pathway_id, dtype: int64"
CNP0155732.6,"Series([], Name: pathway_id, dtype: int64)"
CNP0251777.4,"6    7
Name: pathway_id, dtype: int64"
CNP0309969.1,"6    7
Name: pathway_id, dtype: int64"
CNP0075043.1,"6    7
Name: pathway_id, dtype: int64"
CNP0167834.3,"Series([], Name: pathway_id, dtype: int64)"
CNP0217883.2,"6    7
Name: pathway_id, dtype: int64"
CNP0226148.3,"6    7
Name: pathway_id, dtype: int64"
CNP0303754.3,"Series([], Name: pathway_id, dtype: int64)"
CNP0333569.0,"Series([], Name: pathway_id, dtype: int64)"
CNP0163867.1,"Series([], Name: pathway_id, dtype: int64)"
CNP0408903.2,"0    1
Name: pathway_id, dtype: int64"
CNP0408903.2,"6    7
Name: pathway_id, dtype: int64"
CNP0234921.4,"6    7
Name: pathway_id, dtype: int64"
CNP0268160.1,"6    7
Name: pathway_id, dtype: int64"
CNP0270810.0,"Series([], Name: pathway_id, dtype: int64)"
CNP0155299.1,"6    7
Name: pathway_id, dtype: int64"
CNP0216571.1,"6    7
Name: pathway_id, dtype: int64"
CNP0228421.1,"4    5
Name: pathway_id, dtype: int64"
CNP0292693.1,"Series([], Name: pathway_id, dtype: int64)"
CNP0523951.0,"Series([], Name: pathway_id, dtype: int64)"
CNP0482814.0,"Series([], Name: pathway_id, dtype: int64)"
CNP0121394.0,"Series([], Name: pathway_id, dtype: int64)"
CNP0295977.1,"6    7
Name: pathway_id, dtype: int64"
CNP0212836.12,"6    7
Name: pathway_id, dtype: int64"
CNP0105735.1,"6    7
Name: pathway_id, dtype: int64"
CNP0167643.5,"Series([], Name: pathway_id, dtype: int64)"
CNP0215844.1,"Series([], Name: pathway_id, dtype: int64)"
CNP0273681.3,"Series([], Name: pathway_id, dtype: int64)"
CNP0518715.0,"4    5
Name: pathway_id, dtype: int64"
CNP0120306.1,"4    5
Name: pathway_id, dtype: int64"
CNP0103367.2,"6    7
Name: pathway_id, dtype: int64"
CNP0135792.1,"Series([], Name: pathway_id, dtype: int64)"
CNP0133109.0,"Series([], Name: pathway_id, dtype: int64)"
CNP0239412.1,"6    7
Name: pathway_id, dtype: int64"
CNP0282893.1,"6    7
Name: pathway_id, dtype: int64"
CNP0212388.3,"Series([], Name: pathway_id, dtype: int64)"
CNP0280165.2,"6    7
Name: pathway_id, dtype: int64"
CNP0289384.2,"Series([], Name: pathway_id, dtype: int64)"
CNP0256263.2,"Series([], Name: pathway_id, dtype: int64)"
CNP0102414.1,"6    7
Name: pathway_id, dtype: int64"
CNP0272714.1,"6    7
Name: pathway_id, dtype: int64"
CNP0075172.0,"4    5
Name: pathway_id, dtype: int64"
CNP0262098.2,"6    7
Name: pathway_id, dtype: int64"
CNP0174937.1,"3    4
Name: pathway_id, dtype: int64"
CNP0075275.1,"6    7
Name: pathway_id, dtype: int64"
CNP0289071.1,"6    7
Name: pathway_id, dtype: int64"
CNP0260268.1,"6    7
Name: pathway_id, dtype: int64"
CNP0233524.1,"6    7
Name: pathway_id, dtype: int64"
CNP0203250.1,"Series([], Name: pathway_id, dtype: int64)"
CNP0194447.2,"6    7
Name: pathway_id, dtype: int64"
CNP0299639.0,"3    4
Name: pathway_id, dtype: int64"
CNP0324146.27,"6    7
Name: pathway_id, dtype: int64"
CNP0136667.1,"Series([], Name: pathway_id, dtype: int64)"
CNP0166298.0,"Series([], Name: pathway_id, dtype: int64)"
CNP0108705.0,"0    1
Name: pathway_id, dtype: int64"
CNP0326589.1,"6    7
Name: pathway_id, dtype: int64"
CNP0108986.5,"6    7
Name: pathway_id, dtype: int64"
CNP0408811.2,"6    7
Name: pathway_id, dtype: int64"
CNP0321355.1,"6    7
Name: pathway_id, dtype: int64"
CNP0289738.0,"6    7
Name: pathway_id, dtype: int64"
CNP0487390.0,"4    5
Name: pathway_id, dtype: int64"
CNP0120223.1,"6    7
Name: pathway_id, dtype: int64"
CNP0075351.1,"Series([], Name: pathway_id, dtype: int64)"
CNP0176272.1,"3    4
Name: pathway_id, dtype: int64"
CNP0189763.1,"Series([], Name: pathway_id, dtype: int64)"
CNP0209987.0,"Series([], Name: pathway_id, dtype: int64)"
CNP0140485.7,"6    7
Name: pathway_id, dtype: int64"
CNP0177459.1,"4    5
Name: pathway_id, dtype: int64"
CNP0116783.2,"6    7
Name: pathway_id, dtype: int64"
CNP0118944.1,"Series([], Name: pathway_id, dtype: int64)"
CNP0321427.6,"4    5
Name: pathway_id, dtype: int64"
CNP0187953.15,"Series([], Name: pathway_id, dtype: int64)"
CNP0308380.1,"6    7
Name: pathway_id, dtype: int64"
CNP0130354.1,"Series([], Name: pathway_id, dtype: int64)"
CNP0327704.2,"6    7
Name: pathway_id, dtype: int64"
CNP0217762.2,"6    7
Name: pathway_id, dtype: int64"
CNP0151679.1,"6    7
Name: pathway_id, dtype: int64"
CNP0266970.1,"6    7
Name: pathway_id, dtype: int64"
CNP0241400.1,"6    7
Name: pathway_id, dtype: int64"
CNP0191814.1,"6    7
Name: pathway_id, dtype: int64"
CNP0133107.3,"6    7
Name: pathway_id, dtype: int64"
CNP0166754.2,"6    7
Name: pathway_id, dtype: int64"
CNP0202525.2,"0    1
Name: pathway_id, dtype: int64"
CNP0306217.1,"0    1
Name: pathway_id, dtype: int64"
CNP0194052.1,"6    7
Name: pathway_id, dtype: int64"
CNP0075525.1,"Series([], Name: pathway_id, dtype: int64)"
CNP0170097.5,"0    1
Name: pathway_id, dtype: int64"
CNP0187598.0,"3    4
Name: pathway_id, dtype: int64"
CNP0112390.2,"6    7
Name: pathway_id, dtype: int64"
CNP0278430.3,"6    7
Name: pathway_id, dtype: int64"
CNP0117764.0,"6    7
Name: pathway_id, dtype: int64"
CNP0594098.1,"6    7
Name: pathway_id, dtype: int64"
CNP0503328.1,"6    7
Name: pathway_id, dtype: int64"
CNP0268736.1,"Series([], Name: pathway_id, dtype: int64)"
CNP0146343.0,"Series([], Name: pathway_id, dtype: int64)"
CNP0142487.0,"Series([], Name: pathway_id, dtype: int64)"
CNP0121047.1,"Series([], Name: pathway_id, dtype: int64)"
CNP0171280.0,"Series([], Name: pathway_id, dtype: int64)"
CNP0132890.0,"0    1
Name: pathway_id, dtype: int64"
CNP0223842.1,"Series([], Name: pathway_id, dtype: int64)"
CNP0271653.2,"0    1
Name: pathway_id, dtype: int64"
CNP0258562.0,"4    5
Name: pathway_id, dtype: int64"
CNP0168908.1,"3    4
Name: pathway_id, dtype: int64"
CNP0075244.1,"6    7
Name: pathway_id, dtype: int64"
CNP0174369.1,"Series([], Name: pathway_id, dtype: int64)"
CNP0324146.16,"6    7
Name: pathway_id, dtype: int64"
CNP0294756.3,"Series([], Name: pathway_id, dtype: int64)"
CNP0232036.1,"6    7
Name: pathway_id, dtype: int64"
CNP0238050.1,"Series([], Name: pathway_id, dtype: int64)"
CNP0133956.2,"6    7
Name: pathway_id, dtype: int64"
CNP0304580.4,"Series([], Name: pathway_id, dtype: int64)"
CNP0314563.3,"6    7
Name: pathway_id, dtype: int64"
CNP0093313.2,"6    7
Name: pathway_id, dtype: int64"
CNP0075108.1,"Series([], Name: pathway_id, dtype: int64)"
CNP0180304.2,"6    7
Name: pathway_id, dtype: int64"
CNP0148557.1,"Series([], Name: pathway_id, dtype: int64)"
CNP0236620.1,"6    7
Name: pathway_id, dtype: int64"
CNP0305576.0,"3    4
Name: pathway_id, dtype: int64"
CNP0230702.0,"Series([], Name: pathway_id, dtype: int64)"
CNP0176064.2,"Series([], Name: pathway_id, dtype: int64)"
CNP0159354.3,"6    7
Name: pathway_id, dtype: int64"
CNP0587969.1,"6    7
Name: pathway_id, dtype: int64"
CNP0291732.4,"0    1
Name: pathway_id, dtype: int64"
CNP0195653.1,"0    1
Name: pathway_id, dtype: int64"
CNP0307783.1,"6    7
Name: pathway_id, dtype: int64"
CNP0224213.2,"6    7
Name: pathway_id, dtype: int64"
CNP0256514.2,"6    7
Name: pathway_id, dtype: int64"
CNP0405935.3,"6    7
Name: pathway_id, dtype: int64"
CNP0167082.2,"6    7
Name: pathway_id, dtype: int64"
CNP0316987.3,"6    7
Name: pathway_id, dtype: int64"
CNP0359350.3,"6    7
Name: pathway_id, dtype: int64"
CNP0239709.0,"Series([], Name: pathway_id, dtype: int64)"
CNP0075382.1,"Series([], Name: pathway_id, dtype: int64)"
CNP0190740.1,"6    7
Name: pathway_id, dtype: int64"
CNP0503669.0,"0    1
Name: pathway_id, dtype: int64"
CNP0075165.1,"Series([], Name: pathway_id, dtype: int64)"
CNP0105709.1,"6    7
Name: pathway_id, dtype: int64"
CNP0186983.10,"4    5
Name: pathway_id, dtype: int64"
CNP0264485.1,"3    4
Name: pathway_id, dtype: int64"
CNP0524120.1,"6    7
Name: pathway_id, dtype: int64"
CNP0547025.1,"6    7
Name: pathway_id, dtype: int64"
CNP0218028.1,"Series([], Name: pathway_id, dtype: int64)"
CNP0150741.0,"3    4
Name: pathway_id, dtype: int64"
CNP0265442.1,"6    7
Name: pathway_id, dtype: int64"
CNP0165020.0,"4    5
Name: pathway_id, dtype: int64"
CNP0074995.1,"6    7
Name: pathway_id, dtype: int64"
CNP0141603.0,"0    1
Name: pathway_id, dtype: int64"
CNP0081343.2,"6    7
Name: pathway_id, dtype: int64"
CNP0350592.1,"4    5
Name: pathway_id, dtype: int64"
CNP0325669.2,"6    7
Name: pathway_id, dtype: int64"
CNP0178573.1,"Series([], Name: pathway_id, dtype: int64)"
CNP0107376.0,"0    1
Name: pathway_id, dtype: int64"
CNP0171450.1,"6    7
Name: pathway_id, dtype: int64"
CNP0162924.1,"6    7
Name: pathway_id, dtype: int64"
CNP0377855.1,"6    7
Name: pathway_id, dtype: int64"
CNP0126032.1,"6    7
Name: pathway_id, dtype: int64"
CNP0423314.2,"6    7
Name: pathway_id, dtype: int64"
CNP0075259.1,"6    7
Name: pathway_id, dtype: int64"
CNP0421955.1,"6    7
Name: pathway_id, dtype: int64"
CNP0194530.9,"Series([], Name: pathway_id, dtype: int64)"
CNP0109560.2,"6    7
Name: pathway_id, dtype: int64"
CNP0317743.1,"6    7
Name: pathway_id, dtype: int64"
CNP0277512.1,"6    7
Name: pathway_id, dtype: int64"
CNP0484694.2,"6    7
Name: pathway_id, dtype: int64"
CNP0198481.6,"6    7
Name: pathway_id, dtype: int64"
CNP0223140.2,"0    1
Name: pathway_id, dtype: int64"
CNP0223140.2,"1    2
Name: pathway_id, dtype: int64"
CNP0546556.1,"Series([], Name: pathway_id, dtype: int64)"
CNP0075003.1,"6    7
Name: pathway_id, dtype: int64"
CNP0124437.1,"6    7
Name: pathway_id, dtype: int64"
CNP0285333.2,"6    7
Name: pathway_id, dtype: int64"
CNP0399084.3,"6    7
Name: pathway_id, dtype: int64"
CNP0254293.1,"6    7
Name: pathway_id, dtype: int64"
CNP0226612.1,"6    7
Name: pathway_id, dtype: int64"
CNP0280624.0,"Series([], Name: pathway_id, dtype: int64)"
CNP0601184.1,"Series([], Name: pathway_id, dtype: int64)"
CNP0263508.0,"3    4
Name: pathway_id, dtype: int64"
CNP0232223.1,"6    7
Name: pathway_id, dtype: int64"
CNP0153625.0,"0    1
Name: pathway_id, dtype: int64"
CNP0243113.1,"4    5
Name: pathway_id, dtype: int64"
CNP0604203.1,"Series([], Name: pathway_id, dtype: int64)"
CNP0179228.2,"Series([], Name: pathway_id, dtype: int64)"
CNP0324505.0,"Series([], Name: pathway_id, dtype: int64)"
CNP0225909.0,"Series([], Name: pathway_id, dtype: int64)"
CNP0275435.1,"6    7
Name: pathway_id, dtype: int64"
CNP0303557.1,"0    1
Name: pathway_id, dtype: int64"
CNP0275279.1,"6    7
Name: pathway_id, dtype: int64"
CNP0319845.2,"Series([], Name: pathway_id, dtype: int64)"
CNP0128955.5,"6    7
Name: pathway_id, dtype: int64"
CNP0192007.13,"Series([], Name: pathway_id, dtype: int64)"
CNP0075192.1,"Series([], Name: pathway_id, dtype: int64)"
CNP0144354.2,"6    7
Name: pathway_id, dtype: int64"
CNP0075490.1,"6    7
Name: pathway_id, dtype: int64"
CNP0210130.10,"Series([], Name: pathway_id, dtype: int64)"
CNP0225867.4,"Series([], Name: pathway_id, dtype: int64)"
CNP0323423.7,"Series([], Name: pathway_id, dtype: int64)"
CNP0297896.1,"0    1
Name: pathway_id, dtype: int64"
CNP0160014.3,"6    7
Name: pathway_id, dtype: int64"
CNP0371969.0,"4    5
Name: pathway_id, dtype: int64"
CNP0422092.1,"Series([], Name: pathway_id, dtype: int64)"
CNP0358696.2,"Series([], Name: pathway_id, dtype: int64)"
CNP0285316.4,"Series([], Name: pathway_id, dtype: int64)"
CNP0223945.1,"6    7
Name: pathway_id, dtype: int64"
CNP0323149.1,"6    7
Name: pathway_id, dtype: int64"
CNP0158249.2,"Series([], Name: pathway_id, dtype: int64)"
CNP0269050.1,"6    7
Name: pathway_id, dtype: int64"
CNP0075495.1,"6    7
Name: pathway_id, dtype: int64"
CNP0179242.2,"6    7
Name: pathway_id, dtype: int64"
CNP0199336.2,"6    7
Name: pathway_id, dtype: int64"
CNP0226032.2,"Series([], Name: pathway_id, dtype: int64)"
CNP0183669.3,"6    7
Name: pathway_id, dtype: int64"
CNP0194582.5,"3    4
Name: pathway_id, dtype: int64"
CNP0301697.2,"6    7
Name: pathway_id, dtype: int64"
CNP0075243.1,"6    7
Name: pathway_id, dtype: int64"
CNP0330911.1,"6    7
Name: pathway_id, dtype: int64"
CNP0240820.1,"6    7
Name: pathway_id, dtype: int64"
CNP0522679.1,"4    5
Name: pathway_id, dtype: int64"
CNP0273804.1,"3    4
Name: pathway_id, dtype: int64"
CNP0179465.1,"Series([], Name: pathway_id, dtype: int64)"
CNP0228944.2,"0    1
Name: pathway_id, dtype: int64"
CNP0075375.1,"Series([], Name: pathway_id, dtype: int64)"
CNP0211797.1,"0    1
Name: pathway_id, dtype: int64"
CNP0398783.1,"Series([], Name: pathway_id, dtype: int64)"
CNP0074935.1,"6    7
Name: pathway_id, dtype: int64"
CNP0281693.2,"6    7
Name: pathway_id, dtype: int64"
CNP0283205.0,"Series([], Name: pathway_id, dtype: int64)"
CNP0355265.1,"Series([], Name: pathway_id, dtype: int64)"
CNP0109749.1,"0    1
Name: pathway_id, dtype: int64"
CNP0567673.1,"0    1
Name: pathway_id, dtype: int64"
CNP0234675.1,"Series([], Name: pathway_id, dtype: int64)"
CNP0224273.0,"Series([], Name: pathway_id, dtype: int64)"
CNP0269561.1,"6    7
Name: pathway_id, dtype: int64"
CNP0293671.0,"Series([], Name: pathway_id, dtype: int64)"
CNP0184686.1,"1    2
Name: pathway_id, dtype: int64"
CNP0245247.0,"4    5
Name: pathway_id, dtype: int64"
CNP0353354.4,"6    7
Name: pathway_id, dtype: int64"
CNP0184577.1,"6    7
Name: pathway_id, dtype: int64"
CNP0365809.0,"Series([], Name: pathway_id, dtype: int64)"
CNP0539634.1,"6    7
Name: pathway_id, dtype: int64"
CNP0131109.1,"4    5
Name: pathway_id, dtype: int64"
CNP0204774.2,"6    7
Name: pathway_id, dtype: int64"
CNP0144323.0,"3    4
Name: pathway_id, dtype: int64"
CNP0326268.1,"6    7
Name: pathway_id, dtype: int64"
CNP0303320.1,"6    7
Name: pathway_id, dtype: int64"
CNP0144362.5,"Series([], Name: pathway_id, dtype: int64)"
CNP0296168.1,"6    7
Name: pathway_id, dtype: int64"
CNP0144248.1,"6    7
Name: pathway_id, dtype: int64"
CNP0222616.1,"0    1
Name: pathway_id, dtype: int64"
CNP0231295.11,"0    1
Name: pathway_id, dtype: int64"
CNP0143378.2,"6    7
Name: pathway_id, dtype: int64"
CNP0108533.1,"6    7
Name: pathway_id, dtype: int64"
CNP0243403.1,"6    7
Name: pathway_id, dtype: int64"
CNP0241893.1,"6    7
Name: pathway_id, dtype: int64"
CNP0482165.1,"0    1
Name: pathway_id, dtype: int64"
CNP0310098.1,"6    7
Name: pathway_id, dtype: int64"
CNP0238291.1,"6    7
Name: pathway_id, dtype: int64"
CNP0277448.3,"6    7
Name: pathway_id, dtype: int64"
CNP0074972.1,"3    4
Name: pathway_id, dtype: int64"
CNP0288065.1,"6    7
Name: pathway_id, dtype: int64"
CNP0403068.1,"6    7
Name: pathway_id, dtype: int64"
CNP0186265.3,"6    7
Name: pathway_id, dtype: int64"
CNP0295653.0,"3    4
Name: pathway_id, dtype: int64"
CNP0298682.0,"Series([], Name: pathway_id, dtype: int64)"
CNP0181233.0,"4    5
Name: pathway_id, dtype: int64"
CNP0290802.1,"Series([], Name: pathway_id, dtype: int64)"
CNP0210019.3,"6    7
Name: pathway_id, dtype: int64"
CNP0329631.0,"Series([], Name: pathway_id, dtype: int64)"
CNP0229719.0,"4    5
Name: pathway_id, dtype: int64"
CNP0229719.0,"Series([], Name: pathway_id, dtype: int64)"
CNP0232713.1,"Series([], Name: pathway_id, dtype: int64)"
CNP0393256.1,"Series([], Name: pathway_id, dtype: int64)"
CNP0382150.6,"6    7
Name: pathway_id, dtype: int64"
CNP0075258.1,"6    7
Name: pathway_id, dtype: int64"
CNP0329724.2,"3    4
Name: pathway_id, dtype: int64"
CNP0329724.2,"6    7
Name: pathway_id, dtype: int64"
CNP0186983.1,"4    5
Name: pathway_id, dtype: int64"
CNP0147465.0,"Series([], Name: pathway_id, dtype: int64)"
CNP0308978.1,"4    5
Name: pathway_id, dtype: int64"
CNP0225376.1,"Series([], Name: pathway_id, dtype: int64)"
CNP0447558.1,"6    7
Name: pathway_id, dtype: int64"
CNP0218763.1,"Series([], Name: pathway_id, dtype: int64)"
CNP0075193.1,"Series([], Name: pathway_id, dtype: int64)"
CNP0173485.2,"6    7
Name: pathway_id, dtype: int64"
CNP0163668.0,"4    5
Name: pathway_id, dtype: int64"
CNP0572487.1,"6    7
Name: pathway_id, dtype: int64"
CNP0168812.3,"6    7
Name: pathway_id, dtype: int64"
CNP0159725.2,"4    5
Name: pathway_id, dtype: int64"
CNP0285931.2,"Series([], Name: pathway_id, dtype: int64)"
CNP0285931.2,"6    7
Name: pathway_id, dtype: int64"
CNP0179950.2,"6    7
Name: pathway_id, dtype: int64"
CNP0237079.2,"6    7
Name: pathway_id, dtype: int64"
CNP0270340.2,"6    7
Name: pathway_id, dtype: int64"
CNP0229475.2,"Series([], Name: pathway_id, dtype: int64)"
CNP0350602.0,"Series([], Name: pathway_id, dtype: int64)"
CNP0245349.2,"6    7
Name: pathway_id, dtype: int64"
CNP0172510.3,"6    7
Name: pathway_id, dtype: int64"
CNP0177530.2,"0    1
Name: pathway_id, dtype: int64"
CNP0177530.2,"6    7
Name: pathway_id, dtype: int64"
CNP0075007.1,"6    7
Name: pathway_id, dtype: int64"
CNP0209858.7,"6    7
Name: pathway_id, dtype: int64"
CNP0241535.0,"0    1
Name: pathway_id, dtype: int64"
CNP0388061.4,"Series([], Name: pathway_id, dtype: int64)"
CNP0415476.1,"6    7
Name: pathway_id, dtype: int64"
CNP0297778.1,"Series([], Name: pathway_id, dtype: int64)"
CNP0235249.0,"3    4
Name: pathway_id, dtype: int64"
CNP0157693.1,"6    7
Name: pathway_id, dtype: int64"
CNP0381627.0,"3    4
Name: pathway_id, dtype: int64"
CNP0231718.6,"6    7
Name: pathway_id, dtype: int64"
CNP0146526.1,"6    7
Name: pathway_id, dtype: int64"
CNP0074941.1,"6    7
Name: pathway_id, dtype: int64"
CNP0541639.1,"3    4
Name: pathway_id, dtype: int64"
CNP0146525.1,"6    7
Name: pathway_id, dtype: int64"
CNP0328753.1,"6    7
Name: pathway_id, dtype: int64"
CNP0138966.3,"6    7
Name: pathway_id, dtype: int64"
CNP0074961.1,"6    7
Name: pathway_id, dtype: int64"
CNP0215335.0,"0    1
Name: pathway_id, dtype: int64"
CNP0566100.0,"Series([], Name: pathway_id, dtype: int64)"
CNP0306344.2,"Series([], Name: pathway_id, dtype: int64)"
CNP0233625.3,"0    1
Name: pathway_id, dtype: int64"
CNP0240795.1,"0    1
Name: pathway_id, dtype: int64"
CNP0299808.1,"6    7
Name: pathway_id, dtype: int64"
CNP0221435.1,"Series([], Name: pathway_id, dtype: int64)"
CNP0403953.3,"6    7
Name: pathway_id, dtype: int64"
CNP0165739.0,"2    3
Name: pathway_id, dtype: int64"
CNP0224875.0,"Series([], Name: pathway_id, dtype: int64)"
CNP0110327.3,"Series([], Name: pathway_id, dtype: int64)"
CNP0199272.3,"Series([], Name: pathway_id, dtype: int64)"
CNP0180536.2,"Series([], Name: pathway_id, dtype: int64)"
CNP0294753.4,"Series([], Name: pathway_id, dtype: int64)"
CNP0471813.1,"4    5
Name: pathway_id, dtype: int64"
CNP0471813.1,"6    7
Name: pathway_id, dtype: int64"
CNP0466547.1,"6    7
Name: pathway_id, dtype: int64"
CNP0230978.1,"6    7
Name: pathway_id, dtype: int64"
CNP0263661.5,"Series([], Name: pathway_id, dtype: int64)"
CNP0186983.9,"4    5
Name: pathway_id, dtype: int64"
CNP0131061.5,"6    7
Name: pathway_id, dtype: int64"
CNP0111430.0,"Series([], Name: pathway_id, dtype: int64)"
CNP0271527.2,"6    7
Name: pathway_id, dtype: int64"
CNP0225489.2,"6    7
Name: pathway_id, dtype: int64"
CNP0150510.2,"Series([], Name: pathway_id, dtype: int64)"
CNP0075166.1,"Series([], Name: pathway_id, dtype: int64)"
CNP0256699.3,"6    7
Name: pathway_id, dtype: int64"
CNP0078986.0,"Series([], Name: pathway_id, dtype: int64)"
CNP0163025.1,"6    7
Name: pathway_id, dtype: int64"
CNP0115997.1,"6    7
Name: pathway_id, dtype: int64"
CNP0141887.1,"6    7
Name: pathway_id, dtype: int64"
CNP0152471.1,"6    7
Name: pathway_id, dtype: int64"
CNP0260497.1,"6    7
Name: pathway_id, dtype: int64"
CNP0149575.1,"6    7
Name: pathway_id, dtype: int64"
CNP0163216.2,"3    4
Name: pathway_id, dtype: int64"
CNP0248589.4,"6    7
Name: pathway_id, dtype: int64"
CNP0152115.1,"6    7
Name: pathway_id, dtype: int64"
CNP0104861.1,"6    7
Name: pathway_id, dtype: int64"
CNP0196182.1,"6    7
Name: pathway_id, dtype: int64"
CNP0211879.1,"6    7
Name: pathway_id, dtype: int64"
CNP0111887.1,"6    7
Name: pathway_id, dtype: int64"
CNP0213764.2,"0    1
Name: pathway_id, dtype: int64"
CNP0213764.2,"1    2
Name: pathway_id, dtype: int64"
CNP0518128.1,"4    5
Name: pathway_id, dtype: int64"
CNP0186265.1,"6    7
Name: pathway_id, dtype: int64"
CNP0075227.1,"Series([], Name: pathway_id, dtype: int64)"
CNP0176634.2,"6    7
Name: pathway_id, dtype: int64"
CNP0265555.1,"6    7
Name: pathway_id, dtype: int64"
CNP0157510.2,"6    7
Name: pathway_id, dtype: int64"
CNP0278430.2,"6    7
Name: pathway_id, dtype: int64"
CNP0184929.0,"Series([], Name: pathway_id, dtype: int64)"
CNP0262500.0,"3    4
Name: pathway_id, dtype: int64"
CNP0192070.5,"6    7
Name: pathway_id, dtype: int64"
CNP0272978.1,"Series([], Name: pathway_id, dtype: int64)"
CNP0576075.1,"4    5
Name: pathway_id, dtype: int64"
CNP0110273.0,"Series([], Name: pathway_id, dtype: int64)"
CNP0105429.0,"Series([], Name: pathway_id, dtype: int64)"
CNP0402269.0,"Series([], Name: pathway_id, dtype: int64)"
CNP0259481.5,"6    7
Name: pathway_id, dtype: int64"
CNP0214794.1,"0    1
Name: pathway_id, dtype: int64"
CNP0519186.1,"6    7
Name: pathway_id, dtype: int64"
CNP0314212.2,"6    7
Name: pathway_id, dtype: int64"
CNP0282464.1,"6    7
Name: pathway_id, dtype: int64"
CNP0314046.3,"6    7
Name: pathway_id, dtype: int64"
CNP0237296.2,"6    7
Name: pathway_id, dtype: int64"
CNP0340243.0,"6    7
Name: pathway_id, dtype: int64"
CNP0103424.11,"Series([], Name: pathway_id, dtype: int64)"
CNP0167663.2,"Series([], Name: pathway_id, dtype: int64)"
CNP0202795.1,"6    7
Name: pathway_id, dtype: int64"
CNP0284477.1,"6    7
Name: pathway_id, dtype: int64"
CNP0541261.0,"4    5
Name: pathway_id, dtype: int64"
CNP0170340.3,"6    7
Name: pathway_id, dtype: int64"
CNP0141423.2,"6    7
Name: pathway_id, dtype: int64"
CNP0178219.1,"6    7
Name: pathway_id, dtype: int64"
CNP0386933.6,"6    7
Name: pathway_id, dtype: int64"
CNP0075122.0,"0    1
Name: pathway_id, dtype: int64"
CNP0288521.4,"Series([], Name: pathway_id, dtype: int64)"
CNP0214734.0,"2    3
Name: pathway_id, dtype: int64"
CNP0352867.9,"Series([], Name: pathway_id, dtype: int64)"
CNP0189487.2,"6    7
Name: pathway_id, dtype: int64"
CNP0169998.1,"1    2
Name: pathway_id, dtype: int64"
CNP0346553.3,"6    7
Name: pathway_id, dtype: int64"
CNP0089192.1,"Series([], Name: pathway_id, dtype: int64)"
CNP0364677.0,"3    4
Name: pathway_id, dtype: int64"
CNP0192992.2,"6    7
Name: pathway_id, dtype: int64"
CNP0178777.1,"6    7
Name: pathway_id, dtype: int64"
CNP0141494.5,"6    7
Name: pathway_id, dtype: int64"
CNP0222024.1,"6    7
Name: pathway_id, dtype: int64"
CNP0074977.2,"6    7
Name: pathway_id, dtype: int64"
CNP0226326.1,"6    7
Name: pathway_id, dtype: int64"
CNP0345451.1,"Series([], Name: pathway_id, dtype: int64)"
CNP0604994.0,"Series([], Name: pathway_id, dtype: int64)"
CNP0370354.0,"0    1
Name: pathway_id, dtype: int64"
CNP0290852.3,"6    7
Name: pathway_id, dtype: int64"
CNP0175979.2,"6    7
Name: pathway_id, dtype: int64"
CNP0238816.0,"4    5
Name: pathway_id, dtype: int64"
CNP0195771.1,"6    7
Name: pathway_id, dtype: int64"
CNP0164563.4,"6    7
Name: pathway_id, dtype: int64"
CNP0248491.7,"6    7
Name: pathway_id, dtype: int64"
CNP0263478.2,"6    7
Name: pathway_id, dtype: int64"
CNP0160163.1,"Series([], Name: pathway_id, dtype: int64)"
CNP0075284.1,"Series([], Name: pathway_id, dtype: int64)"
CNP0370153.3,"Series([], Name: pathway_id, dtype: int64)"
CNP0155407.4,"0    1
Name: pathway_id, dtype: int64"
CNP0292610.2,"Series([], Name: pathway_id, dtype: int64)"
CNP0137587.5,"Series([], Name: pathway_id, dtype: int64)"
CNP0250856.0,"3    4
Name: pathway_id, dtype: int64"
CNP0222942.1,"6    7
Name: pathway_id, dtype: int64"
CNP0314415.2,"0    1
Name: pathway_id, dtype: int64"
CNP0314415.2,"1    2
Name: pathway_id, dtype: int64"
CNP0285361.1,"6    7
Name: pathway_id, dtype: int64"
CNP0172006.1,"Series([], Name: pathway_id, dtype: int64)"
CNP0216161.0,"Series([], Name: pathway_id, dtype: int64)"
CNP0219706.2,"Series([], Name: pathway_id, dtype: int64)"
CNP0210919.0,"6    7
Name: pathway_id, dtype: int64"
CNP0173562.1,"Series([], Name: pathway_id, dtype: int64)"
CNP0075167.1,"0    1
Name: pathway_id, dtype: int64"
CNP0075167.1,"6    7
Name: pathway_id, dtype: int64"
CNP0195602.1,"6    7
Name: pathway_id, dtype: int64"
CNP0282476.1,"6    7
Name: pathway_id, dtype: int64"
CNP0075045.1,"Series([], Name: pathway_id, dtype: int64)"
CNP0536368.1,"Series([], Name: pathway_id, dtype: int64)"
CNP0262237.1,"0    1
Name: pathway_id, dtype: int64"
CNP0507310.1,"6    7
Name: pathway_id, dtype: int64"
CNP0289925.2,"6    7
Name: pathway_id, dtype: int64"
CNP0582079.1,"6    7
Name: pathway_id, dtype: int64"
CNP0295182.1,"6    7
Name: pathway_id, dtype: int64"
CNP0149605.2,"6    7
Name: pathway_id, dtype: int64"
CNP0319861.1,"4    5
Name: pathway_id, dtype: int64"
CNP0226846.4,"6    7
Name: pathway_id, dtype: int64"
CNP0297286.0,"Series([], Name: pathway_id, dtype: int64)"
CNP0096879.1,"6    7
Name: pathway_id, dtype: int64"
CNP0259403.1,"6    7
Name: pathway_id, dtype: int64"
CNP0221370.1,"6    7
Name: pathway_id, dtype: int64"
CNP0230978.2,"6    7
Name: pathway_id, dtype: int64"
CNP0381465.4,"6    7
Name: pathway_id, dtype: int64"
CNP0294809.2,"6    7
Name: pathway_id, dtype: int64"
CNP0282729.4,"Series([], Name: pathway_id, dtype: int64)"
CNP0419666.0,"Series([], Name: pathway_id, dtype: int64)"
CNP0234550.1,"6    7
Name: pathway_id, dtype: int64"
CNP0260734.1,"6    7
Name: pathway_id, dtype: int64"
CNP0182900.1,"6    7
Name: pathway_id, dtype: int64"
CNP0259416.0,"Series([], Name: pathway_id, dtype: int64)"
CNP0269702.1,"6    7
Name: pathway_id, dtype: int64"
CNP0398482.1,"6    7
Name: pathway_id, dtype: int64"
CNP0215739.1,"6    7
Name: pathway_id, dtype: int64"
CNP0222275.2,"Series([], Name: pathway_id, dtype: int64)"
CNP0075196.1,"Series([], Name: pathway_id, dtype: int64)"
CNP0242521.0,"Series([], Name: pathway_id, dtype: int64)"
CNP0165134.4,"6    7
Name: pathway_id, dtype: int64"
CNP0309351.2,"6    7
Name: pathway_id, dtype: int64"
CNP0178344.1,"6    7
Name: pathway_id, dtype: int64"
CNP0396623.1,"6    7
Name: pathway_id, dtype: int64"
CNP0314910.1,"6    7
Name: pathway_id, dtype: int64"
CNP0155249.2,"6    7
Name: pathway_id, dtype: int64"
CNP0192007.12,"Series([], Name: pathway_id, dtype: int64)"
CNP0507743.0,"6    7
Name: pathway_id, dtype: int64"
CNP0258546.1,"6    7
Name: pathway_id, dtype: int64"
CNP0107173.1,"4    5
Name: pathway_id, dtype: int64"
CNP0312542.1,"6    7
Name: pathway_id, dtype: int64"
CNP0146216.1,"Series([], Name: pathway_id, dtype: int64)"
CNP0209297.3,"6    7
Name: pathway_id, dtype: int64"
CNP0215543.1,"6    7
Name: pathway_id, dtype: int64"
CNP0075254.1,"6    7
Name: pathway_id, dtype: int64"
CNP0283122.2,"0    1
Name: pathway_id, dtype: int64"
CNP0517218.1,"0    1
Name: pathway_id, dtype: int64"
CNP0214794.7,"0    1
Name: pathway_id, dtype: int64"
CNP0502593.1,"6    7
Name: pathway_id, dtype: int64"
CNP0163747.5,"6    7
Name: pathway_id, dtype: int64"
CNP0145919.0,"Series([], Name: pathway_id, dtype: int64)"
CNP0373108.0,"4    5
Name: pathway_id, dtype: int64"
CNP0233604.1,"0    1
Name: pathway_id, dtype: int64"
CNP0229414.1,"Series([], Name: pathway_id, dtype: int64)"
CNP0310796.1,"6    7
Name: pathway_id, dtype: int64"
CNP0313901.1,"Series([], Name: pathway_id, dtype: int64)"
CNP0287481.2,"Series([], Name: pathway_id, dtype: int64)"
CNP0182655.2,"6    7
Name: pathway_id, dtype: int64"
CNP0278180.1,"6    7
Name: pathway_id, dtype: int64"
CNP0173725.3,"6    7
Name: pathway_id, dtype: int64"
CNP0111905.2,"6    7
Name: pathway_id, dtype: int64"
CNP0104934.1,"4    5
Name: pathway_id, dtype: int64"
CNP0572849.1,"6    7
Name: pathway_id, dtype: int64"
CNP0147706.1,"Series([], Name: pathway_id, dtype: int64)"
CNP0224526.0,"6    7
Name: pathway_id, dtype: int64"
CNP0140165.10,"3    4
Name: pathway_id, dtype: int64"
CNP0299042.3,"0    1
Name: pathway_id, dtype: int64"
CNP0235187.2,"Series([], Name: pathway_id, dtype: int64)"
CNP0280636.6,"6    7
Name: pathway_id, dtype: int64"
CNP0271696.1,"6    7
Name: pathway_id, dtype: int64"
CNP0149895.1,"Series([], Name: pathway_id, dtype: int64)"
CNP0288430.5,"6    7
Name: pathway_id, dtype: int64"
CNP0163062.2,"6    7
Name: pathway_id, dtype: int64"
CNP0138352.1,"6    7
Name: pathway_id, dtype: int64"
CNP0249408.3,"Series([], Name: pathway_id, dtype: int64)"
CNP0295010.1,"6    7
Name: pathway_id, dtype: int64"
CNP0273964.4,"6    7
Name: pathway_id, dtype: int64"
CNP0281790.3,"6    7
Name: pathway_id, dtype: int64"
CNP0075191.1,"6    7
Name: pathway_id, dtype: int64"
CNP0141543.4,"4    5
Name: pathway_id, dtype: int64"
CNP0075385.1,"Series([], Name: pathway_id, dtype: int64)"
CNP0075027.1,"6    7
Name: pathway_id, dtype: int64"
CNP0283911.1,"6    7
Name: pathway_id, dtype: int64"
CNP0276743.0,"4    5
Name: pathway_id, dtype: int64"
CNP0360832.0,"0    1
Name: pathway_id, dtype: int64"
CNP0268073.2,"Series([], Name: pathway_id, dtype: int64)"
CNP0075035.1,"6    7
Name: pathway_id, dtype: int64"
CNP0154935.1,"6    7
Name: pathway_id, dtype: int64"
CNP0227109.1,"Series([], Name: pathway_id, dtype: int64)"
CNP0120761.5,"Series([], Name: pathway_id, dtype: int64)"
CNP0165612.1,"6    7
Name: pathway_id, dtype: int64"
CNP0320469.1,"1    2
Name: pathway_id, dtype: int64"
CNP0199336.1,"6    7
Name: pathway_id, dtype: int64"
CNP0262108.0,"Series([], Name: pathway_id, dtype: int64)"
CNP0277786.1,"6    7
Name: pathway_id, dtype: int64"
CNP0229850.0,"4    5
Name: pathway_id, dtype: int64"
CNP0220939.3,"Series([], Name: pathway_id, dtype: int64)"
CNP0313528.1,"6    7
Name: pathway_id, dtype: int64"
CNP0140376.1,"6    7
Name: pathway_id, dtype: int64"
CNP0501082.1,"6    7
Name: pathway_id, dtype: int64"
CNP0302387.1,"Series([], Name: pathway_id, dtype: int64)"
CNP0238948.8,"6    7
Name: pathway_id, dtype: int64"
CNP0162787.0,"Series([], Name: pathway_id, dtype: int64)"
CNP0307450.2,"6    7
Name: pathway_id, dtype: int64"
CNP0199535.1,"Series([], Name: pathway_id, dtype: int64)"
CNP0075207.1,"6    7
Name: pathway_id, dtype: int64"
CNP0200256.2,"6    7
Name: pathway_id, dtype: int64"
CNP0110385.1,"6    7
Name: pathway_id, dtype: int64"
CNP0421210.3,"6    7
Name: pathway_id, dtype: int64"
CNP0074968.1,"6    7
Name: pathway_id, dtype: int64"
CNP0133406.9,"6    7
Name: pathway_id, dtype: int64"
CNP0154003.3,"Series([], Name: pathway_id, dtype: int64)"
CNP0340299.1,"Series([], Name: pathway_id, dtype: int64)"
CNP0164563.12,"6    7
Name: pathway_id, dtype: int64"
CNP0275080.3,"6    7
Name: pathway_id, dtype: int64"
CNP0255031.1,"6    7
Name: pathway_id, dtype: int64"
CNP0569007.1,"Series([], Name: pathway_id, dtype: int64)"
CNP0146333.0,"0    1
Name: pathway_id, dtype: int64"
CNP0222708.1,"6    7
Name: pathway_id, dtype: int64"
CNP0230787.1,"6    7
Name: pathway_id, dtype: int64"
CNP0154452.3,"6    7
Name: pathway_id, dtype: int64"
CNP0320511.0,"0    1
Name: pathway_id, dtype: int64"
CNP0379198.0,"Series([], Name: pathway_id, dtype: int64)"
CNP0348617.2,"6    7
Name: pathway_id, dtype: int64"
CNP0166711.1,"6    7
Name: pathway_id, dtype: int64"
CNP0546360.1,"6    7
Name: pathway_id, dtype: int64"
CNP0211593.0,"4    5
Name: pathway_id, dtype: int64"
CNP0160217.0,"Series([], Name: pathway_id, dtype: int64)"
CNP0215187.13,"6    7
Name: pathway_id, dtype: int64"
CNP0307242.1,"6    7
Name: pathway_id, dtype: int64"
CNP0414135.1,"6    7
Name: pathway_id, dtype: int64"
CNP0212937.4,"Series([], Name: pathway_id, dtype: int64)"
CNP0355920.2,"6    7
Name: pathway_id, dtype: int64"
CNP0246919.0,"3    4
Name: pathway_id, dtype: int64"
CNP0160636.1,"6    7
Name: pathway_id, dtype: int64"
CNP0075468.1,"6    7
Name: pathway_id, dtype: int64"
CNP0118904.2,"0    1
Name: pathway_id, dtype: int64"
CNP0205063.4,"Series([], Name: pathway_id, dtype: int64)"
CNP0119375.1,"Series([], Name: pathway_id, dtype: int64)"
CNP0426655.2,"Series([], Name: pathway_id, dtype: int64)"
CNP0257997.1,"6    7
Name: pathway_id, dtype: int64"
CNP0176199.2,"0    1
Name: pathway_id, dtype: int64"
CNP0362902.5,"Series([], Name: pathway_id, dtype: int64)"
CNP0218674.4,"Series([], Name: pathway_id, dtype: int64)"
CNP0075462.1,"6    7
Name: pathway_id, dtype: int64"
CNP0245019.0,"Series([], Name: pathway_id, dtype: int64)"
CNP0286100.0,"Series([], Name: pathway_id, dtype: int64)"
CNP0168729.1,"6    7
Name: pathway_id, dtype: int64"
CNP0286095.1,"Series([], Name: pathway_id, dtype: int64)"
CNP0250013.0,"4    5
Name: pathway_id, dtype: int64"
CNP0074936.1,"6    7
Name: pathway_id, dtype: int64"
CNP0207495.7,"6    7
Name: pathway_id, dtype: int64"
CNP0255161.0,"Series([], Name: pathway_id, dtype: int64)"
CNP0219935.1,"6    7
Name: pathway_id, dtype: int64"
CNP0167643.2,"Series([], Name: pathway_id, dtype: int64)"
CNP0155660.0,"4    5
Name: pathway_id, dtype: int64"
CNP0293853.0,"Series([], Name: pathway_id, dtype: int64)"
CNP0259981.4,"6    7
Name: pathway_id, dtype: int64"
CNP0173877.15,"6    7
Name: pathway_id, dtype: int64"
CNP0184577.5,"6    7
Name: pathway_id, dtype: int64"
CNP0175245.1,"0    1
Name: pathway_id, dtype: int64"
CNP0200134.1,"Series([], Name: pathway_id, dtype: int64)"
CNP0123188.1,"6    7
Name: pathway_id, dtype: int64"
CNP0107664.1,"Series([], Name: pathway_id, dtype: int64)"
CNP0187177.5,"0    1
Name: pathway_id, dtype: int64"
CNP0424004.2,"Series([], Name: pathway_id, dtype: int64)"
CNP0076017.0,"Series([], Name: pathway_id, dtype: int64)"
CNP0225752.3,"6    7
Name: pathway_id, dtype: int64"
CNP0331379.1,"6    7
Name: pathway_id, dtype: int64"
CNP0087519.0,"3    4
Name: pathway_id, dtype: int64"
CNP0087519.0,"6    7
Name: pathway_id, dtype: int64"
CNP0169393.1,"6    7
Name: pathway_id, dtype: int64"
CNP0187045.1,"6    7
Name: pathway_id, dtype: int64"
CNP0302472.1,"0    1
Name: pathway_id, dtype: int64"
CNP0249182.2,"0    1
Name: pathway_id, dtype: int64"
CNP0249182.2,"4    5
Name: pathway_id, dtype: int64"
CNP0075209.1,"Series([], Name: pathway_id, dtype: int64)"
CNP0601984.1,"Series([], Name: pathway_id, dtype: int64)"
CNP0403068.2,"6    7
Name: pathway_id, dtype: int64"
CNP0187990.1,"6    7
Name: pathway_id, dtype: int64"
CNP0546541.1,"6    7
Name: pathway_id, dtype: int64"
CNP0164136.3,"Series([], Name: pathway_id, dtype: int64)"
CNP0402619.0,"3    4
Name: pathway_id, dtype: int64"
CNP0159861.1,"6    7
Name: pathway_id, dtype: int64"
CNP0289159.0,"4    5
Name: pathway_id, dtype: int64"
CNP0355265.6,"Series([], Name: pathway_id, dtype: int64)"
CNP0214199.1,"3    4
Name: pathway_id, dtype: int64"
CNP0312965.1,"6    7
Name: pathway_id, dtype: int64"
CNP0159741.0,"Series([], Name: pathway_id, dtype: int64)"
CNP0279481.0,"0    1
Name: pathway_id, dtype: int64"
CNP0157562.1,"0    1
Name: pathway_id, dtype: int64"
CNP0222788.0,"0    1
Name: pathway_id, dtype: int64"
CNP0298713.0,"Series([], Name: pathway_id, dtype: int64)"
CNP0324502.1,"6    7
Name: pathway_id, dtype: int64"
CNP0197732.2,"6    7
Name: pathway_id, dtype: int64"
CNP0133345.3,"6    7
Name: pathway_id, dtype: int64"
CNP0172835.1,"0    1
Name: pathway_id, dtype: int64"
CNP0172835.1,"6    7
Name: pathway_id, dtype: int64"
CNP0314566.0,"Series([], Name: pathway_id, dtype: int64)"
CNP0170502.1,"6    7
Name: pathway_id, dtype: int64"
CNP0074927.1,"6    7
Name: pathway_id, dtype: int64"
CNP0153162.1,"6    7
Name: pathway_id, dtype: int64"
CNP0172010.7,"6    7
Name: pathway_id, dtype: int64"
CNP0075066.1,"6    7
Name: pathway_id, dtype: int64"
CNP0376583.1,"Series([], Name: pathway_id, dtype: int64)"
CNP0197664.3,"Series([], Name: pathway_id, dtype: int64)"
CNP0144354.3,"6    7
Name: pathway_id, dtype: int64"
CNP0244470.3,"6    7
Name: pathway_id, dtype: int64"
CNP0202219.2,"6    7
Name: pathway_id, dtype: int64"
CNP0210019.2,"6    7
Name: pathway_id, dtype: int64"
CNP0168809.3,"6    7
Name: pathway_id, dtype: int64"
CNP0262195.2,"6    7
Name: pathway_id, dtype: int64"
CNP0307207.1,"6    7
Name: pathway_id, dtype: int64"
CNP0276319.0,"3    4
Name: pathway_id, dtype: int64"
CNP0277448.1,"6    7
Name: pathway_id, dtype: int64"
CNP0146705.1,"6    7
Name: pathway_id, dtype: int64"
CNP0290369.4,"0    1
Name: pathway_id, dtype: int64"
CNP0197754.1,"6    7
Name: pathway_id, dtype: int64"
CNP0145828.1,"0    1
Name: pathway_id, dtype: int64"
CNP0242126.1,"6    7
Name: pathway_id, dtype: int64"
CNP0258822.2,"6    7
Name: pathway_id, dtype: int64"
CNP0269894.1,"4    5
Name: pathway_id, dtype: int64"
CNP0513618.1,"6    7
Name: pathway_id, dtype: int64"
CNP0552276.1,"Series([], Name: pathway_id, dtype: int64)"
CNP0222584.3,"Series([], Name: pathway_id, dtype: int64)"
CNP0190948.1,"2    3
Name: pathway_id, dtype: int64"
CNP0296991.1,"Series([], Name: pathway_id, dtype: int64)"
CNP0499203.0,"4    5
Name: pathway_id, dtype: int64"
CNP0116758.1,"Series([], Name: pathway_id, dtype: int64)"
CNP0255316.1,"6    7
Name: pathway_id, dtype: int64"
CNP0232177.1,"Series([], Name: pathway_id, dtype: int64)"
CNP0075301.1,"Series([], Name: pathway_id, dtype: int64)"
CNP0414756.1,"Series([], Name: pathway_id, dtype: int64)"
CNP0226955.1,"Series([], Name: pathway_id, dtype: int64)"
CNP0234502.11,"0    1
Name: pathway_id, dtype: int64"
CNP0201485.2,"6    7
Name: pathway_id, dtype: int64"
CNP0221078.2,"6    7
Name: pathway_id, dtype: int64"
CNP0187230.1,"6    7
Name: pathway_id, dtype: int64"
CNP0075107.1,"Series([], Name: pathway_id, dtype: int64)"
CNP0219456.0,"0    1
Name: pathway_id, dtype: int64"
CNP0249544.1,"6    7
Name: pathway_id, dtype: int64"
CNP0131604.5,"6    7
Name: pathway_id, dtype: int64"
CNP0074944.0,"3    4
Name: pathway_id, dtype: int64"
CNP0236370.1,"6    7
Name: pathway_id, dtype: int64"
CNP0413232.3,"Series([], Name: pathway_id, dtype: int64)"
CNP0353634.0,"4    5
Name: pathway_id, dtype: int64"
CNP0291589.1,"6    7
Name: pathway_id, dtype: int64"
CNP0075041.1,"6    7
Name: pathway_id, dtype: int64"
CNP0360205.1,"3    4
Name: pathway_id, dtype: int64"
CNP0274815.1,"6    7
Name: pathway_id, dtype: int64"
CNP0244076.1,"6    7
Name: pathway_id, dtype: int64"
CNP0075362.1,"6    7
Name: pathway_id, dtype: int64"
CNP0078599.2,"Series([], Name: pathway_id, dtype: int64)"
CNP0247203.1,"0    1
Name: pathway_id, dtype: int64"
CNP0155859.1,"1    2
Name: pathway_id, dtype: int64"
CNP0321478.2,"6    7
Name: pathway_id, dtype: int64"
CNP0262717.2,"6    7
Name: pathway_id, dtype: int64"
CNP0214931.0,"Series([], Name: pathway_id, dtype: int64)"
CNP0210398.15,"6    7
Name: pathway_id, dtype: int64"
CNP0494717.1,"Series([], Name: pathway_id, dtype: int64)"
CNP0394226.2,"0    1
Name: pathway_id, dtype: int64"
CNP0199476.3,"6    7
Name: pathway_id, dtype: int64"
CNP0176657.1,"6    7
Name: pathway_id, dtype: int64"
CNP0497254.0,"0    1
Name: pathway_id, dtype: int64"
CNP0497254.0,"Series([], Name: pathway_id, dtype: int64)"
CNP0575757.1,"6    7
Name: pathway_id, dtype: int64"
CNP0259981.1,"6    7
Name: pathway_id, dtype: int64"
CNP0332039.0,"Series([], Name: pathway_id, dtype: int64)"
CNP0268945.1,"Series([], Name: pathway_id, dtype: int64)"
CNP0289498.0,"0    1
Name: pathway_id, dtype: int64"
CNP0309047.0,"4    5
Name: pathway_id, dtype: int64"
CNP0579162.0,"4    5
Name: pathway_id, dtype: int64"
CNP0185128.2,"Series([], Name: pathway_id, dtype: int64)"
CNP0311974.5,"6    7
Name: pathway_id, dtype: int64"
CNP0602936.1,"6    7
Name: pathway_id, dtype: int64"
CNP0075114.2,"6    7
Name: pathway_id, dtype: int64"
CNP0293303.2,"3    4
Name: pathway_id, dtype: int64"
CNP0212855.2,"6    7
Name: pathway_id, dtype: int64"
CNP0306395.1,"Series([], Name: pathway_id, dtype: int64)"
CNP0192269.1,"Series([], Name: pathway_id, dtype: int64)"
CNP0102703.1,"6    7
Name: pathway_id, dtype: int64"
CNP0308550.1,"Series([], Name: pathway_id, dtype: int64)"
CNP0284102.3,"6    7
Name: pathway_id, dtype: int64"
CNP0135066.1,"Series([], Name: pathway_id, dtype: int64)"
CNP0205063.1,"Series([], Name: pathway_id, dtype: int64)"
CNP0296841.1,"6    7
Name: pathway_id, dtype: int64"
CNP0576257.0,"4    5
Name: pathway_id, dtype: int64"
CNP0370734.1,"6    7
Name: pathway_id, dtype: int64"
CNP0271618.1,"6    7
Name: pathway_id, dtype: int64"
CNP0331326.2,"6    7
Name: pathway_id, dtype: int64"
CNP0075453.1,"6    7
Name: pathway_id, dtype: int64"
CNP0075226.1,"6    7
Name: pathway_id, dtype: int64"
CNP0375866.1,"6    7
Name: pathway_id, dtype: int64"
CNP0323674.2,"Series([], Name: pathway_id, dtype: int64)"
CNP0407775.8,"6    7
Name: pathway_id, dtype: int64"
CNP0249719.0,"Series([], Name: pathway_id, dtype: int64)"
CNP0309162.0,"Series([], Name: pathway_id, dtype: int64)"
CNP0176003.4,"6    7
Name: pathway_id, dtype: int64"
CNP0191535.1,"6    7
Name: pathway_id, dtype: int64"
CNP0307038.2,"3    4
Name: pathway_id, dtype: int64"
CNP0304814.2,"6    7
Name: pathway_id, dtype: int64"
CNP0118829.1,"6    7
Name: pathway_id, dtype: int64"
CNP0185631.5,"Series([], Name: pathway_id, dtype: int64)"
CNP0254986.1,"6    7
Name: pathway_id, dtype: int64"
CNP0137185.1,"6    7
Name: pathway_id, dtype: int64"
CNP0111199.1,"6    7
Name: pathway_id, dtype: int64"
CNP0075364.1,"6    7
Name: pathway_id, dtype: int64"
CNP0234689.1,"4    5
Name: pathway_id, dtype: int64"
CNP0202525.7,"0    1
Name: pathway_id, dtype: int64"
CNP0113041.0,"Series([], Name: pathway_id, dtype: int64)"
CNP0235798.2,"Series([], Name: pathway_id, dtype: int64)"
CNP0131061.6,"6    7
Name: pathway_id, dtype: int64"
CNP0376000.0,"Series([], Name: pathway_id, dtype: int64)"
CNP0126864.1,"6    7
Name: pathway_id, dtype: int64"
CNP0309085.1,"Series([], Name: pathway_id, dtype: int64)"
CNP0276946.0,"0    1
Name: pathway_id, dtype: int64"
CNP0326374.0,"Series([], Name: pathway_id, dtype: int64)"
CNP0564678.0,"3    4
Name: pathway_id, dtype: int64"
CNP0485575.1,"6    7
Name: pathway_id, dtype: int64"
CNP0224569.4,"6    7
Name: pathway_id, dtype: int64"
CNP0158726.1,"6    7
Name: pathway_id, dtype: int64"
CNP0318697.1,"6    7
Name: pathway_id, dtype: int64"
CNP0268959.0,"Series([], Name: pathway_id, dtype: int64)"
CNP0135971.0,"0    1
Name: pathway_id, dtype: int64"
CNP0564411.1,"6    7
Name: pathway_id, dtype: int64"
CNP0217785.1,"0    1
Name: pathway_id, dtype: int64"
CNP0217785.1,"6    7
Name: pathway_id, dtype: int64"
CNP0173901.1,"6    7
Name: pathway_id, dtype: int64"
CNP0210130.11,"Series([], Name: pathway_id, dtype: int64)"
CNP0225141.1,"Series([], Name: pathway_id, dtype: int64)"
CNP0245878.2,"Series([], Name: pathway_id, dtype: int64)"
CNP0105794.0,"4    5
Name: pathway_id, dtype: int64"
CNP0259906.1,"6    7
Name: pathway_id, dtype: int64"
CNP0299552.1,"6    7
Name: pathway_id, dtype: int64"
CNP0224929.6,"0    1
Name: pathway_id, dtype: int64"
CNP0141668.0,"4    5
Name: pathway_id, dtype: int64"
CNP0301421.1,"Series([], Name: pathway_id, dtype: int64)"
CNP0541363.0,"4    5
Name: pathway_id, dtype: int64"
CNP0576244.1,"6    7
Name: pathway_id, dtype: int64"
CNP0207839.4,"6    7
Name: pathway_id, dtype: int64"
CNP0304922.1,"6    7
Name: pathway_id, dtype: int64"
CNP0117949.0,"4    5
Name: pathway_id, dtype: int64"
CNP0371579.2,"6    7
Name: pathway_id, dtype: int64"
CNP0307404.2,"0    1
Name: pathway_id, dtype: int64"
CNP0146467.1,"6    7
Name: pathway_id, dtype: int64"
CNP0165929.1,"6    7
Name: pathway_id, dtype: int64"
CNP0253880.1,"6    7
Name: pathway_id, dtype: int64"
CNP0282698.2,"Series([], Name: pathway_id, dtype: int64)"
CNP0346553.5,"6    7
Name: pathway_id, dtype: int64"
CNP0180820.2,"0    1
Name: pathway_id, dtype: int64"
CNP0163591.2,"6    7
Name: pathway_id, dtype: int64"
CNP0248228.2,"Series([], Name: pathway_id, dtype: int64)"
CNP0346259.2,"6    7
Name: pathway_id, dtype: int64"
CNP0548479.2,"6    7
Name: pathway_id, dtype: int64"
CNP0543513.1,"6    7
Name: pathway_id, dtype: int64"
CNP0396174.1,"4    5
Name: pathway_id, dtype: int64"
CNP0127115.0,"Series([], Name: pathway_id, dtype: int64)"
CNP0407964.3,"Series([], Name: pathway_id, dtype: int64)"
CNP0229366.2,"6    7
Name: pathway_id, dtype: int64"
CNP0284181.1,"Series([], Name: pathway_id, dtype: int64)"
CNP0155881.1,"6    7
Name: pathway_id, dtype: int64"
CNP0221949.2,"Series([], Name: pathway_id, dtype: int64)"
CNP0180584.13,"6    7
Name: pathway_id, dtype: int64"
CNP0172039.6,"6    7
Name: pathway_id, dtype: int64"
CNP0565033.1,"6    7
Name: pathway_id, dtype: int64"
CNP0546357.0,"0    1
Name: pathway_id, dtype: int64"
CNP0142143.1,"6    7
Name: pathway_id, dtype: int64"
CNP0143149.3,"6    7
Name: pathway_id, dtype: int64"
CNP0250042.1,"6    7
Name: pathway_id, dtype: int64"
CNP0211821.15,"Series([], Name: pathway_id, dtype: int64)"
CNP0190810.2,"6    7
Name: pathway_id, dtype: int64"
CNP0584482.1,"6    7
Name: pathway_id, dtype: int64"
CNP0258008.1,"Series([], Name: pathway_id, dtype: int64)"
CNP0307241.1,"1    2
Name: pathway_id, dtype: int64"
CNP0547297.0,"Series([], Name: pathway_id, dtype: int64)"
CNP0203651.6,"6    7
Name: pathway_id, dtype: int64"
CNP0075173.0,"4    5
Name: pathway_id, dtype: int64"
CNP0210081.0,"4    5
Name: pathway_id, dtype: int64"
CNP0242498.1,"Series([], Name: pathway_id, dtype: int64)"
CNP0418004.0,"4    5
Name: pathway_id, dtype: int64"
CNP0238680.1,"Series([], Name: pathway_id, dtype: int64)"
CNP0147306.1,"6    7
Name: pathway_id, dtype: int64"
CNP0255010.2,"6    7
Name: pathway_id, dtype: int64"
CNP0112595.2,"6    7
Name: pathway_id, dtype: int64"
CNP0214511.2,"6    7
Name: pathway_id, dtype: int64"
CNP0311663.3,"Series([], Name: pathway_id, dtype: int64)"
CNP0405273.3,"Series([], Name: pathway_id, dtype: int64)"
CNP0359672.2,"6    7
Name: pathway_id, dtype: int64"
CNP0108822.1,"4    5
Name: pathway_id, dtype: int64"
CNP0209477.1,"Series([], Name: pathway_id, dtype: int64)"
CNP0194530.10,"Series([], Name: pathway_id, dtype: int64)"
CNP0138187.4,"Series([], Name: pathway_id, dtype: int64)"
CNP0320149.1,"6    7
Name: pathway_id, dtype: int64"
CNP0197786.1,"6    7
Name: pathway_id, dtype: int64"
CNP0182112.4,"6    7
Name: pathway_id, dtype: int64"
CNP0261740.1,"4    5
Name: pathway_id, dtype: int64"
CNP0118482.1,"Series([], Name: pathway_id, dtype: int64)"
CNP0286108.4,"6    7
Name: pathway_id, dtype: int64"
CNP0166529.0,"0    1
Name: pathway_id, dtype: int64"
CNP0075465.1,"6    7
Name: pathway_id, dtype: int64"
CNP0075507.1,"6    7
Name: pathway_id, dtype: int64"
CNP0120853.1,"0    1
Name: pathway_id, dtype: int64"
CNP0406505.0,"Series([], Name: pathway_id, dtype: int64)"
CNP0327272.3,"6    7
Name: pathway_id, dtype: int64"
CNP0224929.3,"0    1
Name: pathway_id, dtype: int64"
CNP0259163.2,"Series([], Name: pathway_id, dtype: int64)"
CNP0116706.1,"6    7
Name: pathway_id, dtype: int64"
CNP0268715.1,"Series([], Name: pathway_id, dtype: int64)"
CNP0159086.0,"4    5
Name: pathway_id, dtype: int64"
CNP0172010.1,"6    7
Name: pathway_id, dtype: int64"
CNP0153992.2,"6    7
Name: pathway_id, dtype: int64"
CNP0271512.1,"Series([], Name: pathway_id, dtype: int64)"
CNP0193057.1,"Series([], Name: pathway_id, dtype: int64)"
