inchi_key,cids
IQAWVYINTAIBSH-POVWYJMBSA-N,162867362.0
MIJYXULNPSFWEK-YOQSOQNOSA-N,11655458.0
GGOJRYWHKVYFQK-BIWMIDHDSA-N,385737.0
ITCLZCQAYVLWPY-LDTNTTFZSA-N,44584017.0
ZILVNWQDAWWXCU-FCCPFWGBSA-N,163003024.0
OQUXSJDSDHAMOY-TZIWHRDSSA-N,44575274.0
RKJOFPQXRCCVLF-UHFFFAOYSA-N,122206493.0
CIPXOJHYPOCFSV-RWGANMMZSA-N,15959354.0
CHSHRZREHDMNAY-ISGYFWRUSA-N,162935843.0
DGJMPUGMZIKDRO-UHFFFAOYSA-N,7898.0
PHEWILLIAJUBQE-LFXZADKFSA-N,14704554.0
CAHGCLMLTWQZNJ-WZLOIPHISA-N,441678.0
VKZMZDFCRUHZNI-UHFFFAOYSA-N,5281630.0
NHFRPJOFIIVAEB-AQTBKIRRSA-N,102469379.0
HTRWDRPXGPNFAE-KDNWRJNNSA-N,162817450.0
ODVSJFWWHXUHJP-HYALVKKASA-N,163040319.0
DMXHXBGUNHLMQO-VVDUVEGASA-N,163008950.0
CFVDWETUWOVTAN-KGSVEASRSA-N,
JLYPCVMYPPXIDO-JUGURZMSSA-N,46844882.0
ZEWOIAUBFARIND-WXHBLRKFSA-N,163044905.0
ATWFGCRPHGGEQP-BZDSGMRHSA-N,101248755.0
SBEPSCJFOSFEPL-JVRFTMPWSA-N,44259341.0
LMNRGRFQEDPBIF-DIPFLXFMSA-N,101517209.0
HVAVUZLEYSAYGE-UXOAXIEHSA-N,21593552.0
YKFLAYDHMOASIY-UHFFFAOYSA-N,7461.0
VIJJWHNVAFSCLB-VPTCZNJJSA-N,162817145.0
QYDZDLCERJLVOK-LRJNHNEYSA-N,6442949.0
LLPYDSMSNNUQCD-XBYDQYMBSA-N,6442916.0
RIGGEAZDTKMXSI-CUHSZNQNSA-N,10447175.0
BSEUVBISSZPVKT-VWTWQKNVSA-N,
BPLQKQKXWHCZSS-UHFFFAOYSA-N,10248.0
AUFQZNLYPNBSRV-FQHKNELOSA-N,101192570.0
PWSUYVPATIVWCL-TYURWWHESA-N,14021404.0
JKWCMFFAFBMEMW-UHFFFAOYSA-N,102138994.0
LZDCVIUKAHOBOO-RTPXSMORSA-N,73054320.0
KIMDVVKVNNSHGZ-UHFFFAOYSA-N,5281814.0
KZIADLALQLRZIQ-RXFYRGCNSA-N,10245246.0
KLAOKWJLUQKWIF-UHFFFAOYSA-N,97214.0
AWNULKZWGIHZJH-ZUPWUQBJSA-N,102316529.0
MCEZMEUDXFRABM-UHFFFAOYSA-N,44521557.0
MAUDJFZRMGWDAY-UHFFFAOYSA-N,
JVXZRQGOGOXCEC-UHFFFAOYSA-N,5281697.0
YIIIRKNNSIHWMJ-OBSOAVOYSA-N,
HOVAGTYPODGVJG-ZYNSJIGGSA-N,6997328.0
UQLYMCXRTDACLV-UHFFFAOYSA-N,162994956.0
QWQBHSVBSAZDQN-UHFFFAOYSA-N,138455241.0
FJOFVCSAFYIQEB-DJZRFWRSSA-N,162978563.0
UAMQTTPOILAAME-RWXZNNAISA-N,163195394.0
SGVSEKHMHFZOGM-SXHSIWHZSA-N,162928294.0
FMFCFFOLQZZBDX-INIZCTEOSA-N,101584233.0
KCLUDPMNXPYXIZ-LOIYTUIVSA-N,
NADGBBLSBLDJEH-NEPJUHHUSA-N,6427503.0
CHDDYPARQRCBSM-WGMGUUHVSA-N,15699305.0
HRLFUIXSXUASEX-QDGJQWLKSA-N,167452.0
AMASMQWBGMKOFH-UHFFFAOYSA-N,85926407.0
OFWDPOZCVBLOIH-UHFFFAOYSA-N,162846385.0
OHVLVQZSSLHFMS-UHFFFAOYSA-N,10466390.0
OSTCLUSJTWXHEU-UHFFFAOYSA-N,24766569.0
HCISIQALOMLBND-IBLYRPOOSA-N,162835329.0
VHLZJIBDJSOIAT-UHFFFAOYSA-N,44575275.0
XOSSQCKBQAOHEZ-XOJNGUAZSA-N,162816920.0
GCTHJJODZWGWQS-XOSGAOPRSA-N,162977448.0
RHXIBAWFWWTION-BBMKJJDCSA-N,162882924.0
CXCYCFDGKJSNIJ-UHFFFAOYSA-N,90437593.0
AVQARFHINIEEIO-PBLVUODPSA-N,162852120.0
PJGXBSCTZLDUJY-PPAXCSNISA-N,163006665.0
ZRLMJVXNRUJUSI-GQCTYLIASA-N,
OPNKSPPKQUMBSL-ZMVLXVBASA-N,101114181.0
UFLHIIWVXFIJGU-ARJAWSKDSA-N,5281167.0
BRVXVMOWTHQKHC-NHTJSLHDSA-N,6440619.0
HPDHKHMHQGCNPE-QLJRNOHWSA-N,5281752.0
TZOCNNYAQORZLV-UHFFFAOYSA-N,162849902.0
KCLKOOIYAAERJD-IVDWBNGSSA-N,10309067.0
INZJGLGPSGHIGY-UHFFFAOYSA-N,25064624.0
SOKRNBGSNZXYIO-GEWJJWOZSA-N,101316848.0
ZICGJBPBLVXOBM-MITUEXOSSA-N,12302371.0
UEVKJUWORXCMBU-VOTSOKGWSA-N,
FXXFDXIHVTUMKG-RWPFOECKSA-N,162817625.0
DBZKCUWFRLLAMD-LBLNHHSSSA-N,162978397.0
ZBAXJUPCYVIBSP-UHFFFAOYSA-N,97960.0
BPHIWZWKPGDBFM-KYLVEWQQSA-N,
FZSNATXOGRAOIL-UHFFFAOYSA-N,7010318.0
PDFFNVIOJNUWTC-UHFFFAOYSA-N,71391887.0
DOCGNXPQHQXHJE-BEKLCXBBSA-N,
YDQIRODFTJGGMP-UHFFFAOYSA-N,420552.0
LCIXCHCKTZRXMH-UHFFFAOYSA-N,14539329.0
LZWQMJKDWBMYDJ-VRKXSDEHSA-N,163013002.0
RUDILYVZCUZXBH-RBUKOAKNSA-N,101584237.0
AJRWAVGXZFZZSG-BBDBBVEMSA-N,162976244.0
DOFJNFPSMUCECH-UHFFFAOYSA-N,358832.0
BEPIETOFKOVIFA-JSFUQZLZSA-N,
YDLNPEQLLBJXBA-XITCCLNHSA-N,14633234.0
LBIQJQUFSJKHIO-JFXBYULDSA-N,
SUJYKRDHFVJLFT-CADLGUROSA-N,101259326.0
CKAHWDNDUGDSLE-ARLBYUKCSA-N,443689.0
YZMYUSLXATVAEH-ODUXSGENSA-N,162939891.0
ZGTJRNKRQGVDST-CRDRRFEFSA-N,102408127.0
ITNGAGQTULAZRA-STBLJEOWSA-N,162817478.0
XPEVLOSUULAUFH-QOAKHUDCSA-N,455330.0
LFGJCJVUOXLYQA-CTQJHBNESA-N,162817496.0
RQMAFIGPECAUTA-SRLTZWDQSA-N,21579179.0
OCNYGKNIVPVPPX-HWKANZROSA-N,689075.0
FSLPMRQHCOLESF-SFMCKYFRSA-N,73170.0
XZRVRYFILCSYSP-OAHLLOKOSA-N,10104370.0
CNVZJPUDSLNTQU-SEYXRHQNSA-N,5281125.0
BVBDSKMFBNDVTM-KWDVGDNWSA-N,162817023.0
LLPYDSMSNNUQCD-OLECEOLFSA-N,14194089.0
BDHQMRXFDYJGII-IHHVCWBRSA-N,139585989.0
SWSXELQHTSGROU-XNOAKYPBSA-N,10985398.0
ANJTVLIZGCUXLD-DTWKUNHWSA-N,10235.0
XHPUGIGTDBEOQX-UHFFFAOYSA-N,13831735.0
KHSCYOFDKADJDJ-NQLMQOPMSA-N,119093.0
PCMORTLOPMLEFB-ONEGZZNKSA-N,637775.0
DDIISBOPYNGSCV-NFLJZBCPSA-N,91748044.0
NAVPGMZDCRNXQS-GMUQWCIUSA-N,163102386.0
UKMSUNONTOPOIO-UHFFFAOYSA-N,8215.0
ANKYEGIHRFWHIP-UHFFFAOYSA-N,639275.0
OLOOJGVNMBJLLR-UHFFFAOYSA-N,10212.0
BHIIMRBCELSOFD-UHFFFAOYSA-N,5385091.0
URSUMOWUGDXZHU-UHFFFAOYSA-N,96118.0
WQCFPYAJTXOZMT-KRWDZBQOSA-N,16737249.0
CITSACKBUNOFCC-SIVRJKEBSA-N,71501590.0
KNLQOXOBGHPAKT-BCUYAYFDSA-N,101243071.0
BOTJWYJRJNGWNY-PHYWWMGLSA-N,162817342.0
AULWDENWMBJIIQ-NGTUJAPCSA-N,162939077.0
WFMPBYKDVOTCEI-BVGQSLNGSA-N,101711019.0
PECBKFURXWMWOB-HLQDBOLLSA-N,162816881.0
IIMQPWGEANYNIW-UHFFFAOYSA-N,101177416.0
MFHUSFRUEBKKNJ-QRTUWBSPSA-N,86302418.0
WBYWAXJHAXSJNI-VOTSOKGWSA-N,444539.0
ZEGGZNOPAPRAIG-SPFKKGSWSA-N,5316128.0
VCKHKFVWKVWGMH-HSQINTTRSA-N,44258392.0
PZKISQRTNNHUGF-OACYRQNASA-N,6420079.0
IYRXGHQWARDYRT-UHFFFAOYSA-N,10093576.0
FRPZMMHWLSIFAZ-UHFFFAOYSA-N,5634.0
KGMSWPSAVZAMKR-ONCXSQPRSA-N,221118.0
WKKJGHCXVKEJNU-ZSAUSMIDSA-N,10421723.0
QFCZAZIEGZQUIA-KJZBXJTCSA-N,163082908.0
BOIMTDWNHXLGBB-FJOWKMTASA-N,163044313.0
RRPAUYJABCIHOM-YIMXGHOLSA-N,163000659.0
UBPWASPNRWXDEI-UHJNRKMWSA-N,10367373.0
QXHMPIGPMUUTTM-BWMOGTIPSA-N,162817370.0
AHKAJNLWAZYDIO-LNXXMYGKSA-N,100918313.0
QDVIEIMMEUCFMW-IMVLGZNNSA-N,131753146.0
BIIDYFNATFTPQL-OXGXWMBYSA-N,102341107.0
AFXJKZYCCNYESJ-FPYJHKRLSA-N,162866951.0
NWLNPDFDTSFGEU-SSQAHJBYSA-N,23304497.0
LZDBTSVRCPFSKK-JRHPLFMDSA-N,163070503.0
ITENTBHADJNDDH-DJTMHQFBSA-N,163028953.0
QFRPCGYYWUHGHK-LRJNHNEYSA-N,100927642.0
CSFQQZOIHVWGMN-BBAXEOEJSA-N,5281818.0
YSINCDVRUMTOPK-UHFFFAOYSA-N,5748551.0
HFGSQOYIOKBQOW-ZSDYHTTISA-N,6918774.0
FIERCWGNGPBXJU-CUMAYGAMSA-N,101316780.0
YZMKUGIAIUCXMP-UHFFFAOYSA-N,15726099.0
GOMGVOGXLFHDLK-VBLGTWNCSA-N,
YMBVLYVGHGDKHO-WHOFXGATSA-N,70697791.0
ADNCMUUXIVQCLS-IZZDOVSWSA-N,
QWVUOVZJBNQSNS-RRABCLCVSA-N,68871695.0
CPTCHGRDJMOIJZ-XHTKMIFXSA-N,51051617.0
LZDCVIUKAHOBOO-CQDGPTHBSA-N,102218051.0
SUYJZKRQHBQNCA-LSDHHAIUSA-N,73202.0
CNNRPFQICPFDPO-UHFFFAOYSA-N,68406.0
AMBQHHVBBHTQBF-UOUCRYGSSA-N,87691.0
JPKIPOLGLJFLJB-FKEXNYPISA-N,
XCDQFROEGGNAER-PFOIMGGJSA-N,119242.0
YEQVRBJRNFLOQJ-PABCKOPISA-N,10271607.0
CIUHLXZTZWTVFL-UHFFFAOYSA-N,124069.0
KPRHROAREBHTAT-UHFFFAOYSA-N,162816947.0
GEZJVEGHJRPQEX-BZNQNGANSA-N,49859721.0
LLVQPFGOXOWCAA-UHFFFAOYSA-N,46831109.0
LJYLKGAKLSAVRU-DHXXLEEMSA-N,162871615.0
AEMOLEFTQBMNLQ-YMDCURPLSA-N,439215.0
SRSSHSQCHFGYCO-ROJLCIKYSA-N,102154060.0
UJQGVDNQDFTTLZ-VNHYZAJKSA-N,6451579.0
IQKFJIADNDSMNL-IUODEOHRSA-N,11172838.0
OTEFXTOHJNWBLY-QHNYOMBNSA-N,16130408.0
DTOSIQBPPRVQHS-PDBXOOCHSA-N,5280934.0
GPSQZOFVCVOOIE-QWVHOXPHSA-N,20054929.0
CFVDPAXOTMTQCU-DYVOXHERSA-N,44258093.0
MQYXUWHLBZFQQO-CKEBZWMRSA-N,171666831.0
AJHDKYFWRKDQKY-VQPVHUJQSA-N,162817194.0
DKRPEPQABXORQH-FCJXHYIVSA-N,162916529.0
DLHMIGHUNOKCMU-XRMRWFDOSA-N,636531.0
OPFTUNCRGUEPRZ-QLFBSQMISA-N,6918391.0
NPZDJOAJXYBOPS-ZBCGBIJMSA-N,162816957.0
XAZUSEKHUAZKNO-BZMZKZLRSA-N,162817210.0
DNRWZUNVTTXWNQ-XCVWGVQFSA-N,162817025.0
HSDZWMOBUPRZEU-LXYWBZBZSA-N,643462.0
QKMXESBAFIKRAD-MGAVNPOISA-N,73351913.0
ALZAZMCIBRHMFF-UHFFFAOYSA-N,485077.0
SVUDFAVZLCGQAU-FPVZYODXSA-N,23246193.0
JXWAQRJFONLTSI-ASDZUOGYSA-N,5281602.0
ALDYHLYMNPPSIB-XJFVKYJOSA-N,11128594.0
WAZYPYJGZYLHHT-JGRMJRGVSA-N,2751795.0
BPHIWZWKPGDBFM-MLMJITEHSA-N,
NYDZRKZVFLLTLO-NSMLZSOPSA-N,9976812.0
HFPQKJMLIONCGP-UHFFFAOYSA-N,176918.0
KMAKOBLIOCQGJP-UHFFFAOYSA-N,69867.0
LAKWSSVAGFQTAY-UHFFFAOYSA-N,181937.0
HQLLRHCTVDVUJB-OBHOOXMTSA-N,73401.0
SDJVWZZBAQETFJ-QBUDDENOSA-N,162962921.0
OFLCPNIRDVOOEZ-WZONZLPQSA-N,155725.0
RXCXIMNHJACJBR-WJNVTSDDSA-N,102059824.0
VIRGMCFNCOBYML-YADHBBJMSA-N,101316764.0
GRUOWKYRKACQKC-KNAVROACSA-N,
XKXZHTWOHXJEOL-HMQRFDIMSA-N,23635315.0
MKGZGCPBKPSTST-ONVBXWCHSA-N,162995477.0
USMNOWBWPHYOEA-OFQRNFBNSA-N,6432452.0
HURZEHDJDIXQNI-BQKDNTBBSA-N,
VDDPQVQCXWFZJM-LDLRJHFFSA-N,91367949.0
XPHACJZIOXWENC-GOEBONIOSA-N,15549896.0
VSBPKNDASTZGIN-RNJSZURPSA-N,14466072.0
SJGCQOVOMXNEOA-SSCWBVFASA-N,5275800.0
CLMMNIDCMQCWFF-QPGGAUJDSA-N,15957672.0
WXIROVAKGQPXIF-MHNTVMBESA-N,44606345.0
PNXYHQNGWRDOHT-MQZLVKNTSA-N,162898331.0
COGPRPSWSKLKTF-APIJFGDWSA-N,91748749.0
MPHOFXNCVDRQLR-NLJAUKRCSA-N,101396727.0
HPDHKHMHQGCNPE-WYJNZVAZSA-N,91753676.0
GKQSXDGXJTVNAB-VMMYFBSFSA-N,162984780.0
KELZXQFUMCJJML-WEVVVXLNSA-N,57338679.0
MSIONGZCZSCDFP-HLGXRADNSA-N,163149196.0
IUWIDOIIEYZXFX-CMLSFYELSA-N,162817218.0
SFAHCAMKUIRNCU-DMEHNAEFSA-N,162842377.0
SISNFIMJZCCPLD-LDWIPMOCSA-N,102179926.0
DCNRYQODUSSOKC-MMLVVLEOSA-N,3080597.0
ONQKZEWRQOTVRA-UHFFFAOYSA-N,5325928.0
QKVCTWTVHSDDGI-ZGVCCVRISA-N,91746673.0
XQVRVLVORPSYNU-NTUHNPAUSA-N,5458646.0
WWUAKADIANYYEA-BFGUNEOZSA-N,162962549.0
NLNMITFNBJXRRP-XNTDXEJSSA-N,5319406.0
MDKCFLQDBWCQCV-UHFFFAOYSA-N,2346.0
SBHXYTNGIZCORC-ZDUSSCGKSA-N,440735.0
YDQWDHRMZQUTBA-UHFFFAOYSA-N,10207.0
VPYMCXHMAIDUNK-UHFFFAOYSA-N,10845133.0
JBRXRVFXQIKPEA-UHFFFAOYSA-N,10227.0
OLNJUISKUQQNIM-UHFFFAOYSA-N,10256.0
XLUAWXQORJEMBD-YUMQZZPRSA-N,6992261.0
FMCPZMXUDWPSID-UHFFFAOYSA-N,15726096.0
RSPZVQZNRINVPE-AOLXUEKXSA-N,21626479.0
WXQYRBLGGSLJHA-UHFFFAOYSA-N,3083613.0
DNHGCTXLAMDJER-XKSSXDPKSA-N,14589060.0
WKQNCWVTEPFCIP-QGLCIXTISA-N,
SPVJAJTZALQLQL-UHFFFAOYSA-N,162897380.0
NFFWQCKTNXPKGV-FAIXQHPJSA-N,70698082.0
ZZEDZBYOOXYHBR-HMZODOOTSA-N,162982978.0
SPLDDMANSFWHQU-BKXYZSJASA-N,
MLKBWFQLENQJAR-SDNWHVSQSA-N,9995653.0
BVHLNRAYBCPKOY-NRFANRHFSA-N,73204.0
ZBBONRPQJAKJAQ-UHFFFAOYSA-N,102188214.0
DCBAVUVLEYSTPU-LMDOITEXSA-N,15558363.0
MRMCTOUWTYMNOX-DETDWBCYSA-N,21607144.0
CKPWNMFJQJVNER-DVITTYBWSA-N,636584.0
LKYABSOYLMWGQR-VXDVIXJWSA-N,162898347.0
MMESXCQWMJEGBH-CUSZFKRNSA-N,
XDMYMALKBPGZDQ-PFHNRSINSA-N,162931422.0
QEFZHWXDJWRKGB-WFMSPIOQSA-N,162952346.0
FLRZSIWHIJTYQM-BEZVJNGGSA-N,
ZGKQIZRKXMUOBP-UHFFFAOYSA-N,162826830.0
IVTMALDHFAHOGL-ICNYXEQFSA-N,44259247.0
RNHYCUQLXZYRGU-WMCLMAMVSA-N,5319524.0
GTEJJXOFLPCZGJ-DOFPOEDPSA-N,11547355.0
WDKYDMULARNCIS-GQCTYLIASA-N,5317238.0
NIKHGUQULKYIGE-OTCXFQBHSA-N,73062.0
HFPZCAJZSCWRBC-UHFFFAOYSA-N,7463.0
JUQGWBAOQUBVFP-OPFPJEHXSA-N,6427091.0
ABXGGKZYHQHBHZ-RLSVAZDISA-N,162907809.0
UCZOPSUTRUWZNY-YRFYIIOPSA-N,6429062.0
JZEPGIHACXZLFL-NYKPPTNSSA-N,91750082.0
XLSLLCJGYAYACK-OZLCELMISA-N,
AYJCMTOVQWMEDB-WHVFMQMESA-N,12132772.0
OQEZZZJNCCREES-ZHUTXJJWSA-N,101945543.0
FBSKJMQYURKNSU-ZLSOWSIRSA-N,5281800.0
QPBXGHPGNJJSFO-GVEXGNBASA-N,10828229.0
FYGHSUNMUKGBRK-UHFFFAOYSA-N,10686.0
SUGIJIFASYORQN-UHFFFAOYSA-N,5319726.0
WLYCTTJGVRMXFW-UHFFFAOYSA-N,14376219.0
NFUDIHFRVVFXHZ-OLUDQAPWSA-N,162978448.0
IKNXPYDWPREFAY-FYDMFQIUSA-N,14021434.0
XOJVHLIYNSOZOO-XDVOEGGCSA-N,162879854.0
USDOQCCMRDNVAH-KKUMJFAQSA-N,10657.0
UBESEOZUVOCVTH-PCMHMZDMSA-N,163190557.0
HATSAIPBKRRCME-JCURWCKSSA-N,12302149.0
NEJKEXUJCSYMCC-NUBQEMHQSA-N,44259358.0
CMQUDKMXEKUQCJ-DDMURZALSA-N,
BQUVRDVKRPQXAJ-GZDTUDRRSA-N,100989600.0
ZZSQAEGEPHRPKG-FLZWTESGSA-N,162934369.0
OLBZWFNHLHRSFG-MINZABDGSA-N,163186883.0
FXFBVZOJVHCEDO-NSULPUJOSA-N,45109756.0
YXBSFFUFEBAOCR-GPHSRZSCSA-N,
HDEUZIUWTZMOPC-SKMMBWDPSA-N,
OVSQVDMCBVZWGM-QSOFNFLRSA-N,5280804.0
ZWQAETRZJQREBW-UHFFFAOYSA-N,
YNIPIBVFVRXGEW-CKQPZERJSA-N,162943259.0
BNMUTGOMEWQLBJ-UHFFFAOYSA-N,156695537.0
NVKNRXOMCYTFJF-MFGUGJPBSA-N,148037.0
UEHILKCNLIKLEV-LXABABOZSA-N,21630094.0
ZDEYKIPPTOEXDK-JJIHCYQHSA-N,155487364.0
VWXDQUOEPSECEB-IJKQOAKSSA-N,46844757.0
YILTUZQNYINQBJ-MURIQRJQSA-N,44233382.0
PUPKKEQDLNREIM-JMHGZOIISA-N,54209015.0
GWNJXOKSVWHGIL-JDVFRBCBSA-N,101675246.0
FUMGFDQTISKFTC-NTAMUIPMSA-N,162997147.0
FXAKJVINENBNAJ-XTKJVKBYSA-N,102286690.0
XTSFEXUEVQUSQE-FNORWQNLSA-N,9881169.0
WZJIWOREWCFPIJ-JHLZYJBHSA-N,101501874.0
ZUVAGNOBOHVXJJ-BZWVZTCCSA-N,6428437.0
OFFWLZVJUHOBDO-YGPPWILHSA-N,162852312.0
OWGCMMINSKNONQ-IWTSKDHTSA-N,101629131.0
IEWXWMUMAOWZMT-ALCUIIQASA-N,162934398.0
ADONXPDCJFWYAQ-XLTDOXTRSA-N,162959697.0
CZCPFHFUOUQBDL-BNJZOTFRSA-N,6442008.0
UHFDVJRNQGHKJH-MBIXAETLSA-N,
WZXLMGPZPXPPPZ-QLVYERCOSA-N,162816932.0
ZMFBGWWGXBNJAC-UHFFFAOYSA-N,5319744.0
XZYQCFABZDVOPN-ILXRZTDVSA-N,442347.0
TXULLYMENMRLHL-GXTWGEPZSA-N,11033582.0
LZMUHRZRHBVVTP-PTGSEZCUSA-N,54598236.0
WFSMZACCERKEEN-ZFWAAUCLSA-N,162963823.0
XNTVDVXTGHDVAF-HDAAZOAOSA-N,162817306.0
VNONINPVFQTJOC-ZGXDEBHDSA-N,119245.0
QGJZLNKBHJESQX-FZFNOLFKSA-N,64971.0
XBUJZRCBRIKDDK-UHFFFAOYSA-N,101245396.0
WCGAPGUTYIWMBN-UHFFFAOYSA-N,141607.0
QDVIEIMMEUCFMW-QXYPORFMSA-N,10082188.0
HZZBTVOUGFOQSZ-VQHVLOKHSA-N,5374717.0
VXYBODYXOZVCNH-ZCRMDGLISA-N,163191405.0
JYXSWDCPHRTYGU-WJJLTQTOSA-N,162913282.0
ULVBHEFDGPIWAT-LFXZADKFSA-N,14704550.0
ZPZXDIXYWKXDHN-AEVHBADWSA-N,101200911.0
ALHVSADYXQWYJH-UHFFFAOYSA-N,12582097.0
PEFNSGRTCBGNAN-BVPMPBNFSA-N,44258067.0
UXGHAQBYGNOSGC-KKZWRQOJSA-N,163058816.0
CDEBGVXOFDWUAF-BBBLOLIVSA-N,124355567.0
VABRUGUZACORME-HJPIBITLSA-N,182936.0
VCBBBBBZESNDRG-LMXXTMHSSA-N,162816927.0
WSYMNFBVLKNIMC-WTEXXDOFSA-N,
CJJPJFRZSIBSFV-PHYWWMGLSA-N,162817015.0
OMXXTPLHUKBYKI-UHFFFAOYSA-N,
IQMLHWWIJFLVSI-PCXMGVGZSA-N,162848801.0
NAQPIPBICQLKDS-UHFFFAOYSA-N,
YFVGIJBUXMQFOF-PJOVQGMDSA-N,5317025.0
BOYYQYRAKVYWCI-WCRLOTECSA-N,44144277.0
LCBPWXREKZBHEY-UHFFFAOYSA-N,
VNBMZYMOCSKNSW-FAMUBBHOSA-N,101985983.0
JYKQJAUWHLNCIH-BQYQJAHWSA-N,
ZUAKUAWNULTIIU-JHDCTFEASA-N,163031397.0
GJKOHPVGPSJEOI-CTAUWDMSSA-N,162817533.0
LYUMKSDIGKNADO-AIBPSTIFSA-N,101905275.0
NCBNYFAKBWFMMC-DEHLKIDDSA-N,162821381.0
OPGJIRGRIDHFPI-KYLBNMPHSA-N,163010567.0
MEGXIWDJXDYORB-ODCYSEDMSA-N,162878702.0
GAIBLDCXCZKKJE-RXJOXMPGSA-N,5317570.0
LVLLXACEPRSSHZ-NNBZZZFMSA-N,
UUFSKGRWZUFEKE-VOTSOKGWSA-N,122180596.0
QOGNEZKTQHDWEZ-SORDWFMASA-N,
UEGOATROGDUXGQ-IXZKVKMXSA-N,162891864.0
QKGJFQMGPDVOQE-HWKANZROSA-N,6433206.0
JBJXGXTVNLBXHY-YVFQKMDQSA-N,10612769.0
RAZOKRUZEQERLH-UHFFFAOYSA-N,10321.0
KVGHRSAHESCTFR-PDCCCBJGSA-N,21633857.0
ZAPNUFCAIXITRW-CDUHWDNDSA-N,101297613.0
LHIPKJMQYMTREZ-AIBZYFRHSA-N,101995840.0
IBGBGRVKPALMCQ-UHFFFAOYSA-N,8768.0
WGBLBVXSYGYVPN-VQDQNZKNSA-N,52952013.0
RKNUEEMZJSUPGY-PBVVMKELSA-N,118727883.0
JOOXAORQPJVGRF-UHFFFAOYSA-N,85843697.0
NQFQJZXPCAHOPD-DHMALTNQSA-N,10735323.0
VHBFFQKBGNRLFZ-UHFFFAOYSA-N,10680.0
GZCGUPFRVQAUEE-SLPGGIOYSA-N,107526.0
LIKYNOPXHGPMIH-UHFFFAOYSA-N,10231.0
QXNWVJOHUAQHLM-AZUAARDMSA-N,442027.0
QXOXUEFXRSIYSW-UHFFFAOYSA-N,4056967.0
LLQCRTZROWMVOL-DYDIJXKYSA-N,10499.0
HRPKYCPCIPYAQZ-NYMDYPQTSA-N,
CYTMELDNMYVTKB-UHFFFAOYSA-N,46916752.0
ZCOLJUOHXJRHDI-VVWFOWEGSA-N,44257273.0
VRTQHEPVVCLRMQ-UHFFFAOYSA-N,5315558.0
JOXXHKHYJZQZDC-BISWWVLVSA-N,
AFFLGGQVNFXPEV-UHFFFAOYSA-N,13381.0
RFRUYYQMUJRBAN-XJACDZHHSA-N,162994645.0
FIORWCFTHSBGPM-WLTLOEPXSA-N,
RXDHJTUMDKQLEV-NDHNYZRRSA-N,14830745.0
OSZKLCHRZDFWDF-YUASBYGJSA-N,101758883.0
ZSYPWSSGRVZENH-UHFFFAOYSA-N,14704457.0
IFYYFLINQYPWGJ-SECBINFHSA-N,183870.0
XCYJPXQACVEIOS-UHFFFAOYSA-N,10812.0
WHXSAEDTQLTZPH-UHFFFAOYSA-N,60201020.0
HPOHAUWWDDPHRS-ZJUUUORDSA-N,85568.0
BOMWVAKQUBXACV-XWEMRBTHSA-N,
KLZMKXANTDISDA-UHFFFAOYSA-N,10015025.0
PUPKKEQDLNREIM-DGHCMIAQSA-N,118705169.0
UPDMQTYYPHMZOD-UHFFFAOYSA-N,12313147.0
OMMQWNOUUITFLJ-DBBSPNDZSA-N,162857193.0
JWBPWNWPEVPCMJ-XJQHZFAKSA-N,163006236.0
JKPJAGPPCVHEDC-DYZGIDQESA-N,162817159.0
XBJOAZYNSZDFSF-RBZFPXEDSA-N,442084.0
TXSIFZZILWRCIY-XWXMLLEXSA-N,101289676.0
XUINKEIPBTYUJP-CLFYSBASSA-N,6428432.0
OTTFLYUONKAFGT-OYSGWTEZSA-N,5281366.0
TVZVGKUKJBIRJK-ULWCJKCRSA-N,163013634.0
PRGOXDRZYVDBGK-RPKVYTBNSA-N,6440538.0
JYBSSLMXUMPPMA-YBOBLLOLSA-N,
VNHVNFCIDMAHID-LABABFMDSA-N,162919160.0
WQUKMIHCFQFPQG-BSCSQGBWSA-N,12132773.0
PQDRXUSSKFWCFA-STMXVASLSA-N,16058296.0
WNKFEXKDGKVVRU-SDIVBXRLSA-N,
DFYGRQMGQVVBBH-BGUOAHLNSA-N,162955918.0
SFPWDWLORNWKSK-LACSLYJWSA-N,163186974.0
MALXHMZMDNQTEH-JQPAHKDCSA-N,162852084.0
XYWBLAUDERPPOJ-XYOKQWHBSA-N,14021432.0
MXOILUJUCPTKGJ-NXVPVDKWSA-N,102165828.0
ZGVSETXHNHBTRK-UDJLNJFBSA-N,9549171.0
WJMWQOAVNBMCKR-UHFFFAOYSA-N,3083701.0
JTUGHXNNGQUKSQ-NLNCTDRMSA-N,163191589.0
ZNHMFNWRNCFYHA-HIFRSBDPSA-N,23624522.0
WDUNUSJSSNMPGY-YLKNCYKBSA-N,162983204.0
SOJTZUAZXXREQB-HTQZYQBOSA-N,101910086.0
LSCSUEAXTUGLRK-UHFFFAOYSA-N,23757217.0
DNPBJHZABOJXGA-UXDJGGMSSA-N,15450102.0
QAFUKSNXYIHAIR-GWFMGMDKSA-N,46844881.0
QVZYHISQRYCOFW-GZBLMMOJSA-N,163037008.0
YEIGSYFTXGPBIB-NGKGQXKNSA-N,22213227.0
HEULMVKOOVHXME-UHFFFAOYSA-N,11507907.0
LRSOAEKMGBDUQF-VKAYOUPNSA-N,
GNRNTAGLOVWOQC-XFEKWAQLSA-N,162817524.0
LOMTYKPMRTVCDA-MLABLLHCSA-N,
LJPDNHJFYBWMCF-IHPCNDPISA-N,101642676.0
PDBLSOTWUWGZSI-SUWDJTRGSA-N,162817564.0
FDASUPFDHLZNSK-UHKUVBCASA-N,
BYJYILQHGALOLC-FTYRIKNVSA-N,102469380.0
LITJTAUOKFPJOC-OOKPMGQASA-N,162817442.0
IOPZVHATZOARDL-QZHVXAOGSA-N,101361933.0
YMBFCQPIMVLNIU-SOUVJXGZSA-N,6429302.0
YHAJBLWYOIUHHM-GUTXKFCHSA-N,94275.0
GAIBLDCXCZKKJE-YZJXYJLZSA-N,6436582.0
CWWRPXCOCWBKLA-BODIQEJZSA-N,
KRZBCHWVBQOTNZ-PSEXTPKNSA-N,
IVSKJBHOJBAMEK-VGOFMYFVSA-N,101289771.0
ANTYQIKMKBUESI-AGJVEWJJSA-N,163025566.0
ZLLHSPKQAUPPIJ-DITGDPDDSA-N,162976902.0
BPJXSLLUNRTWHM-GQCTYLIASA-N,10082261.0
UJQGVDNQDFTTLZ-ILWWEHDPSA-N,91746573.0
SGDMEGYCHABPCQ-UHFFFAOYSA-N,44583637.0
MKGZGCPBKPSTST-HUZJDZSOSA-N,102147829.0
LUENTXRJJZAOQE-XPKDYRNWSA-N,102125248.0
PSQQPRMLISSRFV-DWDSXHAQSA-N,101085901.0
KRBXVXVIFDREQY-YDDPPXOHSA-N,162817087.0
LWOZDCFSMDBOSA-AQEIEYEASA-N,100715.0
PZZRDJXEMZMZFD-IEGSVRCHSA-N,5481224.0
AMZOOBLDBPAFJZ-UHFFFAOYSA-N,71364191.0
NEHIFLHZEGCZTI-NOXODHDDSA-N,44448098.0
WYLYASIANZEUSE-LWYIWUTRSA-N,162900331.0
PLORCKNHUZJPKH-KMKOMSMNSA-N,14427360.0
YEEMXVYHDPMVQJ-NYTXWWLZSA-N,
WWRCMNKATXZARA-UHFFFAOYSA-N,10703.0
PADQINQHPQKXNL-LSDHHAIUSA-N,122850.0
KMOUJOKENFFTPU-NFRVFMFJSA-N,44257792.0
LWXZBNGSFONONO-WYOQVTGSSA-N,10724418.0
JFROLRTYTSCKNK-LVQCUNDNSA-N,
HMKLOOMRRZKSNM-ZFWWWQNUSA-N,15558663.0
CRNHYCBDESPWOY-BZPBRVGYSA-N,101674073.0
LVFPLCWLQZVDFE-WFLKQGPQSA-N,
LHYHMMRYTDARSZ-VXGQWTEUSA-N,6428423.0
LFBHIAAGGTTWAT-DNSXXVLGSA-N,12114129.0
FTAUCLDTIVGRBJ-KOQQBVACSA-N,13816768.0
XNVMKPYDOHZJLR-UHFFFAOYSA-N,72740.0
YBHCVYGFEJLPAW-AHDPXTMNSA-N,101713147.0
XFIOXSQDNUOOPB-LDNJSWSKSA-N,162817017.0
TXZUPPVCNIMVHW-MTJBDODESA-N,
IDTJFYSTCXQPOP-UHFFFAOYSA-N,123970916.0
KVDNSLPRNTZIKF-CMDGGOBGSA-N,6254251.0
WLTSXAIICPDFKI-ALCCZGGFSA-N,5364450.0
FCSRUSQUAVXUKK-VNHYZAJKSA-N,92762.0
WKOLLVMJNQIZCI-UHFFFAOYSA-N,8468.0
SCIGYBYAZUFDLA-KRQBOUTOSA-N,21603202.0
KQSXVPOADOJLQC-UCSZNKTISA-N,
CYLQPOIZDBIXFP-BQYQJAHWSA-N,5358363.0
VLSXHSGQICXETC-MDZDMXLPSA-N,11056805.0
JYDIJMBUETWWMG-XVMDAHJBSA-N,163067737.0
CCBYCBXQBUVXFT-GISCBTQVSA-N,102533487.0
BPAOAXAAABIQKR-UHFFFAOYSA-N,10151874.0
IZXYHAXVIZHGJV-VHSXEESVSA-N,13918681.0
HHUCTBWMRRWQII-BSMQKHLMSA-N,163016901.0
DNSWCXDIDGYZRT-XCSGUALTSA-N,162817320.0
RQAMSFTXEFSBPK-UHFFFAOYSA-N,5490139.0
YGPRSGKVLATIHT-FKSAFCJBSA-N,6556672.0
BITHHVVYSMSWAG-KTKRTIGZSA-N,5282768.0
DPXXJCMMMXZVSW-UHFFFAOYSA-N,124075.0
HMMGKOVEOFBCAU-BCDBGHSCSA-N,11168203.0
YVLHTQPPMZOCOW-UHFFFAOYSA-N,80790.0
JEAFWJNJKAWSJQ-PAAWJPBQSA-N,
JYEDTYMWZCKFSV-UHFFFAOYSA-N,566033.0
JXOHGGNKMLTUBP-HSUXUTPPSA-N,8742.0
DFMAXQKDIGCMTL-UHFFFAOYSA-N,68079.0
GVGJRXSJJHLPGZ-DZAVYMGKSA-N,159930.0
QIRUFAFQGKOTKA-ZRWKYKNNSA-N,73147.0
BWFSBUVPIAIXKJ-QHHAFSJGSA-N,6438092.0
GCLAFEGUXXHIFT-IWLDQSELSA-N,5318083.0
DZDCBMUKBVGLRI-LWCXXLNYSA-N,162960747.0
USVOXDPFEPEEHF-NQNKBUKLSA-N,163056185.0
QGDQQZUIBMCIHH-PSOPSSQASA-N,145987134.0
DWFAOPWLORYRCM-FRFPIZTHSA-N,
UHBYXZSSQWLZHC-JZXKHQQSSA-N,44144283.0
DRVWTOSBCBKXOR-ZLDLUXBVSA-N,108053.0
YKNWIILGEFFOPE-UHFFFAOYSA-N,12406.0
LUENTXRJJZAOQE-INWMFGNUSA-N,102125247.0
RWMXKBUPLSNIJL-BHBNKKJBSA-N,442425.0
NUPSHWCALHZGOV-UHFFFAOYSA-N,8167.0
CVWWNYPTZYQCSE-YFBXQHAESA-N,7082474.0
NUVAJKJDTZTFLK-KPSOQAITSA-N,442179.0
YQIVRYWOBFTREV-YIUDYMISSA-N,162997901.0
OVMFOVNOXASTPA-YDZGILQGSA-N,
WLORYQPNFCDWBQ-CGNVFLHQSA-N,
MSZGEPBXRLRWRI-JAJGRKJXSA-N,162849299.0
BZOVSAADPPEPAN-KTDVIDBKSA-N,100973297.0
WTEVQBCEXWBHNA-JXMROGBWSA-N,638011.0
LEYOXBQWYGGFJI-FTMSQIDYSA-N,163050307.0
FOXNJWZLANRZNJ-SKVFVKTMSA-N,101682294.0
JMBINOWGIHWPJI-NEPNWHKHSA-N,44429859.0
RMVXQVNGKWJVSB-MHHBOCFLSA-N,137647258.0
FQTLCLSUCSAZDY-QKXCFHHRSA-N,5356544.0
FFDULTAFAQRACT-DVWYHDMESA-N,73636.0
RIXNFYQZWDGQAE-GWJVHBBMSA-N,37888803.0
XHEUIFGYKWNZGE-KHJWEVKISA-N,162817642.0
NQFQJZXPCAHOPD-TZWIDBTFSA-N,15768086.0
AVQARFHINIEEIO-MFHAKHBOSA-N,162852121.0
NYRGUJSEUJUXBF-UHFFFAOYSA-N,162894093.0
KBZOEWOSIUJWIO-UOYQFSTFSA-N,10844965.0
UNOQFSBKDLBTCO-RHZFFXPSSA-N,162999743.0
SUAPQGLGNKUSLY-LJISPDSOSA-N,10125228.0
NQNOTBRHBRJKKH-UHFFFAOYSA-N,10978265.0
LYSGCPDNGHZZCQ-UHFFFAOYSA-N,
VWFUHVWXAHCVRC-UHFFFAOYSA-N,
SZJNCZMRZAUNQT-IUCAKERBSA-N,7074739.0
KUOSLPBZDWVFER-CHGXTBDYSA-N,483218.0
MNGYOFNIAOWXIT-IOUIBGKWSA-N,1801488.0
TUKFJQKYIHLUEX-UORVSMFKSA-N,162817214.0
DBSPDRDGHNEDNT-UHFFFAOYSA-N,
ABRULANJVVJLFI-UGCWOADJSA-N,162916773.0
ZXEVPUOHSXARBR-VIPLHTEESA-N,5318716.0
GPTFURBXHJWNHR-UHFFFAOYSA-N,4970.0
QCMNJCXZZRZEAT-ZIQSQREPSA-N,162950505.0
DGBKCUMWSZGGMZ-QGZVFWFLSA-N,10062382.0
IVZWRQBQDVHDNG-XWIHJEQYSA-N,9548699.0
NZGQMNYPKYMLPD-VBZBUPQNSA-N,11671092.0
ZAWXJKKWWNOWDR-BETNUZQCSA-N,101674074.0
QDOROJWBIGTJLN-STBLJEOWSA-N,162817480.0
ZEYHEAKUIGZSGI-UHFFFAOYSA-N,7478.0
SNSPECVHWGUGIS-VOCATBGKSA-N,
KAHPRYCRAJDEGA-LFYBBSHMSA-N,
OSELKOCHBMDKEJ-WGMIZEQOSA-N,5281326.0
HRSGCYGUWHGOPY-UKLMUADPSA-N,5281732.0
FUCYIEXQVQJBKY-ZFWWWQNUSA-N,441005.0
ODEQQZORHQBZKE-AFHBHXEDSA-N,162817192.0
PNJBOAVCVAVRGR-UDCAXGDQSA-N,164874.0
WKUHPOMCLBLCOV-JQQDRUSQSA-N,11155451.0
WSGUEAHXLYQKIH-BTQDYEIMSA-N,12009778.0
MUKDIIVMECIYQR-CWCRYIBJSA-N,44259010.0
KLIAQJWOBMSQFP-UHFFFAOYSA-N,13831734.0
LMCRYOCEDDKMQA-WVCDBTDCSA-N,91746497.0
LHPVEDYVSCTZAY-LUAWRHEFSA-N,5364560.0
GGZQEZGFAGIZCJ-UCPOHXDKSA-N,162817202.0
PORHOKHIMOFMMH-UMQXSMKFSA-N,162923831.0
JYXSWDCPHRTYGU-RFSXPIIZSA-N,162913280.0
DRRWBCNQOKKKOL-UHFFFAOYSA-N,5273755.0
IYRMWMYZSQPJKC-UHFFFAOYSA-N,5280863.0
MWQWCHLIPMDVLS-UHFFFAOYSA-N,82511.0
PSZDOEIIIJFCFE-OSQDELBUSA-N,101761.0
HFSACQSILLSUII-ISSAZSKYSA-N,9932254.0
QMWJPFXMOOPDTD-PJFOTGOESA-N,44566632.0
GYVLRODWSLLKKW-XDSHMYFISA-N,15837513.0
ZGDWDAMVZDRRQA-NQLMQOPMSA-N,155102.0
XZSXZVXLFVLPCM-WUPXPDRHSA-N,163025256.0
BMZNJVXOLCBDPZ-AXCJZLSHSA-N,441725.0
UROPGAQBZGIPQC-FIFILXLJSA-N,129904914.0
KVRUHZSAKSIVTD-JEUROIALSA-N,10064327.0
WWKOGILFMXZKMI-WQDGVYNWSA-N,14021371.0
LFBIHCZSRPAPHS-UHFFFAOYSA-N,162890509.0
GKMFOEIZCLMZDE-QXKUPLGCSA-N,12445012.0
BDKQVCHNTAJNJR-YFVJMOTDSA-N,6449783.0
ITYNGVSTWVVPIC-NSIINPIOSA-N,91746537.0
MIHJCMUFHPSQQC-SPPFPIFDSA-N,
WBVJRSSDKGTTGE-UPRYOLRHSA-N,
QNGQIURXCUHNAT-UHFFFAOYSA-N,136330.0
OHMFFIAKCHSDEB-YWGWVDLFSA-N,162898773.0
AEOBNVBHRFQADS-DNDPRTLXSA-N,5748188.0
AHKAJNLWAZYDIO-BKENLOJUSA-N,
IHEUASSNMSDWFX-BDMBVICOSA-N,6430793.0
ZAFAKOTZLSQTTI-UHFFFAOYSA-N,565028.0
YETSACDYCZLWIT-YINPIIODSA-N,
UWXYUEZCGLSJLG-UHFFFAOYSA-N,5487391.0
WQGWDDDVZFFDIG-UHFFFAOYSA-N,1057.0
LZERJKGWTQYMBB-UHFFFAOYSA-N,5281601.0
DTUQWGWMVIHBKE-UHFFFAOYSA-N,998.0
BACLASYRJRZXMY-UHFFFAOYSA-N,5281599.0
XOJYVZGODJPTEG-WSVYBHETSA-N,14021400.0
KCFAQTZVEDBYAS-KUMYUFAFSA-N,162962244.0
JDXJTMWWGZXTGE-PZZGONJLSA-N,15628014.0
VWSCEDLUJPCZIA-YHBUJPCUSA-N,101831567.0
JAMSYNVVOFKKIY-FRAXHVOESA-N,162986196.0
SYOHATBHOYMGBM-CFIJVAFSSA-N,11443468.0
HCXVJBMSMIARIN-WAYZHTCLSA-N,12314472.0
AFYIWKNGSIYXCQ-WLJLAZGQSA-N,102004584.0
YMWRMAOPKNYHMZ-VMPITWQZSA-N,6442411.0
GENLFYMJWHMPJH-CXLXYXDYSA-N,
WQSDYZZEIBAPIN-VBQORRLJSA-N,5281761.0
JPUAKFAZBBXKGI-CJNQANTPSA-N,162856582.0
UEZYUDAMQBJVJP-CQVMLLNQSA-N,3084330.0
GLMKTMOFCGDFFQ-YITKKWGKSA-N,25180957.0
GRLJTTHDCMSLHP-VBUSABLASA-N,163029879.0
AOOCSKCGZYCEJX-KZVDOYCCSA-N,442943.0
QAHRSPAZSGMZMT-UHFFFAOYSA-N,3084216.0
MLBYBBUZURKHAW-MISYRCLQSA-N,443613.0
AUKVIBNBLXQNIZ-UHFFFAOYSA-N,16656.0
IJBOJSLRPYVMTA-UHFFFAOYSA-N,163044300.0
DNAYVNOVGHZZLH-UHFFFAOYSA-N,5280362.0
PANBRUWVURLWGY-MDZDMXLPSA-N,5283356.0
HGOLJZZEGFBRMR-WEVVVXLNSA-N,91700480.0
LFJYQVVBWCZSNX-NQBHXWOUSA-N,91747938.0
FUXLSNVSCFSTML-IIBYNOLFSA-N,
MTEOPLQSXSWEPG-UHFFFAOYSA-N,
CKHVKQDEOBZNIX-UHFFFAOYSA-N,10092854.0
OGLDWXZKYODSOB-JTQLQIEISA-N,443160.0
CWRSOQZLIYAURI-QHZMMHQPSA-N,131846663.0
ZLCBLYWDKVHGCG-KAKWUFLPSA-N,
HJFRWECDRIBZFT-YTTGMZPUSA-N,10393232.0
FIMXSEMBHGTNKT-UPGAHCIJSA-N,1274465.0
BNSCASRSSGJHQH-IROBIGDQSA-N,162916612.0
XQMSVCWAXNJPDA-ZIXBAWDKSA-N,44258833.0
ALMRCTAYFWTPPM-KIVQZMDESA-N,
OYXWBGYHDYVIDT-UHFFFAOYSA-N,14462134.0
VTJQRZKWDGRSMU-ANQIZZJZSA-N,102056126.0
ABCIEUDQNGOLIV-ZVZPGWEDSA-N,10881268.0
RPYYNECGOSGRFR-LSDHHAIUSA-N,10476498.0
GXDURRGUXLDZKN-UHFFFAOYSA-N,4187769.0
JZJBGWYDNDZHIE-ONEGZZNKSA-N,91987572.0
NIASTLFJLAWIRP-GQILNQLCSA-N,10814144.0
XHVVKJBJQQOMEO-IYSVRVFASA-N,162817042.0
PVDRYVWUAFTKGP-AIBPSTIFSA-N,101905276.0
OWPWFVVPBYFKBG-VJVCGIAKSA-N,162957001.0
WINFSIMEBFWGGD-OTCYAYITSA-N,
DSAMWSFCGLZQHC-CNHJXGBFSA-N,162934585.0
RYMZYVZCMNCUDN-KWCBYRDUSA-N,162857704.0
RXXCFDMFXFGCML-HNQLUHSGSA-N,163042006.0
DTVJERQJXPAODQ-QBGDHTETSA-N,162867142.0
ROUPJZVAEFNKEW-DEKRBMEKSA-N,162817455.0
YQUVCSBJEUQKSH-UHFFFAOYSA-N,72.0
MLUCVPSAIODCQM-NSCUHMNNSA-N,447466.0
SNCOMGZHOXWALF-ZAQJXGBRSA-N,
AKFIXMYXISUTAF-DBQAUGOWSA-N,6532190.0
FMTPMYQMVQQHIX-ZCXUNETKSA-N,
GRQOJAAONJAOJH-MPZYLXGRSA-N,177824302.0
XRZOOBAREQKOOU-VTYNMKAXSA-N,
JJGWZRLHYRPACF-DLQGHDEHSA-N,162817243.0
IZBGWXJOIXZDBF-WLFSTHIVSA-N,6442939.0
QHMVDJGMBDTIEY-DHMWGJHJSA-N,189528.0
GSQQGCZVTAUICD-AVGNSLFASA-N,14379237.0
CJLHTKGWEUGORV-ZVOPPPCBSA-N,14413452.0
KNMSLQJUPUXEQJ-FLIBITNWSA-N,101243096.0
AEAWOMODYBIREN-KXDMVREESA-N,3083719.0
ZSKLSJMYNRFZJZ-VAWYXSNFSA-N,60201023.0
AUZMUMNBZCSKGT-BJMVGYQFSA-N,5368889.0
SYTYLPHCLSSCOJ-UHFFFAOYSA-N,69894.0
RZXNVJCBWXGOQC-QOLOHJDOSA-N,132524252.0
OVFIUGQMICSUEE-UQEBSFPRSA-N,
CGZNTHDUAFIKOH-WKCUVNKGSA-N,163187636.0
LYGPBZVKGHHTIE-ACOWUUSCSA-N,25068592.0
DEAGIDFEDRILTP-OHMYJXQXSA-N,44257343.0
PEFNSGRTCBGNAN-AFATZARISA-N,162930082.0
BOIZFTZZQWFEJD-UHFFFAOYSA-N,15292821.0
JENVYGAXZMKCQP-HERJNKQNSA-N,21630898.0
QLRRUWXMMVXORS-NRKLIOEPSA-N,157561.0
XCEPKQNOWNOSFH-CGPXFRKCSA-N,119052.0
UEQIFFFWXPAQCB-BPLDGKMQSA-N,14705651.0
LPXGCZRQLILWOH-UKZWKHHHSA-N,16720461.0
VNTMXJLNIJFLIF-QNDFHXLGSA-N,12309350.0
BAVONGHXFVOKBV-NXEZZACHSA-N,330573.0
LCZPALDWQFYTCU-QJTRSWFLSA-N,
QHLKSZBFIJJREC-NEGLRPTGSA-N,44258018.0
OZMABICMIHKNMC-KKSHJYNMSA-N,13992124.0
RDVFKWXDYPJTQW-KWELZAGVSA-N,162950916.0
FIWGZIBLJWZUEA-TYTMXRIYSA-N,102021629.0
BAXKYNXVPZUFNP-UFYBABIJSA-N,162817459.0
GGONJNBMBUFWFW-UHFFFAOYSA-N,14020540.0
UKSPRKDZNYSFRL-HBQSKOGZSA-N,162887299.0
ZSIAUFGUXNUGDI-UHFFFAOYSA-N,8103.0
KHPCPRHQVVSZAH-WMQCALNMSA-N,162877336.0
SWJLTKXURNHVHE-UPWXJBBJSA-N,6436015.0
FTNJWQUOZFUQQJ-WHWXNURTSA-N,25199828.0
MCTDXPDDZLFJHR-XLRKYUMYSA-N,179577.0
POJXBGDWJHNLOI-UHFFFAOYSA-N,14376231.0
PSQQPRMLISSRFV-VYVLMKMUSA-N,101085900.0
BXMWIRIMYNWIGQ-CMDGGOBGSA-N,7152435.0
PAIBKVQNJKUVCE-JUENUIDLSA-N,15560324.0
AVAZXIOSUORKOF-NQJREROVSA-N,163079002.0
CKBPSMDNPQRZIK-MCNYKCMOSA-N,101032437.0
MDZKJHQSJHYOHJ-LLICELPBSA-N,73659.0
IBOBTFXQPXYKOL-QMMMGPOBSA-N,10755532.0
ZUJROUFLVVXBEN-RAMSZUDPSA-N,162816951.0
MDIUMSLCYIJBQC-BUHFOSPRSA-N,5282966.0
RIDKEHGRORSLIR-UFJNRSSRSA-N,163195302.0
CDTIMEVVBBGLIF-GJYXTMDJSA-N,163001274.0
HTPVUEJWIFHSCK-UHFFFAOYSA-N,228738.0
CICSGAFMBYPPQX-UHFFFAOYSA-N,85989103.0
JYCCIAYSKSZWOV-HSNQRNFZSA-N,101516508.0
LUAAKOQKNDIVEF-SQRPBOIWSA-N,
PQQRNPDHSJDAGV-UGJKOEBBSA-N,10031185.0
JZJBPOZYUYXACJ-ZLUBFJFZSA-N,
UEPTWAQPEAJVLX-UHFFFAOYSA-N,86237931.0
DNFJSIPZGYBGON-WQHNEYGDSA-N,78358498.0
CZPLYCJMZFSQCK-XZRHQWMPSA-N,
QLDUHPWCLDKEEA-HJIAJRGXSA-N,163033013.0
CYTCTRAEJYIZRX-DNXSTYNVSA-N,162953760.0
BWXJQHJHGMZLBT-ZDKUFRDJSA-N,162902600.0
WXJSQSRTYFZBJE-AAIMPIBUSA-N,102481691.0
CSJWNHJJHIAAIG-SVOQZPEWSA-N,124027.0
RDGFGQJFNSCICW-ABAIWWIYSA-N,11054003.0
SMWPODZFOYKZAS-AATRIKPKSA-N,101251749.0
VTARWSSIBFRCMF-UHFFFAOYSA-N,12257282.0
AFGDEAFJDXIVRK-DBWLRATRSA-N,
PSDNXUAVCZUOAL-KIBAJTNGSA-N,162929971.0
PMRGRURZTGRVDP-SLFFLAALSA-N,13652174.0
WLXGUTUUWXVZNM-VSMKJTFCSA-N,
WVPPLOSRTXOZAP-DNTJBTFFSA-N,11969644.0
ABQUDUAAINLKTQ-UHFFFAOYSA-N,10401092.0
LJVWEMBASBCCFD-KVKYXKAISA-N,162817336.0
DSOAOEFDXTZFDT-UHFFFAOYSA-N,123987526.0
RHYDKWXOGNKPQK-UHFFFAOYSA-N,46894020.0
ZRLCCWFNSMFSHZ-VZSDVLBXSA-N,10936061.0
JWOOWPXMOCPZQR-PGKPSXLWSA-N,56969012.0
NFVZLFIQCMHYIF-FXBGQQRRSA-N,162975267.0
SHNYGCOMKCOSMW-AYMQEEERSA-N,15957671.0
ZALZJWKAEHMXRH-VXAPDMKQSA-N,
FZOLEWCEXHBQLU-HWMDIFDBSA-N,162920035.0
QPTMXJUPAZKGLJ-AARAPKBOSA-N,162817362.0
KJYOYOXKOGEYGF-VQHVLOKHSA-N,
RTXWYUYEBVPIEO-WNVFZZPNSA-N,162817245.0
UPYSSTOWRYYTEG-GNCXSGPVSA-N,44588010.0
MUKKWTZBXOOCHN-NEMNXAEPSA-N,
KEMQGTRYUADPNZ-UHFFFAOYSA-N,10465.0
FPIOBTBNRZPWJW-UHFFFAOYSA-N,5281803.0
SZJIAOUOCZUDGP-BBBNJMSHSA-N,10528042.0
WIZNAGDVYMRDHS-LBKYZSNHSA-N,14285653.0
FYFGTKMAFSJXSY-UBLXXGHNSA-N,162902917.0
WLXLLQQGGGHOMA-UHFFFAOYSA-N,97622.0
DCYOADKBABEMIQ-OWMUPTOHSA-N,5281673.0
PDOJSYBPSAIIIU-UHFFFAOYSA-N,600436.0
NYLNHNDMNOPWAZ-ZLEFDVGRSA-N,14135395.0
BMGKXMXNELNCGO-UHFFFAOYSA-N,
LTPWXJPRGRSAIO-USTATANYSA-N,162965808.0
GZTDFKLABHOHBU-SFHVURJKSA-N,44424649.0
AFRNHJDBERWLNW-AUBWASTASA-N,13944860.0
QNWIDTXODBSVCO-RAYWZDFNSA-N,14756445.0
HMSYCWNYGYVPME-PYSDOYAXSA-N,91750092.0
PORHOKHIMOFMMH-FUMNGEBKSA-N,21626425.0
LBUWDVBKYGJEMF-UHFFFAOYSA-N,123462274.0
DXWYHCCVRJSZEP-UHFFFAOYSA-N,10999422.0
SBEOEJNITMVWLK-SRNSNEOXSA-N,22878721.0
BPVLRRMTLFISFH-VIYYGCOLSA-N,
CUNHEVJFIYAKHY-HESRDCSOSA-N,163061299.0
MCIPMASIVZSBIJ-JKRDAVGYSA-N,162816962.0
GMBXUYNRMKYALA-PZUKIFJZSA-N,
FCMUQIOKSBFZQC-UHFFFAOYSA-N,25016149.0
AODFHPPZKRRCIU-UHFFFAOYSA-N,390663.0
PZGARTFFDJGSKH-HSMQZJLZSA-N,163005253.0
UXPNMQCEVMBCIR-KXTAGPOFSA-N,100315.0
GVUMSYCSEREXHD-BHUKMDKLSA-N,6712546.0
BVFLJHVBTFJPHJ-VMPITWQZSA-N,6444250.0
YMUOZXZDDBRJEP-XUNJKSNWSA-N,6713966.0
OXGUCUVFOIWWQJ-GPTQEAJUSA-N,18604930.0
FIAAVMJLAGNUKW-JDGZUBLHSA-N,162845822.0
AFCDXKGLUDDXCK-OGPMXKHPSA-N,44259803.0
ZZOFZRGFOPYSSY-HJYMNIQOSA-N,162918486.0
NITQHCWYMZTXJA-AACLHWAISA-N,162920359.0
AEWOONBLAKEKSC-BBPNPORVSA-N,163023272.0
KSMVZQYAVGTKIV-UHFFFAOYSA-N,8175.0
WFHXHIBUHFQKJH-ZZXKWVIFSA-N,17928043.0
AUVKOEQGZIDTGI-PHTDYJRASA-N,162949501.0
RIUMIKAUMHZQMP-IQUVFKTMSA-N,637144.0
FVJAKCWZKUQZHO-WCBFBDHRSA-N,14633032.0
OVTJHGIWYOOHFS-HTQZYQBOSA-N,156459.0
MNXGYEJYONFZKY-LFOKCNBKSA-N,163033443.0
YRHFOCFOBZVGPU-AEJSXWLSSA-N,26176656.0
HQISYZXIQKIVLQ-RYHPGKNUSA-N,163058390.0
UQCSETXJXJTMKO-UMURLBKASA-N,11262300.0
DNHXFQYCCAWEQM-VOTSOKGWSA-N,
AFCDXKGLUDDXCK-QLSHPEDTSA-N,44259804.0
TUIJPUWSXVFWSH-UFXZNCPXSA-N,162864114.0
WYJBIVKHXACTCU-UHFFFAOYSA-N,
CGNJMCLXIMWKDY-UHFFFAOYSA-N,6430728.0
KRFBMPVGAYGGJE-UHFFFAOYSA-N,160921.0
KEKCBORMGWEQCM-PZQNWFJNSA-N,
GGMCFLXPZMBJMV-NPVWYNPDSA-N,5489090.0
FVQOMEDMFUMIMO-JPCJGGCMSA-N,118599821.0
UFTJIVPLVDDULX-UHFFFAOYSA-N,14057208.0
BKQODMJLTYMIPZ-ZSHRZLTRSA-N,
AZFYHRHUTXBGJS-UHFFFAOYSA-N,5281698.0
LCQXEVNNRLGAJJ-MUNDZYRYSA-N,
OUBGLUCJLDERNN-LHAJWOIZSA-N,636559.0
PSLAXCVGXXVNFJ-ALWXOEHVSA-N,101621380.0
VJEVXTUVNQQJJL-IBCABTOMSA-N,162891879.0
BJNRYKWHTCAVLA-JSXSYOHWSA-N,14162547.0
CLRPQHUKZQTPPG-UHFFFAOYSA-N,
XDVDHFJMCJWDPI-YOYPFHDYSA-N,11972555.0
GXLQUHPXGLZNGE-PWWYPFEYSA-N,90000166.0
KONGRWVLXLWGDV-XWBCKKLOSA-N,11543111.0
XXKIWCKZQFBXIR-SPQRYHPESA-N,162935004.0
ISRNLRCYYLHRQD-HETCCCEGSA-N,
VMQDETKABQGXSL-BZYJCHQCSA-N,162855053.0
OKURYBVFXBJNKP-DFZBEENSSA-N,162817186.0
KGNBAPXGJMTHCJ-SOSHZCIPSA-N,11222281.0
GHVNFZFCNZKVNT-UHFFFAOYSA-N,2969.0
WMOPMQRJLLIEJV-IUODEOHRSA-N,6432005.0
DPUOLQHDNGRHBS-KTKRTIGZSA-N,5281116.0
NGDUYKZDYOOZLX-ZAQJXGBRSA-N,
YWEPGBQOIKKBLI-YJHRHDATSA-N,102202099.0
GLKCRKRBKFGORM-RPBVFHEQSA-N,
UKGPWPWYCGFTST-SYIMLGDVSA-N,49800621.0
FYBMGZSDYDNBFX-KLUVJTJFSA-N,5748416.0
GXSKBBRWKUAYEJ-DHBOJHSNSA-N,11094703.0
SHPPXMGVUDNKLV-KMFFXDMSSA-N,5282152.0
CRVJURXVQBYDTF-BQYQJAHWSA-N,
BVIJQMCYYASIFP-PHDIDXHHSA-N,32804.0
MQPWQLBUYQDOGW-AWEZNQCLSA-N,15489678.0
ISAKRJDGNUQOIC-UHFFFAOYSA-N,1174.0
FPLMIPQZHHQWHN-UHFFFAOYSA-N,5281699.0
KJGPBYUQZLUKLL-UHFFFAOYSA-N,5281704.0
GZNIORALDUFERZ-BDAKNGLRSA-N,
VZTUKBKUWSHDFM-CYBMUJFWSA-N,160597.0
UQFQODVSORPELA-KRWDZBQOSA-N,442457.0
RYZMXJAWCKWVRC-GRLGQGAKSA-N,101235639.0
DAUMHRNXYGHXIC-UHFFFAOYSA-N,628895.0
IAMNVCJECQWBLZ-UHFFFAOYSA-N,70133.0
QHDDQPQNQVJTGA-JROXJZJASA-N,102445800.0
SBOCNDPVWBAYNN-YOPGOPOFSA-N,101758882.0
KGYVGKGCRKPXPT-PWBPUHETSA-N,162871625.0
SAWLKQVRJUTCQT-TWSQEFOFSA-N,162920312.0
JWBPWNWPEVPCMJ-MYMCGMNMSA-N,101612299.0
QKUQVZOCGPQPCS-IAGOWNOFSA-N,162917783.0
FSFPOSDJMISFON-VKBVEFFMSA-N,162924009.0
UZFLPKAIBPNNCA-BQYQJAHWSA-N,5282108.0
NDFKTBCGKNOHPJ-AATRIKPKSA-N,5283316.0
OSWPMRLSEDHDFF-UHFFFAOYSA-N,4133.0
JGUZGNYPMHHYRK-UHFFFAOYSA-N,5281691.0
MQYXUWHLBZFQQO-QGTGJCAVSA-N,259846.0
QFJHTSVAVAZSBZ-SROLTFPKSA-N,101175476.0
LRHZYZQQBGOKEN-DXFDVZFYSA-N,
KBPHJBAIARWVSC-RGZFRNHPSA-N,5281243.0
YDOSHXAMLRSCKS-IPANDGBHSA-N,102194603.0
AZIMXRPUOIPIKL-DTYPFZMBSA-N,101637167.0
SCIGYBYAZUFDLA-LUVHZPKESA-N,21603201.0
QYYKWTUUCOTGNS-JIIJFUIFSA-N,6450230.0
MOTZIEZYHAAEBY-FVUFVHQMSA-N,23241671.0
KPKGKOASFCAMGD-UHFFFAOYSA-N,160529.0
ZJMYHCARXDVPNP-IXIFUHTQSA-N,162848986.0
MUCHMZHLNORELV-KKOKHZNYSA-N,44513067.0
NPDSHTNEKLQQIJ-ZJHFMPGASA-N,5282944.0
RIVKDDXPCFBMOV-DPXCOQDNSA-N,6436665.0
SFUVCMKSYKHYLD-FNORWQNLSA-N,5281796.0
ZDMKUBRRBGKXQT-YCRREMRBSA-N,14730829.0
RTSXHDJXXBECPR-RVJFQXQRSA-N,163069969.0
IHEUASSNMSDWFX-VKXBSSMUSA-N,91753533.0
VOLPZDCUINXZGW-JXOXKRRHSA-N,163188670.0
BLKMDORKRDACEI-OVKLUEDNSA-N,10383888.0
CKTMJKHXYHXNKU-NRFANRHFSA-N,195173.0
YNMYHRYTRCKSMI-SQHTYAHXSA-N,21596327.0
CTJZWFCPUDPLME-LLVKDONJSA-N,458010.0
KFBCTNNQFGONHB-UHFFFAOYSA-N,107936.0
AZELSOYQOIUPBZ-UHFFFAOYSA-N,442768.0
DFQFPMVNBSTFQV-UHFFFAOYSA-N,102588656.0
MQSXZQXHIJMNAF-UHFFFAOYSA-N,73071.0
ODBRNZZJSYPIDI-VJXVFPJBSA-N,114776.0
LVSOUEJUPADCBE-MRXNPFEDSA-N,101712954.0
ZADOZOULRZGFEU-MJJDPTRDSA-N,163093250.0
GTYUWNQOOLJZBM-DFYXWTAISA-N,162910718.0
WEPZBXOVWNYLTR-HOJAQTOUSA-N,102316532.0
BJWQSQOWGBUSFC-UWXQAFAOSA-N,10919908.0
UMRPOGLIBDXFNK-XHGHLAIBSA-N,10552249.0
QOEHNLSDMADWEF-UHFFFAOYSA-N,96117.0
OIUBYZLTFSLSBY-HMFCTUEFSA-N,91363802.0
RSNFRXLRXMMZGW-SKLZQIAYSA-N,16126681.0
WYKPBBZNSCLSTQ-YYMYQQQLSA-N,162817229.0
ADVFPEKLSDNTRV-DGHBBABESA-N,71593116.0
BVSGHFUJMZEKGT-APZACVBRSA-N,162845618.0
ZLPSOQFIIQIIAX-JDGZUBLHSA-N,
LVTJOONKWUXEFR-ZEEJKLEPSA-N,101599683.0
VWJSUVPGLVPZFO-YEOBLEOFSA-N,162857654.0
JDYLZWNJKHZKFU-POIURNNISA-N,162817550.0
UAJBMQOTHJIJOI-BTXGZQJSSA-N,49849704.0
FVJAKCWZKUQZHO-ZCDNGOQFSA-N,14633034.0
QMHCWDVPABYZMC-MYPRUECHSA-N,92825.0
YDDUMTOHNYZQPO-CZWHYVATSA-N,24720973.0
XDOALGMSEJUNPF-OLIVCDGDSA-N,91749955.0
DWXQHGGTYGGNFZ-ZJNLILGDSA-N,163054778.0
MPJBVZKNLCGQHF-HOVRZMKWSA-N,6441405.0
QLUMLFDCNGPCGF-RNRHJGKRSA-N,14021443.0
QAIPRVGONGVQAS-DUXPYHPUSA-N,689043.0
WXTMDXOMEHJXQO-UHFFFAOYSA-N,3469.0
YIADAXTULGQCOZ-REXDEQPNSA-N,11521635.0
FUIREXPFHXOXGQ-UHFFFAOYSA-N,163063293.0
LQLVWNVASQPJTG-INJZUSAMSA-N,15450101.0
WHXWXHWHTQFRIM-RTQLNCQASA-N,
FRQMNJFBOJQRAQ-JMQWPVDRSA-N,12960452.0
GLAAQZFBFGEBPS-UHFFFAOYSA-N,5379096.0
BHHPRAFMEFGOLZ-QVUWEPBXSA-N,161527.0
UWARRXZVZDFPQU-UHFFFAOYSA-N,3084390.0
UKAIYBGRLWQHDQ-VCUIEPQISA-N,90658533.0
KRXTVTCLGLJGNO-AGLLIFOXSA-N,162817617.0
XRMJVTYQUFNCJQ-OIJBMMOISA-N,163081225.0
MMNYKQIDRZNIKT-VSADUBDNSA-N,65252.0
UTXMCYDEIZPGME-ILWWEHDPSA-N,89043384.0
ACPMYIIORVILBG-UHFFFAOYSA-N,10983572.0
GJWNAMOGOKAELX-UHFFFAOYSA-N,5242842.0
YCUNOXSUHVGZRI-XMHBHJPISA-N,6455477.0
DUSIVVSRERWIKR-FLCCKXIQSA-N,10754232.0
ZZBWSNKBZKPGAK-UHFFFAOYSA-N,68111.0
VIDNIVWPSMVGJV-MVJPYGJCSA-N,10544575.0
QGVRYCDFFNUEAM-UHFFFAOYSA-N,1023769.0
HSWIRQIYASIOBE-PMQCEUHXSA-N,163199354.0
IZXYHAXVIZHGJV-UWVGGRQHSA-N,122484.0
KEIZXGINFPDITQ-YTFRHVLBSA-N,44259410.0
WPVGSIBYLZQSIK-VEZJFPMXSA-N,120728.0
UUCODHFMTSSSDN-VZKXTROXSA-N,101631698.0
UYYHPDYGCIMZPZ-QJFKLZJOSA-N,
FPLUWNGZVAMKNR-BTAUDAJJSA-N,9997743.0
QWLMHSUZKDYQKW-NTLWMGSFSA-N,162978491.0
HXAHDFAZDSJARK-WWTXSVIBSA-N,162817465.0
JTMNVWQNMNACAS-SKTKMLTQSA-N,163093185.0
HYXULMWPHCMLGR-BEUFEYIVSA-N,14830084.0
DCURCHSUQXPCGS-NNTGZONMSA-N,5488795.0
CFXJOMGPUADAJE-XHNCKOQMSA-N,180537.0
FRISOFZUHCOQEC-JXMROGBWSA-N,6253276.0
HPOHAUWWDDPHRS-UWVGGRQHSA-N,85567.0
SDRJABGPZHYDOV-FPEITNRTSA-N,14137169.0
YTCUGHMXPWVBIQ-QCHLLHSISA-N,163013062.0
NRLPHLGFOVIHKP-PELURSKQSA-N,102316371.0
KFXFEOFIEBZOMB-SDNWHVSQSA-N,
DXDRHHKMWQZJHT-FPYGCLRLSA-N,638278.0
ZHCMMSAQQHMOOP-VULMRHIUSA-N,102066399.0
VKOSQMWSWLZQPA-UHFFFAOYSA-N,162464.0
YAWVMBZCHBRMNH-INTLEYBYSA-N,
GBKRXXWMGNSTGL-UHFFFAOYSA-N,11381038.0
RRUOBQIYOREMKW-KAIGNEPCSA-N,
XBZFXAYXSQAPPD-UHFFFAOYSA-N,636652.0
IQPNAANSBPBGFQ-UHFFFAOYSA-N,5280445.0
BDIVMECULLJBMU-KSSFIOAISA-N,169017.0
VFPXFUHIDCZKOX-UHFFFAOYSA-N,73066989.0
IQJQVMRLNOWNDT-SWLSCSKDSA-N,12300028.0
IMPKVMRTXBRHRB-VSOAQEOCSA-N,11321141.0
QCVPRHKLLVFRHV-BYJQLNSESA-N,25104522.0
VOOVDZMAQQVAEW-PFONDFGASA-N,5376315.0
WLXJHVQYKOJBBN-NJVJYBDUSA-N,10466745.0
WFXOPUUONQJQRD-UHFFFAOYSA-N,12988287.0
WSPRAEIJBDUDRX-PQZPPWFWSA-N,162923459.0
AFCDXKGLUDDXCK-VTDWMQIVSA-N,24720989.0
RSRHRPXCPQMOSZ-UHFFFAOYSA-N,101995330.0
NZRACXOBLXBSFK-QPOFKBRPSA-N,91747168.0
SPAHGZOYBCREJA-NRNYDKAHSA-N,44257973.0
NHJIGOBHFARUPD-JLVJUDLZSA-N,91750089.0
KZSXMCLSPHIQCN-MGFHSNFOSA-N,13877691.0
NQFCYGLPPJBALD-ULHLHCEOSA-N,162817119.0
DORABKJYWOFZGC-IFAFYZTCSA-N,44259462.0
PURFAWWKECSNFN-IHWVXMPCSA-N,162817346.0
RUZHVXNNTBRZPB-IHWVXMPCSA-N,46186107.0
ZHHYXNZJDGDGPJ-BSWSSELBSA-N,5283339.0
WMBWREPUVVBILR-WIYYLYMNSA-N,65064.0
BQSLMQNYHVFRDT-LSDHHAIUSA-N,6432312.0
OVSQVDMCBVZWGM-ZVIPYZFUSA-N,44259136.0
SPKRHHRYAOXOEE-FQBSLORXSA-N,101396721.0
LKWIXESNIMZHTI-FHOKKCHRSA-N,163059546.0
UHYLXNDBODUIRM-BBJPVVENSA-N,101758880.0
MLDNOXBFWYMRHZ-DYLGSBMWSA-N,25245128.0
VXOZCESVZIRHCJ-PHICIKCOSA-N,6475145.0
DNVPQKQSNYMLRS-APGDWVJJSA-N,444679.0
KQJNENMKRYMNJO-HDEPKMHESA-N,162949087.0
MZDVWXBIIWIBTB-HLUUTIDESA-N,101209827.0
RHLLCIWGXNNMLI-BJGSYIFTSA-N,12311282.0
HZLWOGKTVDZVAN-DZNQXZFQSA-N,102066397.0
TXFPEBPIARQUIG-UHFFFAOYSA-N,7469.0
JIBLKUQZATYEIK-RXVVDRJESA-N,13654835.0
JAYRGPGCJWYHLY-NJAWTQSOSA-N,162950016.0
DNJXORJQFHNALC-LKCNRVFRSA-N,101995377.0
HLJDTSHVHYSVGJ-FKYCOBHJSA-N,132520409.0
MUOYKFGZTFAYNX-CUJVZTODSA-N,162973717.0
LDGHSQJVMCMJNB-MDFWMIKMSA-N,44566953.0
YONHOSLUBQJXPR-KCQAQPDRSA-N,656496.0
CBTFERBMQQAROP-TWEVDUBQSA-N,163075272.0
BPWWKRSIOTXSBO-LLVKDONJSA-N,
OFYPDAKTVZXXPC-UHFFFAOYSA-N,5322064.0
SOTRBIZNTABHBB-UHFFFAOYSA-N,129848736.0
RPAORVSEYNOMBR-RLCCDNCMSA-N,443693.0
NWVJHHNURGENGL-NZODBCNPSA-N,
HTCHZSPYYBTSKN-UHFFFAOYSA-N,162849530.0
HHWOKJDCJVESIF-GIPAHHNCSA-N,161454.0
CXGLIVARJHWMMT-HNHGFODNSA-N,162847976.0
PSGNKQSHECQWKK-UHFFFAOYSA-N,53433223.0
MYKPKZPRXSYQEQ-WUWUJJMXSA-N,162853577.0
KURAIPLLNDUCQY-DMPNSMEDSA-N,14830743.0
QLRPWTNTDHAWJM-PXPCFYJTSA-N,101675248.0
SLKPBCXNFNIJSV-HNNXBMFYSA-N,86895.0
FYIPCBNZSKNQSP-AWEZNQCLSA-N,15549894.0
ITURUJYQEZMYRK-QBFOQREWSA-N,44258322.0
HDQRRXOXIHAPET-AVHHVPGESA-N,162985133.0
FYBMGZSDYDNBFX-BDINPFBFSA-N,101630468.0
FPDDUPUDFYVZHW-PSTOSHBPSA-N,162987389.0
CPQBOGZROOKVPS-DDHOYFQASA-N,162881036.0
VMLMEZINUVEFME-LORXWKFFSA-N,162986325.0
DIIWSYPKAJVXBV-UHFFFAOYSA-N,245983.0
CDOHRPYTUXZGEQ-QOOFHYPJSA-N,163081903.0
UUKUKOWRPZPCIE-MPKXVKKWSA-N,10706730.0
BJJAPHGUWXALPW-MWJQTASJSA-N,162817512.0
YMWUFVDLAIZPKY-VFJFRJDUSA-N,44575412.0
QKYGQTILYUVZMW-SKRKCVGISA-N,163051236.0
NPNUFJAVOOONJE-ZIAGYGMSSA-N,6887.0
VTRMVHBUTNPBTP-UHFFFAOYSA-N,6427071.0
YLYBTZIQSIBWLI-UHFFFAOYSA-N,8164.0
GXEGJTGWYVZSNR-LBJJKJHXSA-N,5371080.0
WIIDBJNWXCWLKF-VVAXPEBGSA-N,10065132.0
NWJBCDNATQJZOD-UHFFFAOYSA-N,619567.0
JUQPPCMGDXBUFQ-UHFFFAOYSA-N,13223157.0
GQZQQAWVTXTUJX-UHFFFAOYSA-N,14376221.0
WRQPROLXESIJKE-YHFJPUIQSA-N,14889737.0
YRJIMTHQIPOSJR-UHFFFAOYSA-N,527092.0
UTQNDJBAYYDNTJ-MDFWMIKMSA-N,44566954.0
IWNCBADONFSAAW-NFVQQQKOSA-N,9823926.0
RHPBUWJZKONKCT-KEXFLOOOSA-N,
RHMXXJGYXNZAPX-UHFFFAOYSA-N,3220.0
OGFFMQWYZCTXCM-KXBFYZLASA-N,11500744.0
CAFTUQNGDROXEZ-XBDCZORHSA-N,9978650.0
LYYVFRHZNWNCHV-HGGQRQHSSA-N,162816983.0
WCGKCTASIYEIPO-MEAPLUFBSA-N,162817494.0
AEWOONBLAKEKSC-CLSQCYNNSA-N,12047617.0
SJTVGPLABIRSLA-UHFFFAOYSA-N,102442212.0
YSJGIOJYGKGLQE-UHFFFAOYSA-N,163049964.0
WBLYYYSQZVZTGB-JGCGQSQUSA-N,
SBEOEJNITMVWLK-HGYCEACKSA-N,44259440.0
PZZRDJXEMZMZFD-DUYPVGENSA-N,5320863.0
DRTQHJPVMGBUCF-XVFCMESISA-N,6029.0
WTSRDWWLWHSPEH-YLQCICHRSA-N,162948298.0
RXGXOKZTGIBAFJ-QAKXDBDYSA-N,162867097.0
STOSKTSCSSXGEX-UHFFFAOYSA-N,85977339.0
WHOYVNZMAORLBI-UWVGGRQHSA-N,6429171.0
QYDYPVFESGNLHU-KHPPLWFESA-N,5364509.0
OPNKSPPKQUMBSL-IBRSDOBUSA-N,
RBRPTFMVULVGIC-NQUNMRFKSA-N,118701577.0
IBELVOGDVQQPMZ-KPKJPENVSA-N,5375536.0
HVBVLFPWEDYRDF-NKAQYCBQSA-N,101396719.0
LBLNFSHPVYQCBI-BMHMEUBHSA-N,162817203.0
HGTSWZZRQSWMEQ-FOGAHLTCSA-N,
AGXPNMMYDKKSMT-FSYXRNBESA-N,641752.0
SSBZLMMXFQMHDP-REDNKFHQSA-N,44583885.0
ANKPMKKGZZQDIC-HJSIMFEZSA-N,5471312.0
MOESXQFGHNEYAH-RUDMXATFSA-N,6537040.0
TYGYPIIOOQNWBU-UHTQEIBISA-N,13195112.0
ZNIBKSGUBSYKLY-UHFFFAOYSA-N,11003581.0
GGHMUJBZYLPWFD-CUZKYEQNSA-N,10955174.0
QEFUTRKIARMBLC-GTBOYDOOSA-N,162872678.0
BPSJMBKZSUTYNF-CYKPCRQUSA-N,102022260.0
NGOJYRXQNKPQOD-UHFFFAOYSA-N,14414499.0
KUHDABLCFRGUKA-XUPIQZGOSA-N,162869496.0
YJFHLDPUBWHTMO-FFQFGOKASA-N,162842956.0
LFJWMCVWUAPRBO-ILTOCZTMSA-N,6429061.0
RIQATFSOVFFVRX-HMGBVJPOSA-N,13996017.0
IDUCKAORVITGQK-ZGKBOVNRSA-N,14239512.0
NYEOIIZVGJEHNR-UHFFFAOYSA-N,15775287.0
JHJUVSWYKXHOSQ-UHFFFAOYSA-N,162817330.0
WQDRZTIUAGZBQW-MYNUBWEDSA-N,101211607.0
QFWWYRULSZHMSH-UHFFFAOYSA-N,
ORHBXUUXSCNDEV-UHFFFAOYSA-N,5281426.0
SGAWOGXMMPSZPB-UHFFFAOYSA-N,61041.0
DJOJDHGQRNZXQQ-AWEZNQCLSA-N,73571.0
FIJFZZZLQKGDMK-UHFFFAOYSA-N,7330537.0
TWQBABKCWXWCQW-LFNCTQGGSA-N,
YMIXTMQQHRBULF-QHENICFISA-N,163010842.0
FNNZMRSRVYUVQT-AZUAARDMSA-N,73588.0
KXBAKXZOYFTMPG-SYYJFZTOSA-N,162938130.0
CFVDPAXOTMTQCU-XKJPHSEHSA-N,
RMULYENLFAKEHH-HXWUASAJSA-N,101426128.0
OXGUCUVFOIWWQJ-KNPIPFGMSA-N,44259217.0
SUTUBQHKZRNZRA-UHFFFAOYSA-N,10189.0
SJFTVAAHLRFBST-DBFWEQBMSA-N,5488004.0
SQOKVNIMYVYARG-IXPDHELMSA-N,
NEJKEXUJCSYMCC-PXBUXKMDSA-N,72188972.0
PQSOVRNZJIENNW-UHFFFAOYSA-N,442632.0
WSKGRAGZAQRSED-SLFFLAALSA-N,15586718.0
XLVSKPCUSVQGDB-YUELXQCFSA-N,14705656.0
MGXGYVFGGBQQIP-PAMUPXPHSA-N,14021414.0
HQNOUCSPWAGQND-GKLNBGJFSA-N,25079965.0
NFSJRTKXBTYHAZ-RNSHHGLOSA-N,102404309.0
ZABRUXSLNOYHLJ-XZKPUXEZSA-N,15118543.0
YYJHXDJUYFZIJA-MCGBXFDNSA-N,162986211.0
NVZCGVLCUJLTSA-CTQDKRGWSA-N,22524218.0
ZVVJVAKXIGRPRA-OYBXXKDVSA-N,
AVQFIGCLTPFSKP-LEAZDLGRSA-N,163072097.0
XXJYZNDOPQCMFB-RHUQBPFKSA-N,162817457.0
BEBILMUEQSTMNU-HMGWZPSWSA-N,44584093.0
YTVDEYRARRBPLE-XNIAFVBGSA-N,44566947.0
LZBXPXAOYQVZEC-RIYZIHGNSA-N,5316534.0
FRDLPOYYWWRSPZ-MXSOBKCTSA-N,14191561.0
XNMPFDIYAMOYRM-UHFFFAOYSA-N,176983.0
UPUMEBJDZQEUFC-BUFXCDORSA-N,11842780.0
BLDTUWFMPJJRPR-STHVEMAPSA-N,12315209.0
RLHPCSSGTQNSJN-OTGZDQACSA-N,
OBMSKRAODQNICZ-CSNQFZGBSA-N,162828111.0
YUDUPXHLRNLYOP-IVRZHYJISA-N,45103630.0
WPYMKLBDIGXBTP-UHFFFAOYSA-N,243.0
OVMFOVNOXASTPA-ISRRCNJUSA-N,44257662.0
ZVNXDJHINHIVBV-MGSAJRRRSA-N,162817474.0
QZZGJDVWLFXDLK-UHFFFAOYSA-N,11197.0
IWNCBADONFSAAW-ATPUVMSWSA-N,71307329.0
JKIKMDJRHDXNEW-UDDXETKPSA-N,13071921.0
VUGRLRAUZWGZJP-JWFOYSBNSA-N,59991339.0
WYVKBAUSAOYEHR-HBICXTKESA-N,162872069.0
LJNXAYQGMHMWTR-AQFIFQLPSA-N,163191014.0
MSWJSDLNPCSSNW-MISYRCLQSA-N,29212.0
OYXZMSRRJOYLLO-KGZHIOMZSA-N,473141.0
HDVXJTYHXDVWQO-NWANDNLSSA-N,171455.0
YNWSZGHXYSGDTM-MFPLWYQSSA-N,163191943.0
AQCWDMYAXGZHOF-ZDIJCOFXSA-N,102065500.0
RSWGJHLUYNHPMX-ONCXSQPRSA-N,10569.0
GTDQGECQTNEMED-GIZSGOPNSA-N,
BBFYUPYFXSSMNV-HMGRVEAOSA-N,5282160.0
JFACETXYABVHFD-WXPPGMDDSA-N,159516.0
JRHMMVBOTXEHGJ-UHFFFAOYSA-N,5281406.0
PUPKKEQDLNREIM-SLVXTXDOSA-N,21159160.0
VHQSTIAIPGOSMC-LNXHZJMOSA-N,162970389.0
OLROVKXKIOIJDQ-YKURLNKLSA-N,162873903.0
UZJTZNIVVBAZIB-UHFFFAOYSA-N,
PUOQHFWXBKTHST-WPJZMYBFSA-N,162958502.0
ZKWCXYQXTFXICY-SDZBBUGWSA-N,101426131.0
QCIILLDRJZPUDI-HSGFTUQLSA-N,44259428.0
OSUSRWMGHUUXBY-YARXSPMZSA-N,15628136.0
UMORYJJPSIXKBM-GCJKJVERSA-N,7330544.0
VYBREYKSZAROCT-UHFFFAOYSA-N,519324.0
PRZMRWJYVMFGKC-QTUSMQKXSA-N,54729712.0
CLYBLORMANTURF-RGCMKSIDSA-N,257279.0
QGJZLNKBHJESQX-FUKRSKRZSA-N,26975211.0
PUGBZUWUTZUUCP-BJVOIFBFSA-N,12308940.0
BDVNGUNHXBUMNV-XWBFNQGKSA-N,162817446.0
YLNCNNXPZVAHAL-YXHJCZLISA-N,162934674.0
QPGGDIWDZHYYJJ-MKDGMHFBSA-N,162817392.0
MBPYHNAWMKVREM-AXHZIQKYSA-N,162917609.0
FLYVYTAPPREMHQ-YZUBQXRQSA-N,22883847.0
PLSSEPIRACGCBO-PFFFPCNUSA-N,188297.0
LHYHMMRYTDARSZ-CBBWQLFWSA-N,91753440.0
NFSCOXCDAAETPI-PDMRZBNQSA-N,162963998.0
HMAHZBXKWRZTNG-ONNFQVAWSA-N,12970192.0
SMSRUMQQXKEQCV-RAHBEWDKSA-N,
SKXYOUKPVUIPFP-BLSFUNNGSA-N,162966531.0
RYNWWOJXABDOHD-OAHLLOKOSA-N,375958.0
RJZFGBNKPOVCHQ-UHFFFAOYSA-N,72819.0
LUHMMHZLDLBAKX-DBIGVJDZSA-N,65030.0
RFPAIRSYRWTZLD-HNNXBMFYSA-N,14157886.0
VJZKAUPZUWIWLQ-UHFFFAOYSA-N,86138847.0
KADCZAAXTVHSJI-UHFFFAOYSA-N,13983745.0
ADKXZIOQKHHDNQ-MRVPVSSYSA-N,440933.0
SUSQOBVLVYHIEX-UHFFFAOYSA-N,8794.0
JGVFMEFXYFJJSK-KTPFSLFISA-N,11123637.0
QQCWGAMGBCGAQJ-UHFFFAOYSA-N,85926.0
PUPKKEQDLNREIM-QNSQPKOQSA-N,5486199.0
TWLHPMIWLQNHPM-UHFFFAOYSA-N,11229197.0
PPJSYGVFDJEMRP-UHFFFAOYSA-N,61918.0
LLDTYMGZAXZDDU-UHFFFAOYSA-N,5748580.0
WWBGZOOOLRDMMI-XFIXXURQSA-N,
LRUBQXAKGXQBHA-OMMKOOBNSA-N,3083880.0
XOCBOVUINUHZJA-RKXXOXFUSA-N,442999.0
GTRAODQPIPVSKC-ZIAGYGMSSA-N,14021294.0
LCDJVEZJCUBANN-OLGIQULYSA-N,162950849.0
LFYZEEIUGCPAGW-TUPSLAKHSA-N,102138460.0
LHRWCCNJXPOMNL-LFCBLZOASA-N,162817107.0
FFTQFHULPHYOIS-UHFFFAOYSA-N,15558241.0
XQRDLQSREIYMDZ-JJMGDHPNSA-N,162978596.0
GLNIOASGXMEGTM-YHSNKNIWSA-N,21606596.0
BWDPEGUHIBSSSY-NZMLQMEOSA-N,21634412.0
YJBVHJIKNLBFDX-MQURJEHKSA-N,11386458.0
KRGJABLVIDOYEE-YOSAUDMPSA-N,452238.0
RWQNBRDOKXIBIV-UHFFFAOYSA-N,1135.0
NMQKRFRZSBQYQF-FVKBGGDRSA-N,163086583.0
PECBKFURXWMWOB-OPKVFREQSA-N,162816882.0
JMMZJPBSEVDXHQ-UHFFFAOYSA-N,10450033.0
QVHLMUNIPJCKOA-IHXMQYCKSA-N,162843975.0
FOSYZKSOJUQLTD-NHPMXQBPSA-N,11290503.0
FNHGVUUMWYKAFF-LNAHLQCFSA-N,162955994.0
REYNGRMDLJMCID-BBFXAVQYSA-N,25149784.0
FLIACVVOZYBSBS-UHFFFAOYSA-N,8181.0
FXKHOFVDHKYWJM-ORVRTXMXSA-N,162817089.0
CUSTUSNKTKJKCL-VBCAGKPSSA-N,101705718.0
IMZYUCHNYPUYBN-FCIKVUCCSA-N,91747359.0
CDIWFZSKYZHVBG-JVYZNRDWSA-N,163191587.0
MFTSECOLKFLUSD-UHFFFAOYSA-N,10315050.0
QLLMKEQDKWNRKE-PFKOEMKTSA-N,14414542.0
JFQBYJFVCCPBCG-CITKZBGJSA-N,101361931.0
FAWDUWSALXIKNE-RQZVMEALSA-N,163041287.0
BWDPEGUHIBSSSY-PMKVJAKQSA-N,10546578.0
OEOLXGZNZFYBON-SHZWADADSA-N,163036772.0
KKOXKGNSUHTUBV-LSDHHAIUSA-N,92776.0
RINICNGNKUISSB-UHFFFAOYSA-N,
JFHFARORMJJHHZ-UHFFFAOYSA-N,
FMMLSWOMZWCLKN-GBFNNTMHSA-N,
YFFCEARGDVTSAJ-CZYKHXBRSA-N,162817380.0
OJNIAAPQTVLMGK-XOZSVDQDSA-N,163186911.0
SQFSKOYWJBQGKQ-UHFFFAOYSA-N,5281666.0
OFMXGFHWLZPCFL-SVRPQWSVSA-N,91472.0
CQLRUIIRRZYHHS-LFXZADKFSA-N,5318645.0
FVIRUWAOHVUWTO-NRFANRHFSA-N,44178660.0
MBFNAZBJKVFNKZ-JGPRCQAHSA-N,12960460.0
NBLLRWANAFOKON-HXMBFPRCSA-N,162940235.0
HKKOALUTOMGGMT-DZJZYXOHSA-N,102052685.0
MIXPHKVHUNRPCY-FUXGUUOGSA-N,162877956.0
CJJKCSLGTYASRV-IKDPFMFFSA-N,
PLPIXLSRTIVHDP-UONOGXRCSA-N,
CZLLFFWTDRQIDR-PWCCRCDVSA-N,102476189.0
VQUQGXFXBDKZMS-JVBGLBIZSA-N,101426129.0
KCPBEIODVNWBJO-OEWHSVDFSA-N,162817448.0
IXOAQFFFKPCXLB-OGEQHFGCSA-N,101675257.0
BBFYUPYFXSSMNV-HGBLTBBISA-N,163085102.0
OGQSUSFDBWGFFJ-UHFFFAOYSA-N,5377945.0
WPVMLODCRMLWMB-HXUWFJFHSA-N,164215.0
LLQCRTZROWMVOL-JISBIHODSA-N,442288.0
KXARZMGWVGLTJB-RRTUYPMLSA-N,14021360.0
UPDPYYNYQWVGFA-MBZNKTGVSA-N,
SVYLRWXAPACCMH-HPYAPKKGSA-N,102066545.0
BTXWOKJOAGWCSN-OOTKVACQSA-N,13818999.0
UOUAIWRZGXIRCC-QHNYOMBNSA-N,16133926.0
CFKYRVIEOOXQTD-BMUZBJPHSA-N,101998829.0
BRHPJALTKULBGH-CEBDARMXSA-N,12314706.0
NMTGXAKMAWZRIF-YCXIAQJUSA-N,7091745.0
LVJJFMLUMNSUFN-LAUBAEHRSA-N,15689618.0
IZFGRAGOVZCUFB-HJWRWDBZSA-N,643801.0
DQAVAZNOXSQZNF-XMQLBGQXSA-N,14589118.0
JCWFMPVGIIRRRG-AXPMACIOSA-N,6440747.0
DKULKWDQPDTYQQ-XUXKGZCDSA-N,
JUXDHJCYBXOISP-HUMFDHPESA-N,
APKFDSVGJQXUKY-INPOYWNPSA-N,5280965.0
JDXJTMWWGZXTGE-FVSNMVKCSA-N,90477420.0
RLSWHCDMMMGSAZ-QIBPMHEQSA-N,21635722.0
ALDOLERJIYTYDY-CLEQCBGDSA-N,23928044.0
ZCHHRLHTBGRGOT-SNAWJCMRSA-N,5318042.0
RTBAXLJYFRAIMK-UHFFFAOYSA-N,137918203.0
ZAJTXVHECZCXLH-UHFFFAOYSA-N,177040.0
XWMMEBCFHUKHEX-ZJJHUPNDSA-N,115250.0
HYBRYAPKQCZIAE-UHFFFAOYSA-N,98570.0
GRBYFYORPBZEIN-RWKYHZLCSA-N,51358136.0
RATQVALKDAUZBW-XPMKZLBQSA-N,73178.0
XZOKOJUOYUVAJC-OUIJSLBESA-N,185305.0
XUWDONYYJTUYTM-HWXFJBORSA-N,101596802.0
XUWTZJRCCPNNJR-UHFFFAOYSA-N,5464461.0
JFZHPKCGMPFGFG-FDCPPYJTSA-N,14137559.0
LRRAPLGHLCOGIZ-QHSBEEBCSA-N,71573979.0
GEAGRKQCZVLNAU-NNIZZFLASA-N,14035453.0
CGYLWHVYZDSTDR-VHSXEESVSA-N,102065501.0
MZUKFJRNNJXADZ-RZYUKCEPSA-N,45270717.0
ATGABXDKTMWXAQ-GIFBOUKESA-N,12303690.0
PLPIXLSRTIVHDP-KGLIPLIRSA-N,163031853.0
GHIKZCCKJTXOGO-UHFFFAOYSA-N,5319474.0
QJAPFSSVKIZTMR-UHFFFAOYSA-N,442916.0
SKUDQVAPWPVZPH-HFDQNHLESA-N,162983265.0
PRZSMDYEVUSNJM-SLFFLAALSA-N,15715176.0
RSNOJNCMDSVLCU-JPROIMBPSA-N,162817419.0
XADCSFBCDAKNRG-ISTPLKSHSA-N,163069565.0
QMYGTTSPVRKRJP-UGWIBKDRSA-N,163009603.0
XAJCDULOYMUKSG-LYHQJTNRSA-N,100958761.0
NUWSDQMCCHNVBZ-BUIIFPGESA-N,162880468.0
KPUFMQWBDCFTAX-OFQRWUPVSA-N,101705408.0
JNPONVQKBRADJJ-VVYNUTSYSA-N,
FQCJADRURROYGR-SYEDVUJHSA-N,101027461.0
WPCOUSAJELDJIP-UJWPTSQRSA-N,162817256.0
ZYGHJZDHTFUPRJ-UHFFFAOYSA-N,323.0
FLCVGMVLNHYJAW-UHFFFAOYSA-N,10970376.0
GLLRIXZGBQOFLM-UHFFFAOYSA-N,12444971.0
BJZRFKXFOOGZMJ-KATARQTJSA-N,162829292.0
GORVQTDXHSXLKY-SLDSERKVSA-N,162817484.0
YNVJOQCPHWKWSO-ZBVBGGFBSA-N,484757.0
WKKJGHCXVKEJNU-RYPNDVFKSA-N,10466747.0
KPCRYSMUMBNTCK-UHFFFAOYSA-N,5280682.0
MITHUEHYZARDCT-SFHVURJKSA-N,442152.0
CHKPFVHCBRAVJP-ATIPCIAOSA-N,
HETWPUJFGKDFMN-UHFFFAOYSA-N,534683.0
JEACDFMOGUTDGW-ZLJLCOLESA-N,162914505.0
AZVKTECZVBPPJX-UHFFFAOYSA-N,162816854.0
BFONWEJKMSLMCY-QNRZBPGKSA-N,6436644.0
AYRQUPRKTDTPEN-SQQPMCIGSA-N,44583801.0
NEHXPIGRYFZMOE-BUWBAVOPSA-N,12310890.0
UIDGLYUNOUKLBM-ZJNQJRHWSA-N,45933931.0
KVULLTOLZZRDPB-JLMRGYJBSA-N,162817508.0
HNUDFMQYCDPTHE-NGBRNXDHSA-N,162903443.0
MWAIQZYWLADOIR-ABNPOPBRSA-N,12097235.0
BLUAFEHZUWYNDE-NNWCWBAJSA-N,68827.0
HCAGTMLWEWVIJA-UHFFFAOYSA-N,100625.0
RJBAXROZAXAEEM-UHFFFAOYSA-N,5281604.0
SWXVUIWOUIDPGS-UHFFFAOYSA-N,31256.0
DAUYODIWUKXRGZ-BILHOKJUSA-N,101705431.0
PGARYUHLQUORKU-RXMQYKEDSA-N,89329915.0
DAEFUOXKPZLQMM-AUDZWCKFSA-N,441612.0
JQWLVEBTFUQMEN-RGLYMZRRSA-N,162975211.0
XFFQVRFGLSBFON-KOPUBOKJSA-N,44258810.0
QBJOHGAEIAUULA-UHFFFAOYSA-N,317542.0
ZWPBLILWVHAYBJ-LNNUVDILSA-N,
CJBLPFFWXVRSRM-UHFFFAOYSA-N,10912617.0
BJRNKVDFDLYUGJ-HSBVKHSESA-N,10348.0
HGXBRUKMWQGOIE-AFHBHXEDSA-N,73399.0
UHEPJGULSIKKTP-UHFFFAOYSA-N,9862.0
QIIAHRYZRXDYGH-ZRIDXQSGSA-N,163060179.0
RKAXEWSQYMGBAP-DCYZMOCKSA-N,101316721.0
KJRZFQQUFIBFFI-VJYSWEEHSA-N,162874061.0
DSPKZNIAAGVBOC-TVOSLKCNSA-N,163191816.0
RTBLDXVIGWSICW-JMSVASOKSA-N,12308843.0
BFKPTPKHPWTRAO-ZUBVFAKQSA-N,162984881.0
BBMFSGOFUHEVNP-UHFFFAOYSA-N,68475.0
LLVYASCUNDOCRV-UHFFFAOYSA-N,71445220.0
BVNVXEMVVHSCAF-SHHOIMCASA-N,129845784.0
CXQWRCVTCMQVQX-GJZGRUSLSA-N,443758.0
QJTYCCFDQWFJHU-CXWQUDHASA-N,18346204.0
NBGQZFQREPIKMG-PONOSELZSA-N,168928.0
JVKYZPBMZPJNAJ-OQFNDJACSA-N,65727.0
KFKSQOIZZRZEFC-RUDMXATFSA-N,14733727.0
PMOWTIHVNWZYFI-AATRIKPKSA-N,637540.0
AQGJJVVGIDQMHX-UHFFFAOYSA-N,597639.0
WNYHMEYKAGKERM-UHFFFAOYSA-N,154018730.0
ZYEMGPIYFIJGTP-UHFFFAOYSA-N,7127.0
JPUKWEQWGBDDQB-QSOFNFLRSA-N,5282102.0
XUFOYASAFNKRRE-GJZGRUSLSA-N,161741.0
IMHIVIMYMMMOMN-URKWMJLKSA-N,
HTEXSXCVDJMYMF-SDULWRHXSA-N,
FCEVNJIUIMLVML-MIULREJOSA-N,91746605.0
NCUJRUDLFCGVOE-UHFFFAOYSA-N,5375252.0
ACBOFPQSBWBAQR-QNDFHXLGSA-N,102257014.0
YGRJGDBMLTZRLL-NQLXVEKGSA-N,162817570.0
WQOMFYCARPXUAF-JCCDCTOFSA-N,162869113.0
FPLUWNGZVAMKNR-UWBBWCMESA-N,11046234.0
XJHDMGJURBVLLE-BOCCBSBMSA-N,221071.0
MAJBLSDHYUPQQD-UHFFFAOYSA-N,75701.0
YHCCEJFYYUGTFM-BASRJAGKSA-N,162817344.0
VJUPPSYNYRUTOP-SVOVKRPESA-N,162829208.0
KHBJLRRAMCJZLZ-UHFFFAOYSA-N,171489.0
VXXSPOVQLBTGOO-ABSDTBQOSA-N,53496760.0
IYLGZMTXKJYONK-ACLXAEORSA-N,185716.0
VVZSUOFFWZPSLS-SGMAJDQTSA-N,132524253.0
DICCPNLDOZNSML-XGKJEQFASA-N,12302182.0
BMHBREVDFYUSCC-ZWFRJWGJSA-N,
WIYBTPVLDULURO-CLOONOSVSA-N,101821118.0
FVKIBVYKSWGGPY-JEFSMQFLSA-N,162835225.0
DPSCQKGSAHTWSP-CURRBBOESA-N,12444965.0
DLNRSLDKCGSBNH-LPIUFBCESA-N,163060329.0
LJPDNHJFYBWMCF-ZYJPSCNZSA-N,102316533.0
HPDJDMAPXQNONF-JTQLQIEISA-N,389887.0
GYRJPATVNGOBRW-PFFSRIRZSA-N,14137541.0
WRHGORWNJGOVQY-RBSFLKMASA-N,92313.0
NUJGJRNETVAIRJ-UHFFFAOYSA-N,454.0
JHAYXWWXUGLOHK-QGBCZBPOSA-N,162816874.0
BSYWXGDMWUUHDZ-ZZZKQGFOSA-N,101674067.0
YGLWPURSVTZTIE-UHHFCHTKSA-N,21635726.0
LSTWTKOOHNOJLH-CXUOALPKSA-N,162844511.0
VGIGXDLSXHTPCM-TWBGHHOVSA-N,162817275.0
NOQVBHHOUTTZGE-LVFMHWQRSA-N,12308873.0
QVDQRPBOZUHTCX-CCSFUCHMSA-N,162842363.0
JXQCCWXKPJFXTC-UHFFFAOYSA-N,
JOBAOHFOADHRSC-HELQHENCSA-N,162872635.0
PFDGLXOOSQNAKH-KYNKVXSISA-N,14021306.0
KPKDFSLIRPVPJF-YDOQJWOYSA-N,56843093.0
BPUNWVGCTMEMKQ-PFQOCRRASA-N,366039.0
RNEORCMLRJNFGE-MDWZMJQESA-N,5458645.0
VLVWNVGFECREOG-UHFFFAOYSA-N,129856119.0
WJYFLYDUGXWVMP-XLMAVXFVSA-N,10871693.0
YZKIFCYWZMVWKM-ZCQJSQKNSA-N,102208950.0
JMNFCQSRPSOEKG-FCHSOHFDSA-N,162952963.0
SCZVLDHREVKTSH-UHFFFAOYSA-N,5280666.0
RUVUHIUYGJBLGI-XJZKHKOHSA-N,5484202.0
DSAJORLEPQBKDA-AWEZNQCLSA-N,1268276.0
PMISPNORJONCHB-LLWDQIFWSA-N,71300386.0
UBUHIKQRNDOKCZ-NRLKWUTFSA-N,90657943.0
ZXWMKYBQWBZFAK-INIZCTEOSA-N,10407286.0
SDIVYZXRQHWCKF-SECBINFHSA-N,776133.0
QULPQWKDDOBIOC-UHFFFAOYSA-N,73648.0
SRHDLIDOZXPROB-JMSVASOKSA-N,10727766.0
AGIAQPIYGHUVMY-JRTLGTJJSA-N,71587071.0
OZVBXGBZPZBKJO-UHFFFAOYSA-N,5320181.0
LSHYTUQCUQMUJP-URJRJSJNSA-N,162973882.0
KFJJTDVDBCPZBQ-XNHRUCMSSA-N,162816925.0
NUHQNAFCQWNZHH-KKUBQSGSSA-N,163077988.0
CTIVZBHKUZPFEV-MJVIGCOGSA-N,15690517.0
ZGXVZQZFVYSUDU-YALWORMISA-N,442323.0
YHBUQBJHSRGZNF-AUWJEWJLSA-N,5352653.0
NEZCMGYOACDFPH-WOXHDHDISA-N,162850741.0
UXVNNVWPICKMTE-WRLCUUPGSA-N,44566377.0
VUVSVEQLMRNDMO-GNXDZCFSSA-N,101623850.0
SPQQVZADFOATIQ-YWLJYKEXSA-N,163184330.0
VQUPQWGKORWZII-RPJYBVRZSA-N,101937309.0
KYRQDWWGEOQECX-MSSMMTGSSA-N,162855867.0
AUVVIKWIWCGRGP-ZDYZQTMZSA-N,162817542.0
HGBVBPVTPLNHEP-SDBXPKJASA-N,14730832.0
WJYFLYDUGXWVMP-CVYDXHPNSA-N,10427700.0
IMRAICJHRXRWPL-ZDVOQKQISA-N,44429427.0
BXNJHAXVSOCGBA-UHFFFAOYSA-N,5280953.0
GAOBNFYEJRRWAQ-BNWFOJLJSA-N,162885481.0
RRUOBQIYOREMKW-IDRUFVAWSA-N,
BWOPOAOBPJWDBF-SFUXALCOSA-N,101674068.0
KZZAZUNOEPLVNP-UHFFFAOYSA-N,
IFIQVSCCFRXSJV-NWCCWSSZSA-N,12444386.0
LKUDPHPHKOZXCD-UHFFFAOYSA-N,69301.0
VZPASGPLDDVYCL-UHFFFAOYSA-N,389316.0
ZKIXACXWZQFVAB-MUCJXJSVSA-N,157000.0
AVFIYMSJDDGDBQ-NCMRHJMASA-N,162903757.0
GPFVBJYXFRIOFB-CBRIZSKPSA-N,102469678.0
LGMNKSBINQXDAI-UHFFFAOYSA-N,10410181.0
DFQOXFIPAAMFAU-UHFFFAOYSA-O,159646.0
SCZKCXUGDWJJGV-UHFFFAOYSA-N,5281344.0
WJHRAVIQWFQMKF-IPYPFGDCSA-N,13092559.0
LGDSHSYDSCRFAB-UHFFFAOYSA-N,11167.0
ARJUJAMZTUUZNZ-NJQUUYHGSA-N,10455028.0
KZIADLALQLRZIQ-PANQXIRQSA-N,10335933.0
YTPBUIWNJRGZFW-PHOTXNDESA-N,52942904.0
NBEWQJXZSWAWKR-CZOCHBBSSA-N,163016938.0
LMQGCNAOWXUOEU-QLSXMBATSA-N,
ZUSLUFQEEHEEBP-QPOFKBRPSA-N,162816998.0
WIZNAGDVYMRDHS-JLHDYFKBSA-N,162913245.0
UZQVYLOFLQICCT-SCSAIBSYSA-N,10370.0
KSVVGBSBNPMXJF-AKJGCJRBSA-N,44257327.0
UTFMYUDTIZFQDE-CTQSIRBZSA-N,101630375.0
CJYNUSAOAPXPPP-OJNPPMJPSA-N,162904861.0
AEAWOMODYBIREN-CNVWHVCZSA-N,162955413.0
RKDOFSJTBIDAHX-PNIKOYRFSA-N,91747357.0
XNRDINRKWQTQDO-BGIAOWSUSA-N,
ZQPPMHVWECSIRJ-MDZDMXLPSA-N,637517.0
MBDOYVRWFFCFHM-SNAWJCMRSA-N,5281168.0
LHYHMMRYTDARSZ-XQLPTFJDSA-N,160799.0
FIAKMTRUEKZMNO-NBFOIZRFSA-N,6428488.0
BAMNKMJGPYBJJR-RROKVSGJSA-N,
IUDVKUNVWZIINQ-COYPLYOCSA-N,162934470.0
HVYUPLNMGNYFAM-GJBRHSMHSA-N,
ITWYQAIFKHRKRR-XDJMDEQPSA-N,
QFRAKJAULMBFHY-PEYKTXOXSA-N,
BNHKXOIJKIMOJH-UHFFFAOYSA-N,522345.0
MEPBTXJJBAXXCF-CKZPMKISSA-N,101149838.0
JDXJTMWWGZXTGE-NOFIJZTDSA-N,15628011.0
PWMYDLPGNYMRRV-YHPJLETLSA-N,10368997.0
CJLFWRBPNXIPHA-UHFFFAOYSA-N,15549895.0
OJZVKDPZYTWJHP-QVFIUTARSA-N,101529196.0
XZKJITYVVLNMNW-UHFFFAOYSA-N,14037441.0
MQSZRBPYXNEFHF-UHFFFAOYSA-N,5320946.0
YOOXNSPYGCZLAX-UHFFFAOYSA-N,97560.0
UYGBXGAZUCKDDV-SFHVURJKSA-N,3082688.0
CXENHBSYCFFKJS-OXYODPPFSA-N,5362889.0
ASFFOFUBSYUBPV-ONEGZZNKSA-N,
OZOZCKVLUMXFGS-UHFFFAOYSA-N,54679752.0
KMNJTAQXPSBWQA-UHFFFAOYSA-N,162817263.0
YJGVMLPVUAXIQN-XVVDYKMHSA-N,10607.0
RGCKGOZRHPZPFP-UHFFFAOYSA-N,6293.0
DVBSKQAFCDJNSL-ZNMIVQPWSA-N,6428280.0
PCCTZPOSLPXEHH-YUNKPMOVSA-N,
WNNGLHOQCHCQFK-UHFFFAOYSA-N,10198218.0
PGTJIOWQJWHTJJ-QWHCGFSZSA-N,6429022.0
JOPMOPXPIOPSDS-UHFFFAOYSA-N,9990485.0
MYOFCWPLRKBPJD-CDZGDAMASA-N,91746988.0
NSCUDPABUZNJRT-GHJRKTJFSA-N,101675252.0
OXRCQEMNONCHMK-UHFFFAOYSA-N,233390.0
IETZAWFZIAOWQX-UHFFFAOYSA-N,10965145.0
IWPNHPPGEPHKBZ-UHFFFAOYSA-N,100418.0
GGNRJMYAXINNLX-UHFFFAOYSA-N,21588200.0
YAWJHQZYFGHLSY-YXUWRJBCSA-N,162861627.0
BXSPWNHDIUKNAJ-VUYQWQMLSA-N,102375914.0
KJSAXQYTHNRIBJ-YRGRVCCFSA-N,162877969.0
SJGCQOVOMXNEOA-ZJNYLYGOSA-N,162999878.0
GOASBXPFRRKRON-YYWZQLMFSA-N,102023618.0
SFWZUPNUMMRBQM-HDKYCGBKSA-N,162817317.0
SQBLZGPDZBFVEE-BUWBAVOPSA-N,162968824.0
AKLSRYWIXHNHLA-HYVLAWLISA-N,101851848.0
NGRRXMZEVSBATO-VUXUOOGWSA-N,101584234.0
JXEBWOKMCCSZAX-ZJUUUORDSA-N,91748716.0
KTZVYIFKRSNKFH-GCBHHIMKSA-N,163031362.0
VYJPSNRDHOGIPH-RBSFLKMASA-N,101675593.0
SPKGPDRGORWGNP-SISSWOJJSA-N,14681481.0
BRHDDEIRQPDPMG-PSASIEDQSA-N,6428573.0
KPQMCAKZRXOZLB-KOIHBYQTSA-N,5280462.0
VYUQPLFRNDQDHW-UHTQEIBISA-N,14313398.0
TYGYPIIOOQNWBU-SPVDEYDNSA-N,6432671.0
SMIZUXPJPXRGOS-TVKITMCSSA-N,
YSKVBPGQYRAUQO-UZSYLJJSSA-N,441837.0
VLYIKJYIZXEYKF-RAYMYPRPSA-N,101361935.0
LQGUBLBATBMXHT-UHFFFAOYSA-N,10208.0
RJAKLUPHSBOQNU-GCHNNGBASA-N,3084282.0
LKMNXYDUQXAUCZ-UHFFFAOYSA-N,145659.0
MWEOLCSYOQATJB-UHFFFAOYSA-N,162855729.0
QUYOIZQYNDXCTC-UHFFFAOYSA-N,13522480.0
ZWAAFZOEMBEAAF-XDPSYNDUSA-O,123872652.0
CCEFMUBVSUDRLG-XNWIYYODSA-N,441245.0
FQCNSQJHPSOGHM-CKORDJMKSA-N,162817531.0
FOVBAKMOOZZENK-BTGMCMHZSA-N,163188053.0
BJPSSVHNEGMBDQ-NUZBWSBOSA-N,167683.0
ZMFCIMWRPFSUCY-RQEYMAQWSA-N,14191568.0
SMGMSKBCDUOVJD-NUEKVCAZSA-N,162817269.0
MHCDFIFLMYBWIV-PLLMSDPHSA-N,441904.0
BOYYQYRAKVYWCI-JSBOQLKZSA-N,44144276.0
UDWUZPSSUIWBKB-MCJSFTGGSA-N,163032231.0
IUZVQQNKQMFGQK-YVNJGZBMSA-N,13992119.0
UTXMCYDEIZPGME-VNHYZAJKSA-N,168796.0
WONZXVKRFAHSAK-UHFFFAOYSA-N,13831736.0
FRDLKANXGVGBKH-ZVIJCYGTSA-N,163026999.0
JUCUZVFPWCOXDO-ITIQLNCPSA-N,162817354.0
ZUMVRGDGUZROMJ-DIZROUMASA-N,101631696.0
IFJGZEDRSDXZES-USWJUXOUSA-N,163077302.0
WWKOGILFMXZKMI-CUIVXLOWSA-N,14021370.0
JVSLBSRFOFQNDC-DREJCDQOSA-N,162817292.0
KSKNLZFUHVVGGB-MEJVDXPJSA-N,102438586.0
ZZVZGSYEPXXGHA-UHFFFAOYSA-N,15109166.0
BFFYUNVGUBDLOC-UHFFFAOYSA-N,44259046.0
IOPRWFZXNNJKTN-VPRYEBPISA-N,102469381.0
TZXKLAJTOIJUOD-UPRGZPJCSA-N,162817250.0
VQOXZBDYSJBXMA-RKEBNKJGSA-N,6433272.0
HIVLZZCXKATCJB-BBVFFXRHSA-N,15714484.0
SLVGRMVYTQSPOA-LEDHEPLTSA-N,14021384.0
JWPKIAYHWVEGAD-LTDSZXQWSA-N,162951757.0
QTBSBXVTEAMEQO-UHFFFAOYSA-N,176.0
MACFXELYCBWKGT-VFTFQOQOSA-N,5322038.0
OEZWCAHAQBRTTP-FKRBRYKNSA-N,54679753.0
COOQBFCBCULESP-UHFFFAOYSA-N,129848781.0
GMVKZIGIYSHLJD-IHAUNJBESA-N,162817110.0
DXKBUDRBDSPMIW-GIDUJCDVSA-N,6443521.0
UZWOZRDFWPXGSK-FZKONZGJSA-N,162817394.0
VSMBLBOUQJNJIL-JJXSEGSLSA-N,89644.0
AVFIYMSJDDGDBQ-CUOATXAZSA-N,155173.0
NEHDRDVHPTWWFG-UHFFFAOYSA-N,31271.0
YEISBJOTHHFANE-NJVUAGGXSA-N,375117.0
RZWRJIIJVUJQGK-VCVJCKPFSA-N,162976625.0
LAXOSTBYCIIARN-MSGPRHKFSA-N,
ZRLPTLKSJBPDJA-CYJAXWMASA-N,162900748.0
QALUILGJCJXZMW-UHFFFAOYSA-N,20054950.0
DUBCCGAQYVUYEU-MBIBTLSJSA-N,13258914.0
XEWGBGIXCMXJPI-KEGXSBDUSA-N,10859689.0
CYSHNJQMYORNJI-YUVXSKOASA-N,354654.0
VWEVUYZRDHPINN-LDBNZQTHSA-N,
JWCIGPTUZBZFDW-MMJUEZNNSA-N,44258015.0
YNOSNIYDHUBEBU-HGKFCXGKSA-N,11570897.0
IUCHKMAZAWJNBJ-RCYXVVTDSA-N,176079.0
ZABRUXSLNOYHLJ-QQIHNUQVSA-N,15118545.0
SHAVHFJCSQWTFF-UHFFFAOYSA-N,68222.0
NIOYUNMRJMEDGI-UHFFFAOYSA-N,984.0
UVYUUQGGBNKRFU-ZDUSSCGKSA-N,12414274.0
YLOYXTXFQUNHHV-XWRSMLSYSA-N,101985995.0
IFSJVHMZFISVOZ-SFMJQTNTSA-N,102034324.0
HPQCORAGRLMEDL-LYOPSEMQSA-N,162850805.0
PKKTXAMCHLIVDS-UHFFFAOYSA-N,338279.0
ZMEDOYHRMAKLBS-UHFFFAOYSA-N,86017483.0
BOUDARFVWGDGSN-PVAMVCSVSA-N,162882184.0
DOQQMRLZZIAMSN-CZVFHILGSA-N,162870819.0
SPNCVPCCAKJODZ-GNCYRLBNSA-N,163088366.0
YCQMGTFAKICNOS-MZYCLFAISA-N,101485499.0
GEJWFAFQALIJIQ-VTKGZLJISA-N,162969992.0
XZKNRQNOZWYUMT-GUIRCDHDSA-N,10879127.0
VBZBMHHXONIZHW-NVTTYYAUSA-N,14756449.0
KWAOMPWGIIXDPH-UJONCCOVSA-N,443694.0
ATGABXDKTMWXAQ-YNVFHBRFSA-N,162891017.0
FQTLCLSUCSAZDY-ATGUSINASA-N,5281525.0
MWOOGOJBHIARFG-UHFFFAOYSA-N,1183.0
MCJAKNZUJXCHOQ-IVZDYFLXSA-N,162844067.0
DGVWCAONVNVPRJ-PSAXZYJKSA-N,100945034.0
YXUIYDNZDJXDFI-ISRLNJNESA-N,101396724.0
KDARIUDGXONUBS-BJERLSQVSA-N,
IHPKGUQCSIINRJ-NTMALXAHSA-N,5320250.0
IYSBWLRXTOIYFZ-RDAPGVDQSA-N,162909346.0
LPMDVPSGPHJDJI-DLNHYIPASA-N,
RWUFSDSPFFBHHT-QUOXUHNXSA-N,14355505.0
KUSXBOZNRPQEON-LNFBDUAVSA-N,11824478.0
MMSKHYSDSPMHKQ-WQSRGKGMSA-N,162891356.0
OGDFTQDRHAGLTB-PWCSWUJKSA-N,
ZROGCCBNZBKLEL-MPRHSVQHSA-N,119258.0
IMJCEVWDXKCHOI-UHFFFAOYSA-N,68221.0
WKUHPOMCLBLCOV-MIUGBVLSSA-N,11016019.0
HZSSIVBUAMEIEB-UHFFFAOYSA-N,518464.0
AVFIYMSJDDGDBQ-FZZIBODNSA-N,44453629.0
KMLCBJWFZDXLFN-BFEIJTHESA-N,71712663.0
FTYXVXCMXAENOM-OJLVUWQFSA-N,101683456.0
HKAIYTYUJIXIHQ-HMZGLDLJSA-N,11288945.0
HLZVPWRVYKJCMY-QDKFTSETSA-N,162842864.0
RLWGUGMJDNRONP-UHFFFAOYSA-N,
NUVAJKJDTZTFLK-ZOOYRBDCSA-N,163046082.0
CAHQQYHQUHYOGU-LZIZUESTSA-N,13919623.0
UIDGLYUNOUKLBM-YTFRHVLBSA-N,44259336.0
PTWUMSGLZPRHJW-RZRATATOSA-N,101627297.0
DVWKMCPPEMUHBE-KUCLMONLSA-N,24982202.0
VEBVPUXQAPLADL-POYOOMFHSA-N,442042.0
SHPPXMGVUDNKLV-LYDGRTCHSA-N,162900600.0
CXQGCXRSBDXDEL-MPSAXPHCSA-N,162985261.0
OGBHHUAQJLETIY-ADJBLJIQSA-N,101012713.0
DUWPGRAKHMEPCM-IZZDOVSWSA-N,5281255.0
NRJBCHONNAYGLK-YGBFRMIDSA-N,162967702.0
DVMLAMKRQMRWRG-JIXLKCBHSA-N,162890868.0
AJZKDFNTXHJZSL-FKFIUFPYSA-N,163085616.0
RSKOPEQHBSFOLQ-OTHZFUNLSA-N,91895465.0
CAHQQYHQUHYOGU-LFJBMYJGSA-N,
HJSVKCKJGOVSJG-MCQNMBRLSA-N,162817130.0
WXIOZXZWVKCFJU-DGAGHFCLSA-N,162856315.0
JFZZVNOEGLOJCR-KAINSXHYSA-N,102022914.0
KYVUMEGNMQDSHO-ISEXSMSQSA-N,14038300.0
HEJVISJCOQSDIH-URUZQALBSA-N,14021480.0
ZASFHSAGASJGRN-UHFFFAOYSA-N,5280695.0
DPQYOKVMVCQHMY-QPSCCSFWSA-N,15560333.0
SFLYHLDZSLIEMY-ARJAWSKDSA-N,
FMTKDBAFFLJGGS-XZZDIUTQSA-N,162816969.0
MIZMDSVSLSIMSC-VYLWARHZSA-N,164754.0
NFXOTMZBYZYFBR-ZNKFUYKASA-N,162817004.0
LXRVXBFTUIHPMV-UHRPCDMCSA-N,102442730.0
KCBLTSLTPXUEEF-IJNYNHLPSA-N,162877776.0
NQWVSMVXKMHKTF-JKSUJKDBSA-N,64981.0
MNWFXJYAOYHMED-UHFFFAOYSA-N,8094.0
QQMJLNCENDJRCL-NXEZZACHSA-N,71423340.0
RFBNSYVWJNUVHE-INIZCTEOSA-N,44424648.0
IRZVHDLBAYNPCT-UHFFFAOYSA-N,5281954.0
KMOUJOKENFFTPU-MKJMBMEGSA-N,12304093.0
FMLHJJVSHOCVAU-UHFFFAOYSA-N,21593830.0
UPVZPMJSRSWJHQ-BTFPBAQTSA-N,21722369.0
LYGRISUQIZNHGM-IVABAYMNSA-N,440221.0
YJILUWQPXMLLTN-UHFFFAOYSA-N,10514946.0
VMYJORXFBILIJU-UHFFFAOYSA-N,1023565.0
MKNPSCYLXYXFEY-HULFFUFUSA-N,101415749.0
LKPJBEBGOBIWTE-ADLAMVQOSA-N,163195227.0
MBABCNBNDNGODA-CHDRXMHHSA-N,42607501.0
XFUMYDOALKXGJI-QALKEGLVSA-N,
OKVJCVWFVRATSG-UHFFFAOYSA-N,102.0
RZECWDZMTHMQDD-UWJYYQICSA-N,5489042.0
JQULEGADLKYNAU-UHFFFAOYSA-N,162909388.0
NJTYUJFKRSBELS-URUZQALBSA-N,14021489.0
UKSPRKDZNYSFRL-NGYPZUIWSA-N,101504843.0
NOQVBHHOUTTZGE-LUZNJDLOSA-N,76308652.0
LIIALPBMIOVAHH-UHFFFAOYSA-N,10748.0
GLZPCOQZEFWAFX-JXMROGBWSA-N,637566.0
CWVRJTMFETXNAD-NXLLHMKUSA-N,5280633.0
QATUWZPYBIHFFR-UVXIKMMUSA-N,49767028.0
RUGBKCUWZCCZDR-GXFJTLABSA-N,6475609.0
GWGZWWJGPJAMCO-AWUINLEFSA-N,162816861.0
VWDLOXMZIGUBKM-AUGXRQBFSA-N,6602508.0
LWJJYAYQOTXATC-IZZDOVSWSA-N,91700476.0
YCHJWRVSZGGWFE-DONFCBROSA-N,162977212.0
WRTOUBQZZGFLLV-GMVKGQTGSA-N,10648900.0
IGOMNRZBTQVLBU-VINWQNLFSA-N,101630422.0
UUQJTIHOVGMQIH-UHFFFAOYSA-N,3084066.0
XNTMFHCBZXYPAS-PROGSAJMSA-N,162870658.0
KCGNEJMISVWXCF-CWNJIBBWSA-N,162817587.0
UQZPIWLVCRZJBY-BFHJAPCYSA-N,21579182.0
RVEJNTZMTMKGPW-XVMGYKCHSA-N,101631682.0
HZMQJHMUAPRPTR-SNAWJCMRSA-N,
MFHUSFRUEBKKNJ-JARUQAPTSA-N,163194353.0
LXEVSYZNYDZSOB-UHFFFAOYSA-N,96539.0
PZZRDJXEMZMZFD-NNEMTEQFSA-N,5320830.0
IRUIGQKPFNFHOD-DBKVWBBNSA-N,14705662.0
NITWSHWHQAQBAW-QPJJXVBHSA-N,5319562.0
GZCGUPFRVQAUEE-KCDKBNATSA-N,3037556.0
YMMKIABKOQVXIK-UHFFFAOYSA-N,102420162.0
ZAZKJZBWRNNLDS-UHFFFAOYSA-N,31284.0
BLPXNSSTDKKRFC-HZPDHXFCSA-N,
FLKPEMZONWLCSK-UHFFFAOYSA-N,6781.0
GOXPCQLRLJMQIY-KXEAFHOWSA-N,
GAZLXCUGSNLNIA-NMKXLXIOSA-N,163097343.0
KSBALECVCJXYHU-IBGZPJMESA-N,5318528.0
RVKRJABUQLMQNO-FCURCJOESA-N,23786315.0
WLYRUZQGIVCRDD-HQUNYENUSA-N,162975634.0
CKPJPJSVQMEGBC-SQEGYQCZSA-N,72614.0
XVIQCCFXDXUXNE-JPJACQMESA-N,21575473.0
FOHXFLPXBUAOJM-OPAWWROQSA-N,53809877.0
GJRMHIXYLGOZSE-JDFRZJQESA-N,443723.0
FNHXGYITEDATDS-DHZHZOJOSA-N,12485235.0
LKZDFKLGDGSGEO-UJECXLDQSA-N,5282155.0
YLYJXNTZVUEFJZ-DODNOZFWSA-N,10095770.0
LHVHLTYUKQOIQB-NGIKCFRHSA-N,
FYTRVXSHONWYNE-UHFFFAOYSA-N,12777.0
LQSMCJIWJYQNBD-JNXIOCFWSA-N,162991502.0
FSJGQFHHFGJQNB-VGVGNWBGSA-N,162965053.0
MGYFZCUYTCZBNN-ZINXSWEGSA-N,162913955.0
VNKCRRIDZAQRBP-QSLWVIQJSA-N,101675253.0
UDYKDZHZAKSYCO-OHJDNFKWSA-N,5458626.0
PQWZTIFQLLOKAH-SBKQUWTASA-N,100918314.0
XDDPFUCCKIMFOG-ONEGZZNKSA-N,6439701.0
KLZWSNKEPLKAOS-DLKSVJEFSA-N,101677436.0
LRWLAXJSFDAHQE-ZSMQZHQSSA-N,
CRWHRMSWJOLABX-NXWCFRFGSA-N,53297431.0
GAQMOGICQDOKHD-NSERFXOASA-N,101831568.0
PFTAWBLQPZVEMU-UKRRQHHQSA-N,72276.0
VSHTWPWTCXQLQN-UHFFFAOYSA-N,14310.0
IOWHRFKVRZOMCP-SKTKMLTQSA-N,162975263.0
BQBSEIUTJXPVJP-UHFFFAOYSA-N,5488695.0
JYXSWDCPHRTYGU-SOABXMLTSA-N,162913293.0
XCLFXSUTXZKNFU-QGBLDOQRSA-N,24862590.0
AQBZCCQCDWNNJQ-AUSIDOKSSA-N,114909.0
MIJYXULNPSFWEK-KDQGZELNSA-N,11869658.0
IKGXIBQEEMLURG-VBBKRDLBSA-N,162995331.0
QEKUAMYPTPQAPS-MAZPRZIYSA-N,
LAGHKRLLDKVJHS-UFEHZTMNSA-N,162960244.0
LGFCSRDJBFILEF-UHFFFAOYSA-N,621439.0
ZELMDXUEWHBWPN-UHFFFAOYSA-N,18504424.0
DWZSQRJGZJNUEK-UHFFFAOYSA-N,338941.0
CTLWQCZIDQRFSU-RMLZDUNISA-N,
VJJZJBUCDWKPLC-UHFFFAOYSA-N,5280862.0
OWPWFVVPBYFKBG-NYVHBPEFSA-N,16142.0
SZIDPCXTWHHMAY-AVUJHWDWSA-N,101069232.0
HVDGDHBAMCBBLR-WMLDXEAASA-N,10685477.0
IIOXAOGAOJDHDX-ZVIJCYGTSA-N,163079020.0
YMCCUVWXVOLFTA-YMUWMDDLSA-N,163004368.0
GNOBKKNJWOFLHO-UHFFFAOYSA-N,579650.0
PQCLZBCFLJVBGA-INIZCTEOSA-N,908164.0
NVECILAMICWAEO-SHFWLMCQSA-N,11381632.0
APMKESKZWHNIDJ-PFFFPCNUSA-N,53320574.0
BGHCVCJVXZWKCC-UHFFFAOYSA-N,12389.0
GTYUWNQOOLJZBM-FTQJZPFOSA-N,13817985.0
LIIFBMGUDSHTOU-GCNWHLNUSA-N,6454747.0
WNANPKYNOALKIV-RBBNJCGNSA-N,101313320.0
RXVROCWTMVACDR-SOUOMJQJSA-N,163070407.0
YUXKALAHBAQAGM-FYHUEPBQSA-N,163026616.0
MRFPQFVZJYNWQG-NNDIVSOISA-N,162817539.0
SPBXWHYKZFRVQR-MPZSIRCYSA-N,163024799.0
HKZBITUPSARTTA-PRSDZHTHSA-N,163020465.0
UFUNZTHIOJRTHF-DRAFNHJNSA-N,12071383.0
LCIFXEQPXQVBGL-UHFFFAOYSA-N,2733956.0
RBHIUNHSNSQJNG-QVNBGCGHSA-N,10931827.0
PHDAMXFKBIUHBU-SOYKGTTHSA-N,10005036.0
XTDOKCBBQODVJW-NDFOEGSWSA-N,101239919.0
LWDKIUHKLIZGEF-LRJNHNEYSA-N,101705414.0
PPQNPWHVWBVJFM-GCRFNLCUSA-N,
QCYNQLVLOBLZFY-MFTLYIETSA-N,54578251.0
FQWLMRXWKZGLFI-YVYUXZJTSA-N,5281728.0
XMGQYMWWDOXHJM-JTQLQIEISA-N,440917.0
FKTPLNFTYJEAAB-UHFFFAOYSA-N,159926.0
XXIKKMLIDXLAIK-RFKFVWFBSA-N,10906239.0
DCSCXTJOXBUFGB-JGVFFNPUSA-N,92874.0
UJOADTPCXQMFOK-XFJKCCJTSA-N,52931498.0
GPWOVUKAMABICF-DHKWMEDESA-N,162934240.0
JYUMFQAYFIHMCL-BIMQEMHKSA-N,71712666.0
IQIGECASJMDDMD-UHFFFAOYSA-N,5281651.0
IMGNAZDPUFFGSQ-HJWJOHAASA-N,162817614.0
MSKGZWZFHLXPLU-ZUNZUGEHSA-N,162817398.0
KNGBXFMEGLRFHV-PRKJJMSOSA-N,14776997.0
KOGNLNRVSGSMIV-YUFJSGKQSA-N,
NGPWEYGKCMBALU-SOFGYWHQSA-N,14589057.0
ZFUJCNJIGDBFEP-SCZZXKLOSA-N,15939501.0
RGJSIZOZMBPAIL-ODYBSLRZSA-N,163080895.0
CCZLIPXVLKAJFW-GBGREZBSSA-N,268867.0
AUUULKFBJYAZMX-GNKFPKENSA-N,163070223.0
RIGYMJVFEJNCKD-UHFFFAOYSA-N,5320351.0
MMDUKUSNQNWVET-VYUBKLCTSA-N,442658.0
RRYQDECFPVYHLR-UHFFFAOYSA-N,5748553.0
GFQFSIXPKFVWIW-DLBZAZTESA-N,10410728.0
XMVULWKEVGKECE-DBNYLVSFSA-N,70697906.0
PGTJIOWQJWHTJJ-CHWSQXEVSA-N,11298625.0
SEZFTSPXDZZOIE-FYWLQLCMSA-N,162864815.0
JUBDCFUPBLXIFI-SKLZQIAYSA-N,11972472.0
RFRUYYQMUJRBAN-LKUPFZQBSA-N,442140.0
IQAWVYINTAIBSH-KVRZASPWSA-N,162867363.0
NYSUAOVYCCTQEP-UHFFFAOYSA-N,
WCUQSUMSQVCOON-WWQQZRQXSA-N,44606346.0
VXFNNTKJEWQORX-UHFFFAOYSA-N,163194666.0
NOLWRMQDWRAODO-KKUMJFAQSA-N,12302130.0
PMRPCJXLEQCTBH-RRCSTGOVSA-N,181463.0
UTKODYLDECQIFP-RUTGWLNGSA-N,73354918.0
ZFABTKDVNCKHFN-SLNHNMRGSA-N,
BDZHFCAKQIOKHS-LPOBFPNRSA-N,14021396.0
UPVZPMJSRSWJHQ-HTXSYXIBSA-N,87529.0
DSCFFEYYQKSRSV-MBXCVVGISA-N,151108.0
XDMJJZUUHWWITI-IPOZFMEPSA-N,10841200.0
QFNRJVOIKSXASD-HWKANZROSA-N,
CRNGFKXWIYTEPH-UHFFFAOYSA-N,5316891.0
IXPJORZGWMFSHR-UHFFFAOYSA-N,101691099.0
YGVHOSGNOYKRIH-FBOASRQDSA-N,162890427.0
SBYKFQMNFNKJPZ-CXTLOLCSSA-N,162877967.0
BTVMLQYJJPMVTG-WFVGIRHMSA-N,162900502.0
JWVMHVYNWULPCC-WCQYABFASA-N,91746480.0
KZRUJLHMLWGQQL-UHFFFAOYSA-N,160914.0
NLDMNSXOCDLTTB-UWEYZKTMSA-N,163086348.0
MQNDIFGHQSDIOB-MMNVRGCKSA-N,163005868.0
LMVPDXSPXOXJKL-ZYLJKKMDSA-N,162903742.0
LZIFFPLPVBYVMI-PGRKYOHASA-N,162998992.0
PSQYTAPXSHCGMF-BQYQJAHWSA-N,638014.0
RLKRDZUQPTUVBT-WVZAVDIWSA-N,
ALAJEHHXYIGXNY-ZDZYRWLBSA-N,90474440.0
RLHPCSSGTQNSJN-DCOVWINISA-N,90471461.0
CRZKNXZRUVOWKC-SQTXUNNSSA-N,162873944.0
QSFGHNPWWLRLLB-CFKPLXACSA-N,162998885.0
BCJMNZRQJAVDLD-BASWHVEKSA-N,5352411.0
YJNRBSIIJBOEIF-JLXBFWJWSA-N,166652972.0
KJYMNPLQWSOOKV-MDWZMJQESA-N,101356834.0
ALMJHYXBQKQRDB-RUDMXATFSA-N,129846299.0
JBGBPOYDCGQCJC-MWKLXWFVSA-N,10462068.0
IJRXDOSBJGZOEL-UHFFFAOYSA-N,13983760.0
GFDDRRFCCFHKFF-JMDROJROSA-N,162817212.0
RUNZKQMPDVGJMW-MWNCTCPHSA-N,162816896.0
GRWFGVWFFZKLTI-IUCAKERBSA-N,440968.0
MAIHNXWUKKJTIY-CUSZFKRNSA-N,56958932.0
MDURBJSVWZOREE-DMEHNAEFSA-N,162817636.0
WEHCLKPVYGSJHR-HTRCEHHLSA-N,14729460.0
OXGUCUVFOIWWQJ-HQBVPOQASA-N,5280459.0
LWOZDCFSMDBOSA-WJLGXSQGSA-N,101320294.0
VORHAOSDGGICSS-LZUZQQKBSA-N,162896096.0
LMOVGTPTUFELOS-JHDXISRPSA-N,44606168.0
LPJMMROMOYEZCX-QEJSXWCZSA-N,
BWXDHBQGBNPJMN-PSNFBQSMSA-N,154831726.0
GZTPVMNTZSEVRQ-NOLAINEQSA-N,44259438.0
GGLAWDIODKKBQZ-MSCRTUMCSA-N,162819129.0
HIWRPYQCEDHZSU-LBPRGKRZSA-N,46210741.0
VIKKUMIXGIDYKY-UHFFFAOYSA-N,15222911.0
QJPIXVDUWUJAIT-YLHGYNODSA-N,10913856.0
OUJVIWOUXFHELC-ZDSSIQEISA-N,6452750.0
JZQKTMZYLHNFPL-BLHCBFLLSA-N,5283349.0
WTTJVINHCBCLGX-NQLNTKRDSA-N,5284421.0
REOOYJLKZQVOSQ-OWOJBTEDSA-N,
PTKNECMMKRDZEG-KHMFPJBWSA-N,126012.0
DRLZZQRQMWQRLZ-PQZUNXIXSA-N,163006185.0
ILDMSNFGPQLCNL-AZEZGGBOSA-N,11357536.0
ALRZLASBURZLFK-DIZUDLDXSA-N,162818463.0
LZDSGRJZIUFAEV-HBSZEWBOSA-N,162958587.0
TZPNSKUJWADAOC-XJQHZFAKSA-N,162988896.0
XMOCLSLCDHWDHP-SWLSCSKDSA-N,65084.0
VLXDPFLIRFYIME-BTFPBAQTSA-N,12303902.0
NRDKGYVJVVIBTH-BRKZRULUSA-N,71734695.0
NGAVJIMZMAIVPV-ODTBHIJQSA-N,14633043.0
KVRQGMOSZKPBNS-FMHLWDFHSA-N,5281542.0
TVUGLERLRIQATC-BJMVGYQFSA-N,11099375.0
BFLLXOGGWRRMBS-WRFNWTLGSA-N,162921612.0
XCKBJQOQFOWFPZ-OKFLANASSA-N,11627883.0
UFCLZKMFXSILNL-PSEXTPKNSA-N,5281780.0
OOPXELLNRBACOB-XFOHYEBKSA-N,163191586.0
ZBCATMYQYDCTIZ-UHFFFAOYSA-N,9958.0
ATGABXDKTMWXAQ-HQSYCBLWSA-N,12303691.0
LFSPEOPTWSAZEP-FRDLFTECSA-N,11587024.0
RSDQBPGKMDFRHH-MJVIGCOGSA-N,211707.0
YTVDEYRARRBPLE-WTWTUEHUSA-N,11139915.0
JWVMHVYNWULPCC-DGCLKSJQSA-N,15286357.0
CSNMBHGRIJRLJQ-UHFFFAOYSA-N,101691100.0
MYXNWGACZJSMBT-VJXVFPJBSA-N,162350.0
BMUCPSUAIRUHMV-UHFFFAOYSA-N,163192639.0
DMBHHRLKUKUOEG-UHFFFAOYSA-N,11487.0
UFZXXHKUASPQQT-UHFFFAOYSA-N,131752354.0
XMOCLSLCDHWDHP-DOMZBBRYSA-N,9882981.0
KBIQCDRRWTWVFV-GYPMPWGGSA-N,
CHJARSOVVOWISM-UHFFFAOYSA-N,162817584.0
ADZUEEUKBYCSEY-UHFFFAOYSA-N,589040.0
HGUVPEBGCAVWID-MKTWGIEUSA-N,102514991.0
LMICKWPUQGFNDW-GBPQRPMFSA-N,162817428.0
PEHMNBMSMKSSAA-FCHCZSSGSA-N,162986299.0
UJMAXNZYJVBCFP-RBUKOAKNSA-N,102442213.0
FHBMKGURNHBCIY-AUFAEMPJSA-N,162817173.0
YFVZKLQNMNKWSB-BTYIYWSLSA-N,452855.0
WRQPROLXESIJKE-CRZBQJGTSA-N,14889736.0
SWQFFFCGVOKUSC-VOTSOKGWSA-N,5932673.0
LOZYVHYKXUKJDA-ISHORCFRSA-N,10787400.0
XDCVATVSSWQVBN-UUVGBLLGSA-N,14109466.0
QOGCASCQGJEYDO-RKQHYHRCSA-N,5315870.0
MRNBNSIHBSPJFJ-AWEZNQCLSA-N,6429047.0
FXFBVZOJVHCEDO-NMACYSKISA-N,443000.0
QREZHESEHKUGLT-UHFFFAOYSA-N,14694567.0
WKKJGHCXVKEJNU-XPABHHOTSA-N,163194665.0
ZFUJCNJIGDBFEP-PSASIEDQSA-N,6429208.0
KENMNUYQYGNWNL-UJRRQQMQSA-N,102138461.0
JARKCYVAAOWBJS-UHFFFAOYSA-N,6184.0
CCPPLLJZDQAOHD-GJGKEFFFSA-N,6449780.0
YGQBKZGYLCQCDU-DPZFGXSJSA-N,162976515.0
WTPJVIGCNHPGKJ-YYKLKOAVSA-N,
DPHMUUPBVSFDQB-YZHNWMQMSA-N,101956441.0
MXSMLDVUIRKKID-NZODWMOFSA-N,42608245.0
VXNIBTFXSAVWKH-KRHCFSBYSA-N,101695757.0
SBPZKXANBXYCRD-DBHWQBRNSA-N,14563746.0
GUDKTACLTJWOGL-XLDPFCRCSA-N,162817136.0
GXPDZHWFJLUFGY-SCPMJEMWSA-N,5319573.0
ADYUMOXBWMFCHT-QPJJXVBHSA-N,10964618.0
VGFNVVKGPODNKJ-RFPKOJSGSA-N,163189982.0
LSKONYYRONEBKA-UHFFFAOYSA-N,22556.0
KCFFKDXTABUTPF-IDISGSTGSA-N,10477133.0
SXRQQDRJURAABF-YAHIZQPGSA-N,162817434.0
RIFFTERCXPCOJS-IRILHORRSA-N,162816908.0
SXUXOGUAUVDMIN-YKRAIHSHSA-N,
WRFFQUBVIPIZSS-BQYQJAHWSA-N,6442199.0
OSLJXGPVHCLGHU-WGXCOWCCSA-N,162944601.0
JDKIKEYFSJUYJZ-OUJQXAOTSA-N,5312543.0
OJIYHKXNSIMLMP-UHFFFAOYSA-N,
JBTSRQIIEOLTOD-FTEJKVAVSA-N,14109464.0
DUXVLEPHSBFZLT-STUYUFFGSA-N,
JTZKUGOOSKYHBX-UHFFFAOYSA-N,10419259.0
HDHQZCHIXUUSMK-UHFFFAOYSA-N,6864.0
IBZXYCCFRDUMQQ-QJVQSRCISA-N,
WBLYYYSQZVZTGB-YTTGMZPUSA-N,
RWZYAGGXGHYGMB-UHFFFAOYSA-N,227.0
GJIALGLHOBXNAT-KPOBHBOGSA-N,104860.0
ZKSZEJFBGODIJW-MXNNCRBYSA-N,120639.0
INAPOERBPQJOGC-MCDHERAVSA-N,100619404.0
HJPIQGMZMGIUBT-OIISAJIDSA-N,3083315.0
NENONOJDBHLHKY-VEUITRMFSA-N,162817073.0
VGKWUQZAFRYZOU-UHFFFAOYSA-N,14162697.0
NXJOCELNFPGKIV-QQHFKTCASA-N,163016836.0
VVTQFCFIQUPVIQ-FXBKPDHESA-N,
VPICLFKCJJTYGG-JNXFOVNBSA-N,162818191.0
VIZZFMPBFLWOFS-VJXOHGMASA-N,162982335.0
DICZHBSJZBDKMM-HWYKCMSKSA-N,162900308.0
IBHWSVWTPSOQPK-QGGUBXCKSA-N,
CGBWBDPNSXERKW-VQTYLAQXSA-N,
BAVONGHXFVOKBV-VHSXEESVSA-N,443178.0
BAMLXOXNWWAWAS-UHFFFAOYSA-N,24766570.0
SOEXSJJGQLMGGU-UUTGTJFQSA-N,102317133.0
YHGVYECWZWIVJC-TVZJSHMMSA-N,10004345.0
BYHNTXKLKDHSRP-GQCTYLIASA-N,44179837.0
RHYCZXGHQWDVCP-HJEVIKEQSA-N,162846765.0
LUQKSULNNAXJGH-GVLQAJRISA-N,162875433.0
OXOPCSJXUOZWDB-WDUCEZRYSA-N,162895712.0
FDRQPMVGJOQVTL-HNCGGYICSA-N,13915963.0
YQTZYDOJRMSXRA-MIOUUXTKSA-N,162817216.0
MMQUEGKYQBCKLZ-MAUKXSAKSA-N,189403.0
PFUDAMHTVMSQNA-RCTFSQJESA-N,162880718.0
SVRABECZTWRKCD-HTXKOFPHSA-N,163188514.0
JURSEYXUEPDEHA-QVBPEQDCSA-N,158983.0
KKJVVBRCACGMIS-IRXDYDNUSA-N,11224334.0
YDDUMTOHNYZQPO-PSEXTPKNSA-N,6474640.0
HTXHLEQRUIDRPP-ZAQJXGBRSA-N,
TUNFSRHWOTWDNC-UHFFFAOYSA-N,11005.0
JXTPJDDICSTXJX-UHFFFAOYSA-N,12535.0
INJTZOLDJOVMHP-MIZPHKNDSA-N,14585492.0
FZSRMADKTOBCNT-LZHQGQFHSA-N,101306763.0
CQWSCMMFUZYKBO-CEODSUBOSA-N,
CDFJJMVRTWWKOT-XYLIHAQWSA-N,
RACNRUFXUGWSBR-VUZLBVMBSA-N,
CUMUGEMLYYDSSL-KQGOPOHRSA-N,
MIRALXPBYNGBLP-PKOBYXMFSA-N,
BYQUXLWBGCVNBQ-VEGSQUIASA-N,163188802.0
BAMPVSWRQZNDQC-UHFFFAOYSA-N,61653.0
DUBCCGAQYVUYEU-ZUGPOPFOSA-N,5274585.0
YRHYCMZPEVDGFQ-UHFFFAOYSA-N,8050.0
QZIBYWPRLPFUFP-UHFFFAOYSA-N,534645.0
GKGKBALMUMWHMB-QANSPSDCSA-N,101426127.0
RCGHAGIMQPCIRT-MYZSUADSSA-N,478835.0
CQLRUIIRRZYHHS-OMUJUXNISA-N,71463991.0
ABXNIXPADXELSI-XHGOXSGISA-N,163047168.0
QQMJMPCYCIGUQX-JGFKHHSSSA-N,20055797.0
MWCCJFOBHFRPCL-QRGSUYTJSA-N,162817386.0
MDAXHYLZZKTDDL-JVRQXGHVSA-N,
XFRVVPUIAFSTFO-UHFFFAOYSA-N,8207.0
ATPRNHQOENJXMX-NVJIOZQYSA-N,
RSDDTPVXLMVLQE-UHFFFAOYSA-N,61455.0
NBVTYGIYKCPHQN-UHFFFAOYSA-N,5281608.0
NZMHIKFTAXRIDL-FQFOHHTNSA-N,10449689.0
DDBMMQROTYGJPU-UHFFFAOYSA-N,162947167.0
JYEPVYNKUJFCHX-KDOFPFPSSA-N,73897315.0
AZOCECCLWFDTAP-BDAKNGLRSA-N,443181.0
IRAQOCYXUMOFCW-UQJCBBSYSA-N,10099.0
OPNKSPPKQUMBSL-ITRPVALOSA-N,
HTCVSLIHSFBUEL-UHFFFAOYSA-N,11210533.0
AVBRYQRTMPHARE-UHFFFAOYSA-N,8176.0
DPANBBJIAJJWOL-XGXCGRPJSA-N,162873542.0
LDTDRTSKWGQBAA-WGULRKJNSA-N,163185562.0
QGDQQZUIBMCIHH-VZJVUDMVSA-N,145992574.0
XYLMUPLGERFSHI-UHFFFAOYSA-N,7407.0
GWQIMEPXXMDCIJ-CSZZEVEBSA-N,162817572.0
AHVYRPDGJRKVJN-GDWNIKQWSA-N,162857855.0
FQXKPPBUTHZNET-NIGXAPAPSA-N,52953106.0
YWWVWXASSLXJHU-WAYWQWQTSA-N,5281119.0
XMOCLSLCDHWDHP-IUODEOHRSA-N,72277.0
NSKVSAYYBLAAGQ-JEJIEOHYSA-N,91752774.0
LMDPIOSHDLAOAV-YCSHHPRDSA-N,162904181.0
XDGSYLNVWAOCRH-PJKRZSEZSA-N,163187047.0
SPWHQAUMLDQOFU-JLVLPJHDSA-N,163194551.0
JJYBZZUXEUNUMI-LMZIBARISA-N,162817506.0
SYOHATBHOYMGBM-HSJDSTSFSA-N,11260599.0
LMKSLTDDNXJBMM-XQAJAAATSA-N,
PPRMAMORBLMPSR-MDZDMXLPSA-N,5901370.0
MVWPTZQHBOWRTF-YWWGPAKNSA-N,91747350.0
NPNNKDMSXVRADT-WEVVVXLNSA-N,5280537.0
ODDCWCGSSVTPIY-OLSJFBFNSA-N,162817423.0
VCCNKWWXYVWTLT-OHWCQILZSA-N,44258230.0
PGBXUNIUTBHZMK-UHFFFAOYSA-N,15549893.0
ONPJVBQNWRHOKG-WDBKCZKBSA-N,174865.0
CGQANNYVYZXKJK-WQSRGKGMSA-N,162869514.0
AEVQETQLKSVJET-UHFFFAOYSA-N,14413733.0
JONVYPGHELSEDP-ZSOIEALJSA-N,71588802.0
XYHYVIHSLLPXBT-UHFFFAOYSA-N,
QYGLZHAKPJPOGY-UHFFFAOYSA-N,44511349.0
SQZSJGGSKOCLQO-UHFFFAOYSA-N,162997355.0
IRSFLDGTOHBADP-UHFFFAOYSA-N,3218.0
DFPMSGMNTNDNHN-ZPHOTFPESA-N,442428.0
VUUACRJZBMDYES-AVYPCKFXSA-N,56935638.0
IHQDGXUYTSZGOG-UHFFFAOYSA-N,78160.0
KZBAXKKOXPLOBX-UHFFFAOYSA-N,5378823.0
QQOYFHLAUCOYFF-FVINQWEUSA-N,101713163.0
VCWFILUULGOFCD-UHFFFAOYSA-N,5469524.0
OMCFKAYBHWTBQV-ZTNFWEORSA-N,44472192.0
YLZRFDXWFCVDAG-FDCPPYJTSA-N,14137563.0
DQIDRINFLSLNGN-CYAFNSHGSA-N,162876561.0
RHKSPFDHUKAIJK-UHFFFAOYSA-N,85843696.0
FTPSTBSYEVZNTA-RIFUYLIYSA-N,14137561.0
BBMCTIGTTCKYKF-UHFFFAOYSA-N,8129.0
QEKUAMYPTPQAPS-JBLDHEPKSA-N,71476324.0
MTAGALXGQXZRRV-LLXWJBRZSA-N,100918312.0
FXWZKNUSMJAEKJ-LZELGGJRSA-N,10784500.0
QMYGRGKKZBRZKH-GFCCVEGCSA-N,46229015.0
NTJJBQYFTZCIAP-FUDGTWGYSA-N,
YDKYBKVODMIZDP-JGGBJYSISA-N,
JLSUSEUMCJKBFW-IUFVSNRVSA-N,
OFUTUOXRVNXZST-UHFFFAOYSA-N,85655677.0
BSAIUMLZVGUGKX-BQYQJAHWSA-N,5283335.0
LLPYDSMSNNUQCD-LGNCTGPJSA-N,21726160.0
PKXDYFXATVPUOF-GIEJYVEBSA-N,162984038.0
NUIZTVFOHPGPEJ-MCOHLZGFSA-N,
HOKJOPUNHSFUMB-QVNUJKFWSA-N,101396720.0
YEBUCUUUIMSRKB-RCRXRFFTSA-N,
JJTOVDGWVPPWNZ-XTFJBBBGSA-N,162917518.0
KJYOYOXKOGEYGF-CLFYSBASSA-N,
WLWAYPFRKDSFCL-CNMJWYMJSA-N,5319292.0
UQWDHHVADPTEQB-CHTQFGRBSA-N,162902297.0
NTBUBTCXACOEEC-UHFFFAOYSA-N,96191.0
TXBXKTCBHQVGDF-QNTHRGHTSA-N,162817622.0
SWUARLUWKZWEBQ-VQHVLOKHSA-N,5281787.0
OVTJHGIWYOOHFS-SFYZADRCSA-N,131132557.0
DPSCQKGSAHTWSP-LPVYDGHXSA-N,442334.0
UNFXEPQRIHJERL-MLTKOSQUSA-N,162817314.0
XVGPDAFFXRGERF-UHFFFAOYSA-N,543764.0
RYYVLZVUVIJVGH-UHFFFAOYSA-N,2519.0
HVYWMOMLDIMFJA-DPAQBDIFSA-N,5997.0
HMSWAIKSFDFLKN-UHFFFAOYSA-N,12407.0
ZZTYPLSBNNGEIS-OPAXANQDSA-N,382831.0
MRPJBTFHICBFNE-JKSUJKDBSA-N,12313901.0
YHQRQZPPJKXNBE-UHFFFAOYSA-N,102588657.0
HSQFKNVAKSMPDR-UHFFFAOYSA-N,13702673.0
HPZJQYJGKPNSIZ-SHTILUHOSA-N,
XXHSUYNZCSBPBG-GZIDCZEMSA-N,5319886.0
NPJICTMALKLTFW-KUENWNPSSA-N,12309073.0
PHKSUFCCGLWIMC-SIKIZQCASA-N,12310372.0
YGCCASGFIOIXIN-UHFFFAOYSA-N,5317480.0
UIDGLYUNOUKLBM-IDQQZYJHSA-N,5491808.0
NLHQJXWYMZLQJY-TXNIMPHESA-N,10895555.0
QTGAEXCCAPTGLB-ZYEZJADKSA-N,5463721.0
BYLJEQIUXOYKOB-BQYQJAHWSA-N,5320377.0
HGFWSEPBYRBDOL-JVEAFJHYSA-N,101156886.0
FDZXTFDJMZVLGK-INPWOPHISA-N,162915787.0
ALXKECNSHBJDOK-IMWIMMFESA-N,71592448.0
JPUKWEQWGBDDQB-CAWYGJOUSA-N,12358425.0
CGAKJWNQAYBPPE-GFGMUQLFSA-N,162855724.0
FWLOWRJYYJIUHJ-UHFFFAOYSA-N,102138459.0
IHHAZOKDRVHKDV-CBDWCLMUSA-N,
DKEVPQSVGDIHJO-UHFFFAOYSA-N,639278.0
BOPIMTNSYWYZOC-VNHYZAJKSA-N,91457.0
KUERQAIAYCRGOB-VGDHDMOHSA-N,
VJVMMXUPZGOBSN-OGNCANDXSA-N,
TXBXKTCBHQVGDF-AHMVLXFVSA-N,162817623.0
NXAZUISXFULFFN-RZTVOSEPSA-N,162817558.0
WSHDQQOTOYOJOY-BOXWTPTRSA-N,163191822.0
HPSWAEGGWLOOKT-BJGXWQNCSA-N,162879287.0
XHFQVCZACDPUSC-OWKZXDOKSA-N,5458630.0
IATWXYMZKVGQLC-WXVIEYATSA-N,10339234.0
NWWKYVMTWNUWHC-PLLJJKRKSA-N,162979538.0
NRCZKVGMFVNDIY-JJWUYXHRSA-N,21603204.0
LNTHITQWFMADLM-UHFFFAOYSA-N,370.0
WGOZJQAFXWCUAZ-ARSDKDGVSA-N,101009028.0
JPSDYJDPCBWUOC-CBVOCQBDSA-N,24800891.0
UOXURTMIDUSQLL-UHFFFAOYSA-N,57508015.0
HUHFSXQUPUXLLB-WRQOLXDDSA-N,15477699.0
IUYFTHKQEWZTHY-QMVGNYJJSA-N,50993776.0
LZIFFPLPVBYVMI-JZFMJFFISA-N,101333618.0
IWDCLRJOBJJRNH-UHFFFAOYSA-N,2879.0
YDZGWMWSKOGVLG-UHFFFAOYSA-N,5465785.0
LSHVYAFMTMFKBA-CTNGQTDRSA-N,6419835.0
AXGCHJNTAPELMS-BKMDKYKTSA-N,163186213.0
UUUJLOXBZJQFAK-MBKMWOIASA-N,
PDSNLYSELAIEBU-RGCMKSIDSA-N,5489258.0
NTQLXURAFHLNDU-WOCFUTGOSA-N,
PENSQRMNZZWMGV-UHFFFAOYSA-N,101277.0
RSWGJHLUYNHPMX-NGWLPYQTSA-N,44135363.0
HTBIKRALNBUMJM-SLFFLAALSA-N,
QXWJVKUUWDICGI-FJCQMACBSA-N,
HRLFUIXSXUASEX-RZTYQLBFSA-N,443028.0
MBODEPXPCBBNRM-PSSVGPPCSA-N,91748507.0
WAZIYEFJZKKXBR-UHFFFAOYSA-N,375118.0
ULKSYFMUDVYMOP-UHFFFAOYSA-N,
JBFOLLJCGUCDQP-ZFORQUDYSA-N,5319484.0
DRLUTLAAIGZFCO-QXKCHDRRSA-N,162819905.0
RHPFLGFCKKCWKG-FOFWAKMFSA-N,163021050.0
DMCKVYCFRJNFGZ-ITZCKYFLSA-N,
LSNZUXYRWFYNAA-UHFFFAOYSA-N,1023499.0
ROWAYMVYPPFJTI-CTIHTUHDSA-N,11130956.0
UJSHBYQGQRPVNO-LLVKDONJSA-N,759302.0
XTODSGVDHGMKSN-SIEIHWOKSA-N,14312562.0
SZLRLAPQBFECFG-ZKSPMNDPSA-N,5322178.0
VXBYUBODCSDROM-GBJTYRQASA-N,162816953.0
IAVREABSGIHHMO-UHFFFAOYSA-N,101.0
DOZWCONHUMHEPS-UHFFFAOYSA-N,11769166.0
OWTWBLYOTMJQME-QJPKKHCDSA-N,24178999.0
NZDPEZMEKAYSPC-YBXXQLIUSA-N,
DZWWDEZOKZIEMT-XYAAKGISSA-N,
OGQXAZJUVVPCRL-WSVSKBAQSA-N,91750070.0
BXNPZLISNVPPDU-UNEWFSDZSA-N,162816978.0
NPNNKDMSXVRADT-UITAMQMPSA-N,6440659.0
AABSYOQYJYBHOJ-XBXARRHUSA-N,91746695.0
RLHPCSSGTQNSJN-UXMPYPBZSA-N,
VBPRRBFPNNAJBG-HWBFDHIJSA-N,162869067.0
FRUCUVNBDSNCEC-RMKNXTFCSA-N,12536844.0
YPVOPYGJEZCBCH-BFPAISITSA-N,162816852.0
ITEOVFZKXCDRFX-QMGNLALYSA-N,101589316.0
IXJLUOVZXHECLS-OALZDZJCSA-N,11092169.0
VKYKPIJTOAOAIG-ULQVNCBJSA-N,162895096.0
MQIUGAXCHLFZKX-UHFFFAOYSA-N,8346.0
MICKPSHQKPCYJH-WFLOGZPDSA-N,213463.0
KPGLSDWWUAAHSQ-VDLWMDHTSA-N,101843374.0
QNFUPPTUFMTPJJ-JHTSUSHKSA-N,102120453.0
MPFRBGNULMTVEA-UHFFFAOYSA-N,60201022.0
OQTKSRAEATWRGC-UHFFFAOYSA-N,102369815.0
QUQPHWDTPGMPEX-QJBIFVCTSA-N,10621.0
POOSGDOYLQNASK-UHFFFAOYSA-N,12592.0
ZFSLOJRJABHMTL-OFNKIYASSA-N,641748.0
OWCKNBNRMPQUTJ-UHFFFAOYSA-N,129762930.0
CWIUUACMAKLANV-RYOFWEKOSA-N,
JVJQREGRJQFQQU-CPGGPPNLSA-N,162816922.0
ARYTXMNEANMLMU-ATEDBJNTSA-N,119394.0
SPYODEGYWFSTDZ-AZKDFMMLSA-N,
GIDUMOBEKYKEKW-TYGQBZDHSA-N,54578472.0
MVIRDLIVVBWEQK-DHMWGJHJSA-N,14705661.0
GHOHERGSBUWNTN-VQWQZRNGSA-N,163025412.0
LEJPLPFWLUXHCB-ZPHYSPEPSA-O,44256695.0
VJMQHXVUFSIHDR-YCRREMRBSA-N,14290630.0
OWMIPWWYWUGBCG-UHFFFAOYSA-N,11098986.0
NXHQVROAKYDSNW-UHFFFAOYSA-N,5281665.0
TYNQWWGVEGFKRU-OHIAVPKISA-N,45358102.0
MLAJPUJSVVNEHK-SYVORCANSA-N,21775031.0
OPGJHCLCUNWOSH-LNKIKWGQSA-N,
AOYPRLLWHVUJSR-HWGJMULXSA-N,101998828.0
JLHWZNYRZMQCJE-AIUFNOAXSA-N,162816904.0
DYJDPNXKUMPXEJ-DZLVSBGCSA-N,181498.0
FYMKJHKEVMNKBV-AHDJHLLFSA-N,101673682.0
LTPWXJPRGRSAIO-FWTMIXAASA-N,122206365.0
HFEGMQANBPHCKL-KZEHPBANSA-N,163050921.0
PJYLCZOMUJYTKK-UHFFFAOYSA-N,163052115.0
DVGGLGXQSFURLP-VWMSDXGPSA-N,5320686.0
XFZJEEAOWLFHDH-NFJBMHMQSA-N,122738.0
VCIOSRIGGRVAII-NEHJDXMRSA-N,163017614.0
SNECHSBCFLJKND-PVEZAKGCSA-N,91750074.0
UWSRZFDTVZTDHY-OXWVLZIVSA-N,162969004.0
ORGDBIUCLXNWCK-ADUATRDFSA-N,21160296.0
WMACAWYSWIYFLP-KFWXLWKSSA-N,162837867.0
HRSGCYGUWHGOPY-LYHHMGRNSA-N,5281729.0
DDTMCZSHMAWSHG-REWJHTLYSA-N,14137537.0
ZXVCAYAYUZVPPH-UHFFFAOYSA-N,11471684.0
YJGVMLPVUAXIQN-HAEOHBJNSA-N,72435.0
OUWAGQDIAXXNBV-UHFFFAOYSA-N,16085190.0
KFJNVVJUICKJEQ-LQDZTQBFSA-N,162305.0
LEOSHHQORWIGTR-PLNGDYQASA-N,
NEIGQRKMHFDLTK-JXXNAEBBSA-N,5369749.0
SZJQNRQALCKRGU-UHFFFAOYSA-N,
SAMBWAJRKKEEOR-UHFFFAOYSA-N,73207.0
NORGIWDZGWMMGU-ABSDTBQOSA-N,9995105.0
IJRBORPEVKCEQD-JMQWOFAPSA-N,12312690.0
WXTPOHDTGNYFSB-RMPHRYRLSA-N,476785.0
LNYXRNBTTMCEFQ-DACQPMPOSA-N,
CXHVLGIAQZOPET-UHFFFAOYSA-N,
IXKDUTMAIVYGKX-LEHUKIQKSA-N,162938581.0
PQCKIAITDYKYFQ-IPPDSGCRSA-N,162874766.0
NYUTVFRDPMUSRA-QWSKWZNESA-N,91749691.0
YOLDXKHOBUWSGX-WAGURGNTSA-N,91747169.0
GELRWHNGKKHLNY-ANQUJSFKSA-N,
OVMIVBJJVBSTIJ-GDQINFEWSA-N,162968553.0
TYKZEEVHXFAXJZ-YFGLXPNFSA-N,162886399.0
CIDBCHWNEAJNCU-YSYIFYARSA-N,44606169.0
BQXSOAYEWFDUTC-UCMYVLKJSA-N,
QPHXPNUXTNHJOF-XNFUJFQVSA-N,5748601.0
NSRJSISNDPOJOP-CZUORRHYSA-N,73067.0
UMRPOGLIBDXFNK-ZYGITSNFSA-N,92156.0
ZKUWHVKICYZVFY-LONLNUGOSA-N,162868674.0
ZVQFOARRJUYDDR-UHFFFAOYSA-N,7330523.0
CWVRJTMFETXNAD-DUXPYHPUSA-N,5315832.0
TVYPZWCCOPYBIW-PXBXDMGUSA-N,163025299.0
GZXPCBAETDEQAX-CRAIPNDOSA-N,11464176.0
IFIQVSCCFRXSJV-GCVAJSGBSA-N,12444390.0
IQGSJIIKMZFWSP-KAPSLOSHSA-N,163070563.0
OAGNQVQMOBMOOP-IMWFFVQWSA-N,
SQYXYJWZICEBBS-ULMIPHOXSA-N,163034555.0
FQVUARZAIIKZEI-JXLJMMAHSA-N,162824093.0
XQVRVLVORPSYNU-QPEQYQDCSA-N,6375530.0
VZMMGHGZQILYKR-BCXWIVDMSA-N,
NUXKLJINNAOFAH-KIBFMCBCSA-N,14239533.0
IGYHYOUVNMWJAC-QDDCQIRESA-N,162985747.0
WITNPNOFHCSJHE-SNAWJCMRSA-N,
ABHRNMAHVVTECC-IAOYKVNPSA-N,
LHGVFZTZFXWLCP-UHFFFAOYSA-N,460.0
USFPRMRLELMJPI-OSGJJNKQSA-N,101485502.0
IWMUCJMXTJVXQN-XWYPRVOQSA-N,101260684.0
TWMBFWDMMIGYEO-UHFFFAOYSA-N,5383438.0
GYIOPRLVDDGIKJ-CLBVLKOUSA-N,162986551.0
XWTGDGASXRARSP-HMUNZLOLSA-N,14132342.0
RZXUNWTYRWPUFW-UVWVJSBOSA-N,163020808.0
CLFRCXCBWIQVRN-UHFFFAOYSA-N,70949.0
UHBYXZSSQWLZHC-ZKEFPEJCSA-N,89732093.0
MQYXUWHLBZFQQO-ISZJTHHZSA-N,5270628.0
YGSMFMGAQQQYBQ-UDEBZQQRSA-N,44133603.0
VGDOJUZBBBFJOH-SJTOZHAHSA-N,162981863.0
DEVSJFCXGRQUPO-UHFFFAOYSA-N,
BCHQOHOZECOGIK-UHFFFAOYSA-N,16170.0
WGCRCPAMKCMAIH-CQSZACIVSA-N,
AFSDNFLWKVMVRB-UHFFFAOYSA-N,5281855.0
USMNOWBWPHYOEA-MRTMQBJTSA-N,261491.0
VMCQTVSSRUGULX-IENLRLFDSA-N,162861354.0
XZMVXCSKRYOMID-UHFFFAOYSA-N,177731.0
DOLPDHCCLMYWRO-DUINKRGHSA-N,
ZTYZRLKALOHAQG-UHFFFAOYSA-N,130016429.0
KNVLNWLGXNQJNJ-MGXJDOAZSA-N,21632979.0
XGVLCRIOXLEBRU-HNNXBMFYSA-N,71713632.0
USMNOWBWPHYOEA-KHQFGBGNSA-N,6553876.0
LYFXRHUNCZZUTQ-DODNOZFWSA-N,21721966.0
NOCYTPHHHLQDPM-UHFFFAOYSA-N,
MLSYHUFQDGSRNM-XQOALNAASA-N,
VLVVIOPAGWPOJW-UHFFFAOYSA-N,11469836.0
ZJVUMAFASBFUBG-RILGRMFESA-N,16148440.0
RWWVEQKPFPXLGL-ONCXSQPRSA-N,221062.0
JWYNOYIKTIPXBD-QITASBRFSA-N,11800684.0
PFYLAAHFANZAGL-CQEQDISSSA-N,86276185.0
GZTPVMNTZSEVRQ-JQTVVHERSA-N,44259437.0
CYZMTPXCWHTCPU-KVZMHDEHSA-N,162925013.0
OQKYVRDRDIXQMK-KETMJRJWSA-N,44559810.0
IAQIDLAWBOSOCA-NPVDYQLWSA-N,162817176.0
WEROHVUUBZUWOZ-MQEXTWSESA-N,44559268.0
LMCPFFPDMJWFKE-UHFFFAOYSA-N,389617.0
KAMJEJATROMPAT-ORPUMZETSA-N,162917039.0
VWDLOXMZIGUBKM-OYTRLDRLSA-N,101689889.0
KBNCXSMEPKTSAW-QSVOBOOJSA-N,23583983.0
RFWGABANNQMHMZ-ZCHJGGQASA-N,5281544.0
LEDWNNAHTKTAEH-YRBQZKPLSA-N,14021356.0
RAGZUCNPTLULOL-KJJWLSQTSA-N,9799386.0
WCGUUGGRBIKTOS-GPOJBZKASA-N,64945.0
KCWWJJPMWLFJRS-VLBDWWMKSA-N,15605026.0
MGWAVDBGNNKXQV-UHFFFAOYSA-N,6782.0
MIBGHACIPUMQQZ-FZHDNBFCSA-N,163189056.0
HZQODNRPUJAVLV-AICCOOGYSA-N,56845261.0
VLHJLAXFZKSXCJ-RTWAWAEBSA-N,163188440.0
XUXHBERDFQGNOB-UHFFFAOYSA-N,
WVHQJXPRVZBEFP-SREVYHEPSA-N,5384838.0
MAHIMWLGPHYDSP-QPJJXVBHSA-N,91700481.0
ILDGXTMDLSRMNK-UHFFFAOYSA-N,
KHRQOARMKNDSNW-UHFFFAOYSA-N,163087434.0
FHTGJZOULSYEOB-UHFFFAOYSA-N,21685.0
BORWSEZUWHQTOK-UHFFFAOYSA-N,5281694.0
QIVBCDIJIAJPQS-VIFPVBQESA-N,6305.0
HLXRWTJXGMHOFN-XJSNKYLASA-N,73467.0
SQBVRNCDBATODN-UHFFFAOYSA-N,12309400.0
GXBVJTTXZBEHQB-UHFFFAOYSA-N,75528775.0
QGMWDUUHVVLHNP-AEGPPILISA-N,72502.0
LADPNODMUXOPRG-UHFFFAOYSA-N,5281609.0
RTDRYYULUYRTAN-UHFFFAOYSA-N,442882.0
FDQAOULAVFHKBX-WAABAYLZSA-N,10885340.0
TVSBSLGTNMNUBC-PDHCHQCGSA-N,44257931.0
YDVKAJYTMPFNCH-MZQXSQAVSA-N,137637549.0
AEXONNWRVKWIBE-AAGTZVQDSA-N,100624045.0
KSFCQXAGJWTMSR-BZNXTCLOSA-N,162947874.0
QOSNJOGSMDVGIL-NUYTTZAGSA-N,162907313.0
PATRHAXJDHVMQW-WTBCFXLOSA-N,102284064.0
DUEINKIQNGZKPL-WKWVNEEDSA-N,158539.0
DDHXERAMOVJOAJ-JFOHDYCDSA-N,14258972.0
RSVWXUPJBWWEJY-UHFFFAOYSA-N,324529.0
QUUCYKKMFLJLFS-AZUAARDMSA-N,6432211.0
DDGJUTBQQURRGE-UHFFFAOYSA-N,629964.0
BJPSSVHNEGMBDQ-OAACRXHESA-N,442139.0
JJYFVZGESRUJQK-AGQLLGOFSA-N,102117194.0
NUTMBPBACYSVHF-CPSCYEGQSA-N,162876912.0
BIEQICZHZAAILC-PWJGBWFESA-N,162817597.0
MXEMKMNFLXVQBW-BVYPSZNASA-N,24760056.0
GFZWQMNBKUJLDI-XGMJDTBLSA-N,44258937.0
MFMPSELEYVMDRG-QLXYJTPWSA-N,101674069.0
RMARCXQAHOJNRB-GBJTYRQASA-N,15837514.0
SMONPNAHOSGWNR-PEZSEORZSA-N,162903789.0
VPRPYNVJJXOFKZ-RTHOXKBDSA-N,71586749.0
VSJGJMKGNMDJCI-ZASXJUAOSA-N,161036.0
CCHKZGVRIOKSEE-ZZXKWVIFSA-N,637829.0
SYSSJSZLJSTGFH-SNGQEIIHSA-N,
UNANNKAWBHGWLX-KIWIWDGISA-N,162921905.0
YGBZFOQXPOGACY-VWVSFFKRSA-N,637125.0
KUYRTCOXLIWTED-FNBYEZSTSA-N,6428024.0
AUVKOEQGZIDTGI-CAKPALOOSA-N,162949503.0
OVSQVDMCBVZWGM-DTGCRPNFSA-N,5281643.0
LWTDZKXXJRRKDG-KXBFYZLASA-N,91572.0
SAHJNWSRUWGRMS-IWPNGTKTSA-N,102066398.0
ROCUOVBWAWAQFD-UHFFFAOYSA-N,5464381.0
QTHAZKDEFANXIP-GLWMJDMRSA-N,101673683.0
VLFUANNVMXKBPF-ZAPOICBTSA-N,14423521.0
YCLCHPWRGSDZKL-SLFFLAALSA-N,11694869.0
LSQXNMXDFRRDSJ-UHFFFAOYSA-N,14104.0
RSIJAQZNHHXEJZ-AZUAARDMSA-N,12442761.0
BMLIIPOXVWESJG-LMBCONBSSA-N,441764.0
DANYIYRPLHHOCZ-UHFFFAOYSA-N,5280442.0
CBCNITCGKSLSCT-UHFFFAOYSA-N,10042759.0
INEMXYMUCKVWSU-UHFFFAOYSA-N,
LKIVYIWNTFILRN-YGTZHPSMSA-N,162817504.0
KQFUXLQBMQGNRT-UHFFFAOYSA-N,5281677.0
DHWUVPPRBIJJKS-VUEDXXQZSA-N,342737.0
YBJJPNXZVZRDIU-UHFFFAOYSA-N,12051847.0
LCZZAPQMQRPJJJ-VIZSFHNOSA-N,101533038.0
PYUWACLOPFTHBV-HMVPBHTJSA-N,91747141.0
HAPQAPVIZTWVQY-CYDZYUISSA-N,101158495.0
AJMQKDTUOKAQNT-ZYNNUQKQSA-N,44555396.0
NTUCDCCCTFLXCV-TUYITFMESA-N,162857709.0
IOORXELYIIHLSI-UHFFFAOYSA-N,101664513.0
LSWNERGQFCAXLI-SCQZGMIWSA-N,53354810.0
DFUOJBWSSSODTR-YVEFUNNKSA-N,11290161.0
BLZNTUOAYPULPN-SNVRNOIASA-N,102060264.0
ZYURHZPYMFLWSH-UHFFFAOYSA-N,12408.0
DAVDZIGDWFWYRS-OLMNPRSZSA-N,73897316.0
NOMSQFAZUHRBTL-HNNXBMFYSA-N,162847623.0
OVOINWQJBHVFGP-ANQUJSFKSA-N,44566708.0
OVSQVDMCBVZWGM-HBDJNLTOSA-N,11751616.0
YEUWWRXGXJOSDP-ZXWMYQSUSA-N,163085545.0
LPILXZUKZAMNLO-HJKQKUJRSA-N,162817235.0
ZPLSXLOSDYMYJW-OZOVBHBASA-N,162938092.0
SXTZIDNXMZXWCP-DNHKMJRRSA-N,162868854.0
VSGWOTCNBLIVAT-OSJHJRNKSA-N,162963286.0
JPJJVAXMKUXVAG-NUNXZZDCSA-N,122206364.0
LULHEQKFIYRKMT-NBKAOYDXSA-N,102065951.0
CRSACJNXOSEYLN-GJBMWOIVSA-N,71457894.0
JFSHUTJDVKUMTJ-QHPUVITPSA-N,73145.0
OBMSKRAODQNICZ-WCEZMKOBSA-N,162828110.0
GPNYMDBKVQUQRW-FQOLVZPASA-N,14191351.0
QACRJXSXSVUOFZ-HINKZNOMSA-N,5317657.0
UZRWQWPUZUYWAB-PUCYLUAZSA-N,162816876.0
TWDWHZLPWNJPES-VMFLAXQGSA-N,162919972.0
NOZAJYKZMCFNFG-DGKKXOEVSA-N,6440861.0
VOFXXOPWCBSPAA-KCNJUGRMSA-N,5281396.0
LBKFGYZQBSGRHY-UHFFFAOYSA-N,12575.0
IZVZMPYXRCTCEG-UHFFFAOYSA-N,91700478.0
WRZHDHMHWJPGGV-UHFFFAOYSA-N,122206492.0
AHHXXSUWYCRPQZ-JYKNGBAOSA-N,162816938.0
SEGYPOKUPWNPPY-NRPADANISA-N,102174448.0
KBEBGUQPQBELIU-HJWRWDBZSA-N,5284656.0
IWQURBSTAIRNAE-LJISPDSOSA-N,10243299.0
HRDKPHGABXKGQR-WIHQQPEOSA-N,23267278.0
KYQZWONCHDNPDP-QNDFHXLGSA-N,107971.0
KHVJWEFGGGAAEH-UHFFFAOYSA-N,5323559.0
KKDZPMDDYIYZJK-HBWFUEBRSA-N,163081818.0
KMOUJOKENFFTPU-QNDFHXLGSA-N,5280704.0
NTPLXRHDUXRPNE-UHFFFAOYSA-N,7476.0
RMJMFPNPBUGUMP-HFHMMWAZSA-N,5318702.0
FCWYNTDTQPCVPG-WTMJVXIESA-N,7067262.0
XPOHPQRMFCBMHO-UHFFFAOYSA-N,5315559.0
FHFHNVHRVKQQHN-UHFFFAOYSA-N,10151.0
WBIIXLONAPDMOO-UHFFFAOYSA-N,163052305.0
WCMJLEULXWUCRF-WVXNJHCOSA-N,162849619.0
AOIVCTWZKWUVLH-HZEGPAAWSA-N,
IFIQVSCCFRXSJV-GOVAGAJPSA-N,124214.0
OVMFOVNOXASTPA-QSBVKCHXSA-N,44257665.0
WKYGVDYQMIWYES-UHFFFAOYSA-N,151670.0
JHKNAYGQYUKKDQ-YUMQZZPRSA-N,90472998.0
WZYRALPUSAFQBK-BQYQJAHWSA-N,44631006.0
AMBQHHVBBHTQBF-OZIIXKNCSA-N,10548420.0
CMZFNIMQBCBHEX-JRIAKSEUSA-N,76972524.0
UINWMICHSUQODN-PTLUAGCVSA-N,101182521.0
GGGUGZHBAOMSFJ-GADYQYKKSA-N,92097.0
RKEHTALCLQYFCQ-FHJFKZMSSA-N,101792541.0
HHWRCNJOZBSQCB-BUSPWNDQSA-N,
YEUJGUSDUCWKPR-REEZGRIUSA-N,162817021.0
SHPPXMGVUDNKLV-IPFKXTELSA-N,44258083.0
SUKAEERDMQPLMM-UHFFFAOYSA-N,11999967.0
HOSMFPQDFZLVEZ-ODVDRCMSSA-N,101665849.0
BOBWTYODGOYWRC-UVIRAJKCSA-N,42607959.0
UFCLZKMFXSILNL-RVXRWRFUSA-N,6474309.0
GSACHNDPLCWILD-NGNNBNKJSA-N,101758879.0
RDPOODRUMBKGIJ-IUMYFJDVSA-N,11875901.0
SPWHQAUMLDQOFU-QXGRHDLQSA-N,5316442.0
HECUMOYRHNXUPU-XRTGMVLYSA-N,162817556.0
AZJUJOFIHHNCSV-KCQAQPDRSA-N,72503.0
IFVZGQVJBOEHFG-AJICLSQGSA-N,163032699.0
FQEQMASDZFXSJI-JHJVBQTASA-N,5351589.0
AIKVLSWWSGCPIY-QQDZIMHKSA-N,162990218.0
LKZXAOPEOQRJLJ-AYHNYZOXSA-N,101260546.0
ISUNOKDROKKZDY-DGOHTRLXSA-N,
FTWSMHMWRDSQDU-KWIZMXSWSA-N,13944251.0
WVPYXPCOBXYDAL-UHFFFAOYSA-N,4984594.0
JUKHKHMSQCQHEN-VQHVLOKHSA-N,9796015.0
GPIWSGIAALYKPX-ZEMSPNLZSA-N,
HKXLSVSZFPSRHL-UHFFFAOYSA-N,
BEEKFGLUGMQFSX-FGTMMUONSA-N,21795758.0
KBDSLGBFQAGHBE-MSGMIQHVSA-N,179651.0
WVHJQUXAKZCXEP-UHFFFAOYSA-N,182342.0
SHUCPQNEPOKLCY-LRTDYKAYSA-N,91374531.0
IJFPVINAQGWBRJ-UHFFFAOYSA-N,33934.0
OOWUHRQISTYBRO-NBPOMTDNSA-N,101094894.0
HAIHGFWQOPJMPV-ZDUSSCGKSA-N,180550.0
QYWWGVQKWKTLMU-UHFFFAOYSA-N,628642.0
RIQYOQIIAGNDMC-PYZCBOGGSA-N,162972327.0
NZTFQXQFIBMKBH-PUODRLBUSA-N,91749689.0
IDQUPXZJURZAGF-ZDUSSCGKSA-N,10153.0
JPUKWEQWGBDDQB-OBLDEXFVSA-N,89719004.0
QGDWKKGSZOGXGK-HRMCQKKMSA-N,
CFYGAVFYQUECOC-TWNLTVEASA-N,162982268.0
HIFCBBCVEWARQA-KQERWQABSA-N,16086567.0
OBZZDHZAFZXALP-ZSKQSDCOSA-N,163025978.0
PGOCQSFSPDPTEQ-HUEAXKJUSA-N,162817196.0
TWVJWDMOZJXUID-SDDRHHMPSA-N,227829.0
WPQRDUGBKUNFJW-ZZSHFKPLSA-N,6439941.0
MJRBWIWRIAWODS-NNDFFRPYSA-N,
VJSCHQMOTSXAKB-UOWSJYKBSA-N,10042201.0
VNLQWWMRJUXEDD-HXBOHEENSA-N,14396655.0
STECJAGHUSJQJN-USLFZFAMSA-N,3000322.0
VGUHLWRVJLTZOP-XOJNGUAZSA-N,162947236.0
KKCFPHJPFNFLPA-RBZFPXEDSA-N,184179.0
PZZRDJXEMZMZFD-JNEVDQRJSA-N,5317847.0
ODKMXVVNWCFHBS-HKWQSANLSA-N,162827472.0
YIRAHEODBQONHI-ZQNQSHIBSA-N,62566.0
XZTUSOXSLKTKJQ-CIXPXFMPSA-N,92760.0
KUFXJZXMWHNCEH-DOMZBBRYSA-N,6452086.0
BQUPZUISSKIKML-LYYLKMHLSA-N,
PJLHTVIBELQURV-UHFFFAOYSA-N,25913.0
VCCRNZQBSJXYJD-UHFFFAOYSA-N,5281616.0
WLOSKKPZIOUGFB-UHFFFAOYSA-N,12313148.0
DMXHXBGUNHLMQO-IWLDQSELSA-N,120742.0
VOEVEGYLKQKGLZ-UHFFFAOYSA-N,442586.0
AKENCGNASJPQNR-LNNZMUSMSA-N,10435673.0
PEWNHOBTYNZGAR-FSKVPOERSA-N,16085188.0
WCMJLEULXWUCRF-JDWQKWGDSA-N,162849617.0
QLTFHGMEDZMMTF-MEQJZWAFSA-N,69581230.0
WQDGAXUSPJAKPY-UHFFFAOYSA-N,54799.0
RTWJFKQKLFBMAZ-ANIILPIFSA-N,162817631.0
PRHLXOXJZCCENK-IMSYWVGJSA-N,44233147.0
RTATXGUCZHCSNG-VDQDLQOTSA-N,44258742.0
JVDYHDMFSILONM-BFGUNEOZSA-N,162879521.0
KEIZXGINFPDITQ-ZLADREHTSA-N,102317163.0
CECSFLXHDJRFSA-WQDVTKKNSA-N,49800900.0
LXUMRAUUWRQLSJ-JVMXMESNSA-N,56641140.0
YHQGMYUVUMAZJR-UHFFFAOYSA-N,7462.0
QJVXKWHHAMZTBY-GCPOEHJPSA-N,5316860.0
HGLREUPKZAGYGB-JGXXWBBDSA-N,162817099.0
KHEYJBCVWLIDAG-HNINGHOPSA-N,162817352.0
PQCNNCMXLJZLIA-KTWWBTSVSA-N,162996908.0
CAZLJSUHQGDXKU-KVBDUFDRSA-N,163122620.0
OQLAYVOSMBSWSF-FOFWAKMFSA-N,6440690.0
KWCFISLXIXIXSZ-MNLUSYLZSA-N,163191585.0
ZXWBGYRHEFMAHL-APTUFYBWSA-N,162816930.0
ZNUAKACHFYTNFX-RSTDSCOJSA-N,162937393.0
YPAOREQYVAAYMG-FRKCGNQASA-N,21632948.0
DTFKRVXLBCAIOZ-UHFFFAOYSA-N,33637.0
VYAKIUWQLHRZGK-UHFFFAOYSA-N,5281642.0
HGBVBPVTPLNHEP-OQPBUACISA-N,14730831.0
VFNVULFGDFVUDV-XLNGHYISSA-N,162817198.0
BOQRGNNIHUELJI-CZUORRHYSA-N,476780.0
KSTMSIZFPTTZJM-MUWXPUKWSA-N,163064527.0
NJJDBBUWWOAOLD-CFBAGHHKSA-N,54679300.0
ZKSZEJFBGODIJW-GMDXDWKASA-N,119033.0
YCLLXMHNUCXRQO-OHXVVULKSA-N,163039068.0
KLAGYIBJNXLDTL-UHFFFAOYSA-N,5488919.0
WFKAJVHLWXSISD-UHFFFAOYSA-N,68424.0
DRDNHPINZMALNT-UHFFFAOYSA-N,
SFEUTIOWNUGQMZ-DSKLSMSCSA-N,162971157.0
HUVCHNUWYBYZJU-AFYYWNPRSA-N,91749688.0
BRAPVSGNVTYIBT-JOUGXTTBSA-N,162872511.0
VGNXXIHXIBOUBQ-KHYNBEDJSA-N,14396673.0
VHNWVABJHPRFGC-UHFFFAOYSA-N,5322076.0
SWWBGUDLCYBCKU-FELABONXSA-N,
JZWIOLGEFWVOLI-CMZHDJCFSA-N,102437618.0
MEETXPGMOAAZPG-AJQTZOPKSA-N,44559012.0
DGPSWRZULAAATP-MTNOCJGISA-N,163188741.0
XWIDINOKCRFVHQ-UHFFFAOYSA-N,5321435.0
AMYHLRMWVVIQBZ-BPAZWDACSA-N,5315628.0
KYLKKZSVPLUGCC-CMKODMSKSA-N,11323257.0
OXJKSVCEIOYZQL-IEGSVRCHSA-N,14524431.0
JWXQJBXQLIOYLX-QXOOASIISA-N,
FMEHGPQTMOPUGM-UHFFFAOYSA-N,5316900.0
WQVRLEHPQYWZGE-VHXYLUBJSA-N,21592263.0
ZCDWJCSNVHLSHS-UHFFFAOYSA-N,
NNQIWCFSNKVVPR-OREKWXCASA-N,162935191.0
SBTSFGGKABBACZ-PDAGDJHFSA-N,
GACFEVHXTFYRKG-UHFFFAOYSA-O,163187633.0
UHRRODFOVZPZBZ-ZBTQWCMBSA-N,102102963.0
WRHGORWNJGOVQY-ZNMIVQPWSA-N,12313020.0
YGSDEFSMJLZEOE-UHFFFAOYSA-N,338.0
SPZKLFHHFIWTLW-FTMSQIDYSA-N,162944476.0
CEBJBFICGZLFAO-GCKVBWPUSA-N,163085226.0
BPBLQZHCVCIWBH-KETLTQCKSA-N,162951084.0
BIQMSWPBPAKGSE-RVMRZQENSA-N,15411553.0
BHBXKBYEDRBUAQ-LTRXOBKWSA-N,162971264.0
CAHQQYHQUHYOGU-CXUHJZTISA-N,
AQNPUNCGNBFMBN-PYTOJNKKSA-N,162817254.0
MEGPURSNXMUDAE-YTWDBIDXSA-N,172909722.0
UKWYLUIBBUASGL-UKTARXLSSA-N,44512746.0
SYZLVXRRFXCJJU-PCEDUNIESA-N,14021319.0
PFFOGGCBLWTCPM-UHFFFAOYSA-N,5316653.0
ZYGWGXHBHANRDW-MTQOEFOPSA-N,102408130.0
YCIDDPJVGRDZIM-ZPVFSDAZSA-N,11072574.0
NADDWUWICDJNMB-VQKLLNHBSA-N,163186770.0
ZDWSFDHHTMUQOB-ULAMTYHHSA-N,
QYGAWYLOEOELQE-BSTNIHDZSA-N,11250612.0
CCCIJQPRIXGQOE-XWSJACJDSA-N,261000.0
VAKYTNWCHIFFTG-ZAQQFOKRSA-N,162950132.0
NPJICTMALKLTFW-OFUAXYCQSA-N,5742590.0
XPMNUVZBXVZTSW-UHFFFAOYSA-N,564533.0
QUCQEUCGKKTEBI-UHFFFAOYSA-N,19009.0
RBTRUVNXLDXHBJ-UHFFFAOYSA-N,5320644.0
FNTJVYCFNVUBOL-ZUGPOPFOSA-N,5318759.0
XXWCCBODRGGARI-DUGQJLNZSA-N,101679037.0
RJQUXMJLUPJNPG-NALRHFJZSA-N,162895135.0
OMDMTHRBGUBUCO-BDAKNGLRSA-N,854498.0
RNLKCMIGQLHEKX-HOTGVXAUSA-N,15840195.0
ZTMBPHULFVDCLC-UNVILXOPSA-N,162908821.0
VYUBGGKHELMRLL-UHFFFAOYSA-N,44257263.0
MANYEARKZBQLSB-MTERDRHPSA-N,163185569.0
MSWOYPGTQZJKQY-CHUTXNTCSA-N,71501757.0
LRTHDKCJFOCZMF-CMJHJVOZSA-N,163061360.0
VLHYYQURSLQDEA-UHFFFAOYSA-N,14885880.0
YFLADGILWZIDNJ-UHFFFAOYSA-N,21676203.0
UDYGWSPUYSRWRN-JSRXJHBZSA-N,23252931.0
JMFRWRFFLBVWSI-NSCUHMNNSA-N,1549095.0
WNMONLFBVHNRQS-XMCBIJAJSA-N,162911068.0
XICMIEMSNDPOLK-PHNJRNKUSA-N,102093310.0
RGJSIZOZMBPAIL-YUVWTAJSSA-N,16086566.0
FRAUJUKWSKMNJY-XDLWQIPNSA-N,25245763.0
JTJQHIJZMZOLER-JOCHJYFZSA-N,102105357.0
NFLCPCZGVWLQKE-KSUCGKDGSA-N,101997931.0
MDIDMOWWLBGYPG-ULKQDVFKSA-N,10559369.0
MMESXCQWMJEGBH-LISAXSMJSA-N,56958772.0
VJELPTFOTXKQJX-MWVCSZGZSA-N,70698291.0
ZQPPMHVWECSIRJ-KTKRTIGZSA-N,445639.0
BLMFPXJGDYVSTA-HKKLBXHASA-N,102341108.0
TXDXTWAWXLMXOQ-XKJZPFPASA-N,
XDNDSYBYMNPMAI-JQPVKVASSA-N,163051375.0
KGJXPQCLJJWERC-RNRHJGKRSA-N,14021439.0
DOYKMKZYLAAOGH-DOEMEAPXSA-N,6438138.0
KIYJRYWOZVDCRC-GLYOJDOWSA-N,46881041.0
DBIMRSVDSQMSND-KPNHWZBOSA-N,21635723.0
ATPDRDNAXQXSQJ-ZHACJKMWSA-N,6478368.0
BGUFKWVOFNGPKN-FPYGCLRLSA-N,
BMRSEYFENKXDIS-OTCYKTEZSA-N,6441280.0
OFJYPZDJODKQBK-XKCRYQAQSA-N,163002793.0
DVWSXZIHSUZZKJ-YSTUJMKBSA-N,5319706.0
ZOQCEVXVQCPESC-VMPITWQZSA-N,676946.0
ZIWGLWRAFFMGTG-DTWKUNHWSA-N,186612.0
FNAZRRHPUDJQCJ-UHFFFAOYSA-N,12403.0
SZHOJFHSIKHZHA-UHFFFAOYSA-N,12530.0
LRRLFFLVWQTQGZ-WRMYNCHHSA-N,471118.0
LPEDNRNKVNWFPU-SNAWJCMRSA-N,12149372.0
ISVIEXMVIMLCSG-UHFFFAOYSA-N,91751214.0
AEDDIBAIWPIIBD-ZJKJAXBQSA-N,5281647.0
FOHXFLPXBUAOJM-MGMURXEASA-N,5491408.0
SMNDYUVBFMFKNZ-UHFFFAOYSA-N,6919.0
NGPDZEACIWDCKX-WUDKWMPASA-N,94253.0
MMDUKUSNQNWVET-LQYCTPBQSA-N,442619.0
KBBDYZLRNLANGR-NOPKTSJSSA-N,163093210.0
KPIACXHLXFINES-UHFFFAOYSA-N,15479579.0
AZJUJOFIHHNCSV-VNHYZAJKSA-N,667499.0
KBYYZSYVUWCARH-UHFFFAOYSA-N,11079623.0
JRKQOFFGGDIQEU-QYMMCQLZSA-N,
ZHZZKRDEPZMPLJ-WLVQVHLUSA-N,9970764.0
CYTCTRAEJYIZRX-JNXCNJDRSA-N,101673684.0
SEBFKMXJBCUCAI-WAABAYLZSA-N,1548994.0
YGVHOSGNOYKRIH-FJPMMHPYSA-N,72284.0
XSSDYIMYZONMBL-BZNQNGANSA-N,440186.0
MYKPKZPRXSYQEQ-QCPMDXGFSA-N,12019028.0
QUEDXNHFTDJVIY-DQCZWYHMSA-N,92729.0
OINDWIFDMFYGDX-LDCXZXNSSA-N,5323510.0
YLRXAIKMLINXQY-ZDUSSCGKSA-O,73337.0
RKYMUBMDNHRQBK-ACFHMISVSA-N,5472700.0
GVAPRTKZSHCWQJ-QURRIQAYSA-N,
RDHOOOLYXCLSDL-NSVKKBJESA-N,162941932.0
ZTSJMZLGMHOGAW-MQRPAPISSA-N,162902994.0
JFNVNVBVTVTZIZ-UHFFFAOYSA-N,158901832.0
UGWLWTKODVAUFB-UHFFFAOYSA-N,59366407.0
WGTRJVCFDUCKCM-FMKGYKFTSA-N,10910653.0
LCYXQUJDODZYIJ-VGMNWLOBSA-N,88302.0
KBOUOSQJTWOYPP-CVLPRXCSSA-N,
ANSQHXGWDXGCGV-CLQSMVNOSA-N,101437373.0
XWDGOJOQJBOJOE-SJPFHFMWSA-N,
NPWAQSYSDCQSKY-LYINBSFCSA-N,11465741.0
MDIUMSLCYIJBQC-MVFSOIOZSA-N,9858729.0
JNNRILAYMZYEQB-LTDRCAPESA-N,162899715.0
NAORWVQLZFUIRD-IHGKROMVSA-N,91747009.0
DYMHDZYYXFBFRO-XPGAZNKBSA-N,102475426.0
PNAXBGKZFNPFIM-UHFFFAOYSA-N,
CLOLDMTTYQNMNE-QBUDDENOSA-N,162998535.0
WXVSPYOOFCCEII-KXBFYZLASA-N,442219.0
IYCWKHGQZIXBBY-KKKKKVIPSA-N,163185311.0
VYELCIXMHUBNAL-UHFFFAOYSA-N,471687.0
FURUXTVZLHCCNA-AWEZNQCLSA-N,114829.0
COVFEVWNJUOYRL-UHFFFAOYSA-N,341.0
VSTSRGKALMIGMO-UHFFFAOYSA-N,146036320.0
LOFGUEYYNOZLJL-BQBZGAKWSA-N,70677551.0
JOPKITGVIQRWBI-HTYKBFHYSA-N,162929008.0
YEQCMRHFAWAOKU-UHFFFAOYSA-N,12309204.0
XSKZZVYURGCOGM-UHFFFAOYSA-N,621572.0
JKIKMDJRHDXNEW-KVRZASPWSA-N,21140770.0
SCEZIHJVTBQOLS-PNZUPQHGSA-N,162985838.0
KQVWNDSMMYPVJY-ZOGKATQASA-N,162934705.0
NXISGLZWGQEYED-UHFFFAOYSA-N,14213578.0
URBUCYRYSVLIOW-WAMZBAIXSA-N,6431048.0
NRKGCBYQDMTQRF-DLFJVTDKSA-N,91747348.0
FMQQLXJREAGPHS-OJWSHTDTSA-N,5491814.0
NGPDZEACIWDCKX-DHKWMEDESA-N,12443235.0
IFQCOXCDQXGBFK-AWEZNQCLSA-N,12971611.0
LHYHMMRYTDARSZ-BYNSBNAKSA-N,10398656.0
NEFYSBQJYCICOG-YSEUJXISSA-N,119444.0
IYSPOEKCVUDWQA-UHFFFAOYSA-N,
ONQRKEUAIJMULO-YBXTVTTCSA-N,92110.0
XRCCPOSHMKZPFI-IHFPKREYSA-N,442144.0
FMDLEUPBHMCPQV-GQCTYLIASA-N,5365891.0
CDOSHBSSFJOMGT-SNVBAGLBSA-N,67179.0
LTFQUYMOUGXPEW-SAUXSIBXSA-N,158192.0
HOYNHIJMZRIZCF-SQCCAUONSA-N,162845870.0
GCVPUYDXNUQSNY-GNLGHBNBSA-N,44576149.0
AWJLZPJIKGCJCY-HHNLKZLSSA-N,44258598.0
GUOPOINZHOBRSW-IEGACIPQSA-N,23259454.0
VUCSYQUGUMWAFG-XBQNVTKESA-N,162925867.0
ZJBUKWUCFVUZCF-OEKQDRQZSA-N,162816843.0
IEIQVTKGRCQFFO-ZZMPSRRYSA-N,14312138.0
PTNLHDGQWUGONS-OWOJBTEDSA-N,5280535.0
QWCNQXNAFCBLLV-YWALDVPYSA-N,5281148.0
ITYGLICZKGWOPA-FDZHQVDOSA-N,12960505.0
MGSRCZKZVOBKFT-UHFFFAOYSA-N,6989.0
WXNGSEGKMKJRGI-NLKNEZLKSA-N,
RJXKHBTYHGBOKV-CLFYSBASSA-N,5368956.0
YGNHPWQWWZLUBY-UHGDPLQBSA-N,10318361.0
WJQDJEHDPJCJSU-UHFFFAOYSA-N,57400772.0
DBYYEVTTXJMFLT-JOCHJYFZSA-N,102105358.0
YVFJBYLLLWUXQF-UHFFFAOYSA-N,139587427.0
PSFDQSOCUJVVGF-UHFFFAOYSA-N,5281404.0
LWYAMIUSVGPFKS-CGLYQLBNSA-N,169511.0
JUUBCHWRXWPFFH-UHFFFAOYSA-N,82755.0
TXNSUHKZCOMFPN-MOPGFXCFSA-N,442810.0
MYMGKIQXYXSRIJ-UHFFFAOYSA-N,5320945.0
YHKOWVOYBLDKFJ-RYDCYHHKSA-N,162895642.0
TVFOQNHFIGUJRM-SNIFOESXSA-N,162889080.0
WGVKWNUPNGFDFJ-DQCZWYHMSA-N,6857447.0
CWNCZRPLWFIYST-CAAMUIISSA-N,162956610.0
SGZOYHLQNUSAIL-SWLSCSKDSA-N,162970925.0
YEYDMYXRNHSXFX-KZMGXOGOSA-N,14466074.0
RJSROAMMBOEOEB-ZSQAVKIOSA-N,
IVNWEUTZHBKHJJ-GFOGNWARSA-N,50900229.0
JZJBPOZYUYXACJ-XLCDNVABSA-N,
UJYSKNUHBUUKAD-URHOCTSQSA-N,14486243.0
VJEUNRYOMSNQQE-UHFFFAOYSA-N,636508.0
NBIBEHMMFJQZQW-UHFFFAOYSA-N,7330511.0
LHRWCCNJXPOMNL-KJWQXZETSA-N,162817108.0
HPEUJPJOZXNMSJ-UHFFFAOYSA-N,8201.0
TWYKMANSUWZUSO-IDUBGQMLSA-N,102481690.0
FFQOXBQSZPYHSA-XLXPCSQKSA-N,11969838.0
OZQAPQSEYFAMCY-RBSFLKMASA-N,11052745.0
WIYXGAGHMCEESA-UGEJRGMRSA-N,162817576.0
BNSRRGINQVIFFG-FRRZKKIMSA-N,162917724.0
QMAYBMKBYCGXDH-ZNMIVQPWSA-N,12306047.0
LEXBBZCFWJNTGC-KGZCNPETSA-N,
COZDAZSEMVAPEF-TVBICKHFSA-N,132596045.0
KQSXVPOADOJLQC-NLHHTSSKSA-N,
HSTZMXCBWJGKHG-LPUGQURCSA-N,25579167.0
LLPYDSMSNNUQCD-LTGSPWJXSA-N,101923143.0
FVVSHRMUDMBKFA-UBQYLBFWSA-N,54597865.0
IDVRYIVYDAOHSS-AEPDZKQJSA-N,21632980.0
STKUCSFEBXPTAY-YTECAPLWSA-N,6440999.0
OWNAHFPYWRUSLG-OPDIYQCCSA-N,162889851.0
PXUSIRLRGCIABE-CMTNUJDWSA-N,162817112.0
FHINLKPLNHTRNY-JLLDPRJFSA-N,476782.0
CUIJPIJRAYLBAL-NTKSAMNMSA-N,14887607.0
WCTJDTMLKUKOFI-HVNSQJPHSA-N,163009944.0
MRFNFKCPVGTVNP-YWVKMMECSA-N,
ZPSGREUUQGTKDE-ZICOIJLXSA-N,11118018.0
VFPWVEZBABTEJD-MVGKDUDWSA-N,101516509.0
MNKDEUFNXFPSTM-JLXBFWJWSA-N,
YEEMXVYHDPMVQJ-HGTKMLMNSA-N,
YHRPDPXNYVRMMK-KKSHJYNMSA-N,56662345.0
YLKHFXUUZIHXPY-XEADTNTASA-N,
ZPVFWPFBNIEHGJ-UHFFFAOYSA-N,8093.0
RNVUDWOQYYWXBJ-IEGSVRCHSA-N,5481882.0
KSEPBLBDIIHMMF-DCDXSZFTSA-N,641710.0
JHEBMTRMMJXPTM-QHCPKHFHSA-N,6548074.0
QNMANLUEFQNQCX-UHFFFAOYSA-N,87530.0
IOQVEMNCFHPMHA-ILRUXTBWSA-N,163185673.0
VFYACENSDOLJGQ-SNONCDODSA-N,443327.0
NETSQGRTUNRXEO-XUXIUFHCSA-N,73174.0
PSIOYNVYDPZURD-UHFFFAOYSA-N,101762593.0
KTYYUKJLUJGKMG-JFGBKWHQSA-N,24865738.0
BHQXGRJIODJEEO-QURBNHQKSA-N,
XUTVRCGEUDNRBV-XFKURJONSA-N,21629647.0
WXPSXXVPIABTDL-YWQPTQEBSA-N,
UTWVKRMPKJSGEW-UHFFFAOYSA-N,
MUDLJXNGDNOPHV-UHFFFAOYSA-N,9985864.0
AZBXHHKPJVBKTN-IAQYHMDHSA-N,163059403.0
ILQKJOOWZFSMTN-DGCLKSJQSA-N,15765645.0
FRUFGLJBMBUARK-QLKAYGNNSA-N,5365002.0
JCNOHQSTTZAMOE-STUKLFKUSA-N,12895763.0
QLJNETOQFQXTLI-WMYFGKAISA-N,486614.0
WNANPKYNOALKIV-XARGLDOUSA-N,71587098.0
NKFSYIXIONAVQO-CYWSJJAVSA-N,162817526.0
LDTDRTSKWGQBAA-ZJTGKNJOSA-N,162913213.0
XNWDQPPKSLNJFA-HSZRJFAPSA-N,
MNLWSKFTELUKMW-VTIZYCQHSA-N,91321267.0
AUJITHDMIBYJHZ-SCQNLRJQSA-N,162982584.0
DNZCAZQBJHUVDX-YVZKITKGSA-N,102024976.0
XWGSQGHDZTXSKS-QMTSSIFASA-N,163087996.0
DOUMFZQKYFQNTF-WUTVXBCWSA-N,5281792.0
FXHGMKSSBGDXIY-UHFFFAOYSA-N,8130.0
RZUCCKARTVHQBW-WHRXGGIHSA-N,162951640.0
TXKTYFANELXKLG-WOKZDXPSSA-N,10818886.0
UDHCHDJLZGYDDM-JPCQEIDESA-N,14034194.0
VHVQTNBRDOVOOA-GWKPYITFSA-N,10089764.0
WUGDNVYHMVWTAP-PYOGHYBESA-N,163189449.0
FNMHEHXNBNCPCI-QEOJJFGVSA-N,6476333.0
HGJXAVROWQLCTP-GAHFMVTASA-N,
LOUSOANLLAIPSC-KODLDCGNSA-N,101485504.0
WTOZOMIUDQALQU-SABWROOTSA-N,162871480.0
XLZCIXWVVZTPFO-FZNQGVLCSA-N,162817328.0
HYZUYRMHHUNOMH-GRKKQISMSA-N,102125250.0
KJKMDQPALCGGPF-VQMCJMLBSA-N,
NVIWQXVHIZBVQP-UHFFFAOYSA-N,90994262.0
PYDZHMYLTHZTTM-UHFFFAOYSA-N,122206711.0
JWVYQQGERKEAHW-UHFFFAOYSA-N,65090.0
YETNYUICODKDQJ-MQQKCMAXSA-N,
FITHEODIIYWPLM-UHFFFAOYSA-N,564746.0
DZYFVCXNJAYEPO-IOVMHBDKSA-N,162904298.0
GXGJIOMUZAGVEH-UHFFFAOYSA-N,10719.0
VISZQEIOBOOGPB-XCLWKKTASA-N,637392.0
VNTSSLCFFUCTNP-UHFFFAOYSA-N,10362969.0
STPABWNXXWUEBW-WKKWAXIPSA-N,162970487.0
ISROEXZIVCZASE-VUGKQVTMSA-N,49777927.0
IAWYYJRDAMGQCB-JVHMLUBASA-N,91750085.0
KONGRWVLXLWGDV-UGCMENAZSA-N,163187407.0
LUJTWDWEYNWTBP-TXHFCTCKSA-N,101277266.0
ZHPYEBFYLDGZKF-LEWJYISDSA-N,126540.0
SDDQNZKSVASSFO-UHFFFAOYSA-N,34627.0
PEYUIKBAABKQKQ-AFHBHXEDSA-N,72307.0
BNSCASRSSGJHQH-KBGHMCAJSA-N,13345444.0
GBAZGJQCEVXICQ-UHFFFAOYSA-N,178272.0
SWZMSZQQJRKFBP-WZRBSPASSA-N,442872.0
HGUVPEBGCAVWID-KETMJRJWSA-N,441381.0
GAMYVSCDDLXAQW-MIUGBVLSSA-N,11294177.0
HLQJCYNRIXWLJK-TUJOXVCQSA-N,11541786.0
RGRRGLCMFAPXLN-QESXRAQBSA-N,162974267.0
XUOPWHOHGIDEAX-XRGAULLZSA-N,162816846.0
BGMWARSPQTVHEM-JKCJALMYSA-N,163082204.0
GYJPVLCGWHSLHU-DOXVLSEESA-N,162992226.0
IGGHLCVUAYAHMJ-MVRHOOOSSA-N,
HDPSXKXQSOVYLL-DQPSCMAQSA-N,163087430.0
YOOYVSWGXMBKFR-LTCOOKNTSA-N,162817582.0
GQVMHMFBVWSSPF-SOYUKNQTSA-N,5368821.0
CZMRCDWAGMRECN-UGDNZRGBSA-N,5988.0
XNGIFLGASWRNHJ-UHFFFAOYSA-N,1017.0
MMSLOZQEMPDGPI-UHFFFAOYSA-N,62385.0
QMAYBMKBYCGXDH-KKUMJFAQSA-N,12306048.0
MBRLTLPMVMFRTJ-BQYQJAHWSA-N,5463875.0
CILZKZHKUCDCRP-RAHDRTFYSA-N,101705723.0
XTDOKCBBQODVJW-LTDPXCIYSA-N,6918700.0
UAHWPYUMFXYFJY-UHFFFAOYSA-N,31253.0
UHVXHHKIFHGLAJ-HFOYKOELSA-N,114585.0
MMGMZHFGVCRNFJ-WIYWGDAXSA-N,152754669.0
HJXZAERDMZCHNE-RUPBOFTISA-N,101297696.0
VUPYWCSTBJRSBK-VLBDWWMKSA-N,11694796.0
NSNPFQLBEDNILE-ZZVMUTNWSA-N,11184636.0
RDUAJIJVNHKTQC-UJECXLDQSA-N,5282166.0
GTSOTOVVHXPNJT-NHRYLUQDSA-N,163058238.0
HAFGDDFWCDLGEW-UHFFFAOYSA-N,53866632.0
XXTQHVKTTBLFRI-UHFFFAOYSA-N,70759.0
UGAJKWZVPNVCIO-UHFFFAOYSA-N,5281711.0
XLVSKPCUSVQGDB-BPLDGKMQSA-N,14705655.0
QSNBHLXYLHVCLT-QPPBQGQZSA-N,12893624.0
HPQIRFXIDGVWBA-KEDMNDIKSA-N,102004757.0
RDUAJIJVNHKTQC-IROKYFGSSA-N,44259144.0
BCQSGNWEENITCU-GOOQHNOJSA-N,162921479.0
XERRCUMMXNJCFB-UHFFFAOYSA-N,163024646.0
ADUWFLANMQIDBE-MJCDNCTHSA-N,163000822.0
JGMHNSHUSYJBDP-MJIYCNGPSA-N,162943013.0
FRMCCTDTYSRUBE-BGPZULBFSA-N,92231.0
CKDDRHZIAZRDBW-UHFFFAOYSA-N,16898.0
FSRZGYRCMPZNJF-KHMAMNHCSA-N,93081.0
FEVCNFNUZYJNNU-FQIPTQIUSA-N,11518931.0
QBXXZMDYXQHARQ-VREGACOESA-N,5459074.0
HHRYHNHDDGIIOG-GDRORVMCSA-N,163085330.0
KBEBGUQPQBELIU-CMDGGOBGSA-N,637758.0
DSLLZKBJCZBPHU-TZMZFLOMSA-N,162817309.0
RWZRNGOVGSXIQY-XGHOOKPOSA-N,162871632.0
OQLAYVOSMBSWSF-GOYGWZLLSA-N,162979716.0
DOIRQSBPFJWKBE-UHFFFAOYSA-N,3026.0
VNFIARTUELZYAE-RCOVLWMOSA-N,11723138.0
MFDNZVPGOVHKKV-DUXPYHPUSA-N,
FYKNAKSBWANSLS-OWOJBTEDSA-N,14539333.0
KAEIXCUGLNXMQA-UHFFFAOYSA-N,101630512.0
VKOBVWXKNCXXDE-UHFFFAOYSA-N,10467.0
NJWGQARXZDRHCD-UHFFFAOYSA-N,6773.0
VDBPHFIDFLHCRK-UHFFFAOYSA-N,101938912.0
RNYBNBANBCQZON-PGQNDPHJSA-N,173866.0
DLIKSSGEMUFQOK-WXEXZDBJSA-N,24211954.0
NIHMDFVWEAVUQZ-TUYITFMESA-N,163003010.0
ROQOWKXRSQLYDA-ZMJBUZBVSA-N,
CNCUVASZDQFGKH-XJQHZFAKSA-N,162944001.0
LWXZBNGSFONONO-DYMFOSIASA-N,10533754.0
STVITSLQFSAAKK-UHFFFAOYSA-N,
VJFPLCHRWFQSPY-UHFFFAOYSA-N,46918631.0
YSCJAYPKBYRXEZ-HZPINHDXSA-N,44566498.0
GWHQUBFEZSVTKH-VAWYXSNFSA-N,6442389.0
XIARCTMJGANPJU-AYRHNUGRSA-N,10391676.0
RQIDYCZAYSCRKC-UHFFFAOYSA-N,44257310.0
LDKAMVCGTURXMH-CPJSRVTESA-N,10408212.0
XDBPYWDBIKBHLY-PWRSIQNESA-N,163004240.0
ZXFINIYYLOXICD-OJWSHTDTSA-N,162817589.0
QSBPKEIAKIHAOB-UHFFFAOYSA-N,163004469.0
HSTXFQZICRBMDC-WKSJTMMQSA-N,100927644.0
UHQNVKKALWJDQL-XDBDQIMWSA-N,163041957.0
JPNLVTCHCCRENP-HCFGZCCWSA-N,
LQPFCZMAURITGZ-QNLBSITOSA-N,44259368.0
MQRHMIQHZYPICC-YRTQZTBLSA-N,162943117.0
YBHILYKTIRIUTE-UHFFFAOYSA-N,2353.0
WQEPLUUGTLDZJY-UHFFFAOYSA-N,13849.0
KBPLFHHGFOOTCA-UHFFFAOYSA-N,957.0
RXMTVKWPXJEZLL-ZHACJKMWSA-N,12045808.0
YSSVMXHKWSNHLH-BQYQJAHWSA-N,5283382.0
OEDNDLHBXUIYOG-FOIRPKKLSA-N,
XTIQPKJOGKMOSY-ILWGZMRPSA-N,11741220.0
GQPJZGWMHPSVIQ-QVHKTLOISA-N,14633051.0
WSQWAMGRHJQANC-UHFFFAOYSA-N,5468749.0
MBWOCQLTCWTIJE-ROQVLGAUSA-N,44259442.0
GTHJSZWFFNGEQF-IHPCNDPISA-N,101642675.0
PCVMFPZQTBGVNZ-VIZSFHNOSA-N,162817368.0
WSVMVVOOYCCXOK-UHFFFAOYSA-N,44259325.0
HFZXUZJLQDOKEY-ZSOIEALJSA-N,
RRGRNTMNDRRFSB-WBTNSWJXSA-N,
UNLHOZSQJSDBQS-DDLHVKBFSA-N,162961478.0
MMCPYZQGIAIGLY-QEWMCDCGSA-N,
LQHGGFQNRNEFIG-UHFFFAOYSA-N,73447.0
JUVIOZPCNVVQFO-HBGVWJBISA-N,6758.0
JCGHAEBIBSEQAD-UUUCSUBKSA-N,442679.0
PYEOPUBSVAACES-CINZWWHMSA-N,162817232.0
MQRHMIQHZYPICC-VIHXCKRTSA-N,44567330.0
FKQNDSXQJUBFQW-CQRZOULPSA-N,
JWKCRKAONRDKRV-JTDNENJMSA-N,91749690.0
WVDDGKGOMKODPV-UHFFFAOYSA-N,244.0
IOCKHKBAJGJHFL-JKTDJZPLSA-N,139045174.0
VDYGMHWAKRDYQR-UHFFFAOYSA-N,15698703.0
CDFYSXHPCPFPAR-RISCZKNCSA-N,90825601.0
OQOLKKFJTDGKEH-NZPSDZLNSA-N,
DIGOUNMGDIJHEB-UHFFFAOYSA-N,91664802.0
FELCJAPFJOPHSD-ROUWMTJPSA-N,99615.0
VVCXPQBVJROEEN-RPELPBHHSA-N,14021511.0
JPFXYNDBKFIYLX-UHFFFAOYSA-N,137177207.0
XNTVDVXTGHDVAF-JKBKZWBZSA-N,162817307.0
GQRUHVMVWNKUFW-LWYYNNOASA-N,443474.0
MWGLYQGPZVUKHO-HVEWUWHJSA-N,10926024.0
ZUVAGNOBOHVXJJ-POHAHGRESA-N,5352517.0
VUUQBFRQJDQOPT-NDCSCJKHSA-N,162817554.0
RAOVWTAEPDTVIJ-SCZRSGIJSA-N,163057851.0
BPRNABOULSQVIO-VXLIZBOYSA-N,162931653.0
GLSNTDSPPICKOT-OYDBMRSESA-N,162817384.0
PVDDMXMYNHAGMK-KRFDGIDSSA-N,101357807.0
BUUVUQOPURMCQD-CHTFRFAHSA-N,101592187.0
TVNGRDSDHVARNR-JHGCWHEKSA-N,10581588.0
CAMSCWPTRPIOQJ-QXMIXAQVSA-N,162817463.0
IZFUXBJRNPJJOM-FFTCDSBYSA-N,162817490.0
RCFLHUOOZRSCPO-UHFFFAOYSA-N,15714543.0
XKHUBMMYSWHMHN-ZMIJIPAXSA-N,6451045.0
UUFLRDLXVUZQGL-XKCUESDGSA-N,163003465.0
ILQOLRWKVAXWJC-XVGAYARYSA-N,101974031.0
XIFSDSRASWJFOZ-ICSRUGAGSA-N,
QXLSQEJYLGGONF-OPKSVECOSA-N,21724970.0
ZUNZFMCDLSCUGC-VKJYPDDJSA-N,163040356.0
SPWHQAUMLDQOFU-VNVWMUPHSA-N,162984205.0
NOFXXAHHOJWYAL-ZEQHQKSXSA-N,95223052.0
RIXNFYQZWDGQAE-DFHVBEEKSA-N,151202.0
UOEYCNAEZZOSJM-PLIRHKCMSA-N,162817077.0
XUWSHXDEJOOIND-OWYCLSEOSA-N,54748480.0
IGGUPRCHHJZPBS-UHFFFAOYSA-N,12409.0
PJYYBCXMCWDUAZ-JJJZTNILSA-N,115127.0
QSNBHLXYLHVCLT-ZJSXRUAMSA-N,76316422.0
NKFSYIXIONAVQO-XZXNEYSLSA-N,162817527.0
ICLVCWSZHUZEFT-QNDFHXLGSA-N,5491384.0
NKDFYOWSKOHCCO-YPVLXUMRSA-N,5459840.0
SOODLZHDDSGRKL-FOOXYVKASA-N,119040.0
NHRWTBRVTHWMBZ-JGWTUQJHSA-N,101243072.0
QAEDNOBQEIAWSV-UHFFFAOYSA-N,162991657.0
MRWUHMSMUAMEQL-QXOULVPSSA-N,
REFJWTPEDVJJIY-UHFFFAOYSA-N,5280343.0
IUJAMGNYPWYUPM-UHFFFAOYSA-N,12410.0
TUSDEZXZIZRFGC-PSURYOONSA-N,
FWJPIXFUGYRDQG-UHFFFAOYSA-N,3084507.0
LHYJPODIMQKZHJ-SRIRUZDDSA-N,15765644.0
JMDWDRGHOPRHGO-BTIYSKKXSA-N,129716291.0
FMYCKOLKWHMLJO-KEQYAELCSA-N,21628590.0
ZBNGGJNWFWYOJK-UHFFFAOYSA-N,565072.0
NAJZTTOYWJQEQW-YWVKMMECSA-N,162966177.0
CXQOZINRAFPQEX-ZYIYBEKCSA-N,101447991.0
WDBFAIPOYWBXPB-UHFFFAOYSA-N,53362472.0
UDYGWSPUYSRWRN-AGLLBGTNSA-N,11126441.0
CYHOMWAPJJPNMW-DHBOJHSNSA-N,449293.0
FNMKZDDKPDBYJM-UHFFFAOYSA-N,44257236.0
IKGXIBQEEMLURG-PWJZREMGSA-N,44259100.0
VLWGTVNAOQPEJO-XVKXQEIQSA-N,44259179.0
PGOYMURMZNDHNS-MYPRUECHSA-N,73299.0
SYEWLUATUDURPR-UHFFFAOYSA-N,5315563.0
UNMZJSVCTCKOEC-IKLKUDJWSA-N,162951469.0
XQMATFFLTOSYRS-UHFFFAOYSA-N,16130311.0
KWEQCWXCFQWUQU-AUBWXPIGSA-N,165417.0
SCVQXPPZHIKYMJ-DHEJPUEPSA-N,128179.0
RWYAXCQHFDRUHP-WNUOMJQQSA-N,162817640.0
IOSVSZULJIASCJ-OWODTTCDSA-N,163194370.0
UOXTVAWSBRUAHU-AIZYFYRWSA-N,10958252.0
YUSWMAULDXZHPY-UHFFFAOYSA-N,5281600.0
WOLULVRGBCBAIJ-MRCBCJOPSA-N,163188643.0
SZQXAOWAOCLMLC-HBMCTMKMSA-N,162817311.0
UXXJAHJNHYCPJW-COSLCVDNSA-N,162917862.0
ZRZROQUVFFSYRO-VOPKFZRJSA-N,162816974.0
MFOZCKGZOGEHTP-KURWKGIOSA-N,
VMOZDAZMZLYVSG-DNFTWFENSA-N,101717931.0
BJYHZSNSMVEQEH-SJORKVTESA-N,148556.0
FMIMFCRXYXVFTA-FUAOEXFOSA-N,12313704.0
IFWCMOJROJGCTG-UHFFFAOYSA-N,7330522.0
FJKROLUGYXJWQN-UHFFFAOYSA-N,135.0
BWSIKEZDJMZITO-QXMHVHEDSA-N,14309405.0
WTAYWTBOEQYGOG-QPJJXVBHSA-N,448996.0
KRDLFYZITUNBOK-UHFFFAOYSA-N,24766568.0
PHAOQQRISDLODR-LLPUIJAFSA-N,
ONMAQPPVCANFPB-URUZQALBSA-N,182337.0
QQRSPHJOOXUALR-UHFFFAOYSA-N,10659.0
ADNCDMHZHONBRR-UHFFFAOYSA-N,5318355.0
CZUWEYXLHBQPRY-DENWASCKSA-N,
LEWJAHURGICVRE-AISVETHESA-N,9548711.0
CLYBLORMANTURF-UJFKTDLFSA-N,162905673.0
VKBDXZRKAYVFOV-AYZKNJJHSA-N,162882801.0
LTEXFQUEKSPLEB-PVWAGCOUSA-N,178913.0
LHYHMMRYTDARSZ-PPWQZUPISA-N,6432221.0
HHVIBTZHLRERCL-UHFFFAOYSA-N,6213.0
YMAGZXPVILPRAP-UHFFFAOYSA-N,71369229.0
OZGKITZRRFNYRV-CHALWBKJSA-N,441812.0
VSUOKLTVXQRUSG-DAZJWRSOSA-N,5488307.0
KSNLTHGWURXRJK-IBEHDNSVSA-N,25102046.0
JSQAILNRMPHAGO-UHFFFAOYSA-N,54692970.0
FNRXUEYLFZLOEZ-VFSICIBPSA-N,12311316.0
ZBPRCHQHMTWQGF-HIFMHDRMSA-N,162912845.0
JIDYURUWGPRRGE-QQKPVWPWSA-N,162854549.0
ODHHTIYRUDURPW-IPZZXCBHSA-N,10946837.0
VYJAFDVONWEVMX-PTEHHMTLSA-N,162817502.0
GKHCBYYBLTXYEV-HENWMNBSSA-N,11076492.0
PIGLOISSVVAGBD-NHQGMKOOSA-N,5743442.0
KWCCUYSXAYTNKA-UHFFFAOYSA-N,19829.0
YAPXSYXFLHDPCK-GHMSYJMUSA-N,12444341.0
ZJVODMOTEMJMED-RMNZLGFASA-N,163034681.0
PCHWYSGBVKSPAM-MDWRVUFSSA-N,163188320.0
YSMMWGYDVDHOKB-VWYBEYMLSA-N,162816971.0
ZSGZLLNDYYOXHG-ACKBESTESA-N,163191424.0
FUQGIYDZGLORRC-XBXARRHUSA-N,5355888.0
IYDWZZNRGMWKMG-SKWRMQMOSA-N,162891810.0
OVSQVDMCBVZWGM-GESSWGSZSA-N,130304727.0
YRFWEPYMRLGVBZ-SNNRJATNSA-N,13864723.0
GFDAZMDWJRXJFT-BGTKTPELSA-N,162981877.0
YPWHZCPMOQGCDQ-HMGRVEAOSA-N,10095180.0
UIDGLYUNOUKLBM-GEBJFKNCSA-N,5481663.0
GTQDIPBCLBLDHT-UHFFFAOYSA-N,123970977.0
WTNAFFZVEKGSNK-YBEXUIKYSA-N,
GEZJVEGHJRPQEX-TWEVDUBQSA-N,90938776.0
SMMJEAKJFCGBRL-HCSOXRIBSA-N,
SNZVVZHFAMUKBT-QMKATDAVSA-N,
ZGLXUQQMLLIKAN-XIXJEIPKSA-N,71045228.0
CWAJEURPJYKGRL-QUGNMKPDSA-N,162936992.0
OLRMCQCAPLAXDY-KYSSWNHMSA-N,
PKCXBKBMBZLMJG-JLXWBXQLSA-N,163042627.0
ANFSXHKDCKWWDB-UHFFFAOYSA-N,159982.0
OLPVNUOVLSPTMQ-LXIYXOSZSA-N,132576238.0
CBWPMMFEOJLIPC-UHFFFAOYSA-N,12988285.0
LMZXJMGFKWTFDY-NCTLFSKISA-N,
HSSJYSJXBOCKQM-LOMNDHJCSA-N,162920534.0
YLCDUXRMCHPNSW-UHFFFAOYSA-N,101624709.0
IZVFYHBVHNNKGE-UHFFFAOYSA-N,5316773.0
MNAQIJCVPFKJAU-MDZDMXLPSA-N,42607663.0
DVBQHEGQMJLCBQ-BBGNJLEBSA-N,
CXQOZINRAFPQEX-QFEQQRJNSA-N,91884970.0
CEYBVHFSZZQISA-UHFFFAOYSA-N,11252728.0
YFOXFDFYFJRWMG-NTANRKAFSA-N,162884810.0
YCBYFANYXJUBOF-NASKFVPWSA-N,162913994.0
ZTORISRLTYWNKJ-BTZDVCGTSA-N,11095628.0
MCJAKNZUJXCHOQ-HUDDWINKSA-N,162844068.0
QVMJTYNTCBEZMJ-UZEIXXGISA-N,24178997.0
BKHZEULGRLICQT-AUAGCXQPSA-N,24801245.0
WTPJVIGCNHPGKJ-KJTGTQQJSA-N,54589666.0
RJIIQBYZGJSODH-QWRGUYRKSA-N,441617.0
YYGNTYWPHWGJRM-FZSSMNSJSA-N,25244109.0
GYFFKZTYYAFCTR-AVXJPILUSA-N,9798666.0
XUYAKPXYKQEFPD-SFDCQRBFSA-N,442192.0
HJOVHMDZYOCNQW-UHFFFAOYSA-N,6544.0
QRHKNTQBIRFSIV-FHOXIRBYSA-N,163020467.0
ZOHOIFNOQXLADO-SJTOIHLWSA-N,162986658.0
GQDFYCPPHMEHJL-COMQUAJESA-N,38348725.0
XAKXZZPEUKNHMA-UHFFFAOYSA-N,74247.0
YEOLOLPNMHBGGS-UHFFFAOYSA-N,101916306.0
XUBRQXOGVTUWAS-JIWOIOHBSA-N,163054506.0
MEADLGUPYQNUNF-BIIKFXOESA-N,6450959.0
WSRGRZRMKSTDQJ-QOSNCYJHSA-N,162899323.0
XELPMDBBGYBGEI-ZETOZRRWSA-N,12309998.0
ZHJLYWYOQBYSDP-NMWNSSENSA-N,178912.0
GZHFBZCDMVGRTI-HROONELDSA-N,9548698.0
UQEKWDNGNXHUNF-BPZPMHDPSA-N,163017593.0
HXTPBDNXWBPPSE-ZPNLUCNASA-N,162886964.0
ZQHJXKYYELWEOK-CUDHKJQZSA-N,11869599.0
VYRAMWFDYLXADQ-OOAWCBPOSA-N,162923231.0
FPVZFXNTEZVCGD-IHPDUBRASA-N,162854963.0
RISDMLSLRAZUPQ-ZXJFBCABSA-N,44258090.0
UKLWSCWMCLRIGN-BZYJCHQCSA-N,163007813.0
OVNNPLOTSADSRV-XKBGBTTJSA-N,162850928.0
QIZBQMPKQGHLOH-SOAFEQHCSA-N,102420149.0
HYDSLNOTAQOOPA-UHFFFAOYSA-N,
SMIZUXPJPXRGOS-FPEVIKCQSA-N,
WTWBUQJHJGUZCY-UHFFFAOYSA-N,326.0
MYOGRNWRSTZKJK-GGPWVDTOSA-N,163086490.0
ZTDFZLVUIVPZDU-YMRPJUJJSA-N,98086596.0
ABWXQIUJQVCZGH-NXVPVDKWSA-N,102165829.0
OUGNWRCWQLUXHX-ACWXGELRSA-N,14211225.0
DVVAMMKTYAWPGW-HOTGVXAUSA-N,10093654.0
SGEWCQFRYRRZDC-VPRICQMDSA-N,5280441.0
GPQLHGCIAUEJQK-UHFFFAOYSA-N,5320438.0
UZBOVVCKYSVTPL-UHFFFAOYSA-N,148344119.0
RDIDGZFQASQXBU-UHFFFAOYSA-N,546000.0
YWMHLJYRWSEYHI-NSCUHMNNSA-N,13887803.0
WKWYNAMJWDRHBP-GQCTYLIASA-N,5281772.0
ZFNJUQUFNUEBQD-UHFFFAOYSA-N,104098867.0
IGWDEVSBEKYORK-UHFFFAOYSA-N,68081.0
LZLGHWHSUZVUFZ-JKSUJKDBSA-N,181132.0
ULMKHYKZFDWSQM-MXFMHVGLSA-N,21629380.0
LMAGYNXQYCLGTJ-ATLFLLQCSA-N,162816850.0
OOHWBGNYBIGMAV-YACBKBDXSA-N,162971685.0
PEALLWJXGZSLMC-NDEPHWFRSA-N,45268825.0
IDQVFXZQPGAVAM-ZLKDMMMZSA-N,6453339.0
AULWDENWMBJIIQ-KFRXWHRXSA-N,441888.0
XZFKTIQBHLLZCZ-MSIFGYROSA-N,
MIMNIDIHOQDTFD-HNNXBMFYSA-N,10002166.0
NGGYLLJIBWFQCM-CMCLUWGQSA-N,10745609.0
DFNXNCCYQRPZMD-RLMYWDMFSA-N,
RCCSVNJZWBQPBU-IYOYZZHUSA-N,
FJKICAXMHALQAN-BWPSCZQCSA-N,162817000.0
JFWCEOZJEWNPOW-GQOQCBKBSA-N,443727.0
MTXMHWSVSZKYBT-KXJGGDDGSA-N,25244941.0
KOPCLJWZXIADNB-HNJXXXNPSA-N,101792540.0
KKUDXVSPSDPLGM-NVJIOZQYSA-N,11732289.0
PFTAWBLQPZVEMU-DZGCQCFKSA-N,9064.0
VEBNYMXKXIIGFX-VOHNXBSUSA-N,
JQRDKJPPZWVTOO-LQBIAVAFSA-N,21635720.0
RAAZLUVKRWKOPP-IXTFQXLOSA-N,102275330.0
HRYLQFBHBWLLLL-GRFSRWIASA-N,5380858.0
GLGJKTPMFLAWOO-PKIVIFHDSA-N,162817271.0
AZCBZQGBKBZBFT-ARAHRHTASA-N,162817273.0
AEFSKSWVGQICCS-KNBGXYRSSA-N,14021441.0
NCRSCUAICIRLHP-DRGXBFSJSA-N,12098451.0
ROVPHHLNVRMBKA-IUPBHXKESA-N,14705659.0
WVDMIOIJGFCRJQ-UHFFFAOYSA-N,183329.0
LLENXGNWVNSBQG-VFTFQOQOSA-N,440308.0
XJPBRODHZKDRCB-CSKARUKUSA-N,5320249.0
OHMWXBMBFIKUAD-UHFFFAOYSA-N,
OYSGWKOGUVOGFQ-NXLBOVRGSA-N,49849700.0
WGCRCPAMKCMAIH-AWEZNQCLSA-N,
KZNIFHPLKGYRTM-UHFFFAOYSA-N,5280443.0
SVPNMFZMHPLGRR-DLBZAZTESA-N,157600.0
RZVXPJMOIKHWFB-UUWRZZSWSA-N,24806608.0
IIIVMAIJSDOODP-HONMUUDHSA-N,15699898.0
MGXPFABBMNBNJN-CJESRSHOSA-N,11674519.0
WAKYDRBGFREGPP-XXWASBJCSA-N,
QIEMGQKOGFTYLN-UHFFFAOYSA-N,10020367.0
VECGTTIGAMJHHZ-BDJLRTHQSA-N,
MRIZZLWTURDJGV-QIXHSADJSA-N,162817548.0
WVBCCRKDSGMFPZ-UHFFFAOYSA-N,
ZYTMANIQRDEHIO-KXUCPTDWSA-N,170833.0
VYPYFZUEGQREKP-NFAWXSAZSA-N,14446658.0
AIFCFBUSLAEIBR-UHFFFAOYSA-N,5271805.0
VJMQHXVUFSIHDR-OQFOIZHKSA-N,5375069.0
JEQOCZRMZWZMMR-URNFCFKPSA-N,162854184.0
HWGBLAJNKCZKTN-JQYHKRKISA-N,11497469.0
PQQRNPDHSJDAGV-HUVRXQFXSA-N,162939855.0
SNGHLUWTFLYPMT-SFHGJMHFSA-N,44575802.0
GOYZKWCPWBKPIG-OPOIYOSBSA-N,163100429.0
APLLVFVOTXZBFO-ZYGVAYEYSA-N,91750087.0
KPIDDSZEIRXHPH-IEOXRBHFSA-N,
ADKHKBZKHGJXDZ-ATEOAPGCSA-N,476784.0
FXKCXGBBUBCRPU-GBOPCIDUSA-N,6452036.0
WAOAOGHRRPNUAT-LSTDLKDCSA-N,
IXBPWSPJMNOFJJ-KNEUHGCLSA-N,195315.0
JQUOXVDGPYAXTH-UHFFFAOYSA-N,14034221.0
AYXPYQRXGNDJFU-QTPLKFIXSA-N,12304985.0
KFBGFEIKERJYDH-GBIUDDSVSA-N,
DQAVAZNOXSQZNF-QANHFJFBSA-N,
LRKGHWPPAFAVHA-ZAXIKIAGSA-N,162817237.0
BEPQSACHIBDHIF-RHPXELCWSA-N,101396725.0
NGAVJIMZMAIVPV-ONKXGGSUSA-N,14633041.0
YFILOVOZDBXTAF-VSJIUSJESA-N,162855384.0
ACRZTZHEHYXBPA-SJDAFVTOSA-N,
AMKYESDOVDKZKV-UHFFFAOYSA-N,68072.0
YOLDXKHOBUWSGX-YUVXSKOASA-N,10125942.0
BWQSLRZZOVFVHJ-COMQUAJESA-N,164622.0
RLKXHEOCVARPBL-UHFFFAOYSA-N,101916307.0
COGPRPSWSKLKTF-KBXIAJHMSA-N,91753500.0
KOYQLXLYMDNSGL-DZHCQNFQSA-N,21582622.0
VGUJFXQAVCKLOB-UHFFFAOYSA-N,14037471.0
NTPPHLOCCPNXRD-YCRREMRBSA-N,5352410.0
LRUIASUJJNMESX-UHFFFAOYSA-N,10359254.0
GMKMWNMOLXKFNU-UHFFFAOYSA-N,12360934.0
KSTMMFCURGNHNW-SSEXGKCCSA-N,
MOJZMWJRUKIQGL-XILRTYJMSA-N,169853.0
VTCDZPUMZAZMSB-UHFFFAOYSA-N,69505.0
RJXKDZLLQAMBSD-DRCFIHHFSA-N,163191183.0
PQZCSTONOODYQA-OZUCVSFASA-N,
ODSSDTBFHAYYMD-YOJQYFTNSA-N,92157.0
HGXBRUKMWQGOIE-FQZPYLGXSA-N,12309639.0
KNZSXKKCTOYLSV-JNQCJLKQSA-N,163194318.0
FKEXRGAGSYDVCS-BZMFKJDCSA-N,162816987.0
ZVNHGZQUXCHNLK-IVXCJOJQSA-N,163073639.0
GGCHFIVWBMPSGW-CFBBUZOLSA-N,102144710.0
KKQHLFPBXNSIAB-IHWVXMPCSA-N,162956201.0
HOSMFPQDFZLVEZ-FAVUJTKWSA-N,
RCCPQGOKROXSMK-MLPAPPSSSA-N,
LPEPTRFUOKMJCH-YDOQJWOYSA-N,102444976.0
RUCMCGSYMSEMIR-UHFFFAOYSA-N,14585515.0
AUFQZNLYPNBSRV-GODJMGFJSA-N,
OLVOHJVDFSHOFA-GUJRAXHGSA-N,
IDVDSLXRLYXWHQ-ATJGKMTHSA-N,163048289.0
QYVZOJWDWWFSQK-FSSNJVJCSA-N,163022268.0
UPVBOTROXSEDBF-PQBOMDDGSA-N,162922002.0
JWCIGPTUZBZFDW-WNFQYTQQSA-N,162981909.0
ZPOOSVJZTRZXBU-XOJNGUAZSA-N,163001587.0
JGMYABDQXYISIR-XXISUVSKSA-N,162897242.0
MFTDXOCBTJZGKK-UHFFFAOYSA-N,12182448.0
NCSCAOYXUUEXIP-IBGZPJMESA-N,11196781.0
UVCQMCCIAHQDAF-RNTVPSGKSA-N,6441558.0
ITDYPNOEEHONAH-UKRRQHHQSA-N,176920.0
CLNDAYOHEVNSFF-HRWDGOPYSA-N,
HHNCJFKRMZDTHW-WQRDJFRPSA-N,906525.0
SZHPWLGMFBCELK-JIPXPUAJSA-N,101635423.0
NGPDZEACIWDCKX-GYOLWFHFSA-N,118701072.0
IAIHUHQCLTYTSF-WEDXCCLWSA-N,61123.0
RQAGOQPWWLBECE-DSJDWBEOSA-N,102250660.0
AHEXATSOWXDZSD-BOCHQVGTSA-N,162823992.0
SSIWNCYQUXTPDX-PJHJIEHSSA-N,162870561.0
VGXGYZZMKLDKEF-UHFFFAOYSA-N,162817056.0
ODYWNFJAWDOSSM-KFFNWTGSSA-N,163195283.0
HNZUNIKWNYHEJJ-FMIVXFBMSA-N,1549778.0
RLJALWQYHIKFRL-JXMROGBWSA-N,
BWOPOAOBPJWDBF-UXORZHSYSA-N,162965803.0
WKKJGHCXVKEJNU-AWQNUYMJSA-N,10466743.0
MBNGWHIJMBWFHU-UHFFFAOYSA-N,5281612.0
BJQWYEJQWHSSCJ-UHFFFAOYSA-N,11636.0
FCDLCPWAQCPTKC-UHFFFAOYSA-N,10168.0
KDEMELRYKGOXDL-UHFFFAOYSA-N,3085222.0
RWCFHQDIIQBNEE-SKLDMELOSA-N,162816910.0
BBTZSNZPLSTSDA-AXDMWEJHSA-N,
PEFNSGRTCBGNAN-OBJCFNGXSA-N,5488493.0
XWMMEBCFHUKHEX-RWRSZONCSA-N,162988003.0
JGPFYIOBZPVWHS-XAZVLMETSA-N,162817252.0
GDMHQAWNMFIIFV-CYCQVHIKSA-N,102445799.0
JYXSWDCPHRTYGU-QHWHWDPRSA-N,25202803.0
JFVKWCYZKMUTLH-CGYQNGNCSA-N,161176.0
GCHNQYKYNHGZKM-UHFFFAOYSA-N,10613704.0
SXQVTNLHIMAHLZ-UHFFFAOYSA-N,162823071.0
LSMIOFMZNVEEBR-ICLSSMQGSA-N,441871.0
ULJREJAFTFEKCU-UHFFFAOYSA-N,163012165.0
LEQCLUFJRGKLOA-RKJYNANKSA-N,162944201.0
MOQGCGNUWBPGTQ-UHFFFAOYSA-N,9895.0
OMCYKPHPDWYTSQ-VZHDIXRJSA-N,163192109.0
XSVHCRJRFKFCSN-WPOLHJTHSA-N,15628138.0
NTJXRKLCTXJGGS-XJDQSTAGSA-N,100927641.0
GUWHMEMJBCLEBP-WJTDDFOZSA-N,5316952.0
OAKBMFLEIZVVAO-VLBAKGEXSA-N,10386291.0
UIEOJHADDXONBR-QEEWYGHLSA-N,162946472.0
HWCOBRZEMVYVFD-RYQLWAFASA-N,
WKCHNXVWJKIODW-RRTKTSOCSA-N,101652686.0
ISSPUSZYYOWQJE-FQGSZQHWSA-N,102061174.0
HIGQPQRQIQDZMP-FLIBITNWSA-N,1549025.0
DWONJCNDULPHLV-HOTGVXAUSA-N,115089.0
MMHTXEATDNFMMY-WBIUFABUSA-N,34687.0
AMKNOBHCKRZHIO-UHFFFAOYSA-N,100659.0
JPJFFXBKQYGGMF-AHDGPZHYSA-N,101553160.0
IZVSYFSOPGJXBC-VTTGRNCBSA-N,5318259.0
PWHROBOFPPCUTQ-KTBXZTKVSA-N,102056123.0
RNCIERMYMLFYAO-UGSOOPFHSA-N,21599256.0
GIJHRPCRRJJXGW-SFHVURJKSA-N,101584235.0
BGZGKGJBTWDZQU-VOTSOKGWSA-N,5918884.0
QUDZQFLTGZFKLG-UHFFFAOYSA-N,564552.0
ODNPGUYDUGIBPN-UHFFFAOYSA-N,13873188.0
JNMSCCGICJNSSU-HWXFJBORSA-N,21596489.0
XUARCIYIVXVTAE-ZAPOICBTSA-N,92802.0
CYXCYFYWIZXENQ-JXFKEZNVSA-N,11709595.0
OWPWFVVPBYFKBG-OCUQDEIGSA-N,162957002.0
NVLTYOJHPBMILU-GMDXDWKASA-N,107721.0
MJTVVRUDYJNHJC-SZAVSVHQSA-N,
LFPVZIIPFONRSW-TXHKNKHWSA-N,101286210.0
SAQGTQHYMPKIMS-HKBQPEDESA-N,
CQRYARSYNCAZFO-UHFFFAOYSA-N,5146.0
KOPBXBMGJCLPOI-CZLJMHDISA-N,11185028.0
SESFRYSPDFLNCH-UHFFFAOYSA-N,2345.0
QCFCSXRONIUIKL-UHFFFAOYSA-N,10401363.0
SOTUFGKJQVSOCT-ZCSZAFQUSA-N,44386968.0
XGGAGMDNSJNIHH-MIEARWIUSA-N,162879472.0
GHMRILAKANAPCR-UCJXFYMRSA-N,162913874.0
MZNIJRAPCCELQX-NYCIAPANSA-N,46230348.0
RZJRJXONCZWCBN-UHFFFAOYSA-N,11635.0
FWYSBEAFFPBAQU-LBPRGKRZSA-N,334704.0
BXZRZXGIZDTSFV-JEYGFGRRSA-N,162951213.0
RHEWDGKENJHGQY-KFSDTLJXSA-N,162816959.0
ZSWCIGXOGJAYMQ-PNDYUTCWSA-N,162816865.0
IWDCEGRARWUNHH-SFCXZUONSA-N,162817281.0
OUGTUWTXDAQGIR-KOPVUUSOSA-N,163034140.0
IHALLNJDZKKAQN-CGCLERDWSA-N,
VXOZCESVZIRHCJ-KGHQQZOUSA-N,5351516.0
IOUJVEYJNDNYSD-KFRHBURISA-N,162999975.0
UBSXDIYXWMXBRI-UHFFFAOYSA-N,102218165.0
XMJROHDIQQOWTO-NRPXGKOBSA-N,174867.0
RIFYQCYKHQDXDN-OHJGJUJKSA-N,162816892.0
IAPHXJRHXBQDQJ-WKMWQDDRSA-N,442741.0
YRHFOCFOBZVGPU-IVZWLZJFSA-N,100616623.0
URFCJEUYXNAHFI-ZDUSSCGKSA-N,68071.0
SPBLFONLHXBBQE-UHFFFAOYSA-N,182073.0
KKJVVBRCACGMIS-DLBZAZTESA-N,10646544.0
FZHVZHPJLXWJIZ-DZKMKBNLSA-N,163078531.0
LUHBOTKDTDNYKX-NOJNMJOFSA-N,162817166.0
SWTZTWQASUSBIY-BCMWCWJPSA-N,162894740.0
IWNZQRZTZRLAFI-KWUSYGKISA-N,162998126.0
CZUNFNFYYUHYOJ-HKAXJELISA-N,162817444.0
NXEBMWBWAZIYEA-IUTMKFHYSA-N,
WDWBIQRRBRJRGX-MINZABDGSA-N,163190737.0
URPVDDXMEZAEJY-UHFFFAOYSA-N,101253.0
CZFNXFXZXWDYMZ-UHFFFAOYSA-N,5487766.0
LNFOOMVUSZBFCN-UHFFFAOYSA-N,580032.0
NKWZWGIAYAKDHY-AZAORIIGSA-N,162817500.0
NGHWODXSXVAIMI-QEYUNHRVSA-N,162836206.0
FGOIYUMPEPEQFM-HCGCNTTASA-N,162817432.0
LVKULLURUFYYEU-WSAROZLISA-N,101195134.0
WRLIWQZBEFNULP-CIZNLLADSA-N,162856674.0
QFXTUJKVVMOJKG-RVDMUPIBSA-N,10934027.0
GOQDNYNXBMUBPA-CMDGGOBGSA-N,52920300.0
FCEVNJIUIMLVML-QPSVUOIXSA-N,5281750.0
YOVSPTNQHMDJAG-QLFBSQMISA-N,442393.0
ZFZIDBSKEIJNRS-XBXARRHUSA-N,6439187.0
DPKLHUJIQNJYBQ-IDMHOOJTSA-N,101675250.0
DXPDHISZCSUSCO-RKNDUAPSSA-N,162986691.0
WILIFRSPMCBMKB-RURJUHLQSA-N,163010818.0
GQTXGOGPFNJQOU-FDLPKXHNSA-N,162925046.0
RNNVXCSFOWGBQP-XHLNSLBNSA-N,6441404.0
MBWBXAHKZIFOMI-SAIRVCPBSA-N,
CBFCDTFDPHXCNY-UHFFFAOYSA-N,8222.0
BBIBQROZEQEFRD-PPHTVVBXSA-N,15241055.0
FIAAVMJLAGNUKW-DAMJSERUSA-N,69542256.0
QURCVMIEKCOAJU-HWKANZROSA-N,736186.0
CJLHTKGWEUGORV-KPRRGPHJSA-N,11876605.0
JZHCETDUGDFXEY-RRJCBXKSSA-N,162817029.0
XCJIFDKCCHFANV-XHEJPGTASA-N,162892434.0
IGARGHRYKHJQSM-UHFFFAOYSA-N,13229.0
XZGZRRSEIISPEP-UHFFFAOYSA-N,5386961.0
SNRUBQQJIBEYMU-UHFFFAOYSA-N,8182.0
XTDYIOOONNVFMA-UHFFFAOYSA-N,14242.0
CAHQQYHQUHYOGU-KCGUVZDHSA-N,21725258.0
IZMQRYNERXDANC-ROGGGWLKSA-N,
QJYNZEYHSMRWBK-NIKIMHBISA-N,65238.0
BFFWFQRNBOXUAS-IQDQOMQOSA-N,
SWTJJQJONUACGV-QARBTFGASA-N,
QSQLTHHMFHEFIY-UHFFFAOYSA-N,13584.0
ORUFGBNJVBIIRG-RQHQAKKJSA-N,162817440.0
MAMURXKKLQVDLN-GZJNYRSUSA-N,162816955.0
KHXMEICODXVFMZ-PGKSTZMJSA-N,
YLLPOUNPAFCEFB-OPRDCNLKSA-N,21630990.0
VMUAPFBVKYTMFJ-LTCOOKNTSA-N,21146989.0
UXGHAQBYGNOSGC-VUZIRADBSA-N,163058815.0
FOHXFLPXBUAOJM-ICSFOJPJSA-N,44259426.0
WTBQQQTYLMSFSB-SUMZXCHUSA-N,11357894.0
KIQWNCGQYMBUGO-WQQVWZHOSA-N,101485501.0
WNEWYJBAIPHOET-LDSOLPTJSA-N,162914914.0
DSGJNNDCMDMSTM-KKVGBOLFSA-N,392473.0
COZMWVAACFYLBI-RVEJGNBFSA-N,25255065.0
VDTQLOASZLCFCY-SFQUDFHCSA-N,42607723.0
URUMYDGZBWVMMP-HZKCKKNMSA-N,163188623.0
VGTGZABKFYVGPL-KELBHJMGSA-N,162816924.0
QKIYZHRZSUVGEG-UHFFFAOYSA-N,70688905.0
RVPPNKOUWPOQRX-JLDKYGFASA-N,
QPCIZPUVFGETDR-WEKAZLPBSA-N,163068490.0
VAFSQSJGIOUDOD-SYQGIZGTSA-N,162817067.0
VZVTWKSITXVTSF-OWHLBNLQSA-N,162817482.0
CZZAIHWBOUXBPS-OSPGSZEGSA-N,162956571.0
JVVFTHAOTNXPOZ-VHCZEJTMSA-N,101419460.0
HCXVJBMSMIARIN-PHZDYDNGSA-N,5280794.0
JXSVIVRDWWRQRT-UYDOISQJSA-N,119034.0
WSSJUHDSPLUUGX-BWYPGQPISA-N,102341106.0
NUENJLVLKHHYJS-XZYCGLOESA-N,
YFCPURDXXIQZMP-DHVVYNQPSA-N,101663346.0
GUVSFFFDEPALAQ-YCDIZDLPSA-N,
OKCHBIUSLHZRMY-STLMNREPSA-N,
WSBRSNYQSKBARE-FKGBAZHISA-N,21721979.0
MQZYEDFNJPUADD-QAHOPEEMSA-N,162817644.0
OWNYIZYKHUQFKG-VIZPUPFGSA-N,21636356.0
KSEBMYQBYZTDHS-HWKANZROSA-N,445858.0
WMFIUAIMRLTGGU-UHFFFAOYSA-N,17757757.0
CHXSDKWBSFDZEU-UHFFFAOYSA-N,386331.0
SPCXZDDGSGTVAW-VXYFJCLZSA-N,16213731.0
BNSCASRSSGJHQH-XRWHQDDYSA-N,44259150.0
GOIICROVOYDKKG-XDYJAZRDSA-N,162972265.0
OBIUGMGQVQMVSK-UHFFFAOYSA-N,156793.0
ZSOYDVICJGNUTP-CMFXOGKPSA-N,101593133.0
XAEUKOBJPRGERY-RGGIALPMSA-N,163005443.0
PVNCIZYCWIYOJP-DOPINODRSA-N,101936031.0
WJVRFNZACTZZTH-UHFFFAOYSA-N,21635780.0
URLKBWYHVLBVBO-UHFFFAOYSA-N,7809.0
MURWRBWZIMXKGC-UHFFFAOYSA-N,66540.0
PMVFQLSWVIQZGK-JYJIFUJCSA-N,91748008.0
RRRSSAVLTCVNIQ-UHFFFAOYSA-N,5318214.0
CYGFGZXXQOQUBI-NKFKFSAASA-N,6440748.0
FZALQGCQQJLGKE-BBNZOYGDSA-N,442318.0
UHEMKMBRGXUBMJ-URUZQALBSA-N,182408.0
TVOFUERNMZTYRM-KSSFIOAISA-N,5317205.0
XLXAJOASBOPLDJ-ZBLNOIILSA-N,12016127.0
HBPDVCKKFVGJNM-IOVMHBDKSA-N,
YBHCVYGFEJLPAW-NIFZNCRKSA-N,102050003.0
KOMHZTUOBVVDPX-JDVMTWNBSA-N,44259378.0
HXFCTKKFLJMYHC-UHFFFAOYSA-N,91554824.0
KEDNRSGYJIYJKK-MINZABDGSA-N,163185675.0
VDZBODVHGVXMCG-QGIJALBHSA-N,163038469.0
AIRAUUXPYGGOPL-ZKEXCHKWSA-N,162883279.0
QLRPWTNTDHAWJM-LIHSWJCHSA-N,101675249.0
CJLHTKGWEUGORV-UVGOUCATSA-N,180482.0
QNGJHYZWDAADHI-HDCOVYJKSA-N,14188641.0
GKHCBYYBLTXYEV-UJPOAAIJSA-N,188977.0
QDEBNXLKVXHODZ-MLBSSZIMSA-N,162842696.0
VLDOBKJPRUQEEC-FVQBIDKESA-N,388787.0
GTNXVWBJKTWJFQ-ANVAVGRQSA-N,
YTZSBJLNMIQROD-KKORFXOPSA-N,11304302.0
NUSHOJSYOLRGAX-ZIPQOKDHSA-N,3086515.0
BCHAIGZJQCUIHZ-KGTCOYFRSA-N,163084619.0
DYYUKEWJHDHASM-RFYDPHEBSA-N,162816885.0
UGGPFDAKRGKKJS-UHFFFAOYSA-N,101674077.0
HPSAOYRBVRXVRN-UACHTFJISA-N,162817415.0
SZOFJDHXUVIJBB-AZZYWZRLSA-N,11663649.0
JVBOUYIVPAHNGB-JUUAVEPRSA-N,6428020.0
UNANNKAWBHGWLX-GEHHHGLQSA-N,14021317.0
TYLNSBYKSLTQOZ-NAEWIDAPSA-N,
GITCJXFZRWGKLJ-KVDFIPRCSA-N,90478162.0
PTNBEYQHWBDDAI-CKFSBQEXSA-N,
TWNFZRPZTDQRKA-DJIQRZNQSA-N,162872672.0
BMRSEYFENKXDIS-JMYXGHFSSA-N,90478782.0
HOGWBMWOBRRKCD-BUHFOSPRSA-N,5282742.0
LNBKWSRIIRUARI-ZFMIWEEYSA-N,162915654.0
OFKAWRNOBJDJFC-FLIBITNWSA-N,91747285.0
PNMNSRMFRJNZFD-IPEIANHJSA-N,101042548.0
MCWVPSBQQXUCTB-OQTIOYDCSA-N,12795736.0
YCIMNLLNPGFGHC-UHFFFAOYSA-N,289.0
UOEYCNAEZZOSJM-BHZIUBDXSA-N,162817078.0
JCLYMCVRBRHEHI-TWDDPRSNSA-N,9832350.0
ZJUKCJKMNOBEJA-YVUGOGEJSA-N,
GGCHFIVWBMPSGW-KSVJWHGVSA-N,102144709.0
ZDOTZEDNGNPOEW-UHFFFAOYSA-N,5280544.0
QHMGJGNTMQDRQA-UHFFFAOYSA-N,11008.0
HZMGUKYDUNNHMG-UHFFFAOYSA-N,162889964.0
MSPWKPQQHHCXLR-UHFFFAOYSA-N,343083.0
OONDLKCAZJZRCW-OVEXWALPSA-N,162987846.0
JAONZGLTYYUPCT-UHFFFAOYSA-K,73415769.0
ASUTZQLVASHGKV-JDFRZJQESA-N,9651.0
MWCJPBJNXWIDGU-OXIQGZBJSA-N,162868995.0
LGGISTNQEQBGNY-UCWKZMIHSA-N,162912447.0
RPYYNECGOSGRFR-CABCVRRESA-N,162846777.0
AFBZFRQNKMLRPU-UFJVGALSSA-N,5320434.0
MPQZYYFISKOFRL-MNRYOPCGSA-N,162817401.0
NGQVFILFHVPLFE-UHFFFAOYSA-N,3083803.0
PFTAWBLQPZVEMU-HIFRSBDPSA-N,73160.0
RJCJVIFSIXKSAH-UHFFFAOYSA-N,5352001.0
BBPXZLJCPUPNGH-CMKODMSKSA-N,443470.0
ORRYWOBRSQRASU-ZOKOZUFBSA-N,14756314.0
OZQAPQSEYFAMCY-LWEDLAQUSA-N,6432455.0
QGBRLVONZXHAKJ-UHFFFAOYSA-N,14259.0
BVMDSEFJGKQBKJ-ZUGPOPFOSA-N,14887605.0
XKECCYGTTKNLOC-UHFFFAOYSA-N,186643.0
MLEMRUJKRXLUOK-JMIMYWISSA-N,163075833.0
QTGNVFSKVFZXLH-FJFFIJOPSA-N,49800622.0
RXBLJXFGQJJUDL-XNGRFEFZSA-N,
PZBYTOJJGAKJAK-NDDOAYCYSA-N,162885722.0
UKOYLRKCEGOLOJ-LSDHHAIUSA-N,11350305.0
VSOHQMQKYXPZMR-DPOMMMKGSA-N,11456573.0
XIVKBVGJMLTCKH-XBEXEXDISA-N,14830741.0
AHTRGGWSBFOEEG-HFLHEASMSA-N,14756316.0
DNYXRLCGHGHJGU-QAZHRIPUSA-N,162849323.0
RXFAXIWBBJZHSB-WCUQRHJUSA-N,102165831.0
NSIQFTFECCWKID-LEDHEPLTSA-N,14021392.0
AACFCESRKATSDI-SOKZWFQPSA-N,10550383.0
GOENJWUGVSLZDQ-NCLHDQKXSA-N,5281755.0
FVETWVZIZYYQDT-AJBOBDSLSA-N,
UCZOPSUTRUWZNY-KLPBAQPCSA-N,6429060.0
WONIGEXYPVIKFS-HRDYMLBCSA-N,164888.0
YOKBTBNVNCFOBF-QWHCGFSZSA-N,10038289.0
DCKYPAZZUYXYTC-HBKJAXODSA-N,167852.0
RKUNBYITZUJHSG-PJPHBNEVSA-N,174174.0
XDVDHFJMCJWDPI-IPYPFGDCSA-N,14105907.0
RFCXMOGTAXHARM-UHFFFAOYSA-N,71189640.0
BLPXNSSTDKKRFC-CVEARBPZSA-N,
ONUWJUACWORIMJ-ZGKLGPQOSA-N,163186828.0
APDVUIGQEYFRET-UHFFFAOYSA-N,90744052.0
IRZTUXPRIUZXMP-UHFFFAOYSA-N,124062.0
UMUMRNRVJNFLPT-SLEUVZQESA-N,12303261.0
CKGKQISENBKOCA-FHXQZXMCSA-N,10552637.0
XEHLDSAKZSXOFK-UHFFFAOYSA-N,16681753.0
GPCCAACYXZNGCX-QPMVFHCKSA-N,76330484.0
OJSKJQFODPKTBT-OLUDQAPWSA-N,162972495.0
GAWIUXPXIQWWSM-MPZSIRCYSA-N,10674444.0
CBINNKOKCWDREG-SWXRVVBXSA-N,
UGVXSPQTKDXQEE-LBPRGKRZSA-N,
PIUALDIRBIQPLO-IIUBDECESA-N,101485503.0
FJLUJBDSFBGOPL-XGYPPUEKSA-N,101376367.0
QZRROKPCMGVLEO-LSKZQVIMSA-N,162817161.0
DCURCHSUQXPCGS-FSJDPORQSA-N,44257798.0
PXRCIOIWVGAZEP-XKSSXDPKSA-N,12302328.0
YIICVSCAKJMMDJ-JTQLQIEISA-N,667496.0
WKCHNXVWJKIODW-VQHVLOKHSA-N,13833794.0
KCMNJMYYSFJSAZ-NQLMQOPMSA-N,13996677.0
GENLFYMJWHMPJH-BXRZTHIPSA-N,
RFKMWWMZUHXFBA-UHFFFAOYSA-N,902138.0
RUMOYJJNUMEFDD-JTQLQIEISA-N,1548901.0
NVAICDOAKPCBRQ-WXPMOEDISA-N,101076684.0
DRMUWMGSSNYPKK-UHFFFAOYSA-N,11132423.0
YPOBUDKLSCZLJL-JCBSFODESA-N,163048034.0
TYEXOWXYQPZYMV-OCGHRRASSA-N,44584018.0
JACSZGMMJOGVOA-BGPBXXSCSA-N,162817471.0
PYRIQCKRAKOMEB-GFSREQAASA-N,163086164.0
PXPABZUEASBGNN-ZHQLMMCASA-N,162817425.0
KPANTTZNWNQAGE-PVOYIKSTSA-N,163069016.0
MCVAANPKIGGVAL-APPDUMDISA-N,102588655.0
FAMPSKZZVDUYOS-HRGUGZIWSA-N,5281520.0
FWKDHGIXHPHDTH-VUQSCMSUSA-N,101396722.0
VSSKJOWJRGBTGI-MQANLQOISA-N,
SFLMUHDGSQZDOW-FAOXUISGSA-N,5280372.0
CHCBSUXEBKZFGJ-SLPDEROOSA-N,10629144.0
QIQXTHQIDYTFRH-UHFFFAOYSA-N,5281.0
UIIZHPJVPKARSE-GFLQDLJJSA-N,100927643.0
QEKUYFPBICSGHK-JBVQKBDOSA-N,162817388.0
XXKIWCKZQFBXIR-JPVHLGFFSA-N,124708054.0
OFOSZWHCKXZUKF-IOAHLMNPSA-N,100957402.0
UQBUUCDVKDSHCE-UHFFFAOYSA-N,442621.0
YXFVVABEGXRONW-UHFFFAOYSA-N,1140.0
RLHMEXGBDMGLGZ-XRYRHKQGSA-N,162869740.0
MRIAQLRQZPPODS-UHFFFAOYSA-N,72344.0
LQERIDTXQFOHKA-UHFFFAOYSA-N,12401.0
DFYRUELUNQRZTB-UHFFFAOYSA-N,2214.0
ZCCUUQDIBDJBTK-UHFFFAOYSA-N,6199.0
BYWLLSQTJBXAPV-UHFFFAOYSA-N,5280699.0
FCWYNTDTQPCVPG-XLRKYUMYSA-N,7067264.0
MLOJYABWNDVJMG-GBWWRXBVSA-N,44575854.0
RZXAFPAYDBNJHP-SQYSMFMKSA-N,162817054.0
WJXSYUJKJSOJOG-UHFFFAOYSA-N,3083633.0
IKIHFZGZEWTHEQ-JZQBXTLISA-N,101281096.0
KUDYATBIEOTCGT-UHFFFAOYSA-N,10072444.0
QSQFOIMEVMOMIJ-AJZQVFHJSA-N,163016586.0
WEPZBXOVWNYLTR-IHPCNDPISA-N,15376404.0
AGNCAZXZPUDAFT-ZUOKHONESA-N,162993790.0
GMLDZDDTZKXJLU-JKSUJKDBSA-N,442835.0
RTATXGUCZHCSNG-TYSPDFDMSA-N,24211973.0
BYODNKVVMRXLFL-CTUNMRJISA-N,162817157.0
GYUUUWMVWHSGQL-XKBVNKBBSA-N,162817105.0
KPCDAXWKXZQJKU-XTXKCJRVSA-N,
SDLRUUXTNVUGJL-WJBWUEBSSA-N,44258116.0
WINFSIMEBFWGGD-GCBQWBCUSA-N,44258571.0
AVZHENHAPQQKBK-OLLVGXTHSA-N,162834997.0
BHNSEWKVMCNSGO-RJPLPAITSA-N,11969921.0
ILMBZGCGIXQNFZ-PGTGIHDKSA-N,162885745.0
MUMCCPUVOAUBAN-UHFFFAOYSA-N,10144.0
QCGVQHGCUGSYCU-KYEPPWOVSA-N,
LKYRHPWVCQSGGQ-ANOSYLROSA-N,72734402.0
RZEXIMRXKVYRLP-YRHGKNAFSA-N,162926559.0
CWVRJTMFETXNAD-AVXJPILUSA-N,147305083.0
FMMOOAYVCKXGMF-MVKOLZDDSA-N,5365672.0
WQHRXHYOKDRIRR-LCFDYFRESA-N,6438687.0
OVXAYHNZXBOVPV-QMGNLALYSA-N,442173.0
LGIAXRTUXPHMDS-UHFFFAOYSA-N,91584129.0
NQPDZGIKBAWPEJ-UHFFFAOYSA-N,7991.0
MXTLAHSTUOXGQF-UHFFFAOYSA-O,72323.0
QCDYOIZVELGOLZ-UHFFFAOYSA-N,161271.0
DHSDUZQMIDNCKR-UHFFFAOYSA-N,21576542.0
LGNNWXPKLOJCAU-HQZQWKOLSA-N,76335787.0
DIFHLIBNXISLHL-NIIXWSSRSA-N,101982334.0
PIRXBCDSMORUTK-VEHMCFTPSA-N,
VIOKSDWKSSMHBF-MQELVVIJSA-N,10695684.0
QAKWWXLYSGFAQN-DPTUMOBZSA-N,10853920.0
OESLKRXCBRUCJZ-BUXXFNAFSA-N,15127233.0
MBZKQDXXFMITAC-UHFFFAOYSA-N,162627.0
PRAAWOPIZHEJGG-YSSJMLMPSA-N,163185849.0
DETMLMKPOGLPGK-LSSYDSAMSA-N,100958762.0
NYAUSAUKCGRHCY-MSMVVCCMSA-N,162862711.0
XFPSRAYOBUHKRV-IBEHDNSVSA-N,14589106.0
LMODNMXJBXUOQF-ZRSLWSEBSA-N,44584269.0
VGRSISYREBBIAL-XAHVSKGQSA-N,5281726.0
NDYMQXYDSVBNLL-MUYMLXPFSA-N,5281319.0
WYWHMKHZMYSKLW-MWNPLJJLSA-N,
AGXPNMMYDKKSMT-IOBKYCJTSA-N,11210803.0
UVHGSMZRSVGWDJ-WJKWMCMVSA-N,
ATTRXTZPTLILCG-RHSJQBQKSA-N,102056124.0
JRTLIBFFHBCHMZ-SPNADUOOSA-N,162985304.0
RBKMRGOHCLRTLZ-ZHACJKMWSA-N,5319603.0
GAIBLDCXCZKKJE-BZXLUOIMSA-N,5373727.0
BTHCJHQOYFUIMG-CDQUAFCBSA-N,6912281.0
IPEHJNRNYPOFII-AZUAARDMSA-N,94162.0
MTZQAGJQAFMTAQ-UHFFFAOYSA-N,7165.0
PMMASMOTSKQUBU-QHSBEEBCSA-N,162842573.0
SOVYLMQJGNAWIN-YMILTQATSA-N,101203410.0
JMJIEBPTDSDJNZ-SFQUDFHCSA-N,14355504.0
LXEQIOGTMDLLEC-UHFFFAOYSA-N,5281860.0
IHFBPDAQLQOCBX-UHFFFAOYSA-N,5281628.0
MXHRCPNRJAMMIM-SHYZEUOFSA-N,13712.0
PXGWEUQZDRUMRE-UNZYZCBSSA-N,6453359.0
PWAHUVOMLQRANM-UHFFFAOYSA-N,130035047.0
MGYBYJXAXUBTQF-TWJLCPPASA-N,44258082.0
SMZJCCHIPATQCN-LUTQBAROSA-N,128839.0
HOGWLZYYLVDAOW-UHFFFAOYSA-N,11300144.0
BGDSBDCQMDCPDW-WHTLWQDESA-N,71573980.0
AYXPYQRXGNDJFU-IROTVPAZSA-N,7308311.0
ZYWYVVLVOLPRNM-KJHGAJISSA-N,
GKGKOBNJESCNOE-PHYFNPPMSA-N,102060705.0
BERMERYMXVSGPF-UEAYNWGYSA-N,
GLMKTMOFCGDFFQ-LAEOIKMWSA-N,163053546.0
XRMJVTYQUFNCJQ-RPMKOLLGSA-N,14021502.0
ATKXBUNPUFHUHF-GUOHCIKTSA-N,145869356.0
OTPKBELVFIMVQF-MPEOPZRRSA-N,23304700.0
FBUKVWPVBMHYJY-UHFFFAOYSA-N,8158.0
WROHFEWGWYQNPP-QURHSSNOSA-N,10677252.0
YPSRDTZNKOFIAJ-QHNYOMBNSA-N,16131652.0
WINFSIMEBFWGGD-VHAUTWEYSA-N,
RATQVALKDAUZBW-FINXCBKKSA-N,162939040.0
BITPRCODIALMOV-DEFKTLOSSA-N,9960512.0
PVWNWYNTTIKTHH-DARPRASWSA-N,162969350.0
OOUIFTOAMCQFKV-IOLFINHFSA-N,162817537.0
PHEWILLIAJUBQE-OKCRKLNBSA-N,162888321.0
JTZWVKUZBNHSSW-UHFFFAOYSA-N,60990.0
USYWBVZOBCQVOG-UHFFFAOYSA-N,589180.0
POYDSQYENWJRER-MOMZRRJVSA-N,163090413.0
CCOGMNXJHQYPKW-AKXVGWQJSA-N,163007954.0
GPVMEUAENVXBFP-IAQYHMDHSA-N,162861322.0
CDEBGVXOFDWUAF-IVZWLZJFSA-N,13919075.0
WJHFZYAELPOJIV-IJFRVEDASA-N,5275507.0
SNCJUGHLORZYKO-FNORWQNLSA-N,100951833.0
QIBBWTGAUNURQV-SXWZHASOSA-N,162817204.0
XASINTHDSBCCBZ-FPFDLHLHSA-N,
QHRMVRUXGPKQNT-QTMAYYPCSA-N,102165832.0
NXPGJJMURHLIQZ-PTYZRMAZSA-N,162816942.0
FGUBTMXAPHNLQD-XEWQPSFPSA-N,162817260.0
FVQYDVAAZIXQID-AZCYGJOYSA-N,46881042.0
JTGDLRQPWQUGEM-DKAIVYATSA-N,101396723.0
YDIBJNYWGGQDRW-WEJOUWBKSA-N,101831566.0
JHHMZQKFZCFPKJ-UHFFFAOYSA-N,9985077.0
OEZZJTAJYYSQKM-UHFFFAOYSA-N,5322078.0
XTIQPKJOGKMOSY-HJNYFJLDSA-N,10408186.0
XCKMDTYMOHXUHG-QAKXDBDYSA-N,68852783.0
PQZAVXWUUFLUKB-LJIGWXMPSA-N,97045423.0
OGFXBIXJCWAUCH-WAWZGNHOSA-N,1023563.0
TVKYSIIBPQZNFW-DBPPGLDUSA-N,162970311.0
FFWOKTFYGVYKIR-UHFFFAOYSA-N,10639.0
RUVINXPYWBROJD-ONEGZZNKSA-N,637563.0
QBKSWRVVCFFDOT-UHFFFAOYSA-N,3503.0
RQBPREVSQRPKAH-ZUBMDPDWSA-N,10424900.0
FAARLWTXUUQFSN-UHFFFAOYSA-N,13915428.0
RWHMQTYPYXCZDP-PYXLNFASSA-N,163050312.0
DHUDRGOPTAAHRB-ARSDKDGVSA-N,121596197.0
TWHRQBJKTTZFKU-HWEGBDAGSA-N,
NIQIMYXBAQAIAT-IINYFYTJSA-N,14633036.0
AKCAVBOVRWGORC-UXHICEINSA-N,102118431.0
ZYRPJCLYYOJFPF-LCAZPICKSA-N,162817529.0
YBSZYUFWTJJIME-PFFSRIRZSA-N,14137544.0
RJYJAKTWROQSLA-NOXHKGLNSA-N,163081939.0
ROGUIJKVZZROIQ-HOTGVXAUSA-N,9974771.0
FEKFUWWVNCCROX-SQWSIXGCSA-N,51361447.0
UWBKEKWTUMGDCN-QSUZLTIMSA-N,158227.0
MOCQCNVQYOZNTO-IHWYPQMZSA-N,102317277.0
QONYNSMAVSRIRD-UPQAZBFISA-N,3083923.0
MVWLZBQPRMCRKT-ZAVAKTSASA-N,13967183.0
GCEXRPOQEVIITL-XJDSPLDHSA-N,492392.0
USHCPOSTWLUKJO-SSDOTTSWSA-N,162929305.0
YOTCKRFNSMJTGD-VRYGVUSESA-N,101286288.0
PGLMEILRYMLUIO-MYXUTVQFSA-N,102066423.0
DRBMJJASDPWRHG-GAUOVLRNSA-N,162888329.0
XSCVKBFEPYGZSL-JYVCFIOWSA-N,10692563.0
MATMMZLIQOKUNK-PWSRDEORSA-N,162998923.0
CXENHBSYCFFKJS-VDQVFBMKSA-N,5281516.0
DUENHQWYLVQDQK-UHFFFAOYSA-N,442753.0
DNSWCXDIDGYZRT-LTGKLFRMSA-N,162817319.0
SUTSVCLKBLJSPQ-AFATZARISA-N,163072039.0
ISWSIDIOOBJBQZ-UHFFFAOYSA-N,996.0
OHYLFUASNKOIGF-BTQDYEIMSA-N,12009777.0
SDTWVLAVAFZUJC-AQKOSRGESA-N,
AUCIHZUVAAAFBE-CLWCJOSCSA-N,162817267.0
MYZDLJORXJRGGZ-KLYXAAJJSA-N,
BTCZYJPSPRMTAM-UHFFFAOYSA-N,15495198.0
SHEMZXKUXGNYPP-XOGJFHSYSA-N,163070044.0
UJFYZHQLKUOKLR-FZRQRWPGSA-N,162943627.0
FLGAFUAMEXILLB-JQPRUOHGSA-N,
RLHMEXGBDMGLGZ-ZQONDGBOSA-N,162869739.0
NOVDIRKYLXATQH-RKFRQGSDSA-N,163192220.0
JVTZFYYHCGSXJV-UHFFFAOYSA-N,12127.0
CAQZFLPWHBKTTR-WNISUXOKSA-N,3084131.0
LUMDZQACZMCPFS-HZPDHXFCSA-N,11391548.0
CBQFGDQOTBNMNS-UOOYFLOOSA-N,162936387.0
WEHLZWJUGYFTKK-FPBWHMEOSA-N,23241669.0
DTBYJDROKVCOQC-LXNWUTLYSA-N,163071063.0
ZNHMFNWRNCFYHA-UKRRQHHQSA-N,21586564.0
DWYGHGCLIOYRFR-NSHDSACASA-N,12971610.0
AZPLXDBZIQMMMT-UHFFFAOYSA-N,441251.0
HUYFJVXBSKMUTN-JPLFBADVSA-N,162956568.0
NFWKVWVWBFBAOV-MISYRCLQSA-N,94391.0
MAHUDAPJBQCAMM-JEYQBLLFSA-N,14037428.0
OZQAPQSEYFAMCY-SOUVJXGZSA-N,10726905.0
TWGHMXOYRUTQOL-UHFFFAOYSA-N,196980.0
FMWJEBGSMAOQNN-YLFNNMARSA-N,78358487.0
IDUOLJVTGNEBPF-YWZLYKJASA-N,9796369.0
OQSOTSIYXPYTRE-YDOWWZDFSA-N,46881231.0
ZCDAAJWACVZEQQ-VKAADOFISA-N,91750084.0
NRDLACVHWVNTTO-APPZFPTMSA-N,101260548.0
MBIJQAHZUBUPNM-VIZOYTHASA-N,10047854.0
RPAORVSEYNOMBR-IUIKQTSFSA-N,398937.0
VHBFEIBMZHEWSX-UHFFFAOYSA-N,75263.0
PTTJLTMUKRRHAT-VJAKQJMOSA-N,441685.0
WWSZBGJLESQTHB-DMHMKPBJSA-N,398936.0
HTVBMIGZFKHHEZ-SMFCOYAVSA-N,162998749.0
AVZIASIVCYCZND-UHFFFAOYSA-N,122840.0
JLBJTVDPSNHSKJ-UHFFFAOYSA-N,12161.0
AQTZURYIISQSLU-BASARIQJSA-N,162951536.0
NYIQJFMCDIBYIH-RODBOWEGSA-N,
TVOVXAICMRHQPU-QALKEGLVSA-N,
WAYHGOVIRBUTLE-UOZZALNGSA-N,162817296.0
MQYXUWHLBZFQQO-PXGAZUHWSA-N,3083852.0
KSSFMQIBDVMDIX-CCUJSXPSSA-N,10825643.0
HKIKAXXIWJHWLY-RMXMZROCSA-N,44237354.0
GYPNJHLHXZTDFI-AGMUGAOZSA-N,70683135.0
ITYNGVSTWVVPIC-XVIXHAIJSA-N,11095734.0
JNNGEAWILNVFFD-CDJYTOATSA-N,89640.0
VCMIRXRRQJNZJT-PVEFNOMSSA-N,163187397.0
INLNQFFMTZLCNW-OQFOIZHKSA-N,5352406.0
PXTJUJYHGKKSCW-LRMRNDJNSA-N,
RVFZVZXNAVTPPL-HAAUKZJOSA-N,172921467.0
PEKZTKWPHQWTIM-KPKJPENVSA-N,5281219.0
NCWAFVQNRSHJMH-CQGBVQOQSA-N,11191325.0
RDXQYZATVQTRST-VJTLMBDDSA-N,10321521.0
JZVFJDZBLUFKCA-FXIAWGAOSA-N,5281331.0
DKZBBWMURDFHNE-NSCUHMNNSA-N,5280536.0
IKJJQJVKGWMIBD-WNEFFWMYSA-N,101242465.0
QMUXVPRGNJLGRT-PNTWTTAKSA-N,122857.0
MLOJYABWNDVJMG-KBZDWQHUSA-N,44259784.0
PXCLIGUGCAGFAN-YLHZTVIJSA-N,101630377.0
TZBJGXHYKVUXJN-UHFFFAOYSA-N,5280961.0
GMMUPHWUGJVKQM-LZTCGYOLSA-N,162969657.0
HOFSYSONRIGEAC-LWYYNNOASA-N,443479.0
LKOJGSWUMISDOF-UHFFFAOYSA-N,5320315.0
PEFNSGRTCBGNAN-QNDFHXLGSA-N,5280637.0
RZKWUOOSGIFSGP-UXBLZVDNSA-N,91700487.0
MIUGYZWCPHQTLS-UHFFFAOYSA-N,524630.0
BPVLHHCARIEPNP-UEUTWACNSA-N,162880530.0
DFUBDYGDEZDLFG-MOTIAMLASA-N,
JYIJIIVLEOETIQ-XDQVBPFNSA-N,91471.0
KNFIGEXUOBWKSE-WRQOLXDDSA-N,10758814.0
KCTHTUFPZVGRQO-GZVTUANZSA-N,162817360.0
NYLNHNDMNOPWAZ-JCCDCTOFSA-N,162941969.0
CKMSDBKAGXFLJU-RZDHAWFYSA-N,162817546.0
VYYBKBSTKXKOIF-BZSFNVNSSA-N,86276184.0
GRBYFYORPBZEIN-OZVDQREASA-N,44258065.0
SEGYPOKUPWNPPY-NQMVMOMDSA-N,131221986.0
IKWJRTONSMQLGM-UHFFFAOYSA-N,
YOSRLTNUOCHBEA-LPCVWDGASA-N,11968349.0
ITYNGVSTWVVPIC-XBIUQDLISA-N,91746456.0
KPGXIKDTCNMCAR-UHFFFAOYSA-N,14503023.0
FQTLCLSUCSAZDY-SDNWHVSQSA-N,5284507.0
XUDJZDNUVZHSKZ-UHFFFAOYSA-N,75546.0
BIGUPJIJZYZJMV-VIBAHUMZSA-N,443672.0
CIQDSODCPIIBBH-RUVATRSJSA-N,24984905.0
DKYFESWWIPJYTA-ZHACJKMWSA-N,42607876.0
IMRLHOSTHAEDEL-QURBNHQKSA-N,
UIDGLYUNOUKLBM-VHQBZWDVSA-N,162995385.0
QAGIFLJVFGOXJD-SKVBVRNUSA-N,163007508.0
AQLCKWUMMOZIEY-RETXTDOISA-N,162908898.0
BEUAXUHESIYYCT-KDZDZWQKSA-N,162817593.0
SIJLXAXQJVALLA-YLVKXZTISA-N,16130371.0
VEIXZLQWLLLWKA-BCIYHQIASA-N,5322176.0
BWSYOMVQMMVGIN-GNQGMBEFSA-N,22297465.0
JHXYDBGXBBLOBM-KBFHLXRYSA-N,162816848.0
MGYBYJXAXUBTQF-FOBVWLSUSA-N,10461109.0
KREIPAAFIFMOKA-QXCUTPQZSA-N,163071287.0
PTUHWOJINFJBSD-OJQBMUKISA-N,163088443.0
BJIOGJUNALELMI-ONEGZZNKSA-N,853433.0
MNQXYDTZVQQBJH-OKELTNDYSA-N,162958841.0
KOGNLNRVSGSMIV-FADXMZILSA-N,
IITYBZWPSVSQLZ-NGFQHRJXSA-N,101713144.0
ZFMSMUAANRJZFM-UHFFFAOYSA-N,8815.0
RDYHSUICVTZVIJ-QESXRAQBSA-N,162860804.0
HJSJELVDQOXCHO-HTQZYQBOSA-N,10198.0
IHJCMBGITOYLEI-PCLTUVHYSA-N,163192990.0
BFCBRSFYYLSTAA-LBPRGKRZSA-N,12087456.0
NDDMYOHEIGCZDD-HKBQPEDESA-N,
ILEDWLMCKZNDJK-UHFFFAOYSA-N,5281416.0
VPNYHHBCMOYPCJ-UHFFFAOYSA-N,68232.0
ADPBTBPPIIKLEH-UHFFFAOYSA-N,6918469.0
VIOBLZMEZRNYRR-XDFZRXKSSA-N,267436.0
KZJWDPNRJALLNS-FBZNIEFRSA-N,457801.0
KLNVBHGVSMXWOX-XFCGAFINSA-N,
GZKQOEANSITMGN-HJRWFDEZSA-N,162817294.0
OTUCXMIQUNROBJ-QHOFJVTBSA-N,44259151.0
AREVFHPDZQHBHI-UHFFFAOYSA-N,632255.0
HDRUWFRNPPKRDB-QGZVFWFLSA-N,10447521.0
HFSACQSILLSUII-AMEODJQTSA-N,
FHYZKFQKIPMRDZ-OGJQDLQGSA-N,102034325.0
LAGKFZXTTOABAX-RAAGZJLXSA-N,162982521.0
YMPFBLQGUNEWQH-OGHPBDLJSA-K,23427710.0
BQOFWKZOCNGFEC-BDAKNGLRSA-N,443156.0
FLSOTPIEFVBPBU-YFNQFTQVSA-N,44258268.0
FIHNEHOSVMNFFR-WUKNDPDISA-N,
LTEAFAQTORTAOW-JHKVIMLZSA-N,102066396.0
XLPWHCKLGKFHCL-GSHBARKISA-N,102438588.0
NXKDUDYUASKXAY-KFYUKXGVSA-N,13688750.0
RLIQZPDFYSRCAD-QJQOJWJKSA-N,21576550.0
PGITZFFJBXEEET-ITGMQTRRSA-N,162817326.0
VOXMYMMDBCPTFA-ABMRRVTQSA-N,163051649.0
JPRCDDUSWVRUKY-BOZIRNCFSA-N,163044032.0
XGQJZNCFDLXSIJ-UHFFFAOYSA-N,17697.0
DTSRWZQRWMWHDL-JTVSCNHPSA-N,163087130.0
NPVUMVVTBDKDDD-TXEQUVPISA-N,44584314.0
IHWZOVIRSYMQAB-QQOUOVQHSA-N,14021410.0
JNURFPIUZYYCNC-GNSLQVMYSA-N,
JQLIYZPDZGCDMT-HYGQEGMASA-N,162956888.0
JMSFLLZUCIXALN-WEVVVXLNSA-N,637308.0
KZSXMCLSPHIQCN-JIWOIOHBSA-N,184085.0
AOFQCVDYMNHCKD-UHFFFAOYSA-N,5489501.0
FQWSJPMTOUOVCC-QEYWKRMJSA-N,102007446.0
WFZIOAIIFYOECR-VEHMCFTPSA-N,
PALZXWCYDBWDEX-MDGBKRCXSA-N,
CBOZPMXBMWDZKU-FPFQZNTGSA-N,
VHQSTIAIPGOSMC-ZYKFHVCXSA-N,101218944.0
FWKQNCXZGNBPFD-UHFFFAOYSA-N,3515.0
QJOZJXNKVMFAET-UHFFFAOYSA-N,5280951.0
OVIILQQKQPCQTF-GGAZOKNXSA-N,65156.0
QCVPRHKLLVFRHV-UISJJHBBSA-N,44258086.0
BTXJIKSSLQOYHS-VQJWOFKYSA-N,14681670.0
INHRJYBOMHQVBR-UHFFFAOYSA-N,6728947.0
PCSKKIUURRTAEM-UHFFFAOYSA-N,80642.0
VCFGXYUXSWZFDE-RDXUJYIISA-N,162937368.0
LHEQUPDIFVGKIX-MUIFIZLQSA-N,71573982.0
UKPXLTIBQHNVDU-DLWRCACVSA-N,162817278.0
GQTAQHNRHJUBAN-UHFFFAOYSA-N,132524251.0
YPPPTXCDCPVIBS-ZNBIZBTQSA-N,
YCBSMEKEDOHEQI-QHQGJMPNSA-N,636516.0
YIECMEYDMBZCPR-AAUHFVRHSA-N,46833715.0
LFGMPZUAVBUIDP-FMBAYFKISA-N,12114128.0
GDXLBYLYYIFYFC-YTTGMZPUSA-N,42607863.0
HHKPUDQKGQCHRO-ZTXZPJQQSA-N,162913699.0
VMOJIHDTVZTGDO-UHFFFAOYSA-N,10225.0
DFPMSGMNTNDNHN-JJLSSNRUSA-N,25075.0
ZNFRITHWVZXJRK-YHFBEQRYSA-N,9986341.0
BSMXGJOGRNXRNP-FKFNPBDMSA-N,162994129.0
OYHQOLUKZRVURQ-HZJYTTRNSA-N,5280450.0
RGZSQWQPBWRIAQ-LSDHHAIUSA-N,1549992.0
JSNRRGGBADWTMC-NTCAYCPXSA-N,5281517.0
HLBPOYVRLSXWJJ-PDSMFRHLSA-N,92122.0
NHNUDJNKOKXFRV-SRTADBNSSA-N,162817031.0
ITKFKJSACQGVGT-UHFFFAOYSA-N,14376220.0
HDXSEWOOSVMREY-UHFFFAOYSA-N,6063386.0
GSEKYIWUAPZIEF-UHFFFAOYSA-N,188957.0
NGGYLLJIBWFQCM-CBDZXSNBSA-N,10793121.0
CHBITXAMNKHJCR-VGYCLGPVSA-N,10417809.0
FIAAVMJLAGNUKW-VQVVXJKKSA-N,442664.0
JFZIVUJCTSGKNP-XGKOWXQXSA-N,
NYSZJNUIVUBQMM-BQYQJAHWSA-N,641785.0
UVMLHMAIUVSYOL-UHFFFAOYSA-N,10983.0
RTATXGUCZHCSNG-QHWHWDPRSA-N,5318767.0
FXKCXGBBUBCRPU-QHSBEEBCSA-N,11876195.0
MJYTZOPOHSKFOT-ZAJMFEHASA-N,476547.0
NZHRQVNIWJSSCR-MYHZJNNASA-N,101678886.0
XAOQXIOPQJEPDW-XSVWGIRKSA-N,102341728.0
LFCPZZTYFCUDCA-FVLSOTBQSA-N,11613965.0
UBAIOTDKPLIEDD-OSYUEAPNSA-N,101910081.0
ZVVJVAKXIGRPRA-FMHHGOEGSA-N,
OQWXSIPGIIEHTO-WKUHGQEESA-N,102019660.0
CLKMREYCHDRADN-YFVPBJFGSA-N,102408129.0
LYGPBZVKGHHTIE-JZUNINQASA-N,86289611.0
FZFGGNNUYSILSL-UWJYYQICSA-N,467497.0
YCLLOJPGIQDROB-BEFAXECRSA-N,101938910.0
FSRZGYRCMPZNJF-MDKBLUTQSA-N,6432083.0
PFQMUQWFRINBBG-UHFFFAOYSA-N,5315396.0
CYPXFTCVCNFZNY-KHPPLWFESA-N,44257638.0
MXYATHGRPJZBNA-KRFUXDQASA-N,442048.0
BDCXIQBZUKFYBG-JKSUJKDBSA-N,11778693.0
CNMGVPHFWMWCGL-XGWLOPGHSA-N,5319505.0
HWECQUOPOQIEBY-BCLAXRIUSA-N,162947638.0
SYPQXTIYYRZIRI-OJZZUHNNSA-N,162817358.0
QCAZYVAEXLGYLV-HPCBBFKLSA-N,44406496.0
YZXBAPSDXZZRGB-DOFZRALJSA-N,444899.0
KRZBCHWVBQOTNZ-FCXRPNKRSA-N,13604687.0
YDDUMTOHNYZQPO-RVXRWRFUSA-N,5281769.0
WRINAAVIHYRMOF-LOBOUVDXSA-N,
FSTVJNLNEVDORU-AOQWEZORSA-N,91750079.0
JAZNJEUTUCVTMK-AKVYQBFCSA-N,5275797.0
QUJVLURIRPUWBR-IFWUAMLASA-N,21635728.0
HCSVFKSWVNRERZ-MEIPNMECSA-N,101617535.0
FQTDJSUKIPVNPW-ZSAUSMIDSA-N,44559491.0
QJVGVRZZNZSYMG-YOMIOTDVSA-N,14466180.0
KZFPZDFHHOUZCZ-FGUWIFBCSA-N,102019659.0
WSLMUCJRIGJOSH-UHFFFAOYSA-N,154497625.0
DMVJXSFUJUHRRF-MZBWOGCUSA-N,21679492.0
ACJZLOBTPAETBY-XVDSFGHBSA-N,163041848.0
MATGKVZWFZHCLI-LSDHHAIUSA-N,119205.0
PGSYMGVPRBHBAV-UHFFFAOYSA-N,14016796.0
JNAHUYOGWMKQHD-UHFFFAOYSA-N,
MHVJRKBZMUDEEV-AEOXZHQRSA-N,162909684.0
LUJAXSNNYBCFEE-UHFFFAOYSA-N,5280417.0
SKIHGKNFJKJXPX-UHFFFAOYSA-N,76922.0
AONLJCCUYGGOSW-PJERILTQSA-N,159529.0
RMLPOWNJKWTILD-OGVYQJSRSA-N,
STTCSONHDOMVJH-ZDUSSCGKSA-N,
CFUOHDSKOJEYFL-HPHZVKPNSA-N,
ZUMDKMTZYHACBK-NTMYTDRJSA-N,163035152.0
GVEDOIATHPCYGS-UHFFFAOYSA-N,11931.0
YTPBUIWNJRGZFW-WVOFOFDDSA-N,101027462.0
QLPJSBWLIFSIMS-UHFFFAOYSA-N,354119.0
MQPHVIPKLRXGDJ-JECWYVHBSA-N,5318631.0
WITLAWYGGVAFLU-UHFFFAOYSA-N,12304682.0
POACYTHUHRHMOX-XIWYNCHUSA-N,
OWFBYNFTXVLIMJ-XOWBGAMJSA-N,72793634.0
XJMYUPJDAFKICJ-YZTGESMESA-N,15385516.0
GYHFUZHODSMOHU-UHFFFAOYSA-N,31289.0
BGYNLOSBKBOJJD-IUCAKERBSA-N,100308.0
UODITNOILLXLOO-ZQLNXPJGSA-N,
HEUJPDKHSFTORH-KASFZYIESA-N,101998827.0
CQLRUIIRRZYHHS-YOICORKUSA-N,13245587.0
FBOPMOBFNZUGSZ-ZCAFSEHNSA-N,44259816.0
GZQIINDHMUJEAM-OYCCVXAXSA-N,163078990.0
DVZGCBZRQQTURR-PQWLBLBTSA-N,101982335.0
FYJOVKRHRUYSLY-UVBZURFESA-N,44258844.0
JNZCDSRLWQJXCF-UDBINWHCSA-N,162817461.0
DPQYOKVMVCQHMY-LJKOUDNXSA-N,162976603.0
WDWBAQMVBNTSLS-IZUDPUFVSA-N,
QSUGODIDPUGIFV-UIODCXNPSA-N,14137677.0
MAIXBILZXWMSJJ-DVEAJAFWSA-N,101662844.0
HEJGMQATUPGCRD-RKDXNWHRSA-N,45096419.0
HMXOCXJYRGVYTO-KAEXTRBYSA-N,14705565.0
IVSZLXZYQVIEFR-UHFFFAOYSA-N,7929.0
VYUQPLFRNDQDHW-BTRLNGJCSA-N,638872.0
ZUJUJGPVPBUDRW-CARHVQAXSA-N,162848425.0
HMWGYLUJHPBFQV-YUZWDKKQSA-N,162972447.0
MJJVORBCNQQRMU-VDKGTLNTSA-N,6452084.0
CMLRTBRDPZXMDV-UQPPTKJNSA-N,162817223.0
AIRAUUXPYGGOPL-ODCGHNENSA-N,101277242.0
GBVVDELGMZHWNL-ACTUQHRRSA-N,6440425.0
LJFIXEDWUIJMPO-VMPDBILPSA-N,162889336.0
OEVYGHPPCQVERC-PMNVYRAFSA-N,54589591.0
GIHNTRQPEMKFKO-HQCVNHCJSA-N,5353004.0
RYITUELVDVMRLK-ZPYFUIHZSA-N,
LLTOPKQGFAAMKH-UHFFFAOYSA-N,185740.0
YRIWERDENGDRIR-AATRIKPKSA-N,
JHRMROJFMCSWOU-VZUCSPMQSA-N,146600067.0
BKOHSGMZMRELEA-ONEGZZNKSA-N,14830746.0
LUKBXSAWLPMMSZ-OWOJBTEDSA-N,445154.0
UEZOFWAZJUOMCN-BVDQYQNCSA-N,44566822.0
RLSSMJSEOOYNOY-UHFFFAOYSA-N,342.0
VDMNXTZVNPRULM-GTANHIHVSA-N,163191830.0
ASAOSMVQLGTAQO-UHFFFAOYSA-N,12085264.0
TUEHVMYACGCKDL-UHFFFAOYSA-N,44260027.0
BHQAJMGEYYHIGV-JKSUJKDBSA-N,179169.0
KHPVSHARXQUBMH-BIQRORRISA-N,10983749.0
WBZSDBHJYZORRP-VWLOTQADSA-N,181193.0
QNCHIRQDSFHUQR-BDIJOSORSA-N,
KVDCMKYALKIZID-VGDHDMOHSA-N,
WHTMLUJBLXPXNU-UHFFFAOYSA-N,23955911.0
JGXFMIJHKASCIZ-YFNQFTQVSA-N,44258267.0
KNUFNLWDGZQKKJ-ONEGZZNKSA-N,5375268.0
XUEHVOLRMXNRKQ-OEGGNGQFSA-N,
PLORCKNHUZJPKH-XCVCLJGOSA-N,6290103.0
OXZSUQJHKQOGOK-UHFFFAOYSA-N,80792.0
WRXVPTMENPZUIZ-MJSIYIBUSA-N,
CFMGGAYFCJIIQZ-MUAPQTIOSA-N,91323346.0
OHGDJKUWKHBWFH-UHFFFAOYSA-N,5280632.0
UPXZRJUSQJMEJJ-CEJQJTCNSA-N,
HWECQUOPOQIEBY-YNCXQOPSSA-N,162947639.0
TVNGRDSDHVARNR-GAJODNDLSA-N,10700953.0
IRCZVRWQUNZGSH-DKTYCGPESA-N,6450812.0
JMSVCTWVEWCHDZ-UHFFFAOYSA-N,10742.0
SLSIBLKBHNKZTB-UHFFFAOYSA-N,6760.0
PNYOTSOYIMUAOC-CRVHEKBISA-N,162817340.0
BTQXIESSQVRLCV-RISCZKNCSA-N,169570.0
BYQJMTUWCSJESL-WBMJQRKESA-N,13819153.0
FXKCXGBBUBCRPU-CTHBEMJXSA-N,15559739.0
JWUXJYZVKZKLTJ-UHFFFAOYSA-N,13220.0
DBCAVZSSFGIHQZ-YLAYQGCQSA-N,92785.0
SGGQTRPBTCNENJ-PQDIYILCSA-N,101158494.0
FVYUMHYDEYGDON-UBZNGCPHSA-N,162817516.0
MOODUIBZYPSFLZ-IAVOFVOCSA-N,
AZOOUSWMATYDIY-MYPMTAMASA-N,163192903.0
VPDZRSSKICPUEY-BFPRWLMKSA-N,5315347.0
GOKPAHZNOALISE-CAOOACKPSA-N,102066406.0
ZHAIQJLGKAVXSD-JYDIYQMOSA-N,162995958.0
BGEBZHIAGXMEMV-UHFFFAOYSA-N,2355.0
AFHJQYHRLPMKHU-WEZNYRQKSA-N,14989.0
GZIFEOYASATJEH-VHFRWLAGSA-N,92094.0
YYFOFDHQVIODOQ-UHFFFAOYSA-O,72310.0
BGEHHAVMRVXCGR-UHFFFAOYSA-N,25311.0
RJWJHRPNHPHBRN-FKVJWERZSA-N,91458.0
NZMHXRIVRXTDJY-DFSIHIAWSA-N,12895768.0
LSMWWMPPULJBQX-NEDFIKGHSA-N,101985986.0
AWMNNTKRMYMMGP-SNKSATFMSA-N,
OOFKNDDBPOTQNU-WBDCHOPKSA-N,101695944.0
HDSISRBVLGLNDA-CHTVMPQBSA-N,22298484.0
KWVHACHAQJFTLZ-UJPOAAIJSA-N,11962143.0
HBYWSTUEWLEPMS-ZDKIRESNSA-N,162845073.0
KHOSWORLRDJCOJ-FSAVIJPBSA-N,162817007.0
QNOCZQXFNUHLGD-UHFFFAOYSA-N,162817065.0
SKHJNNFXCKTDBG-AVASPMLUSA-N,101641343.0
QGIHYQPVZRSTNP-AWEZNQCLSA-N,10319100.0
ZSVIPVROCXPGKX-UHFFFAOYSA-N,13970973.0
QDHSQPWXQCVCIZ-KSRSPZSASA-N,162817262.0
INRMYAOPWFZTEA-GSPSJMNVSA-N,
QULQFSQMGIQIPK-QTEAGBNPSA-N,162869689.0
JEEFDVONXYYLJM-PTVDUSQZSA-N,14633025.0
PLORCKNHUZJPKH-PTROEBSBSA-N,6451088.0
ORTVZCQKJBVOMB-KCOKAVLFSA-N,
QVJMXSGZTCGLHZ-HONBPKQLSA-N,5281523.0
OGANNGKBVXSWII-WEVVVXLNSA-N,14191350.0
POULHZVOKOAJMA-UHFFFAOYSA-N,3893.0
IFQTWVGHIGUIEQ-NMLACTOBSA-N,42603669.0
JWQKMEKSFPNAIB-SNVBAGLBSA-N,12304570.0
ATHICKWSAHTNIX-WUUBJLDQSA-N,162817612.0
ITYKFAWLXGZZMN-DYFOCZQBSA-N,71764661.0
CCFQLQIYEHITNK-SSORVZQWSA-N,11697907.0
VSFUBAXYDFGXOP-UHFFFAOYSA-N,10585541.0
RVUCYJXFCAVHNC-VAWYXSNFSA-N,5282756.0
SILOTFUKVQVHLR-LQDZTQBFSA-N,71712664.0
JLYUMUHNYLUAKZ-UHFFFAOYSA-N,7330538.0
LISUGPHHMMHOHJ-UHFFFAOYSA-N,10654640.0
CESMSNGGFQBVOV-AWEZNQCLSA-N,193880.0
KXSZEOVOQXGICV-PKKVRJQUSA-N,162817124.0
OVSQVDMCBVZWGM-OBLDEXFVSA-N,89718967.0
GQSKLPDTOGRXHH-PPIMSCDMSA-N,10625743.0
BKQBPJIALFPDKG-PEGXEUMZSA-N,162954446.0
UCYWIDLIMBHGLZ-UCPBUJGOSA-N,102202098.0
QVCMHGGNRFRMAD-XFGHUUIASA-N,9415.0
PUETUDUXMCLALY-HOTGVXAUSA-N,65373.0
NWXSUVZITFIXOL-FXNKJGLGSA-N,45487148.0
ATABDKOENHIVSH-HRTSRKQDSA-N,162851072.0
RCSHMCFACQFAIQ-ZIUUJSQJSA-N,102476188.0
FIGVVZUWCLSUEI-UHFFFAOYSA-N,12534.0
JOPKITGVIQRWBI-HCHQLJBOSA-N,162929012.0
GDUBLLYLIZLLNX-BTDLBPIBSA-N,22296124.0
HIYJWHVWXOVASR-OAHLLOKOSA-N,102517601.0
ZNMYSAIHYWXIRW-AHDPXTMNSA-N,16046185.0
STUGAIDUQVESQE-WJNVRWDZSA-N,636954.0
DLKHSHJVEPOXDT-UHFFFAOYSA-N,544716.0
WXZAKVLYZHWSNF-KBRIMQKVSA-N,160473.0
SCCZKCYKAPZVJE-ZTOVBWQHSA-N,10457859.0
XBAVRWWMTJPXJW-RICCOQTBSA-N,101631697.0
MNGYOFNIAOWXIT-DNRBGDKYSA-N,1765141.0
XEKKWMHPFPMIRF-NNPZMTEISA-N,163015568.0
QOKZNLCOQRNCTQ-JLBXZVEESA-N,101376369.0
NUEUOGPUKHDQRE-HTPWTRJMSA-N,162817334.0
YNJFTCNGKDLURQ-KKCVIFLDSA-N,162846050.0
MKGZDUKUQPPHFM-KBEOWXOMSA-N,12611206.0
VPSRGTGHZKLTBU-QKFIJCJASA-N,162928617.0
PMYTWBUCBFNKSN-JGNCHMRASA-N,101634636.0
FZKCYZNAORCYGO-YJKPJJMFSA-N,70697736.0
AVKZBTISTJWNNL-MKNNQNITSA-N,14211227.0
YSXDURFMHDUCMP-BQXPDDNPSA-N,6451043.0
ATABDKOENHIVSH-XVKLZVPUSA-N,162851070.0
DGJWKAHZGKAFHX-MTILKVFISA-N,101831571.0
TVMGLJJYKIHJNJ-VMAJPQARSA-N,162917950.0
AFJSSOKKLPPJLD-JFJDFXGTSA-N,44259354.0
AYWUJPCNTAUFOA-DFCGMIGISA-N,102165830.0
CHKOSWCJIVBCCY-MXOGJAGGSA-N,21635727.0
AZRTXUQINTVMDW-UHFFFAOYSA-N,442904.0
ZDPHROOEEOARMN-UHFFFAOYSA-N,8180.0
OANSOJSBHVENEI-UHFFFAOYSA-N,5184540.0
UMELIPOCPCVHGJ-UIDJSYIESA-N,162901506.0
FVWJYYTZTCVBKE-ROUWMTJPSA-N,72326.0
ATBZZQPALSPNMF-UHFFFAOYSA-N,5281832.0
MAGQQZHFHJDIRE-BNFZFUHLSA-N,5318516.0
AOOSHVWNBJZOEH-UHFFFAOYSA-N,5386962.0
WUSPNVLGDGOZEV-VXNVDRBHSA-N,10975947.0
AYMYWHCQALZEGT-ORCRQEGFSA-N,5281222.0
SMSVNXJIFQTKEL-ZCXMSYHTSA-N,163185928.0
MFHUSFRUEBKKNJ-AIEDFZFUSA-N,163185543.0
JUUWGEUFROZPNF-UHFFFAOYSA-N,101338429.0
BNWJOHGLIBDBOB-UHFFFAOYSA-N,4276.0
XEVQXKKKAVVSMW-WRWORJQWSA-N,100332.0
PIUSRRUXGNYCSS-UHFFFAOYSA-N,10429470.0
SVURIXNDRWRAFU-OGMFBOKVSA-N,65575.0
ZUJXAQRTUWTDAU-QPTZUFNXSA-N,101277345.0
WASYKEZBYFQRGZ-FKAVEWNRSA-N,
DJYWGTBEZVORGE-QACXPQPESA-N,6430532.0
VCFGXYUXSWZFDE-SJHRMCHKSA-N,162937367.0
LUNIFWBIDDAUHK-UHFFFAOYSA-N,10051006.0
SOKIHCAMPJLTAJ-XWFTXFNQSA-N,162918230.0
RRAFCDWBNXTKKO-UHFFFAOYSA-N,3314.0
VMYXUZSZMNBRCN-AWEZNQCLSA-N,3083834.0
SNNYHVVKJUPXKZ-UHFFFAOYSA-N,253834.0
JWYULKXTGMJKKM-JKSUJKDBSA-N,26194552.0
HIVURPVQOPPNFN-VEWAEZPKSA-N,44259471.0
LSFQETKRPYYPIB-PQSJUVMFSA-N,19900865.0
QHJUIXQSGRJLGT-BQYQJAHWSA-N,
RXZTXJNLNMJMHG-FAKSQXSBSA-N,162816917.0
GGCHFIVWBMPSGW-ZWZWHVRYSA-N,162817163.0
OIUSMKPAIWDWBX-XSVWGIRKSA-N,162948013.0
FZEKJLLBSCAOPU-LSRFCSDTSA-N,163023300.0
WBKKLEFJYBTBOA-GECUDYIRSA-N,10004845.0
DHZIDIIBBCIIEG-XMMPIXPASA-N,71308208.0
JDCWEHSSYUVMLN-XNFVNDKBSA-N,
ONESXBRHUWVWFD-ZDUSSCGKSA-N,189152.0
XJIJHMCMWCYCTE-SDMUWUBHSA-N,162817574.0
ZRMFWYQIICGVKU-JYZFZSDMSA-N,101485500.0
XDZZBQYRCAUXGG-IYSWYEEDSA-N,92164750.0
GVILSBKQFFAYSA-UHFFFAOYSA-N,123909342.0
FSEFUWQUKRIMQB-AOMKIAJQSA-N,101316944.0
ZWFZLZIKCMVVAH-UHFFFAOYSA-N,251511.0
CFOSCKPNLLJUHJ-JGXYNJSUSA-N,
WSENPFXCUJHPSD-UHFFFAOYSA-N,
KJPRLNWUNMBNBZ-QPJJXVBHSA-N,637511.0
GVJHHUAWPYXKBD-IEOSBIPESA-N,14985.0
GFJIQNADMLPFOW-VNHYZAJKSA-N,92138.0
FUZZWVXGSFPDMH-UHFFFAOYSA-N,8892.0
FRLDVKJGPODRTR-UJWFBMNUSA-N,163070941.0
SECPZKHBENQXJG-FPLPWBNLSA-N,445638.0
LKZNLGSMAMRYPE-WHZLBBPDSA-N,10440272.0
FQTLCLSUCSAZDY-KAMYIIQDSA-N,5320128.0
YXGXDLSSHQUMKC-HHHZRLILSA-N,15690626.0
SWEUJTWPRYKNNX-AXLUDCLJSA-N,488250.0
UBFSPQXFYOBOKD-ZQDYQFLPSA-N,162875570.0
QEWSAPKRFOFQIU-UHFFFAOYSA-N,152430.0
VVBIGJOVPZMWGU-UHFFFAOYSA-N,54690337.0
KWZLIQOQDYHGPK-UHFFFAOYSA-N,15391015.0
BTORCKHVCDXYBI-PNPHUNEYSA-N,162829782.0
DOUDLEGDCFKDJG-SKRZZNAWSA-N,163194905.0
VZERBYREQOJKQB-UHFFFAOYSA-N,32097.0
QKCFZEDICDIWBR-YPJRHXLCSA-N,
BWKIBIGYSCCMLU-QCGTVSAFSA-N,163040848.0
RNEHQZRKZJSYOL-UHFFFAOYSA-N,15730308.0
SGJNQVTUYXCBKH-HNQUOIGGSA-N,54685921.0
DINUVIGXTBOTFM-TXAUHCEISA-N,
SKRIRYCDGPUUHY-JDYPFDEJSA-N,
PVJKHIDRVLECSY-UHFFFAOYSA-N,12300041.0
GLLZWOVANORREE-DOHNDYKHSA-N,
NEZLSFTXWWPVPN-GKOXRSCESA-N,
MSJJKJCIFIGTJY-VPHRMDQISA-N,163193268.0
DQMPCOCRFCCCNZ-FOFWAKMFSA-N,163076072.0
XZHCLKKXXPKULI-UHFFFAOYSA-N,72386.0
WTQYWNWRJNXDEG-ABSNHQIMSA-N,442993.0
MBPGDDYEFPQJLT-AATRIKPKSA-N,101356835.0
XUINKEIPBTYUJP-VQHVLOKHSA-N,6428431.0
DVTZXBWRHRFDEE-IHKKPUHSSA-N,162844888.0
WZYPWKAIYULRHF-CJESRSHOSA-N,11551842.0
ITKGAUOSWSGWTN-FYVCSJOKSA-N,162817417.0
QCXJFZHOTLSNKF-IACUBPJLSA-N,14829060.0
ULNDBJQKEXZTSX-RQICVUQASA-N,162955547.0
RSCFPLPQZJYJJX-BEBSALIASA-N,162817239.0
XGCHWRRIHYVQRO-UHFFFAOYSA-N,23260079.0
JKIKMDJRHDXNEW-CQQGCWLISA-N,163019713.0
LZCVCOOLTLOLNZ-ADCZOAPFSA-N,162894173.0
DTOUWTJYUCZJQD-UJERWXFOSA-N,5281773.0
RHCTXHCNRLCYBN-WSLVBCCMSA-N,5367550.0
PJQLSMYMOKWUJG-UHFFFAOYSA-N,5315263.0
LZYWUAOYXKIXFZ-WDJDPWDRSA-N,162977171.0
GHQLLZFMMRZCFN-MQXGKYASSA-N,21635721.0
KRHKMQZMQZFVBI-ZCGJXKNNSA-N,11872340.0
AROTXIUFXQZGLT-BIIKFXOESA-N,5378945.0
YEBXEQFCJOFZGB-ROJSZIMASA-N,
IVSKJBHOJBAMEK-AKABRVDVSA-N,162985666.0
KLSSFMQBLMDBRQ-WCSXKCKPSA-N,23757100.0
CUGDOWNTXKLQMD-BQYQJAHWSA-N,5316793.0
HZRPCZPAUNSTFO-XHAYOOOLSA-N,162817005.0
VMEJANRODATDOF-UHFFFAOYSA-N,100492.0
URLVCROWVOSNPT-HJPPHTJLSA-N,127149.0
JBFOLLJCGUCDQP-ZAJNMQHRSA-N,44257800.0
JEBITKGZRPWHKN-OYPDRGNZSA-N,3086471.0
JPUKWEQWGBDDQB-HBDJNLTOSA-N,5488283.0
RRKSDDREVOXSJD-TXARQUJHSA-N,21575471.0
PXOCSOFBWHOQPV-UHFFFAOYSA-N,163009501.0
CSOVVIZBUODROO-UHFFFAOYSA-N,163057722.0
BBJLQRPNBVCIDJ-UHFFFAOYSA-N,162854695.0
YDVUPJQQUBNDSO-OOFUGKDGSA-N,54503160.0
SDLQLSFKSQWVRY-DFGXFYAUSA-N,101624710.0
VBQMPXNFLQSHMH-HRSNZQSQSA-N,162903975.0
OMHSMPLRLNEBIB-WHAKEPGKSA-N,91746997.0
PQWZTIFQLLOKAH-VRWXKVQMSA-N,
DWXUAGGKLHZLHE-BQHMTOEGSA-N,
KXSDPILWMGFJMM-CBMCFHRWSA-N,12315151.0
SKCNBQAOEARCNB-OGAVPMENSA-N,162817128.0
CICMVLOHBZPXIT-WNISUXOKSA-N,3010930.0
YMPUMGQNTHXZLD-UHFFFAOYSA-N,86063784.0
OQEKJZFTTUNKRZ-NEPJUHHUSA-N,44512749.0
WSBAGDDNVWTLOM-XHZKDPLLSA-N,14376672.0
HBBWIHLDILZQDU-PMWCCKDCSA-N,11541108.0
GTYUWNQOOLJZBM-ZWOWXGAWSA-N,44715822.0
QMAISBPLGVOOOA-UISJJHBBSA-N,44257813.0
LDTDRTSKWGQBAA-XMSKAULVSA-N,44258084.0
HJDODWXISWRQIF-RNPWIZMZSA-N,76318737.0
TYUPOCDEQAAAMI-MPKSJJCJSA-N,
PVTQSROCPUXIGT-DTIHIKGDSA-N,162955390.0
KBJHGNFQMOKBNM-FDQQNESRSA-N,101361932.0
ITDYPNOEEHONAH-DZGCQCFKSA-N,44257120.0
YHRUHBBTQZKMEX-YFVJMOTDSA-N,5280598.0
PPQADCYEUBNTIO-ZQEBQFCLSA-N,163069578.0
XCJIFDKCCHFANV-QDTQZWFKSA-N,162892433.0
OSDVNRJELRKKGM-PNIRBJDYSA-N,23786288.0
RRMNZHOHBUOQGP-LMZHVYKASA-N,163192000.0
SWYRVCGNMNAFEK-PUVRWCMWSA-N,10317980.0
NSOQQZAUFCNZHQ-GWGOZDFZSA-N,11292035.0
MCJAKNZUJXCHOQ-RRRYKUETSA-N,162844069.0
KWVISVAMQJWJSZ-VKROHFNGSA-N,442985.0
XLCCXBCMWUOBIG-GBLFHTIZSA-N,157769.0
OTUBYPWVGQENIK-OOOSPDQTSA-N,97032070.0
SFLRMAKOGQAHOV-QFQKRYJBSA-N,162927007.0
NGSWKAQJJWESNS-ZZXKWVIFSA-N,637542.0
HIWVPZVQWZNFGV-MDZDMXLPSA-N,
WASKJNBEERGVGS-ZEHWERMNSA-N,
PFAAFAGVZBXCTD-KKDNZHAUSA-N,
OPMNYBXQHYHDQU-UHFFFAOYSA-N,
AYXPYQRXGNDJFU-AQEIEYEASA-N,11074994.0
RKZINGVHBJRIMM-DULGSKMGSA-N,
MBQWDBKXNSBRQQ-BNOJVWAASA-N,101678887.0
IKEKCZRHLOUEEH-LURQLKTLSA-N,14021430.0
FKZKAGYCKXYXKP-HEBNCUDZSA-N,163005065.0
OWTWBLYOTMJQME-VCQVTGHNSA-N,24178998.0
NHLRRGBLZHJADR-OGJJCSQJSA-N,163193391.0
FVFPCMASNHOLDW-YBTHPKLGSA-N,101713162.0
BNDPECPCZMCOPL-UHFFFAOYSA-N,91222898.0
CONHPIXHDVSPCH-STKFJXASSA-N,10932892.0
JMGIKHUMNKXAFQ-YGTZHPSMSA-N,162996884.0
HILHNLOYTCVVDM-PCMHMZDMSA-N,163193028.0
BDNMERUZUZSYRO-UHFFFAOYSA-N,14414112.0
GAMYVSCDDLXAQW-JQQDRUSQSA-N,13871880.0
SYYVXQOWLOEXDU-TUXGATLDSA-N,44587506.0
WHWDWIHXSPCOKZ-IAGOWNOFSA-N,1810793.0
DRWIVSAUXCDFQK-WISUMOKYSA-N,162912154.0
LNAAKNMTRWAGLK-GILZRASNSA-N,14396675.0
OCMWZBCBPJGXPK-HFDQNHLESA-N,162998148.0
NXCIXUFRIWJEEC-KQERWQABSA-N,44179786.0
KSVNZTZNIXLLPU-JUUSFCBFSA-N,162817074.0
RWDSADRZXTYPMY-UHFFFAOYSA-N,5746354.0
GPZLFWVUSQREQH-ZIZHJPCGSA-N,44258017.0
CCBYCBXQBUVXFT-FEGPLQROSA-N,102533486.0
NZGQMNYPKYMLPD-UFFKBGKSSA-N,11577450.0
KUOSLPBZDWVFER-WFFLBGQYSA-N,162962882.0
ZIEWISAWQHWVLY-JNOJDQOWSA-N,
WPKQIGIVDUYIBC-UHFFFAOYSA-N,617886.0
CHUSLHRISJPBMD-UHFFFAOYSA-N,367173.0
NNRLDGQZIVUQTE-UHFFFAOYSA-N,11467.0
CHKPFVHCBRAVJP-RSBQXGOBSA-N,101316961.0
WVCIOHAUGFJOKT-ZTNGQMBXSA-N,
ADIURPPZKNTYEV-IODJUJRFSA-N,
PNXAVRUABLDLOM-HWWGLTKESA-N,
DTEGLWIVCXHONU-HCGZKGJPSA-N,101404203.0
SENFCQXVNKADNS-GHDZVSDXSA-N,162817595.0
GLZPCOQZEFWAFX-YFHOEESVSA-N,643820.0
RFILRSDHWIIIMN-UHFFFAOYSA-N,443684.0
ZRVDANDJSTYELM-FXAWDEMLSA-N,92783.0
BJBUTJQYZDYRMJ-UHFFFAOYSA-N,5318869.0
NSEWTSAADLNHNH-LSBOWGMISA-N,124025.0
HKVGCSPOXXJPKO-LNHIOMRXSA-N,162845518.0
HOFSYSONRIGEAC-GHBBCFCZSA-N,6427962.0
AGPVTPPNIRQNPQ-UHFFFAOYSA-N,73077655.0
VPIKHSFMIHXEBJ-UHFFFAOYSA-N,162816855.0
LULXDKKCNMZREG-UHFFFAOYSA-N,10797364.0
TVMXDCGIABBOFY-UHFFFAOYSA-N,356.0
XCZKKZXWDBOGPA-UHFFFAOYSA-N,14116.0
IAVKEJWSSFYUBV-CFKPLKNDSA-N,162817620.0
GGCHFIVWBMPSGW-OZSNYXAFSA-N,102144708.0
GIAMLDHPAMQJAT-OZTPJHRESA-N,163034575.0
IQFYYKKMVGJFEH-XLPZGREQSA-N,5789.0
GLJXUJMLZHNKJU-UHZRXMQZSA-N,101306776.0
GDLITRARWXLOEC-UHFFFAOYSA-N,15292822.0
NDNUANOUGZGEPO-QMMMGPOBSA-N,441072.0
FPRYGNYXOFHMLF-BHPKHCPMSA-N,102303030.0
HZQODNRPUJAVLV-ZSAUSMIDSA-N,101634632.0
FQTDJSUKIPVNPW-RYPNDVFKSA-N,101713143.0
JCUQAHJLHYMFBZ-CXBNTFKFSA-N,162880820.0
DFTLIWJLVLLBPY-SZSSXCKGSA-N,101158995.0
SYFFHZSTXDTJOS-OQNXJHIZSA-N,163090030.0
KOASSBQKBFHBBF-UHFFFAOYSA-N,162936951.0
JDGJBTMARDZISJ-FGPLHTHASA-N,162816936.0
JWAXRMRXVQSVBZ-UHFFFAOYSA-N,91023562.0
TUXMPYMXQNASGF-SQLGEJSKSA-N,162853377.0
GXAWQUJQJQTXEU-LINRYWEWSA-N,
JABXAGIYFFXHDD-AIJDJSTBSA-N,162874141.0
FMRHADJCMGHBDA-UHFFFAOYSA-N,101916308.0
SFEUTIOWNUGQMZ-ZHLOSDGBSA-N,13889352.0
BOTWFXYSPFMFNR-PYDDKJGSSA-N,5280435.0
HFJRKMMYBMWEAD-UHFFFAOYSA-N,8194.0
MZDVWXBIIWIBTB-GZCFXPHUSA-N,383700.0
AVJNVKMXZXWBFC-OGMIZCFRSA-N,162982109.0
BSYWXGDMWUUHDZ-ZRBJYGNNSA-N,101673680.0
XMRPKMHVDLXNMJ-GLDHSVMOSA-N,101693296.0
GACOFEKSDCOVMV-RRYXBOBMSA-N,46242512.0
NBEWQJXZSWAWKR-CNYQZAIBSA-N,163016940.0
NGIVKZGKEPRIGG-CQSZACIVSA-N,12304273.0
LOMPYCNRFSPPGT-YLKQWYNWSA-N,10662318.0
KKMPSGJPCCJYRV-UHFFFAOYSA-N,4501.0
XEZXZKDKCCSHBV-JQQDRUSQSA-N,163077558.0
FHHSEFRSDKWJKJ-UHFFFAOYSA-N,5317284.0
CCRCUPLGCSFEDV-BQYQJAHWSA-N,637520.0
WTNSOAMJOANJTH-XVNBXDOJSA-N,91750071.0
ZIYAVSIQJMDPSW-SGFLDLSNSA-N,162980028.0
SEBFKMXJBCUCAI-HKTJVKLFSA-N,31553.0
WZUODJNEIXSNEU-UHFFFAOYSA-N,69600.0
DYYUKEWJHDHASM-RZUWAQNMSA-N,162816884.0
SNPPNYAGNBWZCL-GOSISDBHSA-N,91753604.0
DYKNXAYNNOPVDL-UHFFFAOYSA-N,101020993.0
XIZUZZXWYLTRAC-IOLKFXSUSA-N,162959225.0
BXWGUDGILDGCGB-UHFFFAOYSA-N,182665.0
SRHOHYYJDPEABB-WQASMUJBSA-N,163045677.0
NHLUYCJZUXOUBX-UHFFFAOYSA-N,29075.0
VKGXBRHZFJRMOC-ICHRGYBYSA-N,15450103.0
LVRAGXPFOJNSJB-FCTUPYQFSA-N,162817430.0
IWGPXDGGZYMDJF-UHFFFAOYSA-N,185518.0
OUHOXIPLBJIWEG-UHFFFAOYSA-N,375713.0
JHELBXAAAYUKCT-UHFFFAOYSA-N,5317700.0
YBKVUOUSCZYKRB-KSWPZTAFSA-N,162842838.0
VWHNJBKOOIZSEF-AOIXHVRESA-N,25194883.0
QBRPMUNMCISYMM-FIKFYKTCSA-N,162873362.0
HPTOQSCKOYXXPI-HJKUWBGBSA-N,
NDVRQFZUJRMKKP-UHFFFAOYSA-N,442668.0
DCUUYLNMLNFTDN-JTQLQIEISA-N,90474413.0
LHYHMMRYTDARSZ-LJISPDSOSA-N,12302222.0
QTGAEXCCAPTGLB-UOAUIWSESA-N,10704181.0
RODXRVNMMDRFIK-UHFFFAOYSA-N,5280460.0
LVWCGFQTAFKQBI-LHKTWTHKSA-N,101831570.0
TYWBKGNJJMNVEX-JIYABMLFSA-N,
QSCMPSUQFISAFO-MPZSNWSYSA-N,102524768.0
PHDAMXFKBIUHBU-PNHLSOANSA-N,12083115.0
JSNRRGGBADWTMC-QINSGFPZSA-N,5317319.0
RRMNZHOHBUOQGP-ANMASWFYSA-N,163192020.0
NSFLIOJSGZVAPX-AWEZNQCLSA-O,52949574.0
RLRNEHZJFFGOEN-PRDVQWLOSA-N,21721973.0
VSHUQLRHTJOKTA-XBXARRHUSA-N,9994897.0
NYONVEWSXDBIKC-LDEWMTJOSA-N,162939680.0
RQRFBMHBUOLXSJ-OLDIZJKLSA-N,163189241.0
OZUYOHJWNNPGLK-UHFFFAOYSA-N,162817315.0
GLDOVTGHNKAZLK-UHFFFAOYSA-N,8221.0
XWHPACFHIYSUJO-PVTVHPEKSA-N,102252680.0
HCJMNOSIAGSZBM-UHFFFAOYSA-N,11279.0
AFHJQYHRLPMKHU-OSYMLPPYSA-N,12305761.0
SJDZHUZPFHRFPE-UHFFFAOYSA-N,
YLWAQARRNQVEHD-IEGACIPQSA-N,443682.0
ANIAOEHACLPLEY-UHFFFAOYSA-N,14262770.0
RSJKGSCJYJTIGS-UHFFFAOYSA-N,14257.0
VQXOIFVSOBXXLN-OZBJMMHXSA-N,162946146.0
FNBCNZVYOVGSRD-UHFFFAOYSA-N,594068.0
MGGDNAFTNJHURM-UHFFFAOYSA-N,44257226.0
UEQIFFFWXPAQCB-YUELXQCFSA-N,637286.0
PPXUHEORWJQRHJ-UHFFFAOYSA-N,7945.0
WLNGPDPILFYWKF-OAHLLOKOSA-N,442353.0
RWGFKTVRMDUZSP-UHFFFAOYSA-N,7406.0
GTIKTCJNYQHKED-XXAAXARCSA-N,162876281.0
FLGAFUAMEXILLB-PQSIRYKQSA-N,
IBPGRFDNOYHBQJ-PMPFALSSSA-N,162862159.0
KNYZHZVZURTVHM-AWHUHQEUSA-N,
RWDPKEVVXVEYDI-WXWIDQJVSA-N,162961495.0
CDLPGZBOFRAGTK-MORHVHPFSA-N,
WDXKGXOQUMSNJH-YHQUGGNUSA-N,162817366.0
YOVCTHBCLYWOQS-LBCBXZHBSA-N,162918367.0
GKKVINFASJRLSM-MBRKSQDNSA-N,162817476.0
DUEINKIQNGZKPL-KEGXSBDUSA-N,15586713.0
RCOALPWBATXWSR-QERGJOMPSA-N,163031835.0
SPZKJZJNPQNEKT-BMIGLBTASA-N,15378302.0
GHZIYRPRBMQWSP-ZXUOCUECSA-N,636755.0
ZIIAJIWLQUVGHB-UHFFFAOYSA-N,188323.0
AYXPYQRXGNDJFU-IMNVLQEYSA-N,11996452.0
UHUFTBALEZWWIH-UHFFFAOYSA-N,31291.0
NOBKNSFNHSHWTH-JGTUFZOGSA-N,46186106.0
ZDNMHPWYAQBCQF-MTWSGFSQSA-N,
UFPQYBAJCMMCRR-UFEJNAISSA-N,162920524.0
KTEXNACQROZXEV-PWNZVWSESA-N,108068.0
JQVPIVAXUXJKRP-NTLAMMLDSA-N,162897415.0
BLUKSJXOPCHNNT-FSJLORSQSA-N,10049125.0
MMXONNAQYTURLK-QRDGOAKLSA-N,162859558.0
OPQCAZJRIRHZQK-UHFFFAOYSA-N,85794676.0
TUXMPYMXQNASGF-JBDFUULCSA-N,162853376.0
GGQGUBWFVKJOER-FQEVSTJZSA-N,159888.0
CBDZTDQRQIGPJC-JIHARFHHSA-N,162864303.0
SFVVQRJOGUKCEG-OPQSFPLASA-N,114843.0
HUTUYFMQMZWIAL-DTLOHTHWSA-N,
NLZUEZXRPGMBCV-UHFFFAOYSA-N,31404.0
ISPFDHRVWAPFLB-PZUUTBIUSA-N,
WIONIXOBNMDJFJ-UHFFFAOYSA-N,68085.0
NJGBTKGETPDVIK-UHFFFAOYSA-N,21648.0
YIFQICREHIVCKL-YWDFAVMRSA-N,170025.0
FLUOSFVUPTUYEX-QHOAOGIMSA-N,442764.0
RGLUQJRFDAZRRZ-UHFFFAOYSA-N,617076.0
XMLLJGHZPHTUKK-ZOYZCTNRSA-N,
NAKZGEASKOWWIG-HFUISEPSSA-N,
FQYQEOXVVLQEJX-UHFFFAOYSA-N,132524250.0
KJVAAYPXAFNCRI-KZQNNATNSA-N,
QDDIGHZZODHFSZ-QCNSMRHBSA-N,162915113.0
BGIKUIWVXUATMZ-BOQPXBONSA-N,
FSMBJKQQINYARA-UXXRCYHCSA-N,14733707.0
XXKWBXGHSBIVHQ-HJKUWBGBSA-N,
MOSOQUZHQBRJPD-QCFQZQTQSA-N,162817568.0
QFNMZWPDJNEENQ-VAVDVLCISA-N,101182651.0
TYBCSQFBSWACAA-UHFFFAOYSA-N,78236.0
PXGWEUQZDRUMRE-APHOOZOJSA-N,13889203.0
GKQGIQVSMCHAFX-IBEHDNSVSA-N,88687.0
ASAWUXMEXFAFMU-DBDULZNHSA-N,161314.0
VAMFXQBUQXONLZ-UHFFFAOYSA-N,18936.0
AOPMSFXOYJXDNJ-IRFSQMTFSA-N,72319.0
BNEBXEZRBLYBCZ-UHFFFAOYSA-N,5326317.0
DZOKWSREAZGFFC-XHDPSFHLSA-N,177072.0
PAWVFYSWUNKMRS-FAVWHOCNSA-N,162905128.0
MVOCELQNDZHLNJ-CGFOCSQVSA-N,21596321.0
APKLQIQRPUDADG-GFCCVEGCSA-N,442625.0
IEIPZMSLLOZXOG-VNNBXIKRSA-N,163011892.0
AVFIYMSJDDGDBQ-CTWBKRIHSA-N,101423111.0
NFTYYFXBCRCCED-BGTKKIAKSA-N,163013411.0
WTQYWNWRJNXDEG-GKAUHRNCSA-N,71711121.0
LCHSSOYHOCFOEO-AXEBLSJMSA-N,442078.0
UAEWOIGDYDJTTM-JOLDKRDUSA-N,25149678.0
IPCSVZSSVZVIGE-UHFFFAOYSA-N,985.0
GMISZFQPFDAPGI-CVJZBMGUSA-N,124017.0
JRJGKUTZNBZHNK-UHFFFAOYSA-N,31226.0
OWPORVMZZJAHEF-VZIRECOESA-N,
ISJKPVSGUKXWTP-IKHOAUTRSA-N,101477053.0
AJZKDFNTXHJZSL-PYPDDJCDSA-N,163085615.0
PBHMEHISJHZTGB-LWMZTBJRSA-N,
FNABKFVLLFACGU-HADJKQLJSA-N,162935590.0
OHIORRGJIQYGGA-KZFAAFRMSA-N,
GRILELGQNUBIAJ-XXYUJHKVSA-N,11781612.0
FWGYSXFXRHTSJT-JKEBHUFOSA-N,162984049.0
SLYFUNAQCWZWMB-VUUPLKBFSA-N,54598235.0
JQLIYZPDZGCDMT-DGTXEHJJSA-N,162956889.0
QZMAEZWZCGBZFK-AOJWCAIYSA-N,44566500.0
FYHUGBDJWHPAHG-ZOHFHJANSA-N,24066905.0
OZIJVSAJWHOOHA-SFHVURJKSA-N,122206229.0
LGOMEUQGXOHWGQ-IZZDOVSWSA-N,
KUSXBOZNRPQEON-ONEGZZNKSA-N,5372367.0
WSXGDXUBCDOPHO-GNUCVDFRSA-N,
YKYONYBAUNKHLG-UHFFFAOYSA-N,7997.0
QEBNYNLSCGVZOH-NFAWXSAZSA-N,9855795.0
FDTSMQAHJQWMRR-UHFFFAOYSA-N,49775753.0
DLYIURZCCWSUKD-MPESAESLSA-N,399199.0
VLCHQFXSBHIBRV-NJPMDSMTSA-N,21633105.0
ZBCIMVCVGORQFA-VNYLDBNESA-N,162942334.0
ILMBZGCGIXQNFZ-PFBLZZNISA-N,162885746.0
CUDLWLJJPCDTLE-HTYKBFHYSA-N,14633047.0
BYTQBLSQDIOEOZ-QENAKCEXSA-N,101713117.0
QWKAKCREJKJTMQ-TVAZECOCSA-N,162816870.0
QQJZBNLXXCQLKO-GZSKSVGUSA-N,162887989.0
ODLMAHJVESYWTB-UHFFFAOYSA-N,7668.0
KKTJDDVHQFZFRJ-UJTWZMNXSA-N,5322177.0
YBMBNIGMAOBBDE-AEVHBADWSA-N,102193489.0
LDPLFHGGZNSKDS-FTBFGRRBSA-N,442988.0
WABMKKXLXIGLEO-HXUWFJFHSA-N,12182449.0
MCSQDKOBEWFDIF-RSVXYOLHSA-N,162817467.0
CMWPZWGBXSNJLC-KUEHFBCJSA-N,101650818.0
CKNOLMVLQUPVMU-GTJWFZORSA-N,162880381.0
XMVULWKEVGKECE-XLZCRXHSSA-N,157527.0
YNTYCWJZUUWXLK-CBIBUMFVSA-N,12016126.0
IEBKSEMYCSZHEA-ZMCLFYFXSA-N,163028301.0
ASFJLXDTSOQTGS-RFCMEEIRSA-N,162969752.0
ODKQKCINTCFCGY-JSVVEBLBSA-N,162817399.0
YGPRSGKVLATIHT-HSHDSVGOSA-N,441593.0
JNLQFMNPXWPCBR-UHFFFAOYSA-N,12584427.0
LBHUIJRTHBBWHP-HJFVYBCQSA-N,5320254.0
IZQSVPBOUDKVDZ-UHFFFAOYSA-N,5281654.0
UUFLRDLXVUZQGL-PGVPMOMDSA-N,163003467.0
GRQOHVDLWPRWAW-ZTZZHMLNSA-N,162817126.0
IWDGCLQHHMDLRR-TYNOOCNWSA-N,637043.0
AMBNTPYCDHUUJH-LIWQPULASA-N,
CFVDWETUWOVTAN-URIGJTHPSA-N,
ZCPLWGYJCVMNNC-PDPQOQCNSA-N,162817063.0
YAHBLDHTFHRZOG-XZJBWWCGSA-N,21635724.0
RCXANGLYPFOYKX-HMVHIDSYSA-N,44233381.0
GKQMMZUXYRXFOH-QBLSGNHRSA-N,14021529.0
OJMLKTQJTMXBAQ-UHFFFAOYSA-N,13636699.0
LOOSNXLRPYHAAP-JYDQQWAHSA-N,162819707.0
GPZLFWVUSQREQH-QDYVESOYSA-N,5488387.0
FHVJDYZMZCJFRZ-AFHBHXEDSA-N,102239702.0
OVVLODSLGRGWFA-UHFFFAOYSA-N,71330150.0
GQYVGRMZWVLFHV-UHFFFAOYSA-N,
BFXSCDFJDLQVRW-HXUWFJFHSA-N,403771.0
SXHMVUYNQCCGGJ-UHFFFAOYSA-N,4395282.0
GKXWKJLURBIZRZ-HTQKDQDZSA-N,10940063.0
YBNREBQLPMUAKX-QTABAYSHSA-N,101695943.0
UBAIOTDKPLIEDD-RNCITLLOSA-N,442418.0
OGARMHBKUCJUTA-CKSLAKHHSA-N,158252.0
QDPXJAOPGVSGHY-MGSCCXHUSA-N,163192126.0
XFVLNEYIZGZDHP-PEDHHIEDSA-N,72646.0
OVMFOVNOXASTPA-CYKGWVDRSA-N,44257701.0
MRQSJFKGZKPPNM-UHFFFAOYSA-N,14353377.0
MMDUKUSNQNWVET-ISRRCNJUSA-N,44257698.0
UHEQFLBPALSWMF-OZQHVQMQSA-N,
QLBWALJPPIGYGK-VDAHYXPESA-N,641677.0
XAEUKOBJPRGERY-SHBLWQLFSA-N,163005444.0
CQWUYORFTUWURA-STAGSXQKSA-N,11651565.0
BUPDVJFRVYWYEV-PIVIZACJSA-N,46173997.0
DVDJXVIWDVBGMH-ZCELIMKMSA-N,
XKNRCIXILGHSLP-OWOCBZTCSA-N,101662843.0
ITYKFAWLXGZZMN-GCROAMGXSA-N,102210128.0
VTQCRJGWDIXAHD-UQISNNMSSA-N,101773474.0
ZLIOPNROBPMBFI-UHFFFAOYSA-N,292286.0
RFURGWSMUIAQQO-UHFFFAOYSA-N,92446318.0
CJLHTKGWEUGORV-HRSNZQSQSA-N,14413453.0
DUOPFVPGSBUGGE-AIUFNOAXSA-N,162816906.0
HYPKUHLLPBGDLF-IAAKTDFRSA-N,185766.0
QVKYLQCSMQSINY-BDBDIBDRSA-N,
UKRJEVDCOVVSAB-BENTYHEHSA-N,198549.0
RABLYBQDMDORFH-UHFFFAOYSA-N,10420195.0
PTFPGFMNLAMIJY-XSHKJCDBSA-N,11520609.0
AFZYIEPTTCDNCQ-LFNWVHNASA-N,162817241.0
CCBNOSMFTUQQLZ-DVHVHUQNSA-N,14164984.0
NBNJOUADJFMZFT-NPRBCIRTSA-N,163067902.0
HTTTWVGBBAOUEM-UHFFFAOYSA-N,100751.0
ZFAOSFXFIKLLJT-ABAIWWIYSA-N,23241670.0
DKHMSXODSSWTQA-QJFRZKMWSA-N,162817488.0
PWIKXCTUBPEPCB-KLLZUTDZSA-N,73212329.0
AEOQWSVOFKWWKC-UHFFFAOYSA-N,102233555.0
MAOQLCPOSIMTNI-ZJIFWQFVSA-N,162817312.0
XVOHELPNOXGRBQ-NXAIOARDSA-N,6506548.0
AHFHWXQKQDAWMI-SFCXZUONSA-N,162926923.0
QBFAVXCSZOANGN-AARAPKBOSA-N,162925135.0
VXKXMAPMMYGLJE-VPMGPIIOSA-N,102316372.0
AKACNUARSZZVHH-FYJKLWJNSA-N,162987380.0
VPGGXYRENLSQCT-XDHNQJSPSA-N,
CPHCYIDKOAOKCL-LUVHZPKESA-N,21603203.0
QYYKWTUUCOTGNS-RTGRKSDTSA-N,15560114.0
NQACTVWQBJPZMD-LCLWHQSOSA-N,163028202.0
VLYLVFHVHHGXHX-SXFAUFNYSA-N,14630703.0
FOHXFLPXBUAOJM-OWORMUAASA-N,22841567.0
WYLOAWDEIFNIAN-QGZVFWFLSA-N,38346088.0
SKDVDFOLTUIXCA-QMFTVASPSA-N,
SOCXDNMHDNVKIL-UHFFFAOYSA-N,89703.0
HSWIRQIYASIOBE-JNHRPPPUSA-N,99649.0
FUECAILUKAJTBR-UHFFFAOYSA-N,10425624.0
KQLFTAOIVMPMDJ-GSMOJGAUSA-N,
FOCMOGKCPPTERB-RMKNXTFCSA-N,5355855.0
LQSMRIYSKPIMBU-UHFFFAOYSA-N,14482775.0
OTWQMCFLGCLXRY-UHFFFAOYSA-N,53627559.0
QBDVBDCNSPYCRW-UHFFFAOYSA-N,101379690.0
ZAJNGDIORYACQU-UHFFFAOYSA-N,12741.0
KILMMLMKSQWMTN-UHFFFAOYSA-N,442739.0
PPCUPSGMDOTIMV-SNAFPCJLSA-N,
IPEXURJJNUQERF-IZRYZMIOSA-M,162817437.0
WCHZFTWONVZPAK-SNKMJTSYSA-N,162854990.0
YAWJHQZYFGHLSY-GAIGUENZSA-N,162861625.0
JAQJQYMDHBSCKO-JDVVNZBPSA-N,119045.0
ZOWGLPBEORHEPX-WBMJQRKESA-N,11723269.0
YLMSJTAFOFIDRW-PYZCBOGGSA-N,15161369.0
RJXKHBTYHGBOKV-VQHVLOKHSA-N,5368938.0
RLRYPFZIWXJLKS-VTTQBEPZSA-N,163162433.0
JWEYEHAVGPUUDR-UHFFFAOYSA-N,3016339.0
RIAAMQLODIETQE-UHFFFAOYSA-N,4962363.0
BXKUKBQBBALDOG-CNEOBZMHSA-N,162817390.0
PPXSTGDJSPLJCV-TVPPXOBLSA-N,10557839.0
XPGWKKLDFXNBPJ-OHNGPFKWSA-N,91753590.0
TVIHKWWLPPRESU-OWMRGQTCSA-N,12114951.0
SZXCDOOFLYYOCZ-MDVHPCGESA-N,162965086.0
RDKMTCYJYWCWFW-IHKSVWQUSA-N,162817520.0
PFUDAMHTVMSQNA-IOQCFDAZSA-N,162880719.0
JEOZUAHPKAVXSF-KEGXSBDUSA-N,10446844.0
XQRINBJLKOBTMI-XEQBAVFLSA-N,15286355.0
JYFHWXOCTSBEPC-CUNMOGCISA-N,52952322.0
XLPDVYGDNRIQFV-UHFFFAOYSA-N,14529.0
FKIYLTVJPDLUDL-SLNHTJRHSA-N,9851181.0
ZZFPPZXXZGMWBZ-NKFKFSAASA-N,49768248.0
HOSMFPQDFZLVEZ-CWKBCKMPSA-N,
DMRCRRQHOSAUMP-MCTHAJGXSA-N,
NPNUFJAVOOONJE-FLFDDASRSA-N,5281522.0
MVJHUMZXIJPVHV-UHFFFAOYSA-N,3083726.0
FRXVTMDPVUFGKF-CVPUBMOQSA-N,44233146.0
HLYLWDFVDOTKOB-SNZHEZPKSA-N,163089440.0
XGDKDBPCTUJBNO-APTBEKPVSA-N,162817019.0
DACIGVIOAFXPHW-UHFFFAOYSA-N,123126.0
PCZSYPUPCOCVGU-UXQWGUDWSA-N,163082399.0
OIRDTQYFTABQOQ-KQYNXXCUSA-N,60961.0
JKIKMDJRHDXNEW-DYNNCCMVSA-N,56969895.0
LDAIOVKPAKFZHM-FBUXBERBSA-N,442346.0
RFSYBMDOYOBTCL-ZGFBFQLVSA-N,73950880.0
ZJXVNNSMRGTDBI-UHFFFAOYSA-N,361510.0
CRQDWQWZCNKKAC-UHFFFAOYSA-N,5353656.0
PWAACAMQKVIVPZ-UHFFFAOYSA-N,5316097.0
HNJXWEFPOBKGBH-GAQCBYOMSA-N,162983366.0
RDXWJBVCSVKCQR-UACNLVTQSA-N,162816872.0
OHUANDSGGHTLAK-LKOVMJRWSA-N,101376368.0
QJFDATLJUPEHJF-LXEMIKRWSA-N,5322179.0
CVAVSNHQPCEPRS-JTQLQIEISA-N,366408.0
PIRXBCDSMORUTK-DZVZOFAVSA-N,
AJWCYHXAGRQFMF-ZVEGZMIISA-N,101982333.0
YOEYNGSRUWSBJV-OHWPJJRCSA-N,
BPRNABOULSQVIO-TZJYRCSTSA-N,101218946.0
PHBDLNDEUKOZEQ-UHFFFAOYSA-N,16091953.0
PFDGLXOOSQNAKH-JADMEOHCSA-N,14021308.0
APTNLHJOYOLQJB-ZEQRLZLVSA-N,14521049.0
LFCOUSYLSOXCHP-MDWZMJQESA-N,102125253.0
BTMNGQCCCWTUQH-UHFFFAOYSA-N,177696.0
FRQQICZGMXISSV-LAMXMUIOSA-N,101396726.0
VQVGNVXQGAGQRV-LMVMWPOASA-N,162914360.0
JUIYKRQGQJORHH-WQKSTILTSA-N,162903161.0
LRYNBNQDQFLUMM-SZHGMKNFSA-N,102065950.0
WYDDJFJOZUNXCF-DQJFDHGFSA-N,162817552.0
GWNJXOKSVWHGIL-QLHKRLSFSA-N,101675247.0
WIRHOTPZHPFEKP-ZSAUSMIDSA-N,102125249.0
CATSNJVOTSVZJV-UHFFFAOYSA-N,8051.0
RAGZUCNPTLULOL-YLBIXJRPSA-N,163072300.0
JUFDIKOOORFASQ-LIZARLNVSA-N,101084957.0
HLWFQXZBFQLASS-SOABGZHQSA-N,44259128.0
HCIVBTCBTDTJFG-LXWFBSONSA-N,162816976.0
KAOBVTQISHZBLY-GYLQRSQTSA-N,
WGWGXVOAFMLMJZ-UHFFFAOYSA-N,148856.0
NPWAQSYSDCQSKY-TXLDAEQNSA-N,10767038.0
GQVYBECSNBLQJV-VAWYXSNFSA-N,5282735.0
FFNRZJMOPKJSEP-GOOUEOIKSA-N,9917092.0
WEPBGSIAWZTEJR-UHFFFAOYSA-N,5280681.0
AFBZFRQNKMLRPU-UTWCBRMPSA-N,44259782.0
XPORLJWHBRUXGD-HWIUFREPSA-N,637855.0
XJXDJAQAAAVDCT-RHOFUAETSA-N,57396736.0
ADODTNKKUQGPNW-BQYQJAHWSA-N,10493702.0
FWPVXMSUMLUNAJ-FOWTUZBSSA-N,100957404.0
ZUSBKFQCLQZULB-QRIOGHQNSA-N,328712.0
XSHYHGPIMCKDFK-HNNXBMFYSA-N,11212280.0
RDHKWESNEFITIX-DTVKDGSMSA-N,
HHTVEHWHGKZBKQ-MRXNPFEDSA-N,162866734.0
XWVOLGZTVRBONS-QMMMGPOBSA-N,162817096.0
BWFNSKPHIOFUMZ-WHGHPVCESA-N,162834054.0
QUMLKMZGYHCYRB-UMQBPRQUSA-N,162956553.0
BVUOEMQPQZHKOS-BKKHBGKHSA-N,163009019.0
UZPZTTSOLZSZDW-GHYKFQNRSA-N,14137546.0
CPSHPTCUXNWYJT-CAEHKPMCSA-N,162950325.0
OKSOKDSKQGUUCI-YXRPLECISA-N,76326957.0
BVRHGBHZAQNORL-UHFFFAOYSA-N,14034284.0
JMGJFKPMAXFBQI-DUVKWQENSA-N,
FVOPNOOQXZXYRT-RYTVDUPKSA-N,101670817.0
DZYFVCXNJAYEPO-SEGWNZTKSA-N,162904297.0
FZSAVXBBXSFKRK-FFCOKCSZSA-N,
MPOJHVZVYKRIIS-QURGRASLSA-N,132524254.0
YDMMAWOPEAEISR-JBBHCMRESA-N,155551267.0
OXKMNBITZDQOOE-FSHOYSFVSA-N,162984538.0
GQBRDBUFLQZZBP-IHWVXMPCSA-N,10333020.0
QNMWAFDYDNUEBV-GUFGDXRZSA-N,25154764.0
RCUHGCBEZZBPLV-ILDNDBGNSA-N,162848904.0
QDVFBKSBZKWYFT-GRMMTJMMSA-N,101586389.0
IOPGGNYCFGEWPF-UHFFFAOYSA-N,177458.0
KGOWBUVYTNXZLW-TVTOFXHTSA-N,163006499.0
OCPMBSGYTVUCJD-JOPIAHFSSA-N,162896309.0
KYWIYKKSMDLRDC-UHFFFAOYSA-N,8163.0
UKPXLTIBQHNVDU-KDZIQQEUSA-N,162817277.0
PKJBSZTYNDRXEQ-OGUMHHDJSA-N,73388002.0
OQLAYVOSMBSWSF-GEAQYZQOSA-N,162979720.0
LWFFLQLUYLCPTE-VXNKOOHPSA-N,24865926.0
PFALTUZRWWYWLE-ALDJAPPESA-N,102125252.0
DVGGLGXQSFURLP-PYFXTMFGSA-N,10175330.0
IITYBZWPSVSQLZ-NMFUWQPSSA-N,101713145.0
IXMDYOSMFGVWJY-KIRGAOJCSA-N,101967144.0
FYSMTINDJSASRR-BDOJHUBJSA-N,44259531.0
BPYMKJGMFYWQBI-UHFFFAOYSA-N,44259653.0
GNMUGVNEWCZUAA-WOWYBKFKSA-N,1781413.0
TYNQWWGVEGFKRU-AJDPQWBVSA-N,442971.0
LGJMUZUPVCAVPU-HRJGVYIJSA-N,241572.0
CRXWIWHBLVNJSP-LIBKGXAOSA-N,11747064.0
YGJMHGKNTSIVBA-UHFFFAOYSA-N,162943410.0
ROYNQIRDSFCDQL-UHFFFAOYSA-N,10390219.0
DGEOCHVUGVJYQB-XZDBBAETSA-N,6427486.0
KIXMQGXACFNMEM-FQEVSTJZSA-N,403772.0
KNLHGXVYZRQSJZ-ZETCQYMHSA-N,10800314.0
LLQYBPNZHZFNDC-HOTGVXAUSA-N,10107942.0
BTUJMFYHAWOURV-UHFFFAOYSA-N,23615476.0
FAGPMPUCWAMJIN-UHFFFAOYSA-N,
ZZAJQOPSWWVMBI-UHFFFAOYSA-N,5280448.0
HHULRWORUWIEMF-OZCPJRKXSA-N,101817065.0
ODSSDTBFHAYYMD-HTQIIGDOSA-N,3083971.0
NFMZFJZLYHTYRK-ZSAUSMIDSA-N,44512748.0
SOSLMHZOJATCCP-MKMJNHTISA-N,15558501.0
YZIZDIFQIQRZSM-ZFBAHZKTSA-N,162945362.0
ILRCGYURZSFMEG-RKQHYHRCSA-N,159278.0
VZGICEILONCHRY-UHFFFAOYSA-N,91825835.0
OZRIVNVSZFRFIC-RJTNSINYSA-N,71712665.0
YBKVUOUSCZYKRB-XTCYYEQZSA-N,162842835.0
MSOALRYEOUDOTB-BIIXSEPRSA-N,
WHHZMYIIVRWGBA-UHFFFAOYSA-N,123723031.0
NOLGXQBEFHYZHI-QPBHWVAKSA-N,44421647.0
FOSUPIBQARPELG-FOYJWTFCSA-N,497896.0
IYMRNSBSNFWPGF-GIDQSAJHSA-N,162879526.0
QOOQAJMNSMUNFZ-KHMFPJBWSA-N,163193410.0
MQNDIFGHQSDIOB-ZQONDGBOSA-N,13875698.0
VLKZMOAGAREVTL-OQWMEENCSA-N,163193903.0
AADKXIMJEZKHCG-CBIHESCMSA-N,44258386.0
GOCYQNNXAYOBDN-NANCAXGVSA-N,15511195.0
MOPWQLHELUUQFZ-PPFCAXKDSA-N,162999102.0
HANDQIRUHFULHY-UHFFFAOYSA-N,4646381.0
KHQMPLDSNBIPLK-WCBMZHEXSA-N,12444318.0
JACSZGMMJOGVOA-XEZZQVGZSA-N,162817472.0
LFYBJVLJNNOYNG-HULFFUFUSA-N,636555.0
FQMGXKVQPJIMGM-MPPYRVPSSA-N,162817248.0
TVZVGKUKJBIRJK-VUQQRKDTSA-N,163013632.0
MPAWGZHLBSDDEL-YMIZOKTQSA-N,102316373.0
SJWWTRQNNRNTPU-ABBNZJFMSA-N,5281239.0
ACTUTXLTEUKWIN-WLHCVJQASA-N,102341727.0
VAXNJGHUQUHOGC-RNXJEDPASA-N,162933234.0
PJBBLXOPECXDHO-YWDFAVMRSA-N,101705724.0
SUJUOAZFECLBOA-UHFFFAOYSA-N,12411.0
NPJICTMALKLTFW-QYDWNGEASA-N,71628.0
UHNXUSWGOJMEFO-QNDFHXLGSA-N,5319116.0
JMIFIYIEXODVTO-UHFFFAOYSA-N,5281678.0
IHTXRYTWDARUKX-UHFFFAOYSA-N,147279.0
BQNSBENKJCLJGN-ZOWXZIJZSA-N,442202.0
AMOBKAMJSKCUFH-RSTBMMDMSA-N,162847508.0
YDZWHGJRWMQCDP-NKILCQAGSA-N,44566499.0
WQPKMCCPWWJBMZ-IJEWVQPXSA-N,14707110.0
QSEHQWFPCMNMPH-UHFFFAOYSA-N,3085061.0
RJPFLCZZRWQDMM-UHFFFAOYSA-N,
RLADGUJQCAQKPZ-JDGKCYJPSA-N,162857356.0
ZNBCIVLJYQTPHW-SHISHJIKSA-N,162817332.0
HGVJFBSSLICXEM-ROLXFIACSA-N,53481015.0
DFUOJBWSSSODTR-SJKOYZFVSA-N,12468617.0
SYGUVOLSUJYPPS-UHFFFAOYSA-N,3083845.0
CXCORJXYCPSBSK-UHFFFAOYSA-N,10378419.0
IAIHUHQCLTYTSF-OYNCUSHFSA-N,6997371.0
UFCDKWJUYQQRAA-QXALHSKGSA-N,
AAXMYXKQQLLBQO-LINBINMDSA-N,162854084.0
GHKSEKWJXOUEAW-BRDAJWAFSA-N,101158994.0
SWLPIUHJTSWWOJ-UBATVAIOSA-N,44566508.0
JPUKWEQWGBDDQB-DHTVHLPASA-N,44258736.0
VKSVJJJVFPRTAL-XFNMEUKGSA-N,25113751.0
YACZUBKNMXSTQK-ZGTOLYCTSA-N,
NXCXZSJVVSXALR-CCQKWOPMSA-N,162817453.0
GJVYYBVWPSQRTC-DGRAHRSLSA-N,10582197.0
GMQXOLRKJQWPNB-MVVLSVRYSA-N,14136859.0
OAIJSZIZWZSQBC-GYZMGTAESA-N,446925.0
ADIDQIZBYUABQK-RWMBFGLXSA-N,5317844.0
YDKNYLSOYMUTBH-SJWIUKBCSA-N,101663347.0
YUOIZQYKJGLEKZ-JDNCVLFSSA-N,102194604.0
YOMBEUFTRCIMGO-CRMMGSHYSA-N,163189514.0
HVYUPLNMGNYFAM-MSUPQHSJSA-N,
FHVQHMSEYRELEM-LVDJNBDXSA-N,11538626.0
HKODIGSRFALUTA-JTLQZVBZSA-N,5280906.0
NQACTVWQBJPZMD-QTGAIZFKSA-N,163028201.0
UIRLQTKDEMKKKG-GXFJTLABSA-N,6475608.0
NSBQSYNOPXEGHY-JSFIMCGVSA-N,162924400.0
RJCHAVAPLFCBCI-CPAMJYOFSA-N,
BCJMNZRQJAVDLD-FXGRWVCYSA-N,5281756.0
BXWNKGSJHAJOGX-UHFFFAOYSA-N,2682.0
HAORCLCFRZGQJZ-FZUFEACKSA-N,15558423.0
GQHHHBATDOXAEP-MEZCUPPISA-N,44562999.0
BXIJYKUDHDLSQP-UHFFFAOYSA-N,251510.0
BIQNCHSICZSXCV-XNTDXEJSSA-N,73054901.0
JIMWXFWXOSWLSG-HSDFISHXSA-N,163098006.0
UGVAFPSCCBBZFC-JVYZNRDWSA-N,163191588.0
HJFZQTPLDCGBRQ-JIVACREVSA-N,
UIDGLYUNOUKLBM-OPUWVCDQSA-N,17751019.0
UBZBPKARIHPOEC-UHFFFAOYSA-N,181092.0
JOEPOINDECTPQI-UHFFFAOYSA-N,7040274.0
OFWYIUYVHYPQNX-JXFKEZNVSA-N,119268.0
YKYNYMQDXOWMDT-UHFFFAOYSA-N,14550385.0
MPLYVLNQUBGCNX-UHFFFAOYSA-N,53344603.0
IAJBQAYHSQIQRE-UHFFFAOYSA-N,20525.0
RMTZLMXSFDXFBI-FWJOYPJLSA-N,
IWNZQRZTZRLAFI-ZDYJRBGFSA-N,162998129.0
VNABVYKJDAAAMB-UHFFFAOYSA-N,12178518.0
KJRFMAWBPLZAEU-GIQPHXTCSA-N,102442731.0
RHHCLVKJBROWMZ-VQIMIIECSA-N,162817207.0
SPUFXPFDJYNCFD-HUGNALTDSA-N,44259175.0
NPJICTMALKLTFW-NEOYQNEMSA-N,70699351.0
JCGHAEBIBSEQAD-WZASNERQSA-N,11766372.0
TWZXVPOQDHOBII-XBLVEGMJSA-N,58512608.0
ZXWWGVBATVHPEG-YFRSSGQZSA-N,162960870.0
YAKTXSHIHZXYIW-SWGKFXEASA-N,162966685.0
HJZVZKYDRKLUIF-YFEFDERNSA-N,
HJOBXPHWOUTSLV-VZIAGGLWSA-N,44259529.0
GMCXIFIKPROBFX-ZOJTVGBFSA-N,10712612.0
HDHZYDQBOSLOST-UQRZPSQFSA-N,11382475.0
NUTSSYJZHXXQMO-CHJBIBAFSA-N,162817061.0
HAPQAPVIZTWVQY-SDVITHPZSA-N,162911432.0
CWVRJTMFETXNAD-JUHZACGLSA-N,1794427.0
KZJWDPNRJALLNS-VJSFXXLFSA-N,222284.0
MWKFXSUHUHTGQN-UHFFFAOYSA-N,8174.0
RGHHSNMVTDWUBI-UHFFFAOYSA-N,126.0
ZMYQRHSOVRDQDL-CPPDSBOHSA-N,10394343.0
NRCZKVGMFVNDIY-JIUPQQGISA-N,162892300.0
OLLNMBSDUHNVEU-ZUUBREFISA-N,
UVHGSMZRSVGWDJ-ZCFDAEMWSA-N,12444363.0
NPYPUYCITBTPSF-TZCAYXSXSA-N,5281720.0
MZQXNUBTVLKMLP-VXPVLMLZSA-N,11948660.0
PIXGUMZAPNRCDR-SFCCXYMXSA-N,24800894.0
QSAFWOIVMCIKKR-MZLZUQKWSA-N,101588714.0
VKGXBRHZFJRMOC-GTHUWEGUSA-N,101792539.0
IQGPVLVWUUPQMQ-FVINQWEUSA-N,442547.0
QOWLIQGNZBOQNG-ABWNYZJXSA-N,163037053.0
QGKJGQDHZIBMKX-MYHZJNNASA-N,21635657.0
UQKOTVMFJYMJEP-UHFFFAOYSA-N,5742693.0
QMQJHZMCRRSTQA-XGHHBHORSA-N,162817372.0
MQTSOTIFLOKJLU-VHSXEESVSA-N,11789644.0
IEVJVQXLBZUEMH-UHFFFAOYSA-N,27568.0
WEEZVJTVAXLKHR-QSUDMXHZSA-N,162817113.0
CECREIRZLPLYDM-RAUXBKROSA-N,10891602.0
AFHJQYHRLPMKHU-LJSIEZAASA-N,89483142.0
WMBVHSUKZBCCIH-VZCXRCSSSA-N,129845785.0
DOLPDHCCLMYWRO-VNTFXZADSA-N,
MMYRUGYHDIIFAQ-NHAYFPRASA-N,
FTVWIRXFELQLPI-ZDUSSCGKSA-N,439246.0
REZQBEBOWJAQKS-UHFFFAOYSA-N,68972.0
MHKITYMDDXOTNX-JARUQAPTSA-N,162992388.0
LHJRPISXRGEVQO-UHFFFAOYSA-N,15479578.0
KQQJHYGPRJWZEY-LDICSKNTSA-N,162816934.0
DPBMWJXWUINLQT-UHFFFAOYSA-N,122691.0
PFIWRCVWRGIPSM-YAIDDFKGSA-N,102292463.0
MWSTUXWPIZPLKW-DEOSSOPVSA-N,
HKMFQRYTAGYLQG-OHTNKGRTSA-N,163043989.0
NRQJFEDEWHTAPZ-UGUGPVJNSA-N,471531.0
ZJDIMSMQXMWMCF-UHFFFAOYSA-N,12656.0
HHUHNVIGEYMOJY-HAJKQMQPSA-N,13891365.0
NYFWOFCJTJKPJY-QDEZUTFSSA-N,12444581.0
VNZPVJZZRDTVIU-YYOMRFRBSA-N,163076600.0
AOXSCZVQUQYXOZ-ILXBXJSLSA-N,162862775.0
ZVBYEOQPQROTOB-GSBQBKAVSA-N,163102910.0
LYEFOGQIPRZCJX-AJJBVEPSSA-N,162817227.0
KFIOUALHQGZJJT-VTPAIENLSA-N,163101349.0
POMAQDQEVHXLGT-JXEZCJPXSA-N,162924865.0
CXGLIVARJHWMMT-WKBKPIFPSA-N,162847977.0
JHGHHJNAAWXVMF-XQAJHESWSA-N,163037638.0
UUFLRDLXVUZQGL-KMJRVMNLSA-N,163003466.0
FQJMNVDLTGAZDV-DOEDSDNESA-N,
VWDLOXMZIGUBKM-PLWLBJPKSA-N,70699355.0
OLALXNPCMVWJPU-JFUAQMBZSA-N,162952370.0
BEAWCJLFOGVYMB-FVRSTRTBSA-N,
MYEVWBQFOBSIOC-NGXXMSIOSA-N,162816945.0
SHVZQDHUQDKZLR-RBWOHUBWSA-N,162861391.0
MDZJGGUQWHZDTA-UELJRACISA-N,21606641.0
MYCFGFMJUUNKBN-SAIIYOCFSA-N,6427493.0
LUXHNMNHDPKHBY-CNAOLAIUSA-N,13992122.0
FIPZUWCZGCGMNN-FZSLDBBZSA-N,162955699.0
RTIXKCRFFJGDFG-UHFFFAOYSA-N,5281607.0
CUQNKMZTDNQAOZ-OAHLLOKOSA-N,
HOWGUJZVBDQJKV-UHFFFAOYSA-N,12405.0
UMVSOHBRAQTGQI-XGARDCMYSA-N,174880.0
UANUGMASRPSVFK-UHFFFAOYSA-N,11807483.0
LJTCBKMNVODIAQ-AATRIKPKSA-N,21576554.0
RNJWVOJSSZQWNZ-KPKJPENVSA-N,
NQTIVPPPPWTPLK-ZCJISPNLSA-N,
MLGUXXSGWWCJQW-ZIAGYGMSSA-N,16655064.0
HHGPYJLEJGNWJA-UHFFFAOYSA-N,5352005.0
HKQYGTCOTHHOMP-UHFFFAOYSA-N,5280378.0
PGTJIOWQJWHTJJ-STQMWFEESA-N,6429077.0
JKXPUEOBLNILSU-DZJNRPSUSA-N,178814.0
CHQMIQBQLGDCJJ-AAGTZVQDSA-N,14396666.0
ORDAZKGHSNRHTD-UXHICEINSA-N,107935.0
SPCXZDDGSGTVAW-HVTMNAMFSA-N,15560275.0
FCWYNTDTQPCVPG-MOKDYYKFSA-N,101608680.0
XCTXPQAJEYGWPW-MQQQLUACSA-N,162817140.0
NPHHLSOQKLWOCK-WUASNRRDSA-N,162878841.0
NMJBHLQTOGZGBW-SNEMOTLLSA-N,162817535.0
PQQRNPDHSJDAGV-BVDVCCPJSA-N,162939862.0
GXLQUHPXGLZNGE-XRFUJASSSA-N,134734045.0
DZEXGMUTFPGFBF-KZJUOFPXSA-M,162817579.0
NULDUMWEBSEHPR-VCODSRCESA-N,44259611.0
CJYGEJQKEOQHSM-FGSQLUFMSA-N,15286360.0
HQZJODBJOBTCPI-XJACDZHHSA-N,5320928.0
JDGOEFZZYBWLFE-UHFFFAOYSA-N,12442905.0
PDXQSSDSXZLOOB-VOTSOKGWSA-N,132988295.0
NLZCOTZRUWYPTP-MIUGBVLSSA-N,5321954.0
HXCGUCZXPFBNRD-NEDVQNLSSA-N,216283.0
MWWCHTJWDVKJJX-YIUWZEGBSA-N,
UHQNVKKALWJDQL-ZIJXJSMDSA-N,44566329.0
KWFSFXRPFGONDD-WJHCDBIXSA-N,101285185.0
XUGISPSHIFXEHZ-VEVYEIKRSA-N,2723897.0
LEFHNQCURVKAOS-NGSCONLUSA-N,162817544.0
YLOMXYRHZLBDPS-VUZIRADBSA-N,101713146.0
IEQTVHJLWRGNIY-JQMQGVCNSA-N,162929511.0
MWYRZWOULAZZHR-RDBLRTHZSA-N,42607792.0
LOZYVHYKXUKJDA-RBANXJOPSA-N,3036768.0
OYHQOLUKZRVURQ-AVQMFFATSA-N,5282457.0
HIGQPQRQIQDZMP-DHZHZOJOSA-N,1549026.0
OQJBEOJYSRSTNP-WBTAYDDBSA-N,162817205.0
DJDWOGSMWYWDBI-SMRHEOAGSA-N,14730822.0
LCQYRJDHQQVMDZ-KHFQQGNKSA-N,14396670.0
WRTOUBQZZGFLLV-MRVNFXJESA-N,172994559.0
ULBZRZWMAVDYCC-ABDDPTEDSA-N,
PRHHYVQTPBEDFE-URZBRJKDSA-N,445084.0
LZFOPEXOUVTGJS-ONEGZZNKSA-N,5280507.0
IMZYUCHNYPUYBN-CXXJSYHXSA-N,91747358.0
JSDFYXMSUKTBCA-NCLBNDFESA-N,162817364.0
QELDJEKNFOQJOY-ZDUSSCGKSA-N,10143.0
RKFCDGOVCBYSEW-AUUKWEANSA-N,44567156.0
RIAYYAJPMRTZCV-BTFPBAQTSA-N,101713148.0
XXPXTLXIXAJIIH-STHQPYSXSA-N,163007147.0
XDBDADAPEFSDHG-UHFFFAOYSA-N,641806.0
PMKDGKVUENNUGX-OOVDEOTFSA-N,5319460.0
MNVHQKNDNJJRIX-HXUWFJFHSA-N,461558.0
KTZNZCYTXQYEHT-GQCTYLIASA-N,5280559.0
JLBRRCWRVFIRHX-SNAWJCMRSA-N,
RSDDHGSKLOSQFK-RVDMUPIBSA-N,1550607.0
DWZAJFZEYZIHPO-UHFFFAOYSA-N,5281695.0
VPRPYNVJJXOFKZ-SNIKSBKOSA-N,13943205.0
BWORNNDZQGOKBY-UHFFFAOYSA-N,5320287.0
QZBUWPVZSXDWSB-RYUDHWBXSA-N,443440.0
FBUBVLUPUDBFME-UHFFFAOYSA-N,66654.0
IHEUASSNMSDWFX-GUIRCDHDSA-N,91749819.0
DCKYPAZZUYXYTC-SCGWIAOYSA-N,11043090.0
DSUOVIRPFDLHQP-KZJUOFPXSA-M,162874170.0
WDTIUHCVSBKXKZ-UHFFFAOYSA-N,10757180.0
KORNYTURBLTMIL-ZDUSSCGKSA-N,
HSQFCRZMISXFOQ-UKVKCERXSA-N,178914.0
ZOYPBNGHEPSADD-LVNABKJTSA-N,
IYDAPILQPCDHTO-NKBYQBPKSA-N,91746481.0
VHQQPFLOGSTQPC-UHFFFAOYSA-N,12413.0
YNNAMINCIGZEMU-OXFJAODRSA-N,101673686.0
SHDCOAGAKQAHTD-QDZUSAFCSA-N,102317031.0
CYGIJEJDYJOUAN-JSGXPVSSSA-N,11982272.0
PTNBEYQHWBDDAI-FPVMEFMWSA-N,163019890.0
VRVOLALMVUEAHP-MVGXGHCZSA-N,162878739.0
HRSIPKSSEVRSPG-VIFPVBQESA-N,442186.0
RKUNBYITZUJHSG-LGGPCSOHSA-N,64692.0
JYELHVZHUTYKGP-JIWOIOHBSA-N,162877927.0
GRIBWILMVAKIDV-ZVSMCMQZSA-N,162847161.0
NXWBRHQQKIQDCN-UXKPDXCRSA-N,46905099.0
UJNVAZZJPGEGAE-XYRWPILJSA-N,162969827.0
XZUBZVMZVWFBNE-NTCOEUGSSA-O,12137508.0
SWYRVCGNMNAFEK-MHXFFUGFSA-N,9930064.0
MGQIZYQQEVSTTF-RUQDDOQKSA-N,91749687.0
MKGUELHKGOBNJC-OGIAISHBSA-N,163031412.0
TZKSBCFVWWWMJO-OEUACMKRSA-N,101637166.0
CLNDAYOHEVNSFF-RSBCKQQVSA-N,
FPXPWFLCGOFSTQ-ARJAWSKDSA-N,5363401.0
GMGZRLUWSNMNKB-NEGGUVPJSA-N,163012668.0
FWWNLOWYXNKFGQ-WVKRDBPSSA-N,14021365.0
RBRPTFMVULVGIC-MDKNCZOUSA-N,11694445.0
WWZKQHOCKIZLMA-UHFFFAOYSA-N,379.0
KMTVRFNKQCNYOQ-UHFFFAOYSA-N,7330539.0
ODADCRFMCATOSN-UHFFFAOYSA-N,10262591.0
DBSPNTHFWOUQFX-HNNXBMFYSA-N,10134240.0
BYTQURZUKRLNDH-KPRRGPHJSA-N,101674071.0
KRJPWSDKKBLTLE-UHFFFAOYSA-N,5408543.0
GNSHHHWDGOHNPC-UHFFFAOYSA-N,5281660.0
YAAJRTVBAVFJQG-CYBMUJFWSA-N,5317333.0
AIONOLUJZLIMTK-AWEZNQCLSA-N,72281.0
FZHVZHPJLXWJIZ-OPEDVLRTSA-N,163078533.0
LINXZMLYWAEFLT-NPZYNBEJSA-N,162817225.0
ZKWFMIAGZQACFE-NWLVNBMCSA-N,5365870.0
AFHJQYHRLPMKHU-CGISPIQUSA-N,9866696.0
HRGUSFBJBOKSML-UHFFFAOYSA-N,5281702.0
HKIKAXXIWJHWLY-ZIIYPAMZSA-N,160190.0
FLSOTPIEFVBPBU-LDBVRRDLSA-N,49800176.0
HCJJNWSLUWLNCN-ANTDSUPWSA-N,163133691.0
VGTZKRYDZBFOFQ-FUOBXSHLSA-N,162948163.0
KPOVALBVCPBMHU-MQQQLUACSA-N,162817141.0
PAWVFYSWUNKMRS-VSVBBCKUSA-N,162905127.0
VOZNBQLIGQEEPQ-YWSZBWRTSA-N,162816912.0
BJHQTGSKKZLDSE-UHFFFAOYSA-N,11757663.0
AJADLMIVHUIITC-YMILTQATSA-N,101203411.0
RRBQYKQIAKFGIS-WLFJESJASA-N,73348892.0
SGQJDTLFQCDZGS-HHRXXXKKSA-N,
YMIXTMQQHRBULF-YCOUAJEISA-N,101317806.0
WNMONLFBVHNRQS-OVWBIBOFSA-N,162911069.0
BWOPOAOBPJWDBF-UWSPEPLBSA-N,10422228.0
PQCNNCMXLJZLIA-AQKQOQQPSA-N,14194092.0
SFQIGPZCFNTPOD-KRWDZBQOSA-N,73205.0
QKOGFXYWPXGZNI-UHFFFAOYSA-N,102236790.0
RUVGAOXZLPFVKY-IPTPSVHJSA-N,328559.0
DQRUOTCFENUXKV-YGZACVIGSA-N,10526066.0
VCZNNAKNUVJVGX-UHFFFAOYSA-N,7724.0
HUKMOJLAHVSCJE-DKBZVKCESA-N,
TUFFXFNBZVRWRL-NJCARJOISA-N,21551296.0
YFICNKRLHQKVEG-NMGWZRILSA-N,155536190.0
FJLUJBDSFBGOPL-MGMRMFNDSA-N,162939581.0
JLCJALWTWUFLMZ-UHFFFAOYSA-N,71495071.0
QMWJPFXMOOPDTD-CGQHOMIXSA-N,44566635.0
XDZZBQYRCAUXGG-VDTYLAMSSA-N,92245063.0
IIIQISVHDIHHNB-MZGVZZPPSA-N,163094316.0
BPQORPJIFMFHKS-YVEDIBGISA-N,163021238.0
MOYAFQVGZZPNRA-UHFFFAOYSA-N,11463.0
KMPQYAYAQWNLME-UHFFFAOYSA-N,8186.0
JBOONPKUPONSIB-KCQAQPDRSA-N,42608172.0
RHLVCLIPMVJYKS-UHFFFAOYSA-N,246728.0
CTQNGGLPUBDAKN-UHFFFAOYSA-N,7237.0
WQUKMIHCFQFPQG-VQHVLOKHSA-N,5477854.0
NASWNOUOFKORGJ-BPIAZMPISA-N,101831565.0
KWCWLVHJYZEJAQ-QSRHBVGDSA-N,162816863.0
XEIYDTUADLFFTM-VQHVLOKHSA-N,5364426.0
ZMQZEEAERZPRGX-CFAJCEJWSA-N,15628016.0
FTGMZEJCVXCZJJ-MAMHPLCBSA-N,162817258.0
HXCKNQXUYYXOEU-XCUBJHMRSA-N,
KJRZFQQUFIBFFI-LJNYLYBWSA-N,14194094.0
GFSKBOWVEKODGN-YKUFKEQRSA-N,162816887.0
FFRDGQMIHWZDLH-UHFFFAOYSA-N,101020994.0
QXXWNUBMVOCZMN-UHFFFAOYSA-N,101415126.0
ISNRCAHXJCTBAV-RMEWEKGHSA-N,10470666.0
LBGSZVCVDNTPPJ-DSXJWPEUSA-N,42607952.0
GOENJWUGVSLZDQ-WQAIDXMNSA-N,91747005.0
QIIFHOAHEFIPRF-ONEGZZNKSA-N,13697737.0
RFLSSMTUPPBUHS-BBTSLSMFSA-N,163022902.0
ZPEHYKMRUBEPSQ-XMCHAPAWSA-N,442824.0
AMJJANYYVNEPRW-XYOKQWHBSA-N,90472511.0
AUNMZKOYQZZFJF-UHFFFAOYSA-N,78163741.0
OBBCRPUNCUPUOS-UHFFFAOYSA-N,5281811.0
LYGPBZVKGHHTIE-NQQFNCMQSA-N,20055288.0
GCLAFEGUXXHIFT-PHBXNUNNSA-N,44258433.0
HFRLBDIWPZBNMK-UOSUTBBISA-N,44257747.0
QHLKSZBFIJJREC-YCJRXWMNSA-N,163018620.0
XDRANPRXTFIDRB-GQYPCLOQSA-N,162938740.0
VWWWXPOEFKPTRF-IXINVBECSA-N,
SAEWWOQZFBDINP-PXCNVNQFSA-N,
LXSZIMHCXDHCLA-JSKDHCJISA-N,11594542.0
FNTJVYCFNVUBOL-ROQVLGAUSA-N,44258914.0
AFHJQYHRLPMKHU-NETPXSOISA-N,168314870.0
IQAWVYINTAIBSH-HPJQFELNSA-N,12310003.0
PPBRXRYQALVLMV-UHFFFAOYSA-N,7501.0
DYLPEFGBWGEFBB-OSFYFWSMSA-N,11106485.0
STRABSCAWZINIF-RBSFLKMASA-N,5318734.0
FOINLJRVEBYARJ-LLVKDONJSA-N,73253.0
PHNFQMVPALRYEB-LJQVGOIWSA-N,162817115.0
FFKHYLGULXFXII-PFHVSEJCSA-N,24883496.0
XICLZVQOVIQOBV-UHFFFAOYSA-N,238946.0
YHKOWVOYBLDKFJ-FAVWHOCNSA-N,162895645.0
TUXMPYMXQNASGF-AMVBZWJASA-N,23241668.0
QWJFFNXSWQZKKL-ODJZZKLHSA-N,21629381.0
QLUFYOSHSHDJMS-QKMUDTJCSA-N,162885995.0
DAXUXEXNRIFWKX-SWLQYSRHSA-N,162987774.0
LYTOHESBUGTAQI-XUJBKRNKSA-N,390666.0
BSAIUMLZVGUGKX-FPLPWBNLSA-N,5354833.0
RYXSCMSHMBXDLZ-QPCZRVNMSA-N,162976687.0
STETZDTWJFKIHV-OWVGVDTNSA-N,21771753.0
MCJAKNZUJXCHOQ-BWUQLHKBSA-N,
GCPJCNXGKVLIOY-YWBNSVNSSA-N,
XVWMMWFBGOHQFS-OSFSTWJBSA-N,6451044.0
RCCXCTSYJHNSRE-KOPIJTNESA-N,13818684.0
NHZHWPDWUVLKIB-OFSZBOEISA-N,162943387.0
DDCAYMMIVGRVHF-QTTNIMKZSA-N,101629132.0
RBRPTFMVULVGIC-ZTIIIDENSA-N,5281511.0
UOIKECDNPFWDAD-AGXJAXIASA-N,162817190.0
PHWISBHSBNDZDX-LSDHHAIUSA-N,12315492.0
IKJMFYURFZEUEJ-TUUFYKLNSA-N,102117187.0
ZDYKUDUSNJTTKV-FKVNRSASSA-N,101069233.0
YIBHQGQRCRBQAM-RBWJHFQSSA-N,163193975.0
GQHHHBATDOXAEP-WEJNEFSASA-N,21679022.0
CEBXXEKPIIDJHL-UHFFFAOYSA-N,5359485.0
GWVDBZWVFGFBCN-UHFFFAOYSA-N,26519.0
GFJIQNADMLPFOW-ILWWEHDPSA-N,6429032.0
BLDDZZUZKLREEY-ADQWMRDOSA-N,102017581.0
VEFGEOOHLWBILP-FPYGCLRLSA-N,
FBSFWRHWHYMIOG-UHFFFAOYSA-N,7428.0
IKMDFBPHZNJCSN-UHFFFAOYSA-N,5281672.0
WRMNZCZEMHIOCP-UHFFFAOYSA-N,6054.0
DTGKSKDOIYIVQL-KHQFGBGNSA-N,230920.0
SFVVQRJOGUKCEG-ZGFBFQLVSA-N,107938.0
NIVLRKUUSCNENR-MKNFNCEUSA-N,
JYQWZASHCQTVLM-UOLJGTLHSA-N,20055820.0
KVGFKZMNWAQIFI-FFJARQORSA-N,163007791.0
ZTOKBJPHHAIUKE-HQLFENNYSA-N,
ONWYJKOVGIGNQN-UOXTVKHISA-N,374817.0
GVKOUUKWAMUVSI-UHFFFAOYSA-N,38355437.0
CIWBSHSKHKDKBQ-JLAZNSOCSA-N,54670067.0
KMOUJOKENFFTPU-BVPMPBNFSA-N,44257799.0
FZJHCRDUXLHHKI-XGMJDTBLSA-N,44259245.0
GYRJPATVNGOBRW-CEEVZKBLSA-N,14137542.0
HKSBPBVXBSYDAT-LPOBFPNRSA-N,14021388.0
UHLFABGYTHYZMN-UHFFFAOYSA-N,
NXCPMSUBVRGTSE-UHFFFAOYSA-N,75142.0
RVMPLOSJMIQORE-FUAAEJBOSA-N,64980.0
YOTJBGVSVFKNEU-JOPFMIIHSA-N,49871420.0
KYHNPYRBOLQIRD-IJAVIMASSA-N,162909502.0
CHHJAEIMNOFHLW-HTUURHGYSA-N,163080696.0
MLAWOGWWJSYIKY-UHFFFAOYSA-N,162817079.0
HHPLIFSIFJSIBY-OBSFFFLGSA-N,163013085.0
DZROQNTZRUIEPM-UHFFFAOYSA-N,162944335.0
OTUCXMIQUNROBJ-LOOCNDHYSA-N,54169142.0
DNPBJHZABOJXGA-XPPFXCPGSA-N,49800899.0
UIYXVCKLYOHIGF-KEOOTSPTSA-N,102476190.0
UXGHAQBYGNOSGC-HDDDLLTESA-N,163058814.0
WTOFZTCSTAKVFL-JDOHPSMSSA-N,162825643.0
VKCYHJWLYTUGCC-UHFFFAOYSA-N,13187.0
DJDWOGSMWYWDBI-KCELRVLFSA-N,102502403.0
SBKXRMYYKDQAMZ-PKXAVDEZSA-N,101477052.0
NHELFTYSELEEFD-SVAWBNMMSA-N,6440572.0
DLLCYEYTXHAUTA-ZSOIEALJSA-N,
RQJBWZAKLTVWPW-OLZBTKDCSA-N,90477787.0
JLHWZNYRZMQCJE-HLQFIFMFSA-N,162816903.0
CMZFNIMQBCBHEX-APNSOIJXSA-N,14658050.0
YJMNEZANCYQLJR-RXRZWOQSSA-N,476783.0
KMUJLLLBGMYXNY-UHFFFAOYSA-N,91506637.0
FLEAFBOUHQWIIB-JUYUHQACSA-N,
XPOJSWHIKCNLEQ-UHFFFAOYSA-N,72616.0
YIBHQGQRCRBQAM-JLSIPVCBSA-N,163188497.0
SWSXELQHTSGROU-XZOGGQITSA-N,163015199.0
KSNLTHGWURXRJK-IWQYDBTJSA-N,162907439.0
CDDKSONWZHIULL-UHFFFAOYSA-N,162967356.0
DCGUKHULKAAOPB-QBLSGNHRSA-N,12004524.0
BDHQMRXFDYJGII-UEBIAWITSA-N,94204.0
DPQYOKVMVCQHMY-GBJTYRQASA-N,6566044.0
SNFRINMTRPQQLE-JQWAAABSSA-N,442060.0
BQJLRFQOJZNELD-FNFXDCFUSA-N,102316370.0
OAQCTEPCBMSPQW-RHFXMVOLSA-N,162817265.0
MBLYALXOUBKFNE-QBEDIBAASA-N,44258934.0
HJSJELVDQOXCHO-JAMMHHFISA-N,72612.0
DGLWRNZJQCODBU-IMBWBGPSSA-N,91810653.0
ZJOJKSKTNZMQCX-SJQTUXGJSA-N,
GWTUHAXUUFROTF-DUXPYHPUSA-N,6451212.0
DCAYPVUWAIABOU-UHFFFAOYSA-N,11006.0
WKCHNXVWJKIODW-BSCSQGBWSA-N,12132774.0
HNXSZBLOFKQSRI-HRIDFCPCSA-N,163034971.0
COVRWLXLMRYMHF-UGEMETIESA-N,163010338.0
GWCSSLSMGCFIFR-LNFBDUAVSA-N,23252258.0
BZXULYMZYPRZOG-UHFFFAOYSA-N,5315773.0
KSVVGBSBNPMXJF-SQGFOMTPSA-N,163190386.0
RECUKUPTGUEGMW-UHFFFAOYSA-N,10364.0
SDGMASFMCKFHSI-FQEVSTJZSA-N,5315801.0
BWFSSVQNWZNLSL-GAEWGWNNSA-N,
KVCOJLFXXKAKKU-KMJKYZBSSA-N,20056374.0
NPHUVOXYYSWWRE-HYFDQUHRSA-N,21635725.0
SHGJWWSABCWUTP-NVSSOOLBSA-N,162816985.0
BODIYHGGDLTKIS-VOQZNFBZSA-N,101892987.0
AEQDJSLRWYMAQI-KRWDZBQOSA-N,72301.0
IEKRQZBUGYYDGX-UECHZMLNSA-N,
VIXZYZFZHINXMQ-KJEVXHAQSA-N,10867444.0
ZHCMWKVQEQTDSC-BGKAJLSSSA-N,
GWHJZXXIDMPWGX-UHFFFAOYSA-N,7247.0
HEJGMQATUPGCRD-BDAKNGLRSA-N,91701091.0
KZIQZLSHACGNHX-LWXDAUFYSA-N,71677436.0
LJCDCYLYUCZUGL-UQBALUMJSA-N,11972367.0
RJIPNPHMQGDUBW-MZWQVCBVSA-N,161387.0
SVEPSJMWTARFFE-UHFFFAOYSA-N,5490842.0
CTASSTCAVUQMJI-UJWQCDCRSA-N,14733709.0
FJXWBXGFWCHFFE-LHUTUEIVSA-N,162986798.0
HCNWFUBAVKLJEB-CSNCXGRBSA-N,162950620.0
LXSZIMHCXDHCLA-VOKLROIKSA-N,11522200.0
WONIGEXYPVIKFS-DJLDLDEBSA-N,88298.0
WROHFEWGWYQNPP-UWFONYLGSA-N,10843471.0
HGXBRUKMWQGOIE-NSMLZSOPSA-N,12309636.0
UWNUJPINKMRKKR-UHFFFAOYSA-N,155493.0
NFPFDUCKBQMYPB-KBPZUBEWSA-N,101589321.0
IFXGCKRDLITNAU-JHSUYXJUSA-N,92119.0
WAIKPAHSFOBDTD-OLJNMEOCSA-N,23258999.0
LXCFILQKKLGQFO-UHFFFAOYSA-N,7456.0
HYBIDSYXKTYHCM-BXLXJPJESA-N,3082428.0
AYEWXCGYVJFQDW-FQZPHRHVSA-N,101499040.0
QIQWSWNQCBSWGL-DCHDBMGSSA-N,71501589.0
UNMZJSVCTCKOEC-XGIMAFHCSA-N,162951468.0
BMLFZGYQGSVVGU-CTFMKGLLSA-N,162817147.0
OEEUHNAUMMATJT-UHFFFAOYSA-N,5748558.0
FBNHNCMZFHURCE-WBLUFIQSSA-N,162897495.0
XRXCJPMZYAWJHD-JJGULWAKSA-N,163030815.0
GCWUDVRYCRPVLH-PJOFICJMSA-N,162909632.0
VQXHZMYMVDMDBY-NQXHUBJOSA-N,163017935.0
KRQTVRWFDJBIEP-DKCFPBQYSA-N,163085206.0
AIFQZAUZFUPYDG-TWSQEFOFSA-N,163035415.0
QMNINOGDSJIPEQ-XYQITEELSA-N,101851850.0
FCWYNTDTQPCVPG-FLEJBNJMSA-N,162922419.0
BXIIJPAVISPOGI-UHFFFAOYSA-N,138125.0
PCHWYSGBVKSPAM-VNWDAGECSA-N,45360375.0
APPVSDMVOGIMTD-FAKMIBRASA-N,101675594.0
BWZFKQGYVOURJC-HUVGLHSCSA-N,
MHLQLQUSZZCRFB-WNLSXJKCSA-N,163189872.0
NGGYLLJIBWFQCM-CPXBAMRFSA-N,10721736.0
PNFGMIFHPGOUEO-MLZISUFGSA-N,102056125.0
OSCIICWICMLIDJ-MMKFELLXSA-N,162817221.0
ZVTFRRVBMAUIQW-STQMWFEESA-N,442963.0
NQHCYMOPENHUTC-VDXHGNKCSA-N,91749692.0
SFVVQRJOGUKCEG-ZRQNBYAXSA-N,442758.0
DUJNJHDYSKQHQX-SJVVKPNESA-N,
DUYRYUZIBGFLDD-ZXCYLUJYSA-N,50986224.0
JPMYFOBNRRGFNO-UHFFFAOYSA-N,5281617.0
LAJSXCAVRQXZIO-UHFFFAOYSA-N,122635.0
RUZIUYOSRDWYQF-HNNXBMFYSA-N,16754.0
TVXYDDJFAOWCAE-QFIPXVFZSA-N,15293189.0
CZIBUABEIQOGMV-YBTHPKLGSA-N,11725176.0
QGPHRCQDTPCIQI-KXBFYZLASA-N,10336244.0
DPUIHKUQXKLJMN-AVPXBJHFSA-N,12041593.0
HNOFNBVWCFKUEQ-GMPNGYBSSA-N,14134967.0
ZIVZDNPCRURPNL-QCWHEMHRSA-N,15560423.0
DQGMAYONHHBQRD-ANHKKOIRSA-N,162905380.0
CULDVLACEXGGFA-BIBURLQTSA-N,
WVNHYQZOJMNKPX-YMILTQATSA-N,51357548.0
HWBZHDDTSSDRNV-PXNSSMCTSA-N,101635421.0
BURUDCAXNNYPGK-DODNOZFWSA-N,21721976.0
OQIOHYHRGZNZCW-UHFFFAOYSA-N,95779.0
MKYUCBXUUSZMQB-MKZMYESJSA-N,44559173.0
QYVZOJWDWWFSQK-CXDJBGJCSA-N,3083698.0
GZKTYMIMRMNEII-PHYWWMGLSA-N,
JWBPWNWPEVPCMJ-ZDDLAMDLSA-N,21672184.0
WYMOHLOJGOGUOX-AIGIPMLOSA-N,11752842.0
XNLQXDUYCJUCEO-YZWUXRCDSA-N,102442732.0
HMMGKOVEOFBCAU-XTTIIYOSSA-N,71463896.0
ZOQZWYXGJUDJFV-OSLXHZNNSA-N,101036702.0
FNKOKHZCQSJJOQ-FSKLNQGISA-N,162873506.0
KOWMJRJXZMEZLD-HCIHMXRSSA-N,443023.0
IHPKGUQCSIINRJ-CSKARUKUSA-N,5281553.0
NCYCYZXNIZJOKI-MKOSUFFBSA-N,6436082.0
UZFLPKAIBPNNCA-GUOLPTJISA-N,5498521.0
LVQWSJLRSMOALG-VVEMHLHGSA-N,163188167.0
OTMMVLLHBWKTRV-WDGODYKHSA-N,
NHZOCAXASXRFNX-LVZFUZTISA-N,101420981.0
BAHXVCBAOSWGEE-UXGAODDKSA-N,162817375.0
AAGASLNRMNLPPK-XCNHXOCXSA-N,162816966.0
CJLHTKGWEUGORV-SAHPUCPNSA-N,129894823.0
WSRRHFFQNVXIKF-UHFFFAOYSA-N,5378285.0
UYWUMFGDPBMNCA-RMEBNNNOSA-N,102469378.0
ZERVJPYNQLONEK-UHFFFAOYSA-N,97176.0
CXQWRCVTCMQVQX-LSDHHAIUSA-N,439533.0
CURDSHVMYFYNIX-JHZBLSHSSA-N,
FZSKMKOCZZKCJL-YUMQZZPRSA-N,15490990.0
TXAQUMCUNALGRP-XNWCZRBMSA-N,14102503.0
PXGWEUQZDRUMRE-OATDPVDDSA-N,
PVWOAELREUNHIO-OFOYKKCZSA-N,10951645.0
LSGOTAXPWMCUCK-RYUDHWBXSA-N,119404.0
IEQTVHJLWRGNIY-ANWQMKQLSA-N,390635.0
KIGVXRGRNLQNNI-UHFFFAOYSA-N,5281603.0
HFAMSEZTLMXOQW-NLJOTIRTSA-N,101635422.0
IKIAXVIGUJMLHC-UHFFFAOYSA-N,10469084.0
LSWNERGQFCAXLI-UGQBQGGASA-N,102080268.0
QPGVBFHVYONDKH-ZVVMTAGSSA-N,101259325.0
FLJKFRKXSGKIEW-SALNZWLLSA-N,162875295.0
POVAFNRPXXHBIY-FLNFIHQSSA-N,
FZUJHUDJFJCWMT-BPARTEKVSA-N,16737250.0
JEDNLJZPCBQXBM-XAZQRVJJSA-N,
PYXFVCFISTUSOO-HKUCOEKDSA-N,11213350.0
ZYVBPTWKKGRSOZ-UHFFFAOYSA-N,5742694.0
PHEDXBVPIONUQT-RGYGYFBISA-N,27924.0
KHLPDTYRBPBNQT-HZCXZMENSA-N,
OFFATORNHROHHC-ZFLKZFMKSA-N,162817165.0
WXFBEVMEUYFOBV-CLBVLKOUSA-N,14137534.0
NHBJWMZRJYBAPG-KJWHEZOQSA-N,10613353.0
GOYZKWCPWBKPIG-KDSQYEHRSA-N,40469567.0
FKOHDMCBBJCJTR-RRQKKLPUSA-N,162816894.0
GRUOWKYRKACQKC-VURMDHGXSA-N,90477849.0
AZHOJNKUISNFQR-MCQBNALESA-N,10100240.0
XHXVLRZUTJFZBB-FVSJBEQDSA-N,163054860.0
BDHQMRXFDYJGII-JZNYUXJGSA-N,162896984.0
DCBAVUVLEYSTPU-ZTPVQENVSA-N,3041569.0
PUZSUVGRVHEUQO-UHFFFAOYSA-N,188287.0
AXEYDQJDBPTEEC-DXGKXZIESA-N,25149680.0
IGZTUJRKEARSBP-SNAWJCMRSA-N,137655968.0
RATVKISXWJHNNK-UHFFFAOYSA-N,13970980.0
MYEJFUXQJGHEQK-ALRJYLEOSA-N,5284613.0
AMHCJQBKGMEAAJ-NZBPQXDJSA-N,159088.0
KQAZVFVOEIRWHN-NXEZZACHSA-N,637518.0
UGEKWKMLXLFVIY-UHFFFAOYSA-N,5378563.0
DDNPCXHBFYJXBJ-UHFFFAOYSA-N,5352032.0
ACKIMLHJQRKFGM-OADKUMFESA-N,13895576.0
QEDQTNZVGXGFNQ-MSIUMDTJSA-N,162898922.0
OFNNCYXBLIBSIA-CAYFRMNOSA-N,
JYJNQZBODMZAMR-UHFFFAOYSA-N,135496998.0
YCCILVSKPBXVIP-UHFFFAOYSA-N,10393.0
HFGSQOYIOKBQOW-MMNUXRFXSA-N,165244.0
OLSFSBZBHVQLQE-ULFJVPDTSA-N,15431310.0
FKBUODICGDOIGB-PFFFPCNUSA-N,482788.0
FDRQPMVGJOQVTL-DEFKTLOSSA-N,5320834.0
TVKPTWJPKVSGJB-XHCIOXAKSA-N,259577.0
KWKAKUADMBZCLK-UHFFFAOYSA-N,8125.0
HPJYKMSFRBJOSW-JHSUYXJUSA-N,14631.0
CHJUUYNOFCOGKI-DVUMJMSNSA-N,162817498.0
RKDOFSJTBIDAHX-CYHLAULCSA-N,3035235.0
XXKIWCKZQFBXIR-PVJCQVCVSA-N,44257802.0
UVUMZODIKWHGKJ-IGINXWQHSA-N,162856549.0
YFTRUHDULQIREQ-BKAUMLNMSA-N,
OLBJZJJCPIJGGV-FKFNPBDMSA-N,11034960.0
QIQNNBXHAYSQRY-RLKGBJSKSA-N,59938006.0
XDMJJZUUHWWITI-WGULRKJNSA-N,163185888.0
XKNZYDKRYPYTHS-WNZZMIDNSA-N,162948073.0
YIFOLXBSBFRWMW-ZSXVYUFLSA-N,162817486.0
FWZFJTSLNSCMKS-UFBIDWOVSA-N,162972756.0
ZJWUNKIZXJVIDL-UHFFFAOYSA-N,44259654.0
GUAFOGOEJLSQBT-UHFFFAOYSA-N,8417.0
FREVCFKUUWCACL-SHDLGAEZSA-N,162900718.0
UPTXDGJFJGCFDE-NASSATPLSA-N,643463.0
OCZOZMSHTPWVFR-UHFFFAOYSA-N,10902125.0
ZKGFAIXNJVVISV-KJAYNUCNSA-N,162816858.0
CAHGCLMLTWQZNJ-BQNIITSRSA-N,246983.0
ZSPZNFOLWQEVQJ-UHFFFAOYSA-N,5380905.0
NFLGAXVYCFJBMK-BDAKNGLRSA-N,26447.0
SOSLMHZOJATCCP-AEIZVZFYSA-N,5316673.0
VLGATXOTCNBWIT-UHFFFAOYSA-N,124219.0
YSXFFLGRZJWNFM-UHFFFAOYSA-N,5320462.0
IRAQOCYXUMOFCW-CXTNEJHOSA-N,12302594.0
PSZRHBIWRDBKCP-JCDBWPDUSA-N,163048924.0
WKKJGHCXVKEJNU-AIEDFZFUSA-N,163186908.0
DCKYPAZZUYXYTC-BPKGBABQSA-N,13559484.0
NSBSOFPYQQNEGC-CKBZRRDASA-N,6431049.0
YXHLIRULWWQBDY-ODAKNHJPSA-N,476781.0
AHSAHDDQVBSJOO-TUJVHQDSSA-N,162860195.0
RNKMOGIPOMVCHO-SJMVAQJGSA-N,452707.0
SLRCCWJSBJZJBV-ZQDZILKHSA-N,644020.0
CFIGQZRNNIVKKQ-WJBWUEBSSA-N,163190111.0
OEIJRRGCTVHYTH-UHFFFAOYSA-N,3707243.0
SWEUJTWPRYKNNX-NLRQXZAZSA-N,44559213.0
CQMKGWHJFNHDAO-VHJWZVFHSA-N,10509988.0
RDNOHEMCCBNRKQ-UHFFFAOYSA-N,11348400.0
XBVOZSJFNAJUFL-QFHAMKMBSA-N,162901286.0
AQNMVDGKNNYAEW-RTXFEEFZSA-N,12612679.0
ZWERTNOSRULRHC-GSFVCHAYSA-N,91747353.0
XVHCBOXBWSMNHG-GJZGRUSLSA-N,11015040.0
UTBKBZAPMAXVDW-XCLYCKQCSA-N,162817168.0
UQUXMBDAOCUYHF-UHFFFAOYSA-N,2421196.0
FWWNLOWYXNKFGQ-HEUGMUGPSA-N,14021364.0
YPYLYENYJGSTFI-PPBNYVJASA-N,162918594.0
UAJHVFUBIKCODA-GWIFJHRUSA-N,6428412.0
BMLIIPOXVWESJG-KEDVUCMTSA-N,12442785.0
BKIMMITUMNQMOS-UHFFFAOYSA-N,8141.0
UAZRHHCHUYOJQV-RBZFPXEDSA-N,
CCIMZPYSIJENDN-UHFFFAOYSA-N,123784052.0
PMKDGKVUENNUGX-BHIYPIOTSA-N,163064468.0
JAZBEHYOTPTENJ-JLNKQSITSA-N,446284.0
MRDSLKDJHBMGDV-ROASGFDQSA-N,11013502.0
IBGJLDKOSKHFMF-VIFPVBQESA-N,162901611.0
QWUHUBDKQQPMQG-UHFFFAOYSA-N,31161.0
AXVZFRBSCNEKPQ-UHFFFAOYSA-N,9727.0
BQFFLYRIKODYEN-CXNFULCWSA-N,164245.0
DONUVZIVKLIMJU-UHFFFAOYSA-N,100605.0
MIBAZEBIDCWHGM-UHFFFAOYSA-N,44257359.0
MVFHOCUIRUKOFG-GGZSPTBLSA-N,14633017.0
HMUALSPYTCBDSS-IOPCRRJQSA-N,
IAFONZHDZMCORS-QNSHHTMESA-N,6430800.0
PYVSHVUPVKOSBE-VMHFPLFZSA-N,101376366.0
RQWUCKAGEHUROY-XKPOVMHPSA-N,5459237.0
WUADCCWRTIWANL-UHFFFAOYSA-N,5280373.0
YXNSRUQZUQFDQO-HZTOAZILSA-N,101713118.0
RLGFHKHTPKPCDA-OXIQGZBJSA-N,162816845.0
WBAFGFSOTAHUMN-ARCXIGLMSA-N,11025168.0
UROPGAQBZGIPQC-AHKAPRBGSA-N,455328.0
YTAHOSKRQAPAOS-KZQZDMISSA-N,
XHTOWVVXFDSBGH-XBXARRHUSA-N,11267805.0
AIBMPOJXBGZIPQ-KWPIFUAOSA-N,162927841.0
NPHHLSOQKLWOCK-ILYVBGSMSA-N,162878838.0
IHHPFEMYUJZPAU-SUEXORNVSA-N,102372184.0
WEROHVUUBZUWOZ-RTPXSMORSA-N,68112493.0
BYTQURZUKRLNDH-ZVOPPPCBSA-N,101674070.0
CVISOHZWXIVDFN-NCQNVFRYSA-N,
LHYHMMRYTDARSZ-AJNGGQMLSA-N,3084331.0
UASZOTVHPVEMQR-JKIOLJMWSA-N,6431301.0
JGHZJRVDZXSNKQ-UHFFFAOYSA-N,8091.0
CLNDAYOHEVNSFF-JSMVRMJPSA-N,163003405.0
YFOHYGYAAZXXFL-YARMFWEBSA-N,24865737.0
CZQLULNMKQAIQL-KRSUJMQCSA-N,91746991.0
QCLJCHLNAUUSNX-DJNRTHQISA-N,14681668.0
XGVJWXAYKUHDOO-DANNLKNASA-N,72378.0
RWGXYCYZBYORPO-QHSPPURNSA-N,162970576.0
HUNLTIZKNQDZEI-PGFZVWMDSA-N,101690.0
DARHCWIFQPMQTB-NRVKTMTASA-N,25107461.0
JGOFSHMHNOXTRH-RRMOSLQNSA-N,21160273.0
GIKBDCAZNWERSV-PNLQBJFWSA-N,
RTATXGUCZHCSNG-WLPGYADJSA-N,20055286.0
FBPFZTCFMRRESA-KVTDHHQDSA-N,6251.0
ZTLZGWDERZVHNS-AEJCFSGASA-N,14463052.0
LRSQFPDKYLRQEO-UHFFFAOYSA-N,101762594.0
VRMHCMWQHAXTOR-FNAHDJPLSA-N,162854057.0
NUSPBUAVDKDEAT-BSIFCXSSSA-N,44472193.0
JYWPCJDFYIJMEM-UHFFFAOYSA-N,14726963.0
BIPHTXZNUUXTIC-GHNMMOQISA-N,44217932.0
SGRWYYPNERHJAA-QQKNXDGQSA-N,
QISGCNZPAGFKFT-YMIBRCGYSA-N,101317805.0
OCGIXADHTXAPKN-MDZDMXLPSA-N,5354780.0
YZFJTFVPCWEPND-QPJJXVBHSA-N,6125150.0
ZVLOPMNVFLSSAA-GSNHZRAGSA-N,10400473.0
RTGDGVVYWQUBLM-ROUKFCEHSA-N,44566366.0
UFTOFRBXNHVGSX-DSFXRNJNSA-N,
FJDUJQOYRAWLJI-BDGNCYLXSA-N,102481763.0
JCMWSVNNSPUNER-UHFFFAOYSA-N,104735.0
MCSYAAJGVRMVKY-QOMBLCQQSA-N,101316823.0
BBMKJZGHTCVFMA-KRWDZBQOSA-N,73425694.0
KQEADOUDJYBGFC-GQIGNIDQSA-N,122181904.0
KDKAMVSQBPIJFR-UHFFFAOYSA-N,162816868.0
QCOCYAQJPFXXLG-FJYJEZKOSA-N,162965115.0
GLBNIGIHMJUSCH-XZLXAPMVSA-N,163092975.0
ZCPWKZUDPGMFMG-UHFFFAOYSA-N,11231432.0
PMEAIKAPEVRFCE-YJGFUPBESA-N,101675258.0
HYZUYRMHHUNOMH-GNXJLENFSA-N,102125251.0
GWHCXVQVJPWHRF-KTKRTIGZSA-N,5281120.0
NDXSDWFOYZXARW-UHFFFAOYSA-N,11674590.0
NVEQFIOZRFFVFW-RGCMKSIDSA-N,1742210.0
RDXQYZATVQTRST-XAPHLCJXSA-N,10411474.0
UZVSMYIAXFVOFU-SWXJOAPTSA-N,162817348.0
XOLPIGVCJFIOOY-KJECZUSYSA-N,162819283.0
UKPSUWZPUAENNH-IOOTXOJLSA-N,91748009.0
PKKMITFKYRCCOL-JMZFCNQTSA-N,9576416.0
ZTLNAPYLFAYUEJ-NAZIUFLLSA-N,11021311.0
CBAZUPHAXPSNQN-ABANGKNFSA-N,163040658.0
RRKSDDREVOXSJD-VOEASNBBSA-N,10477355.0
QXKHYNVANLEOEG-UHFFFAOYSA-N,4114.0
AYXPYQRXGNDJFU-AOWZIMASSA-N,92812.0
QTVHEWFZECLXHX-AQSARAKTSA-N,
QDNMFIYGVRUVCE-LEWJYISDSA-N,442236.0
NFZYDZXHKFHPGA-QQHDHSITSA-N,11815492.0
VJQAFLAZRVKAKM-VZLIPTOUSA-N,442266.0
REPDLRAALJHCGP-UHFFFAOYSA-N,
NPUXBNSDHGPHCP-DJABAAGCSA-N,14891157.0
IRAQOCYXUMOFCW-OSFYFWSMSA-N,6431015.0
FPSMUVCMXQTXND-UHFFFAOYSA-N,5316843.0
KCIQZCNOUZCRGH-VOBQZIQPSA-N,5316262.0
PXNMNABLQWUMCX-UHFFFAOYSA-N,68230.0
BXWJOXJOMFDQNV-UHFFFAOYSA-N,3085033.0
HLBNIOHBJNNJPW-UHFFFAOYSA-N,151669.0
LZWBAZIQHWROOC-YVJUUDFCSA-N,
XJLZCPIILZRCPS-FDOILGMWSA-N,163032929.0
RTMRVVFUBOUUFM-XDQVBPFNSA-N,
NHLCPPNUWOMKTJ-ONBVZHSYSA-N,101851849.0
MPSRBJBPHXIOFN-PQFYHLTDSA-N,163017421.0
NGMZHPQMBVXJMC-DXNUVPBBSA-N,99535.0
JLTNCZQNGBLBGO-MOPGFXCFSA-N,442826.0
BHNSEWKVMCNSGO-DCXXXQMHSA-N,11111323.0
DACDCHOMOSFBCD-UKAZORFASA-N,10606202.0
SXBBYNROFIILPJ-BZMFKJDCSA-N,163030200.0
GHMLBKRAJCXXBS-UHFFFAOYSA-N,5054.0
ITYNGVSTWVVPIC-DHGKCCLASA-N,10899740.0
OFSGQKZUVVKFEX-XXDRUXBBSA-N,102469382.0
XXKIWCKZQFBXIR-SXFAUFNYSA-N,13844658.0
PREYUFUUILQIMJ-PWNZVWSESA-N,14138884.0
MMEVGUGVEZBRNH-UHFFFAOYSA-N,520412.0
SZSSWPDHIZIMCT-QCZZGDTMSA-N,10082923.0
OLFGQBKWRYLUAQ-KHXUXTKLSA-N,441927.0
WRMPENMOQASSJE-VXQIQOBDSA-N,102438589.0
CQFXDAGTICPZQS-FXRKFJGESA-N,162817469.0
ZUAINOYGSWOXKU-VKXNIWQNSA-N,162817188.0
NHXFTAGREZWYPK-OAJQMFOOSA-N,44575983.0
IGVSILAHFPDUTO-BBKCZMQOSA-N,101676953.0
BJNQXJIQCPPOHN-YVSYBRMZSA-N,163090096.0
ICEBGCDIMFYRLU-UHFFFAOYSA-N,71308199.0
KVXYZWAGVOSLQZ-UHFFFAOYSA-N,5323704.0
XDSYKASBVOZOAG-RAUXBKROSA-N,440909.0
PLWGJLHNBNMJOH-PABCKOPISA-N,10172562.0
SECPZKHBENQXJG-BQYQJAHWSA-N,5282745.0
JOCWPECWTZZSSX-MCIONIFRSA-N,51351708.0
FVOPNOOQXZXYRT-XPXZKJPRSA-N,162856041.0
WPQRDUGBKUNFJW-PJKRZSEZSA-N,163187410.0
YAHBMCAACKWCEA-XMDJUOOJSA-N,162982664.0
FSLWKIHHQUNBQK-AKZLODSSSA-N,15559800.0
MBJDYYPZJXVUHJ-HONBPKQLSA-N,71509917.0
BSRRJWBQIJEMIW-QYSXSQEUSA-N,162817350.0
KQWFKXIAVOXCLU-SREVYHEPSA-N,44269599.0
HKODIGSRFALUTA-IKZAEVNJSA-N,5281733.0
KCDXJAYRVLXPFO-UHFFFAOYSA-N,8655.0
JYFOSWJYZIVJPO-YGEZULPYSA-N,14132337.0
IQAWVYINTAIBSH-WQIYYFHDSA-N,56969896.0
ZVOLCUVKHLEPEV-UHFFFAOYSA-N,5281680.0
TYFLJOSYFLFOMY-PLYMQCKYSA-N,22297479.0
FBDUYUDFMFZSDJ-ZUGPOPFOSA-N,14332450.0
JGUNQXPMULKFNY-UHFFFAOYSA-N,443719.0
SELGEUSJRWRBQR-UHFFFAOYSA-N,5319771.0
CHRSDYCVKRENEB-BIQSSIORSA-N,162853797.0
SDENLXLNLFKRAR-UHFFFAOYSA-N,169955.0
GZZPCUUFWBQTLU-DRCFIHHFSA-N,163194756.0
CYTCTRAEJYIZRX-NXMVOXTISA-N,162953759.0
GSEDQEXTVARKJC-JTQLQIEISA-N,15512326.0
HUMNYLRZRPPJDN-UHFFFAOYSA-N,240.0
BHVMSBIGWPPGBF-LHAYROSJSA-N,489940.0
BAIRXMVFPKLWSE-UHFFFAOYSA-N,442662.0
MTVOSXTZNVKGIF-UHFFFAOYSA-N,99641.0
ZLIZOQZZLFGQRC-TWRXUGSLSA-N,
IBVPROGUDFDQRN-PZFYPTLZSA-N,160468.0
GHSRDMYBBWWNGL-NPPWKTABSA-N,13855728.0
PQQRNPDHSJDAGV-FLTNJKHGSA-N,162939866.0
NLOYJHDXNPMFKW-RGYXEVLJSA-N,10026656.0
BISZYPSIZGKOFA-QYCDPOAQSA-N,44258089.0
AEUSBLWMURRGLG-UHFFFAOYSA-N,13831944.0
JLLFUINRPWOBGS-XGHCGZTASA-N,162987203.0
QRYJIIJROYRTHF-RIQBHAJMSA-N,163022721.0
BWQSLRZZOVFVHJ-VYHDIPPYSA-N,26477.0
DMLHPCALHMPJHS-UHFFFAOYSA-N,100780.0
RDOXTESZEPMUJZ-UHFFFAOYSA-N,7519.0
MBWOCQLTCWTIJE-ZUGPOPFOSA-N,5487413.0
NGFIYFNVVARSGO-UHFFFAOYSA-N,
WRHWCTVLJBMDRR-QGYHUXHNSA-N,
VOOVDZMAQQVAEW-CCEZHUSRSA-N,5356300.0
XMVULWKEVGKECE-JORUAPMBSA-N,76326839.0
UIJZXHZBUHQMMR-XWPJAPBASA-N,102026089.0
PRGZBQOFSHAQEK-UHFFFAOYSA-N,14482774.0
XMNJPMKZYYHSAJ-HELQHENCSA-N,163073872.0
PHBXHCOARFTKGZ-OIFYJKDPSA-N,101297695.0
XLXHGROHDWBKGZ-CYMWXXARSA-N,162880774.0
JFWVVYASXBNARF-WWJCENARSA-N,162898236.0
KNVJKKJVLKDMDB-MCQNRGFLSA-N,102438587.0
FEDXVHJTGGFAHV-SPSUIZEHSA-N,11882162.0
UXGHAQBYGNOSGC-JJQYUCKESA-N,163058819.0
RTOYSWLPQVRZRW-UHFFFAOYSA-N,25069728.0
CODUJIFHJTUEBU-OAHLLOKOSA-N,162911907.0
BEHDYQAAWZWDFR-FJHINEFRSA-N,101239921.0
RZIMZQMLANTRFI-LCCNWPCHSA-N,102377294.0
LEOHDQKUMQKLMP-NUKBDRAPSA-N,5471228.0
PPQNPWHVWBVJFM-NVXXPOBFSA-N,
FLDLESGEYJXYRL-WSSXZNAXSA-N,
NHUJMCLEPMGPOW-KRWDZBQOSA-N,73212328.0
IMEYGBIXGJLUIS-UHFFFAOYSA-N,160237.0
IYMHVUYNBVWXKH-ZITZVVOASA-N,442688.0
AFXFTKGOFINZCJ-SJUWPGSNSA-N,162958405.0
PFCBOFJOXAUYRA-NYUBLWNDSA-N,14186981.0
CMHDHRBVZJATBG-HATSMHDASA-N,163188842.0
RMRNQYDAEAONQT-UHFFFAOYSA-N,25016148.0
PLAPMLGJVGLZOV-VPRICQMDSA-N,5281675.0
PDEQKAVEYSOLJX-YHYXMXQVSA-N,5281531.0
AVFIYMSJDDGDBQ-KJXYMRNQSA-N,162903758.0
AILLWNBJJGMCGQ-GYPMPWGGSA-N,
PKHLUFCZXNCIAD-UHFFFAOYSA-N,
WYBNDXYXXYAQPY-DDLHVKBFSA-N,10341615.0
IKSXXSBNUQXFLT-IMKNGZHYSA-N,121232918.0
WXPKUEOZWGDJJE-ZUZCIYMTSA-N,14830797.0
FFDULTAFAQRACT-HIGQJXKCSA-N,162941458.0
KFAKUSFWWBRWEJ-BDQQNWDUSA-N,
IJJOHFFGAGRTSP-OUNGKZOHSA-N,
WQBQUTVGOOMOBW-AQHFWPTOSA-N,162985503.0
YDLHKSVFBRKLJF-IIZANFQQSA-N,102476187.0
SIDQHRJSDQMJPR-UHFFFAOYSA-N,
KARUSPOBGJZEMI-SSRYDLFMSA-N,5317100.0
AUSJVHOZNUUITQ-UHFFFAOYSA-N,5086864.0
VSDWHZGJGWMIRN-UHFFFAOYSA-N,441269.0
GDVRUDXLQBVIKP-HQHREHCSSA-N,124021.0
ASFZQCLAQPBWDN-UHFFFAOYSA-N,160474.0
VNEONZFLGNRQJT-CMPLNLGQSA-N,21580105.0
BQSTWVNVLQVIEE-NTUHNPAUSA-N,102025309.0
LXTNFTYLTNCGNG-RWZVSUPFSA-N,15385514.0
AEGWYWSJGKOLGB-ZLNDBNLZSA-N,3084329.0
HCUKNXBLSIDEJS-HBTLXGFXSA-N,162944137.0
RIEOGMJFSBPALR-OQHGGBGKSA-N,163186715.0
BIFYEBAZZKWGEE-LJWBSTKJSA-N,163088873.0
ZBAPFMPUNXTWQQ-ZSBSFZBSSA-N,30547.0
QEDNXAHYDUCXTC-GEAVXESSSA-N,
STHALEIBWOLUNC-INIZCTEOSA-N,162939230.0
POMAQDQEVHXLGT-JUCVWEJLSA-N,
QBRPMUNMCISYMM-GBMYKHENSA-N,162873363.0
MNZFFNRXSBQDGD-KVUQKPLCSA-N,101361934.0
HHADFXKLJQYGKX-KZEHPBANSA-N,162927960.0
LOBTUTHTMBAWQV-XGMFOMOQSA-N,162913073.0
YEIAHHGCPUIGOQ-WKKWLSPHSA-N,163187440.0
UEFNZITZGVWLFK-VOTSOKGWSA-N,6383665.0
DHKBMMCQVXFEJY-XVNBXDOJSA-N,5945155.0
BOJKULTULYSRAS-OTESTREVSA-N,5318517.0
HEMHXTACMCBNFZ-UHFFFAOYSA-N,12110169.0
ILWOLGZTWXMYKM-LWKQYZRXSA-N,162817492.0
ZVINRYKAMMLCBM-XHRYJRALSA-N,162817566.0
DATGBSBEMJWBMW-RKDXNWHRSA-N,11019091.0
LZNQBDHNIGPIFL-UHFFFAOYSA-N,163089376.0
HLVIHBJQDKVEAL-DOPNHTQNSA-N,91277640.0
BWQSLRZZOVFVHJ-ABHRYQDASA-N,6453144.0
NTDLXWMIWOECHG-YRCFQSNFSA-N,5280746.0
NRFWQVFPTVBADN-XTCVCUHCSA-N,162854017.0
UAUOPGDBAJNVOF-UHFFFAOYSA-N,547445.0
IKGXIBQEEMLURG-NVPNHPEKSA-N,5280805.0
ADFWQBGTDJIESE-UHFFFAOYSA-N,167551.0
UROPGAQBZGIPQC-VUHMTIHWSA-N,161616.0
HHGREWJPFBZWTH-UFUHOSPJSA-N,162887373.0
LQHKFMYWTKORCE-QFIPXVFZSA-N,442153.0
MHXCIKYXNYCMHY-AUSJPIAWSA-N,332427.0
