non_plant_organisms,original_name,gbif_id,gbif_accepted_id,gbif_accepted_name,kingdom
Apis,,,,,
Apis species,,,,,
Aaptos aaptos,,,,,
Aspergillus unguis,,,,,
Aulacocephalus temmincki,,,,,
Crinipellis scabella,,,,,
Cystophora scalaris,,,,,
Eunicella cavolinii,,,,,
Ophiolepis superba,,,,,
Papilio phorcas,,,,,
Polycephalomyces nipponicus,,,,,
Rubrivivax gelatinosus,,,,,
Streptomyces parvisporogenes,,,,,
Euphorbia Antiquorum,,,,,
Radix euphorbiae pekinensis,,,,,
soybean,,,,,
Canscora Decussata,,,,,
Gyrophora hyperborea,,,,,
Lobophytum microlobulatum,,,,,
Agaricus hortensis,,,,,
Aguacate,,,,,
Alligator mississippiensis,,,,,
Aromia moschata,,,,,
Artemisia Annua,,,,,
Bitter bush,,,,,
Cacia concinna,,,,,
Caulis perillae,,,,,
Caulis perillae frutescentis,,,,,
Cetraria aculeata,,,,,
Cinamomum cassia,,,,,
Cinnamon,,,,,
Citrus Aurantifolia,,,,,
Citrus Sinensis,,,,,
Cladonia evansii,,,,,
Clonostachys rosea,,,,,
Coccus fagi,,,,,
Fusarium gibbosum,,,,,
Herba ecliptae prostratae,,,,,
Heterotropa,,,,,
Homo sapiens,,,,,
Houttuynia Cordata,,,,,
Jaspis stellifera,,,,,
Jugo,,,,,
Kumquat,,,,,
Lactarius scrobiculatus,,,,,
Lactobacillus casei,,,,,
Lippia Myriocephala,,,,,
Mentha Piperita,,,,,
Methylosinus trichosporium,,,,,
Mortierella elongata,,,,,
Mycobacterium tuberculosis,,,,,
Nasutitermes ephratae,,,,,
Nasutitermes nigriceps,,,,,
Pagrus major,,,,,
Parmelia vittata,,,,,
Peltigera aphthosa,,,,,
Pericarpium citri,,,,,
Pericarpium citri reticulatae,,,,,
Pericarpium citri reticulatae viride,,,,,
Petriella guttulata,,,,,
Pheidole pallidula,,,,,
Phyllobates aurotaenia,,,,,
Pinus spp,,,,,
Pinus spp.,,,,,
Pocillopora damicornis,,,,,
Protaetia cuprea,,,,,
Pseudallescheria boydii,,,,,
Pseudopterogorgia kallos,,,,,
Pyrosoma giganteum,,,,,
Radix chuanxiong,,,,,
Radix et rhizoma anisochili,,,,,
Rhinella arenarum,,,,,
Rhizobium phaseoli,,,,,
Rhizoma ahemones daddeanae,,,,,
Rhizoma chuanxiong,,,,,
Rosmarinus Officinalis,,,,,
Septoria pistaciarum,,,,,
Spongia maynardii,,,,,
Stereocaulon sasakii,,,,,
Stoeba extensa,,,,,
Streptomyces althioticus,,,,,
Streptomyces fumanus,,,,,
Streptomyces lavendofoliae,,,,,
Streptomyces odorifer,,,,,
Streptomyces violaceochromogenes,,,,,
Stypopodium flabelliforme,,,,,
Talaromyces luteus,,,,,
Thymus,,,,,
Thymus Carmanicus,,,,,
Torulopsis magnoliae,,,,,
Trifoliate orange,,,,,
Trypetheliopsis boninensis,,,,,
Turbo argyrostoma,,,,,
West African Pepper,,,,,
Xenia puertogalerae,,,,,
basil,,,,,
candyleaf,,,,,
cicely,,,,,
common myrtle,,,,,
common sunflower,,,,,
corn mint,,,,,
garlic,,,,,
marjoram,,,,,
parsley,,,,,
pomegranate,,,,,
rooibos,,,,,
tarragon,,,,,
tomato,,,,,
water mint,,,,,
Anarsia lineatella,,,,,
Andinobates fulguritus,,,,,
Anoplophora chinensis,,,,,
Armillaria edodes,,,,,
Bridelia Retusa,,,,,
Comaster multifida,,,,,
Daucus Carota,,,,,
Ecionemia geodides,,,,,
Heterotropha nipponca,,,,,
Lachnoanaerobaculum saburreum,,,,,
Myristica,,,,,
Penicillium cinerascens,,,,,
Rhizoma arisaema cum bile,,,,,
Rhodobacter sphaeroides,,,,,
Sordaria araneosa,,,,,
Streptomyces amakusaensis,,,,,
Volema,,,,,
Cortinarius viola,,,,,
Lissoclinum japonicum,,,,,
Pseudomonas syringae,,,,,
Saccharothrix mutabilis subsp. capreolus,,,,,
Sinularia leptoclados,,,,,
Streptomyces naraensis,,,,,
Crassostrea virginica,,,,,
Erythrina Variegata,,,,,
Macrocentrus cingulum,,,,,
Sophora Flavescens,,,,,
Usnea japonica,,,,,
liquorice,,,,,
Clitocybe phosphorea,,,,,
Hypogymnia billardieri,,,,,
Lecidea tumida,,,,,
Streptomyces violaceusniger,,,,,
Actinobacillus pleuropneumoniae,,,,,
Aspergillus unilateralis,,,,,
Asterias rubens,,,,,
Chroogomphus rutilus,,,,,
Chrysolina fastuosa,,,,,
Dolichospermum affine,,,,,
Enterococcus faecalis,,,,,
Eriogaster lanestris,,,,,
Fusarium sambucinum,,,,,
Ganoderma australe,,,,,
Heterocentrotus mammillatus,,,,,
Igernella notabilis,,,,,
Ircinia aruensis,,,,,
Melibe leonina,,,,,
Mola mola,,,,,
Nephroma antarcticum,,,,,
Oceanapia phillipensis,,,,,
Ophioplocus japonicus,,,,,
Pentapora fascialis,,,,,
Phalium undulatum,,,,,
Phomopsis archeri,,,,,
Phyllospongia madagascarensis,,,,,
Procambarus clarkii,,,,,
Puccinia coronata,,,,,
Salvia Plebeia,,,,,
Streptomyces purpeofuscus,,,,,
Tridacna gigas,,,,,
Tropiometra afra,,,,,
Turbinellus floccosus,,,,,
Wallago attu,,,,,
A new engineered strain of Saccharomyces cerevisiae SR7 [tHMGR1 ERG10],,,,,
Actinoplanes awajinensis,,,,,
Anabaena sphaerica,,,,,
Duranta Repens,,,,,
Engleromyces goetzei,,,,,
Fusarium vasinfectum,,,,,
Gibberella lateritium,,,,,
Jaspis digonoxea,,,,,
Kitasatospora kifunensis,,,,,
Malagasy connaraceous,,,,,
Oroxylum Indicum,,,,,
Polygonum Hydropiper,,,,,
Scoparia Dulcis,,,,,
Scoparia dulcis,,,,,
Scutellaria Barbata,,,,,
Scutellaria Indica,,,,,
Stereocaulon spathuliferum,,,,,
Tolypothrix byssoidea,,,,,
Achromobacter piechaudii,,,,,
Ganoderma capense,,,,,
Goniodoma pseudogoniaulax,,,,,
Streptomyces mediolani,,,,,
Streptomyces nashvillensis,,,,,
Streptomyces sahachiroi,,,,,
Ascodesmis sphaerospora,,,,,
Lactarius fuliginosus,,,,,
White sapote,,,,,
Aca sellowiana,,,,,
Briareum asbestinum,,,,,
Bunodosoma caissarum,,,,,
Colobocentrotus atratus,,,,,
Elizabethkingia meningoseptica,,,,,
Eupolyphaga sinensis,,,,,
Eutypella scoparia,,,,,
Lycopersicon Esculentum,,,,,
Mantella aurantiaca,,,,,
Morus Nigra,,,,,
Nidula candida,,,,,
Olea Europaea,,,,,
Ophiocoma scolopendrina,,,,,
Penicillium citreonigrum,,,,,
Spodoptera eridania,,,,,
Streptomyces ehimensis,,,,,
Streptomyces griseovariabilis,,,,,
Tethya amamensis,,,,,
potato,,,,,
Eastern groundsel,,,,,
Emilia Sonchifolia,,,,,
Petasites Japonicus,,,,,
mango tree,,,,,
Bacillus subtilis,,,,,
Perenniporia ochroleuca,,,,,
Pholiota squarrosa,,,,,
Phormidium sp,,,,,
Reticulitermes flavipes,,,,,
Tolypocladium ophioglossoides,,,,,
Uga sinensis,,,,,
Armillaria mellea,,,,,
Cortispongilla barroisi,,,,,
Tricholoma populinum,,,,,
Annulohypoxylon cohaerens,,,,,
Aspergillus nomius,,,,,
Cherry Orange,,,,,
Citrus Aurantium,,,,,
Citrus Reticulata,,,,,
Harziella entomophila,,,,,
Mentha Spicata,,,,,
Murraya Paniculata,,,,,
Murraya sp.,,,,,
Pelvetia wrightii,,,,,
Placopecten magellanicus,,,,,
Spongia matamata,,,,,
Thymus sp.,,,,,
Lycoris Aurea,,,,,
Tribulus,,,,,
Tribulus species,,,,,
Aplysia dactylomela,,,,,
Artemisia Apiacea,,,,,
Callyspongia flammea,,,,,
Cis punctifer,,,,,
Colletotrichum gloeosporioides,,,,,
Conus tessulatus,,,,,
Coprinopsis atramentaria,,,,,
Dictyopteris undulata,,,,,
Echinaster echinophorus,,,,,
Hypselodoris infucata,,,,,
Lobophytum chevalieri,,,,,
Methylobacterium rhodinum,,,,,
Miltochrista calamina,,,,,
Neopetrosia exigua,,,,,
Parmelia caraccensis,,,,,
Penicillium nalgiovense,,,,,
Phellodendron Amurense,,,,,
Ricasolia virens,,,,,
Suberea mollis,,,,,
Thelephora palmata,,,,,
Tolypothrix tenuis,,,,,
Anaptychia speciosa,,,,,
Anthopleura elegantissima,,,,,
Apis mellifera,,,,,
Ardisia Solanacea,,,,,
Artemisia Vulgaris,,,,,
Asterias forbesi,,,,,
Asterias glacialis,,,,,
Briareum violacea,,,,,
Calendula sp.,,,,,
Canarium sp.,,,,,
Cetraria pinastri,,,,,
Chalciporus piperatus,,,,,
Chromodoris willani,,,,,
Cladonia amaurocraea,,,,,
Cladonia macaronesica,,,,,
Comamonas testosteroni,,,,,
Coronophora gregaria,,,,,
Corticium caeruleum,,,,,
Ctenodiscus crispatus,,,,,
Cyathus helenae,,,,,
Dactylosporangium aurantiacum,,,,,
Daphne mucronata,,,,,
Dendrodoris krebsii,,,,,
Diaphus suborbitalis,,,,,
Didemnum inarmatum,,,,,
Diospyros Ebenum,,,,,
Diospyros Kaki,,,,,
Diospyros Montana,,,,,
Diploschistes cretaceus,,,,,
Dolichospermum viguieri,,,,,
Erythroxylum Coca,,,,,
Escherichia coli W√É√Ç4IB4 [budB ilvCFBR ilvD kdcA adhAFBR ldhA adhE pta frdA],,,,,
Euphorbia Hirta,,,,,
Ficus Variegata,,,,,
Ficus sp.,,,,,
Formica fusca,,,,,
Fucus spiralis,,,,,
Great yellow gentian,,,,,
Haminoea orbignyana,,,,,
Hyrtios eubamma,,,,,
Inula Cappa,,,,,
Laetiporus versisporus,,,,,
Lecanora lividocinerea,,,,,
Leptothorax acervorum,,,,,
Monascus purpureus,,,,,
Mycena haematopus,,,,,
Mycobacterium leprae,,,,,
Negombata magnifica,,,,,
Nephroma australe,,,,,
Olea sp.,,,,,
Oophaga speciosa,,,,,
Ophiarthrum elegans,,,,,
Parerythropodium fulvum,,,,,
Pestalotiopsis virgatula,,,,,
Polyphaga sinensis,,,,,
Prorocentrum micans,,,,,
Psychotria Adenophylla,,,,,
Rhynchosporium orthosporum,,,,,
Salmonella enterica subsp. enterica serovar anatum,,,,,
Scapholeberis mucronata,,,,,
Shigella flexneri,,,,,
Smenospongia echina,,,,,
Smooth hawksbeard,,,,,
Sonchus Arvensis,,,,,
Stereocaulon azoreum,,,,,
Streptomyces aureus,,,,,
Streptomyces collinus,,,,,
Streptomyces eurythermus,,,,,
Streptomyces ipomoeae,,,,,
Streptomyces misawanensis,,,,,
Streptomyces sclerotialus,,,,,
Swamp dewberry,,,,,
Thevetia Peruviana,,,,,
Tolypothrix tjipanasensis,,,,,
Trichormus hallensis,,,,,
Verpa digitaliformis,,,,,
Wrightia sp.,,,,,
Xanthoparmelia camtschadalis,,,,,
Xenoacremonium recifei,,,,,
Zanthoxylum Armatum,,,,,
bog bilberry,,,,,
common dandelion,,,,,
lettuce,,,,,
maize,,,,,
sesame,,,,,
Amphimedon terpenensis,,,,,
Ascocoryne sarcoides,,,,,
Bombina maxima,,,,,
Citrus Hystrix,,,,,
Citrus Paradisi,,,,,
Curcuma Aeruginosa,,,,,
Dacrydium cupressinum,,,,,
Ganoderma lucidum,,,,,
Helminthosporium velutinum,,,,,
Hypoxylon rubiginosum,,,,,
Jerusalem artichoke,,,,,
Mycale cecilia,,,,,
Rattus rattus,,,,,
Rhizoma zingiberis praeparata,,,,,
Rhizoma zingiberis recens preparata,,,,,
Saccharomyces pastori,,,,,
Streptomyces flocculus,,,,,
Thermotoga maritima,,,,,
Zingiber Officinale,,,,,
Agaricus blazei,,,,,
Agelas,,,,,
Petroselinum Crispum,,,,,
garden chervil,,,,,
Muriceopsis flavida,,,,,
Cyanobacterium,,,,,
Cyanobacterium sp.,,,,,
Aphis cytisorum,,,,,
Calonectria kyotensis,,,,,
Calonectria nivalis,,,,,
Candida albicans,,,,,
Euchresta Horsfieldii,,,,,
Genista sp.,,,,,
Sophora Japonica,,,,,
Sophora Tomentosa,,,,,
Sophora Tonkinensis,,,,,
Streptomyces filamentosus,,,,,
Uresiphita reversalis,,,,,
Candelaria concolor,,,,,
Chiton tuberculatus,,,,,
Cladonia impexa,,,,,
Cladosporium cucumerinum,,,,,
Cymbastela coralliophila,,,,,
Cynara Scolymus,,,,,
Dytiscus marginalis,,,,,
Emericellopsis salmosynnemata,,,,,
Lactarius sanguifluus,,,,,
Littorina littorea,,,,,
Paracoccus denitrificans,,,,,
Preussia aemulans,,,,,
Pyxine coccifera,,,,,
Rhizoctonia repens,,,,,
Sarcophyton buitendijki,,,,,
Streptomyces purpurogeneiscleroticus,,,,,
Streptomyces roseoverticillatus,,,,,
Taonia australasica,,,,,
Amathia pinnata,,,,,
Anacystis montana,,,,,
Anolis lineatopus,,,,,
Aspergillus mutabilis,,,,,
Asterospicularia laurae,,,,,
Aurelia aurita,,,,,
Blastochloris viridis,,,,,
Bohadschia vitiensis,,,,,
Brassica Juncea,,,,,
Caenorhabditis elegans,,,,,
Capsella sp.,,,,,
Cochlearia sp.,,,,,
Colpomenia sinuosa,,,,,
Drechslera avenae,,,,,
Erylus trisphaerus,,,,,
FOOD SAKE,,,,,
Felimida luteorosea,,,,,
Foeniculum Vulgare,,,,,
Globularia sp.,,,,,
Iris sp.,,,,,
Leathesia nana,,,,,
Lobophytum schoedei,,,,,
Lycopus sp.,,,,,
Melissa sp.,,,,,
Neurospora sitophila,,,,,
Nostoc spongiaeforme,,,,,
Phaeolus schweinitzii,,,,,
Pseudoalteromonas luteoviolacea,,,,,
Radix glycyrrhizae uralensis,,,,,
Sia ferox,,,,,
Sinapis sp.,,,,,
Sinularia depressa,,,,,
Streptomyces argenteolus,,,,,
Streptomyces avermectinius,,,,,
Streptomyces pentaticus,,,,,
Trichoderma koningi,,,,,
Usnea undulata,,,,,
Viola sp.,,,,,
Vitis Vinifera,,,,,
broad bean,,,,,
cacao,,,,,
Alexandrian laurel,,,,,
Amphimedon complanata,,,,,
Anisomeles Indica,,,,,
Aplysina fistularis,,,,,
Aplysina lacunosa,,,,,
Callyspongia fallax,,,,,
Calophyllum Inophyllum,,,,,
Chondrosia reniformis,,,,,
Diploschistes violarius,,,,,
Fuligo aurea,,,,,
Fusarium avenaceum,,,,,
Fusarium sacchari,,,,,
Gymnoascus reesii,,,,,
Harrisina brillians,,,,,
Lepra ophthalmiza,,,,,
Lumbricus terrestris,,,,,
Mycale laevis,,,,,
Myrmekioderma rea,,,,,
Ochrolechia pallescens,,,,,
Ophiocordyceps sinensis,,,,,
Parantica melaneus,,,,,
Penicillium brocae,,,,,
Pertusaria ophthalmiza,,,,,
Phycomyces blakesleeanus,,,,,
Podospora curvicolla,,,,,
Polyporus umbellatus,,,,,
Salpa thompsoni,,,,,
Scymnorhinus lichi,,,,,
Sea lettuce,,,,,
Semen astragali complanati,,,,,
Silybum Marianum,,,,,
Smenospongia aurea,,,,,
Sphaceloma randii,,,,,
Sporobolomyces odorus,,,,,
Streptomyces coelicoflavus,,,,,
Streptomyces saraceticus,,,,,
Streptomyces sp. NP10,,,,,
Streptomyces sp. mNP10_C12-2,,,,,
Svenzea zeai,,,,,
Tomophagus colossus,,,,,
Tornabea scutellifera,,,,,
Tripneustes esculentus,,,,,
Xestospongia muta,,,,,
chia,,,,,
peanut,,,,,
Rinodina lepida,,,,,
Vibrio cholerae,,,,,
Aegle Marmelos,,,,,
Aegle sp.,,,,,
Angelica Dahurica,,,,,
Angelica Sinensis,,,,,
Angelica sp.,,,,,
Angelica spp.,,,,,
Apium sp.,,,,,
Ashitaba,,,,,
Aspergillus flavus,,,,,
Axinella polycapella,,,,,
Azospirillum lipoferum,,,,,
Azotobacter chroococcum,,,,,
Cladonia squamosula,,,,,
Cnidium Monnieri,,,,,
Coprinus atramentarius,,,,,
Cornicularia normoerica,,,,,
Cystoseira caespitosa,,,,,
Earias insulana,,,,,
Esenbeckia,,,,,
Esperiopsis edwardii,,,,,
Glehnia Littoralis,,,,,
Hypholoma capnoides,,,,,
Hypoxylon sclerophaeum,,,,,
Indian beech tree,,,,,
Isis hippuris,,,,,
Lactarius deliciosus var. deterrimus,,,,,
Myelois cribrella,,,,,
Pastinaca sp.,,,,,
Pastinaca spp.,,,,,
Siphula applanata,,,,,
Spongia hispida,,,,,
Thermus thermophilus,,,,,
Tilletia levis,,,,,
Ulosa spongia,,,,,
Chromolaena Odorata,,,,,
Ficus Altissima,,,,,
Aleochara curtula,,,,,
Alpinia,,,,,
Alpinia spp.,,,,,
Anaxyrus americanus,,,,,
Andrographis Paniculata,,,,,
Apis mellifica,,,,,
Cinnamomum Cassia,,,,,
Eddoe,,,,,
Globularia spp.,,,,,
Hericium erinaceus,,,,,
Lentinus tigrinus,,,,,
Lycium Chinense,,,,,
Matsutake,,,,,
Medicago Sativa,,,,,
Melicertus plebejus,,,,,
Mexican propolis,,,,,
Oleum cinnamomi,,,,,
Phialophora alba,,,,,
Phyllanthus sp.,,,,,
Pisum Sativum,,,,,
Plantago Major,,,,,
Pleurocybella porrigens,,,,,
Ramulus cinnamomi,,,,,
Ramulus cinnamomi preparata,,,,,
Rehmannia Glutinosa,,,,,
Scrophularia Ningpoensis,,,,,
Spina gleditsiae,,,,,
Streptomyces,,,,,
Streptomyces NIO 10068,,,,,
Streptomyces ambofaciens,,,,,
Streptomyces ambofaciens BI0048,,,,,
Streptomyces lividans,,,,,
Streptomyces maritimus,,,,,
Streptomyces sp. SCSIO 11863,,,,,
Tarenna Attenuata,,,,,
Taro,,,,,
Tetrapanax Papyriferus,,,,,
asparagus,,,,,
Agaricus campestris,,,,,
Atelopus chiriquiensis,,,,,
Bos taurus,,,,,
Bubalus bubalis,,,,,
Takifugu niphobles,,,,,
Xenia crassa,,,,,
pomelo,,,,,
borage,,,,,
Ala cornuta,,,,,
Botryllus tyreus,,,,,
Chilo sacchariphagus,,,,,
Poria obliqua,,,,,
Aethalium septicum,,,,,
Armina maculata,,,,,
Aspergillus ruber,,,,,
Botryotrichum murorum,,,,,
Ceratiomyxa fruticulosa,,,,,
Conopeum seurati,,,,,
Cortinellus berkeleyanus,,,,,
Marasmius graminum,,,,,
Pholas dactylus,,,,,
Pinna muricata,,,,,
Pinus masoni,,,,,
Polycitor adriaticus,,,,,
Rhizopus oryzae,,,,,
Russula queletii,,,,,
Scytalidium uredinicola,,,,,
Siphula roccellaeformis,,,,,
Streptomyces griseoaurantiacus,,,,,
Suillus granulatus,,,,,
Umbilicaria pustulata,,,,,
Xylaria hypoxylon,,,,,
Ascochyta viciae,,,,,
Davidsoniella virescens,,,,,
Lecanora kukunorensis,,,,,
Saccharomyces cerevisiae,,,,,
Setosphaeria holmii,,,,,
snap bean,,,,,
Arthrobotrys oligospora,,,,,
Arthropsis truncata,,,,,
Aspergillus foveolatus,,,,,
Blepharisma japonicum,,,,,
Caria ino,,,,,
Castor fiber,,,,,
Cetraria ciliaris,,,,,
Complex-toothed flying squirrel,,,,,
Cutleria multifida,,,,,
Cyphus niveus,,,,,
Deltocyathus magnificus,,,,,
Dermocybe splendida,,,,,
Doriopsilla areolata,,,,,
Doris verrucosa,,,,,
Felimare midatlantica,,,,,
Henricia aspera,,,,,
Isodon sp.,,,,,
Melaleuca leucadendron,,,,,
Menisporopsis theobromae,,,,,
Myliobatis aquila,,,,,
Penicillium pedemontanum,,,,,
Pholiota adiposa,,,,,
Piptoporus australiensis,,,,,
Protoparmeliopsis peltata,,,,,
Psidium Guajava,,,,,
Psidium sp.,,,,,
Pteraster multipes,,,,,
Rathayibacter rathayi,,,,,
Retiboletus ornatipes,,,,,
Rubus Alceaefolius,,,,,
Salmacis sphaeroides,,,,,
Scarlet firethorn,,,,,
Spirographis spallanzani,,,,,
Spongia officinalis,,,,,
Streptomyces tauricus,,,,,
Talaromyces aculeatus,,,,,
Ternstroemia Gymnanthera,,,,,
Triopha carpenteri,,,,,
Ustilago sphaerogena,,,,,
Candida albicaus,,,,,
Neodiprion sertifer,,,,,
Petalonia fascia,,,,,
Phoma violacea,,,,,
Bufo gargarizans,,,,,
Bufo melanostictus,,,,,
Caulis millettiae,,,,,
Caulis spatholobi,,,,,
Duttaphrynus melanostictus,,,,,
Radix rehmanniae,,,,,
Semen sojae praeparata,,,,,
Axinyssa tethyoides,,,,,
Bretschneidera Sinensis,,,,,
Bulbophyllum Odoratissimum,,,,,
Clathria reinwardti,,,,,
Echinus auritus,,,,,
Eremophila spp.,,,,,
Graphiopsis chlorocephala,,,,,
Mexican Brown Propolis,,,,,
Negombata corticata,,,,,
Panagrellus redivivus,,,,,
Parmelia quercina,,,,,
Polyporus confluens,,,,,
Propolis,,,,,
Pseudophryne australis,,,,,
Thamnophis butleri,,,,,
Trichothecium sympodiale,,,,,
'prosuberites' laughlini,,,,,
Alloascoidea hylecoeti,,,,,
Anemone clematis,,,,,
Annulohypoxylon truncatum,,,,,
Annulusmagnus triseptatus,,,,,
Armillaria tabescens,,,,,
Aspergillus citricus,,,,,
Beta Vulgaris,,,,,
Cyerce cristallina,,,,,
Doriopsilla albopunctata,,,,,
Flavoparmelia caperata,,,,,
Lecanora stenotropa,,,,,
Neonectria fuckeliana,,,,,
Nereis vancaurica,,,,,
Nummularia discreta,,,,,
Parmelia pseudoreticulata,,,,,
Phora scalaris,,,,,
Physcia aegialita,,,,,
Pseudopterogorgia americana,,,,,
Pyura sacciformis,,,,,
Sarcophyton glaucum,,,,,
Semen alpiniae katsumadai,,,,,
Spirastrella inconstans,,,,,
Spongia communis,,,,,
Streptomyces diastatochromogenes,,,,,
Triticum Aestivum,,,,,
Dipsacus Asper,,,,,
Lonicera Japonica,,,,,
Mentzelia sp.,,,,,
Neolentinus lepideus,,,,,
Neonauclea Sessilifolia,,,,,
Nyctanthes Arbor,,,,,
Patrinia Villosa,,,,,
Porthetria dispar,,,,,
Sinoadina Racemosa,,,,,
Streptomyces nitrosporeus,,,,,
Strychnos Axillaris,,,,,
Strychnos Ignatii,,,,,
Strychnos Nux,,,,,
Anochetus mayri,,,,,
Antrodia camphorata,,,,,
Aplysilla spinifera,,,,,
Arcopilus aureus,,,,,
Arthrinium arundinis,,,,,
Aspergillus flavipes,,,,,
Bacillus badius,,,,,
Bacillus thuringiensis,,,,,
Barbados nut,,,,,
Caloplaca ferruginea,,,,,
Catharsius molossus,,,,,
Centraria nivalis,,,,,
Cervus elaphus,,,,,
Cetraria sanguinea,,,,,
Chromodoris petechialis,,,,,
Cryptosphaeria eunomia,,,,,
Delia coronariae,,,,,
Dendroaspis angusticeps,,,,,
Discodermia dissoluta,,,,,
Elephantopus Scaber,,,,,
Fromia milleporella,,,,,
Gonimbrasia belina,,,,,
Graphis rikuzensis,,,,,
Herba acalyphae,,,,,
Iotrochota baculifera,,,,,
Lecanora sordida,,,,,
Lechevalieria aerocolonigenes,,,,,
Lendenfeldia frondosa,,,,,
Lenzites sepiaria,,,,,
Lepraria xanthina,,,,,
Lubomirskia baicalensis,,,,,
Malacosoma americanum,,,,,
Methylobacterium extorquens,,,,,
Montipora mollis,,,,,
Nocardia alba,,,,,
Parmelia perlata,,,,,
Penicillium crustaceum,,,,,
Phallusia mammillata,,,,,
Pimelobacter simplex,,,,,
Pseudophryne coriacea,,,,,
Pterogorgia bipinnata,,,,,
Ramalina paludosa,,,,,
Reniera cratera,,,,,
Roccella fucoides,,,,,
Rugosa rugosa,,,,,
Sinularia hirta,,,,,
Sticta mougeotiana,,,,,
Streptomyces kanamyceticus,,,,,
Strombus gigas,,,,,
Suberites domuncula,,,,,
Taiwanofungus camphoratus,,,,,
Torrubiella hemipterigena,,,,,
Trididemnum solidum,,,,,
Volvariella volvacea,,,,,
Wolfiporia cocos,,,,,
Aplidium multiplicatum,,,,,
Corydalis paniculugera Rgl.,,,,,
Fumaria,,,,,
Fusarium semitectum,,,,,
Heterodermia obscurata,,,,,
Streptomyces pulveraceus,,,,,
Tachardia lacca,,,,,
Leptosphaeria,,,,,
Leptosphaeria sp. XZC04-CS-304,,,,,
leptosphaeria sp.,,,,,
Anthelia glauca,,,,,
Biscogniauxia mediterranea,,,,,
Claviceps purpurea,,,,,
Elysia halimedae,,,,,
Epinephelus drummondhayi,,,,,
Fusarium culmorum,,,,,
Laggera Alata,,,,,
Lobularia elongata,,,,,
Saussurea Lappa,,,,,
Sogatella furcifera,,,,,
Syncephalastrum racemosum,,,,,
Talaromyces purpureogenus,,,,,
Thaumetopoea pityocampa,,,,,
Bipolaris sorokiniana,,,,,
Martensia denticulata,,,,,
Pseudomonas viridiflava,,,,,
Talaromyces variabilis,,,,,
Abramis brama,,,,,
Acanthopanax Gracilistylus,,,,,
Agaricus bisporus,,,,,
Agaricus integer,,,,,
Agaricus silvaticus,,,,,
Anarhichas lupus,,,,,
Antarctic krill,,,,,
Aphanizomenon flos-aquae,,,,,
Aspergillus fumisynnematus,,,,,
Bacillus litoralis,,,,,
Bambara groundnut,,,,,
Belone belone,,,,,
Bombus terrestris,,,,,
Brachyspira hyodysenteriae,,,,,
Brevibacillus laterosporus,,,,,
Carthamus Tinctorius,,,,,
Chromodoris obsoleta,,,,,
Chroogomphus helveticus,,,,,
Coelogorgia palmosa,,,,,
Cordyceps sinensis,,,,,
Croton Tiglium,,,,,
Daldinia concentrica,,,,,
Delphinus globiceps,,,,,
Ectropis bicolor,,,,,
Erinaceus europaeus,,,,,
Esox lucius,,,,,
Esox saurus,,,,,
Flos mume,,,,,
Forking Larkspur,,,,,
Haliclona cribricutis,,,,,
Hemiselmis virescens,,,,,
Hippoglossus hippoglossus,,,,,
Holothuria atra,,,,,
Hyella caespitosa,,,,,
Hylotrupes bajulus,,,,,
Lactarius deliciosus,,,,,
Lepista irina,,,,,
Leptolyngbya tenuis,,,,,
Lepus timidus,,,,,
Leucopaxillus giganteus,,,,,
Linum Usitatissimum,,,,,
Lota lota,,,,,
Melanogrammus aeglefinus,,,,,
Methanosarcina barkeri,,,,,
Microstomus kitt,,,,,
Monomorium floricola,,,,,
Mortierella schmuckeri,,,,,
Mucor circinelloides,,,,,
Mucor javanicus,,,,,
Mus musculus,,,,,
Mus striatus,,,,,
Mycena fagetorum,,,,,
Mycosphaerella cruenta,,,,,
Nephrops norvegicus,,,,,
Nonomuraea dietziae,,,,,
Oecophylla smaragdina,,,,,
Oncorhynchus gorbuscha,,,,,
Oncorhynchus mykiss,,,,,
Ophiocordyceps heteropoda,,,,,
Ophioparma ventosa,,,,,
Pardachirus pavoninus,,,,,
Penicillium urticae,,,,,
Perilla,,,,,
Phellinus igniarius,,,,,
Pisaster giganteus,,,,,
Plakinastrella clathrata,,,,,
Potebniamyces gallicola,,,,,
Prunus Armeniaca,,,,,
Pseudomonas chlororaphis,,,,,
Psoralea Corylifolia,,,,,
Radianthus kuekenthali,,,,,
Ramalina,,,,,
Rana temporaria,,,,,
Reinhardtius hippoglossoides,,,,,
Rhodococcus erythropolis,,,,,
Rhodomicrobium vannielii,,,,,
Rhodotorula glutinis,,,,,
Rusavskia elegans,,,,,
Saccharothrix mutabilis,,,,,
Sander lucioperca,,,,,
Sebastes alutus,,,,,
Sepia officinalis,,,,,
Sinularia maxima,,,,,
Sipunculus nudus,,,,,
Stenocarpella maydis,,,,,
Stichopus horrens,,,,,
Streptomyces atratus,,,,,
Streptomyces caelestis,,,,,
Streptomyces corchorusii,,,,,
Streptomyces fervens,,,,,
Streptomyces hachijoensis,,,,,
Streptomyces lavendulae,,,,,
Streptomyces parvulus,,,,,
Streptomyces ramocissimus,,,,,
Sus scrofa,,,,,
Sus scrofa domesticus,,,,,
Talaromyces coalescens,,,,,
Talaromyces flavus,,,,,
Talaromyces vermiculatus,,,,,
Taonia atomaria,,,,,
Trichoderma citrinum,,,,,
Trichoderma viride,,,,,
Tricholoma acerbum,,,,,
Trichosanthes Kirilowi,,,,,
Tsitsikamma favus,,,,,
Umbilicaria cinereorufescens,,,,,
Unum usitatissimum,,,,,
Usnea florida,,,,,
Vicia Faba,,,,,
Xiphias gladius,,,,,
corn spurry,,,,,
Acorus Calamus,,,,,
Aspergillus candidus,,,,,
Caiman crocodilus,,,,,
Clavularia viridis,,,,,
Curcuma Aromatica,,,,,
Cyperus Rotundus,,,,,
Daldinia eschscholtzii,,,,,
Dictyopteris divaricata,,,,,
Herba artemisiae scopariae,,,,,
Homo sapiens (Exhaled breath),,,,,
Lasioderma serricorne,,,,,
Lippia Aff. aristata,,,,,
Litophyton brassicum,,,,,
Litophyton chabrolii,,,,,
Lobophora variegata,,,,,
Mastophora hutchinsoni,,,,,
Nasutitermes gracilirostris,,,,,
Nasutitermes novarumhebridarum,,,,,
Nasutitermes torresi,,,,,
Nasutitermes triodiae,,,,,
Nephthea brassica,,,,,
Oleum curcumae,,,,,
Papilio xuthus,,,,,
Peltigera venosa,,,,,
Penicillium abidjanum,,,,,
Periconia atropurpurea,,,,,
Philadelphia fleabane,,,,,
Phoma herbarum,,,,,
Radix ginseng rubra,,,,,
Radix heraclei maximi,,,,,
Rhizoma curcumae,,,,,
Sarcophyton acutangulum,,,,,
Sarcophyton ehrenbergi,,,,,
Scaphechinus mirabilis,,,,,
Scytosiphon lomentaria,,,,,
Sinularia,,,,,
Sinularia dissecta,,,,,
Solanum Tuberosum,,,,,
Sphaerella rubella,,,,,
Streptomyces prunicolor,,,,,
Tachardia acaciae,,,,,
Tolypothrix nodosa,,,,,
Umbilicaria spodochroa,,,,,
Apis mellifera ligustica,,,,,
Bohadschia argus,,,,,
Alexandrium excavatum,,,,,
Calcarisporium thermophilum,,,,,
Hygrophorus eburneus,,,,,
Plectosphaerella cucumerina,,,,,
Rhizoplaca baranowii,,,,,
Salmonella enterica subsp. enterica serovar bovismorbificans,,,,,
Toddalia Asiatica,,,,,
Xylocarpus Granatum,,,,,
Bacillus mojavensis,,,,,
Phlebia radiata,,,,,
Ilyonectria destructans,,,,,
Alternaria alternata,,,,,
Aspergillus fonsecaeus,,,,,
Aspergillus niger,,,,,
Aspergillus tubingensis,,,,,
Cladosporium herbarum,,,,,
Cladosporium herbarum IFB-E002,,,,,
Guanomyces polythrix,,,,,
Pseudococcus cryptus,,,,,
Alcyonium utinomii,,,,,
Aldisa sanguinea,,,,,
Anabaena cylindrica,,,,,
Anguilla japonica,,,,,
Aonidiella aurantii,,,,,
Aplysina archeri,,,,,
Aspergillus carneus,,,,,
Aspergillus striatus,,,,,
Cephalanceropsis gracilis,,,,,
Chlorobaculum tepidum,,,,,
Cortinarius odoratus,,,,,
Cucumis Sativus,,,,,
Diplodia quercivora,,,,,
Eleutherobia albiflora,,,,,
Gonyaulax excavata,,,,,
Gymnopus confluens,,,,,
Haliclona oculata,,,,,
Hebeloma hiemale,,,,,
Ircinia muscarum,,,,,
Jeotgalibacillus marinus,,,,,
Lasiodiplodia theobromae,,,,,
Macrolepiota neomastoidea,,,,,
Melolontha melolontha,,,,,
Neonectria coccinea,,,,,
Nicotiana Tabacum,,,,,
Nototodarus sloanii,,,,,
Paenibacillus polymyxa,,,,,
Paraphaeosphaeria minitans,,,,,
Peltigera dolichorrhiza,,,,,
Penicillium herquei,,,,,
Penicillium janczewskii,,,,,
Pseudoplexaura flagellosa,,,,,
Streptomyces TK-VL_333,,,,,
Streptomyces YIM 10049,,,,,
Streptomyces abikoensis,,,,,
Streptomyces mutabilis,,,,,
Streptomyces mutabilis sp. MII,,,,,
Streptomyces sp. G278,,,,,
Streptomyces tendae,,,,,
Streptomyces tendae TK-VL 333,,,,,
Swartschewskia papyracea,,,,,
Undaria pinnatifida,,,,,
Verongula rigida,,,,,
Vibrio parahaemolyticus,,,,,
Wallemia sebi,,,,,
Aphis sambuci,,,,,
Cimex lectularius,,,,,
Enrichment culture,,,,,
Lecanicillium muscarium,,,,,
Muricea austera,,,,,
Perknaster fuscus,,,,,
Sphaeria maculans,,,,,
Acanthodoris nanaimoensis,,,,,
Dactynotus rudbeckiae,,,,,
Limnodynastes terraereginae,,,,,
Streptomyces LL-B7,,,,,
Streptomyces albolongus,,,,,
Streptomyces flavogriseus ATCC 33331,,,,,
Streptomyces griseus,,,,,
Streptomyces griseus griseus NBRC 13350,,,,,
Streptomyces filamentosus NRRL 15998,,,,,
Hypomyces aurantius,,,,,
lineariifolia turcz,,,,,
Atalantia Monophylla,,,,,
Acanthella cavernosa,,,,,
Acanthella cavernosa Dendy,,,,,
Carica Papaya,,,,,
Lepidium sativumt,,,,,
Tropaeolum Majus,,,,,
A new engineered strain of Escherichia coli [hpnC hpnD hpnE],,,,,
A new engineered strain of Escherichia coli [n.a.],,,,,
Arachis Hypogaea,,,,,
Axinella massa,,,,,
Axinyssa variabilis,,,,,
Bacillus subtilis 1A751-Sfp-nrs [nrs],,,,,
Bitis gabonica,,,,,
Bryocaulon pseudosatoanum,,,,,
Chlorociboria aeruginascens,,,,,
Coniochaeta saccardoi,,,,,
Crotalus atrox,,,,,
Dendrobates truncatus,,,,,
Escherichia coli,,,,,
Geobacillus stearothermophilus,,,,,
Junceella gemmacea,,,,,
Lactarius spinosulus,,,,,
Lyonia Ovalifolia,,,,,
Marine actinobacterium,,,,,
Melissodes denticulata,,,,,
Mycobacterium avium,,,,,
Neobellieria bullata,,,,,
Oophaga pumilio,,,,,
Padina tetrastromatica,,,,,
Phomopsis leptostromiformis,,,,,
Phyllanthus Emblica,,,,,
Pseudodistoma arborescens,,,,,
Resupinatus leightonii,,,,,
Scutellaria Baicalensis,,,,,
Streptomyces coeruleorubidus,,,,,
Streptomyces lavendulae√É√ÇorfVI [orfVI],,,,,
Streptomyces lavendulae√É√ÇstnN [StnNE],,,,,
Suillus tridentinus,,,,,
Thymus Vulgaris,,,,,
Urceolaria bryophila,,,,,
Xylaria cubensis,,,,,
broccoli,,,,,
Achromobacter denitrificans,,,,,
Actinobacillus equuli,,,,,
Amanita phalloides,,,,,
Aspergillus alliaceus,,,,,
Berchemia Floribunda,,,,,
Bipolaris heveae,,,,,
Cassia Mimosoides,,,,,
Cassia Obtusifolia,,,,,
Cassia Occidentalis,,,,,
Cassia Tora,,,,,
Cassia sp.,,,,,
Chaetomium carinthiacum,,,,,
Danaus gilippus,,,,,
Delia arenicola,,,,,
Hemerocailis sp,,,,,
Hemerocailis sp.,,,,,
Hincksinoflustra denticulata,,,,,
Oophaga granulifera,,,,,
Penicillium bilaiae,,,,,
Penicillium shearii,,,,,
Pheum palmatum,,,,,
Polyporus betulinus,,,,,
Rheum Palmatum,,,,,
Rhodophyllus icterinus,,,,,
Rhynchophorus ferrugineus,,,,,
Rumex Dentatus,,,,,
Sphaerella rosigena,,,,,
Stephanitis takeyai,,,,,
Tectona Grandis,,,,,
Turbo cornutus,,,,,
endophytic aspergillus,,,,,
rhubarb,,,,,
Alcyonium molle,,,,,
Amanita cokeri,,,,,
Aspergillus,,,,,
Aspergillus sp. CPCC 400735,,,,,
Bombus muscorum,,,,,
Cryptotermes cynocephalus,,,,,
Epicoccum nigrum,,,,,
Fomes cajanderi,,,,,
Lecanora planaica,,,,,
Pseudocyphellaria impressa,,,,,
Rhinoceros sondaicus,,,,,
Salmonella enterica subsp. enterica serovar typhimurium,,,,,
Streptomyces xantholiticus,,,,,
Symploca hydnoides,,,,,
Cetorhinus maximus,,,,,
Cladosporium phlei,,,,,
Euodia,,,,,
Euodia spp.,,,,,
Haplophyllum,,,,,
Haplophyllum sp.,,,,,
Haplophyllum spp.,,,,,
Orixa sp,,,,,
Orixa sp.,,,,,
Orixa spp.,,,,,
Parmelia damaziana,,,,,
Ruta Graveolens,,,,,
Acinetobacter,,,,,
Amorphophallus Konjac,,,,,
Arthrographis,,,,,
Chondria,,,,,
Dendrophyllia,,,,,
Dysidea etheria,,,,,
Enterobacter cloacae,,,,,
Gossypium Barbadense,,,,,
Hordeum Vulgare,,,,,
Lactarius subplinthogalus,,,,,
Marinomonas,,,,,
Marinomonas sp.,,,,,
Mycale tenuis,,,,,
Mycale tenuispiculata,,,,,
Penicillium vinaceum,,,,,
Pseudococcus calceolariae,,,,,
Pseudomonas cichorii,,,,,
Pseudomonas sp.,,,,,
Stomozoa murrayi,,,,,
Stomozoa roseola,,,,,
Streptomyces M-491,,,,,
Streptomyces antibiotic H41-55,,,,,
Streptomyces antibioticus,,,,,
Streptomyces sp. Al-Dhabi-97,,,,,
Streptomyces sp. M491,,,,,
Streptomyces staurosporeus,,,,,
Tubastraea coccinea,,,,,
epichlo√É¬É√Ç¬´ festucae,,,,,
sweet potato,,,,,
Aspergillus fumigatus,,,,,
Bacillus cereus,,,,,
Chromocleista,,,,,
Chromocleista sp.,,,,,
Halobacillus litoralis,,,,,
Micrococcus,,,,,
Penicillium,,,,,
Penicillium cluniae,,,,,
Penicillium sp.,,,,,
Penicillium striatisporum,,,,,
Pseudomonas aeruginosa,,,,,
Stelletta clavosa,,,,,
Streptomyces M10946,,,,,
Streptomyces SUK 25,,,,,
Streptomyces albospinus,,,,,
Streptomyces albospinus RLe7,,,,,
Streptomyces asenjonii,,,,,
Streptomyces asenjonii strain KNN 42.f,,,,,
Streptomyces fungicidicus,,,,,
Streptomyces nigra 452T,,,,,
Streptomyces olivaceus SCSIO T05,,,,,
Streptomyces puniceus,,,,,
Streptomyces puniceus Act1085,,,,,
Streptomyces sp.,,,,,
Streptomyces sp. (USC-16018),,,,,
Streptomyces sp. AGM12-1,,,,,
Streptomyces xiamenensis MCCC 1A01570,,,,,
unidentified bacterium,,,,,
Artemisia Capillaris,,,,,
African pompano,,,,,
Blepharis ciliaris,,,,,
Aspergillus terreus,,,,,
Cochliobolus heterostrophus,,,,,
Dictyota spinulosa,,,,,
Flos inulae,,,,,
Oncorhynchus keta,,,,,
Pteromys volans,,,,,
Smilax China,,,,,
Streptococcus pneumoniae,,,,,
Tambja ceutae,,,,,
Trimusculus conica,,,,,
Vinum,,,,,
Xanthoparmelia tinctina,,,,,
korean propolis,,,,,
Actinomadura madurae,,,,,
Annona Squamosa,,,,,
Antillogorgia elisabethae,,,,,
Aspergillus microcysticus,,,,,
Auxarthron reticulatum,,,,,
Beltrania rhombica,,,,,
Biemna fortis,,,,,
Columba livia,,,,,
Costasiella ocellifera,,,,,
Creosphaeria sassafras,,,,,
Cucurbita,,,,,
Cystophora fibrosa,,,,,
Emericellopsis minima,,,,,
Fusarium fujikuroi,,,,,
Gibberella fujikuroi,,,,,
Graphium sarpedon,,,,,
Haminoea cymbalum,,,,,
Lecanora atra,,,,,
Lecanora rupicola,,,,,
Micromonospora echinospora,,,,,
Montanao sp.,,,,,
Mycale izuensis,,,,,
Mycobacterium fortuitum,,,,,
Nidula niveotomentosa,,,,,
Parmelia barbata,,,,,
Parmelia springtonensis,,,,,
Penicillium spiculisporum,,,,,
Pestalotiopsis oenotherae,,,,,
Phlebiopsis gigantea,,,,,
Plenodomus tracheiphilus,,,,,
Pseudocyphellaria australiensis,,,,,
Sarcophyton flexuosum,,,,,
Sinularia gyrosa,,,,,
Streptomyces aureoverticillatus,,,,,
Streptomyces melanogenes,,,,,
Tistrella mobilis,,,,,
Tithonia Diversifolia,,,,,
Usnea magellanica,,,,,
Viguiera,,,,,
Achillea Millefolium,,,,,
Angelica Pubescens,,,,,
Aspergillus violaceus,,,,,
Cellulomonas biazotea,,,,,
Chenopodium Ambrosioides,,,,,
Citrus Grandis,,,,,
Cladosporium tenuissimum,,,,,
Corbicula fluminea,,,,,
Curcuma Xanthorrhiza,,,,,
Eupatorium Fortunei,,,,,
Exodermis poria,,,,,
Guavaberry,,,,,
Herba coriandri,,,,,
Lamellodysidea herbacea,,,,,
Lantana Camara,,,,,
Melaleuca sp.,,,,,
Mosla Dianthera,,,,,
Oleum ocimi gratissimi,,,,,
Pericarpium zanthoxyli,,,,,
Pieris melete,,,,,
Pieris napi,,,,,
Pinus sp.,,,,,
Sarcodon aspratus,,,,,
Schisandra Chinensis,,,,,
Spongia australis,,,,,
Stelletta inconspicua,,,,,
Streptomyces tumescens,,,,,
Succinus,,,,,
Synoicum castellatum,,,,,
Trichia favoginea,,,,,
Trifolium Repens,,,,,
Valeriana Jatamansi,,,,,
Acanthias vulgaris,,,,,
Acanthus Ebracteatus,,,,,
Acanthus Ilicifolius,,,,,
Alternaria scirpicola,,,,,
Arcopilus cupreus,,,,,
Barleria Prionitis,,,,,
Boletus bovinus,,,,,
Bombus pascuorum,,,,,
Callicarpa Formosana,,,,,
Carcinus maenas,,,,,
Chaetomella raphigera,,,,,
Clerodendrum Inerme,,,,,
Corynebacterium poinsettiae,,,,,
Crematogaster brevis,,,,,
Cryptomonas ovata,,,,,
Cyberlindnera jadinii,,,,,
Daphnia magna,,,,,
Dictyota dichotoma,,,,,
Eudistoma toealensis,,,,,
Fernandoa Adenophylla,,,,,
Fusarium equiseti,,,,,
Gymnopus androsaceus,,,,,
Haliclona lunisimilis,,,,,
Jasminum Amplexicaule,,,,,
Kigelia Africana,,,,,
Klebsiella pneumoniae,,,,,
Lecanora carpinea,,,,,
Lethasterias fusca,,,,,
Limnodynastes salmini,,,,,
Lysionotus Pauciflorus,,,,,
Markhamia Stipulata,,,,,
Meloidogyne incognita,,,,,
Metapenaeus endeavouri,,,,,
Metatrichia vesparium,,,,,
Microbispora rosea subsp. aerata,,,,,
Montanelia tominii,,,,,
Moussonia Deppeana,,,,,
Oophaga histrionica,,,,,
Osmanthus Fragrans,,,,,
Ostracion cubicus,,,,,
Parmelia norcrambidiocarpa,,,,,
Penicillium chrysogenum,,,,,
Penicillium sclerotiorum,,,,,
Plantago Asiatica,,,,,
Pseudocyphellaria rubella,,,,,
Rehmannia sp.,,,,,
Scapharca broughtonii,,,,,
Sporothrix flocculosa,,,,,
Stentor coeruleus,,,,,
Streptomyces erythrochromogenes,,,,,
Streptomyces niveus,,,,,
Streptomyces noursei,,,,,
Strobilanthes Cusia,,,,,
Tapinella panuoides,,,,,
Trametes albida,,,,,
Urceolaria scruposa,,,,,
Usnea bayleyi,,,,,
hemp broomrape,,,,,
Tagetes Erecta,,,,,
Stolonica socialis,,,,,
Agelas linnaei,,,,,
Alternaria japonica,,,,,
Anthopleura xanthogrammica,,,,,
Arca noae,,,,,
Ardisia Colorata,,,,,
Arnica sp.,,,,,
Arthrobacter glacialis,,,,,
Ascidia ahodori,,,,,
Aspergillus falconensis,,,,,
Aspergillus wentii,,,,,
Atta cephalotes,,,,,
Botryosphaeria berengeriana,,,,,
Botryotrichum piluliferum,,,,,
Burkholderia pyrrocinia,,,,,
Byssothecium obiones,,,,,
Calendula Officinalis,,,,,
Camellia Sinensis,,,,,
Casuarina Equisetifolia,,,,,
Caulocystis cephalornithos,,,,,
Ceratosoma brevicaudatum,,,,,
Ceroplastes albolineatus,,,,,
Chaetomium cochliodes,,,,,
Chromodoris inornata,,,,,
Clitoria Ternatea,,,,,
Commelina Communis,,,,,
Conus marmoreus,,,,,
Conus parius,,,,,
Conus tribblei,,,,,
Corticium simplex,,,,,
Cucurbita sp.,,,,,
Cydonia sp.,,,,,
Cystoseira crinita,,,,,
Cystoseira fimbriata,,,,,
Cytophaga hutchinsoni,,,,,
Daphne sp.,,,,,
Dasystenella acanthina,,,,,
Dendrilla cavernosa,,,,,
Dendrobates azureus,,,,,
Dendroctonus ponderosae,,,,,
Dicranopteris Linearis,,,,,
Dictyopteris australis,,,,,
Dictyota bartayresiana,,,,,
Didemnum chartaceum,,,,,
Dinophysis fortii,,,,,
Dionaea sp.,,,,,
Dysidea amblia,,,,,
Elsholtzia Rugulosa,,,,,
Ephydatia syriaca,,,,,
Epichloe festucae var. lolii,,,,,
Epirrhoe sperryi,,,,,
Equisetum Arvense,,,,,
Erica sp.,,,,,
Eriobotrya Japonica,,,,,
Eriocheir sinensis,,,,,
Eucommia Ulmoides,,,,,
Euplotes raikovi,,,,,
Eutreptia viridis,,,,,
Fomes robiniae,,,,,
Fumaria sp.,,,,,
Gadus morhua callarias,,,,,
Glycyrrhiza Uralensis,,,,,
Graphis cognata,,,,,
Grataegus pinnatifida,,,,,
Gymnothorax javanicus,,,,,
Haliclona nigra,,,,,
Hedera sp.,,,,,
Hepatica sp.,,,,,
Herba sedi sarmentosi,,,,,
Heterotheca,,,,,
Heterotheca sp.,,,,,
Hibiscus Mutabilis,,,,,
Holomelina lamae,,,,,
Hygrophorus chrysodon,,,,,
Hypericum Ascyron,,,,,
Hypericum Sampsonii,,,,,
Ips confusus,,,,,
Ips paraconfusus,,,,,
Ips pini,,,,,
Ircinia dendroides,,,,,
Ircinia ramosa,,,,,
Isaria fumosorosea,,,,,
Iyengaria stellata,,,,,
Laccaria vinaceoavellanea,,,,,
Lenzites betulinus,,,,,
Liparis loeselii,,,,,
Macrothele gigas,,,,,
Meadow vetchling,,,,,
Menegazzia asahinae,,,,,
Micarea austroternaria,,,,,
Microciona eurypa,,,,,
Monanchora pulchra,,,,,
Morus Alba,,,,,
Morus sp.,,,,,
Mucor hiemalis,,,,,
Mycobacterium avium subsp. paratuberculosis,,,,,
Navanax inermis,,,,,
Nelumbo Nucifera,,,,,
Neonectria candida,,,,,
Panorpa japonica,,,,,
Paradendryphiella salina,,,,,
Paralemnalia clavata,,,,,
Parmelia subrudecta,,,,,
Pedilanthus Tithymaloides,,,,,
Pestalotiopsis heterocornis,,,,,
Phyfnnvik eyyfn,,,,,
Pleurotus japonicus,,,,,
Plexaurella nutans,,,,,
Polygonum Cuspidatum,,,,,
Polygonum Persicaria,,,,,
Polyporus dryadeus,,,,,
Polyporus pargamenus,,,,,
Potamilla occelata,,,,,
Pseudeurotium zonatum,,,,,
Pseudoceratina arabica,,,,,
Pseudocyphellaria faveolata,,,,,
Psoroma pallidum,,,,,
Pteridium Aquilinum,,,,,
Pyrrosia Lingua,,,,,
Ricinus sp.,,,,,
Rivularia firma,,,,,
Roboastra tigris,,,,,
Saccharopolyspora spinosa,,,,,
Salmonella enterica subsp. enterica serovar muenster,,,,,
Sargassum hemiphyllum,,,,,
Saururus Chinensis,,,,,
Sphaerella laricina,,,,,
Stemphylium radicinum,,,,,
Stigma croci,,,,,
Stigmatella erecta,,,,,
Streptomyces chryseus,,,,,
Streptomyces griseochromogenes,,,,,
Streptomyces libani,,,,,
Streptomyces setonensis,,,,,
Streptomyces yokosukanensis,,,,,
Suillus bovinus,,,,,
Theobroma Cacao,,,,,
Thorecta marginalis,,,,,
Trigonella sp.,,,,,
Trogoderma granarium,,,,,
Urtica sp.,,,,,
Vibrio fluvialis,,,,,
Zinnia Elegans,,,,,
[enterobacter] aerogenes,,,,,
moringa,,,,,
Daedalea dickinsii,,,,,
Halictus sexcinctus,,,,,
Halorosellinia oceanica,,,,,
Primnoa resedaeformis,,,,,
Chaetomium amygdalisporum,,,,,
Maasella edwardsi,,,,,
Sargassum fluitans,,,,,
Sinularia gardineri,,,,,
Sinularia lochmodes,,,,,
Sinularia polydactyla,,,,,
Sinularia scabra,,,,,
Derris Scandens,,,,,
Lethariella cladonioides,,,,,
Lethariella zahlbruckneri,,,,,
Streptomyces peucetius,,,,,
Umbilicaria hypococcinea,,,,,
Agaricus nebularis,,,,,
Anaptychia obscura,,,,,
Aplysina fulva,,,,,
Cacospongia scalaris,,,,,
Calonectria lauri,,,,,
Caloscypha fulgens,,,,,
Hypotrachyna quaesita,,,,,
Paris sp.,,,,,
Phellinus tremulae,,,,,
Rhizoma paridis,,,,,
Smilax sp.,,,,,
Subergorgia hicksoni,,,,,
Tapinoma nigerrimum,,,,,
Taricha granulosa,,,,,
Welsh onion,,,,,
Acanthaster planci,,,,,
Albatrellus caeruleoporus,,,,,
Amanita pseudoporphyria,,,,,
Amycolatopsis sulphurea,,,,,
Anemone Rivularis,,,,,
Aphelasterias japonica,,,,,
Aplidium orthium,,,,,
Aplysilla rosea,,,,,
Aplysinella rhax,,,,,
Apterostigma dentigerum,,,,,
Arbacia pustulosa,,,,,
Aspergillus arenarius,,,,,
Aspergillus quadrilineatus,,,,,
Bacillus megaterium,,,,,
Beauveria felina,,,,,
Betula sp.,,,,,
Bombus hortorum,,,,,
Brenneria rubrifaciens,,,,,
Calvatia lilacina,,,,,
Cavernularia obesa,,,,,
Ceratocystis clavigera,,,,,
Ceriops Tagal,,,,,
Cladiella krempfi,,,,,
Cladonia pityrea,,,,,
Claviceps microcephala,,,,,
Conger myriaster,,,,,
Crematogaster africana,,,,,
Cryptolestes pusillus,,,,,
Dermocybe semisanguinea,,,,,
Dinemasporium strigosum,,,,,
Diospyros Castanea,,,,,
Diospyros Maritima,,,,,
Ericerus pela,,,,,
Erium villosum,,,,,
Erylus nobilis,,,,,
Escherichia coli HH 31-LT [hmaSAmopt hmoScopt],,,,,
Eucalyptus Camaldulensis,,,,,
Euphausia superba,,,,,
Fasciola hepatica,,,,,
Forcipomyia marksae,,,,,
Halichondria melanadocia,,,,,
Halichondria okadai,,,,,
Haliclona tubifera,,,,,
Hippasteria phrygiana,,,,,
Io fluvialis,,,,,
Katmon,,,,,
Lambertella corni,,,,,
Lepidiota negatoria,,,,,
Lepidorhinus squamosus,,,,,
Lepraria citrina,,,,,
Lobaria adusta,,,,,
Lycoperdon pyriforme,,,,,
Lyophyllum shimeji,,,,,
Malassezia furfur,,,,,
Microcosmus vulgaris,,,,,
Modiolus demissus,,,,,
Monochaetia compta,,,,,
Morus Australis,,,,,
Mytilus galloprovincialis,,,,,
Neocosmospora tenuicristata,,,,,
Nerium Oleander,,,,,
Oospora colorans,,,,,
Ophelia neglecta,,,,,
Oscillatoria princeps,,,,,
Osmerus mordax,,,,,
Paeonia Suffruticosa,,,,,
Parazoanthus gracilis,,,,,
Parmotrema tinctorum,,,,,
Peniophora affinis,,,,,
Peruvian amazonian,,,,,
Pestalotiopsis guepinii,,,,,
Petriella sordida,,,,,
Petrosia corticata,,,,,
Petrosia hebes,,,,,
Phormia regina,,,,,
Phyllanthus Reticulatus,,,,,
Plesionika izumiae,,,,,
Podostictina degelii,,,,,
Polysaccharidum versicolor,,,,,
Pongamia Pinnata,,,,,
Pseudopterogorgia rigida,,,,,
Psoroma crassum,,,,,
Punica Granatum,,,,,
Purpura aperta,,,,,
Ramalina pollinaria,,,,,
Recombinant Saccharomyces cerevisiae(overexpressed strain MO3) [ACE1],,,,,
Ritterella sigillinoides,,,,,
Russula vesca,,,,,
Schleichera Oleosa,,,,,
Scirpophaga incertula,,,,,
Scleroderma tinctorium,,,,,
Scytonema ocellatum,,,,,
Setosphaeria turcica,,,,,
Simplicillium lamellicola,,,,,
Sinularia molesta,,,,,
Solenopsis invicta,,,,,
Solenopsis xyloni,,,,,
Spodoptera littoralis,,,,,
Streptomyces fradiae,,,,,
Streptomyces mobaraensis,,,,,
Syphonota geographica,,,,,
Thamnolia subuliformis,,,,,
Thorectandra excavatus,,,,,
Trichia floriformis,,,,,
Turbinaria ornata,,,,,
Widely distributed in plant,,,,,
Ziziphus Cambodiana,,,,,
Zygosaccharomyces rouxii,,,,,
Fulvifomes merrillii,,,,,
Inonotus hispidus,,,,,
Tropicoporus linteus,,,,,
Astragalus Membranaceus,,,,,
Astragalus tukestanicus,,,,,
Aglaia meridionalis,,,,,
Amycolatopsis lurida,,,,,
Anacystis cyanea,,,,,
Babylonia japonica,,,,,
Callyspongia truncata,,,,,
Chaetomium retardatum,,,,,
Cladonia pseudodidyma,,,,,
Cortinarius basirubescens,,,,,
Lactobacillus acidophilus,,,,,
Lentinellus omphalodes,,,,,
Parmelia conspersa,,,,,
Polyporus sulphureus,,,,,
Pyrocystis lunula,,,,,
Talaromyces wortmanni,,,,,
Lamna ditropis,,,,,
Roccella tinctoria,,,,,
burman diospyros burmanica,,,,,
Gastrophysa cyanea,,,,,
Heterochordaria abietina,,,,,
Linaria sp.,,,,,
Mentha Aquatica,,,,,
Monarda sp.,,,,,
Robinia sp.,,,,,
Stemphylium globuliferum,,,,,
Actinoplanes missouriensis,,,,,
Actinopyga mauritiana,,,,,
Alicyclobacillus acidocaldarius,,,,,
Antidorcas marsupialis,,,,,
Aphanizomenon,,,,,
Aplysilla pallida,,,,,
Aspergillus versicolor,,,,,
Bugula neritina,,,,,
Channa argus,,,,,
Colorado potato beetle,,,,,
Cutaneotrichosporon cutaneum,,,,,
Cystophora moniliformis,,,,,
Dictyota dichotoma (Huds.),,,,,
Geitlerinema splendidum,,,,,
Haminoea fusari,,,,,
Helvella esculenta,,,,,
Hepialus hecta,,,,,
Jaaginema geminatum,,,,,
Lemnalia africana,,,,,
Locusta migratoria,,,,,
Microcoleus amoenus,,,,,
Micromonospora rosaria,,,,,
Mycale laxissima,,,,,
Myelochroa rhytidodes,,,,,
Neofusicoccum australe,,,,,
Oligonychus bessardi,,,,,
Oscillatoria amoena,,,,,
Oscillatoria geminata,,,,,
Oscillatoria splendida,,,,,
Parmelia leucotyliza,,,,,
Parmelia xanthosorediata,,,,,
Pecten jacobaeus,,,,,
Phialocephala fortinii,,,,,
Pholiota nameko,,,,,
Plexaurella grisea,,,,,
Polygonum Minus,,,,,
Pseudodistoma megalarva,,,,,
Punctelia microsticta,,,,,
Sinularia erecta,,,,,
Sinularia manaarensis,,,,,
Sphaeria biglobosa,,,,,
Sphaeria doliolum,,,,,
Spongia zimocca,,,,,
Stichopus multifidus,,,,,
Streptomyces albidoflavus,,,,,
Streptomyces coelicolor,,,,,
Streptomyces flavofungini,,,,,
Streptomyces rugosporus,,,,,
Theonella cupola,,,,,
Thymus X-porlock,,,,,
Tricholoma scalpturatum,,,,,
Tubifera ferruginosa,,,,,
Cryptotympana,,,,,
Cryptotympana sp.,,,,,
Ganoderma applanatum,,,,,
Hymenochaete xerantica,,,,,
Inonotus obliquus,,,,,
Llex chinensis,,,,,
Macrohyporia cocos,,,,,
Streptomyces lincolnensis,,,,,
black cardamom,,,,,
Amycolatopsis azurea,,,,,
Cephalonomia gallicola,,,,,
Chelidonura fulvipunctata,,,,,
Daedaleopsis confragosa,,,,,
Herba desmodii styracifolii,,,,,
Orgyia australis postica,,,,,
Parmelia metastrigosa,,,,,
Plutella xylostella,,,,,
Pneumatospora obcoronata,,,,,
Radix tetrastigmatis hemsleyani,,,,,
Streptomyces venezuelae,,,,,
Tilletia laevis,,,,,
Yponomeuta malinellus,,,,,
Alaria angusta,,,,,
American ginseng,,,,,
Ascoseira mirabilis,,,,,
Chorda filum,,,,,
Cystoseira barbata,,,,,
Evernia prunastri,,,,,
Hedophyllum bongardianum,,,,,
Himantormia lugubris,,,,,
Kothala himbutu,,,,,
Pleurotus ostreatus,,,,,
Ramalina fraxinea,,,,,
Saccharina cichorioides,,,,,
Silverleaf whitefly,,,,,
Staphylococcus aureus,,,,,
Sugarcane,,,,,
Actinomadura hibisca,,,,,
Anastrepha suspensa,,,,,
Anethum Graveolens,,,,,
Aspergillus caespitosus,,,,,
Burkholderia cepacia,,,,,
Conoideocrella tenuis,,,,,
Cyanospira rippkae,,,,,
Cymathere triplicata,,,,,
Diaporthe phaseolorum,,,,,
Endicheria aff.,,,,,
Erwinia rhapontici,,,,,
Hypselodoris cantabrica,,,,,
Macrocystidia cucumis,,,,,
Nerita albicilla,,,,,
Orthodon formosanus,,,,,
Parmelia enteromorpha,,,,,
Streptomyces fulvoviridis,,,,,
Allochromatium minutissimum,,,,,
Cladonia bellidiflora,,,,,
Didemnum obscurum,,,,,
Graphis handelii,,,,,
Lechevalieria flava,,,,,
Mycetinis alliaceus,,,,,
Phallusia fumigata,,,,,
Pleurophycus gardneri,,,,,
Polystictus versicolor,,,,,
Ritterella rubra,,,,,
Salvia Miltiorrhiza,,,,,
Sphaerellopsis filum,,,,,
Streptomyces cyaneus,,,,,
Streptomyces lateritius,,,,,
Trogopterus xanthipes,,,,,
Parthenium Hysterophorus,,,,,
Bipolaris victoriae,,,,,
Botryosphaeria rhodina,,,,,
Hypsizigus marmoreus,,,,,
Leptothorax muscorum,,,,,
Penicillium gilmanii,,,,,
Stereum princeps,,,,,
Semen sojae,,,,,
Montipora digitata,,,,,
Resina liquidambaris,,,,,
Axinella damicornis,,,,,
Cronartium fusiforme,,,,,
Fannia femoralis,,,,,
Hepialus californicus,,,,,
Klebsiella pneumoniae subsp. ozaenae,,,,,
Phryxe caudata,,,,,
Streptomyces flavoviridis,,,,,
Trametes sanguinea,,,,,
meadow clary,,,,,
Lemon aspen,,,,,
Alternaria chrysanthemi,,,,,
Gymnodinium microadriaticum,,,,,
Infundibulicybe catinus,,,,,
Mythimna separata,,,,,
Pseudokeronopsis rubra,,,,,
Verrucosispora gifhornensis,,,,,
Alexandrium hiranoi,,,,,
Aplysia punctata,,,,,
Aspergillus fischeri,,,,,
Chelonia japonica,,,,,
Coprinellus flocculosus,,,,,
Didymium bahiense,,,,,
Lactobacillus delbrueckii subsp. bulgaricus,,,,,
Leishmania major,,,,,
Melanelixia fuliginosa subsp. glabratula,,,,,
Metapenaeus bennettae,,,,,
Rhytidoponera metallica,,,,,
Spongia bilamellata,,,,,
Xanthoria aureola,,,,,
Athelia rolfsii,,,,,
Senna Didymobotrya,,,,,
Xanthoria parietina,,,,,
Pogostemon Cablin,,,,,
Acrocarpia paniculata,,,,,
Brazilian propolis,,,,,
Clathria basilana,,,,,
Cydonia,,,,,
Hubertia,,,,,
Pertusaria truncata,,,,,
Pocillopora eydouxi,,,,,
hubertia sp.,,,,,
yerba mate,,,,,
Betula,,,,,
Polygonum Aviculare,,,,,
Taxodium Distichum,,,,,
Acacia Catechu,,,,,
Acripeza reticulata,,,,,
Ampelopsis Brevipedunculata,,,,,
Aphis graminum,,,,,
Aphis pini,,,,,
Aspergillus desertorum,,,,,
Asterias nipon,,,,,
Aulosira fertilissima,,,,,
Broussonetia Papyrifera,,,,,
Capnella erecta,,,,,
Ceramaster patagonicus,,,,,
Clione antarctica,,,,,
Cortinarius orellanus,,,,,
Cylindrospermum muscicola,,,,,
Diplodia natalensis,,,,,
Gambierdiscus toxicus,,,,,
Hovenia Dulcis,,,,,
Lichtheimia blakesleeana,,,,,
Lobophytum laevigatum,,,,,
Phora velutina,,,,,
Pleuronectes cynoglossus,,,,,
Polyzonium rosalbum,,,,,
Prunus Persica,,,,,
Radix paeoniae rubra,,,,,
Rhizobium leguminosarum,,,,,
Salix sp.,,,,,
Sarcophyton elegans,,,,,
Thermococcus kodakarensis,,,,,
Trichophyton mentagrophytes,,,,,
Umbilicaria esculenta,,,,,
Ventilago Leiocarpa,,,,,
Astraea lobata,,,,,
Common rush,,,,,
Oecophylla longinoda,,,,,
Alternaria bataticola,,,,,
Bipolaris sacchari,,,,,
Callyspongia spinosissima,,,,,
Echinoclathria subhispida,,,,,
Eucalyptus Globulus,,,,,
Holothuria squamifera,,,,,
Hypogymnia vittata,,,,,
Mamestra brassicae,,,,,
Parectatosoma mocquerysi,,,,,
Phyllobates bicolor,,,,,
Pseudocyphellaria coronata,,,,,
Sigillina signifera,,,,,
Thelephora aurantiotincta,,,,,
Thioalkalivibrio versutus,,,,,
Acinetobacter baumannii,,,,,
Acinetobacter calcoaceticus,,,,,
Alectoria ochroleuca,,,,,
Anabaena laxa,,,,,
Axinella agnata,,,,,
Bacterium from,,,,,
Boletinus paluster,,,,,
Brettanomyces anomalus,,,,,
Cinnamomum Subavenium,,,,,
Clathria prolifera,,,,,
Cleidion Spiciflorum,,,,,
Conus pulicarius,,,,,
Crepidotus fulvotomentosus,,,,,
Cybister lateralimarginalis,,,,,
Dekkera anomala,,,,,
Dermocybe cardinalis,,,,,
Dysidea villosa,,,,,
Echinus microtuberculatus,,,,,
Elymnias thryallis,,,,,
Ena montana,,,,,
Epipedobates anthonyi,,,,,
Flammulina velutipes,,,,,
Flavoparmelia euplecta,,,,,
Fusarium sulphureum,,,,,
Gomphrena Celosioides,,,,,
Grosmannia crassivaginata,,,,,
Helminthosporium victoriae,,,,,
Heterosigma akashiwo,,,,,
Hintonia sp.,,,,,
Hydnellum zonatum,,,,,
Iotrochota birotulata,,,,,
Iotrochota purpurea,,,,,
Jeweled distaff thistle,,,,,
Lactarius subpiperatus,,,,,
Lecidea carpathica,,,,,
Lophiostoma vaginatispora,,,,,
Lyophyllum connatum,,,,,
Melanargia galathea,,,,,
Melia Azedarach,,,,,
Metridium senile,,,,,
Micromonospora chalcea,,,,,
Monanchora unguiculata,,,,,
Monascus kaoliang,,,,,
Myelobia smerintha,,,,,
Naja naja,,,,,
Neofusicoccum mangiferae,,,,,
Notechis scutatus,,,,,
Ocypus olens,,,,,
Ophidiaster ophidianus,,,,,
Ophiopholis aculeata,,,,,
Ophiostoma crassioaginata,,,,,
Oryza Sativa,,,,,
Parmelia zollingeri,,,,,
Penicillium alutaceum,,,,,
Penicillium citrinum,,,,,
Penicillium cyclopium,,,,,
Periplaneta americana,,,,,
Pertusaria amara,,,,,
Picrorrhiza scrophulariaeflora,,,,,
Plakortis simplex,,,,,
Poria cocos,,,,,
Pseudomonas pseudoalcaligenes,,,,,
Radix liriopes,,,,,
Ramalina farinacea,,,,,
Rhizoma acori graminei,,,,,
Rhizoma homalomenae occultae,,,,,
Rhodotorula mucilaginosa,,,,,
Rhodotorula rubra,,,,,
Russula sardonia,,,,,
Salix alba,,,,,
Scolytus multistriatus,,,,,
Sidnyum turbinatum,,,,,
Streblognathus aethiopicus,,,,,
Streptomyces D7,,,,,
Streptomyces GW23/1540,,,,,
Streptomyces globisporus,,,,,
Streptomyces griseocarneus,,,,,
Streptomyces nigrescens,,,,,
Streptomyces platensis,,,,,
Streptomyces rimofaciens,,,,,
Streptomyces sp. GW23/1540,,,,,
Streptomyces sulfonofaciens,,,,,
Streptomyces tateyamensis,,,,,
Streptomyces xanthocidicus,,,,,
Takifugu rubripes,,,,,
Thielavia terricola,,,,,
Viviparus japonicus,,,,,
Zea Mays,,,,,
Common butterwort,,,,,
Bulbus allii fistulosi,,,,,
Tephrosia,,,,,
clove,,,,,
Conus mus,,,,,
Dendronephthya griffini,,,,,
Dolabella californica,,,,,
Erythrina afra,,,,,
Ficus nervosa,,,,,
Latrunculia magnifica,,,,,
Lycogala epidendrum,,,,,
Megaselia flavescens,,,,,
Myxococcus stipitatus,,,,,
Rhinella marina,,,,,
Shigella dysenteriae,,,,,
Siphonaria capensis,,,,,
Theonella conica,,,,,
Tricholoma columbetta,,,,,
Atlantic menhaden,,,,,
Brevoortia tyrannus,,,,,
Cacia confusa,,,,,
Pelagomonas calceolata,,,,,
Penicillium jensenii,,,,,
Calocera viscosa,,,,,
Herba selaginellae doederleinii,,,,,
Leucetta microrhaphis,,,,,
Metapenaeus macleayi,,,,,
Monomorium delagoense,,,,,
Neophaeosphaeria quadriseptata,,,,,
Neurospora crassa,,,,,
Ramalina terebrata,,,,,
Sargassum vachellianum,,,,,
Streptomyces arenae,,,,,
Streptomyces arenae Tü 109,,,,,
Streptomyces nigra,,,,,
Trikentrion flabelliforme,,,,,
Aliivibrio fischeri,,,,,
Eunicea asperula,,,,,
Lobaria subretigera,,,,,
Mesocentrotus nudus,,,,,
Physcia obscura,,,,,
Pseudodistoma aureum,,,,,
Stellera sp.,,,,,
Penicillium roqueforti,,,,,
Eupatorium Cannabinum,,,,,
Heliotropium Indicum,,,,,
Antitrogus consanguineus,,,,,
Bracon hebetor,,,,,
Bursaphelenchus xylophilus,,,,,
Cladonia grayi,,,,,
Cryptotermes brevis,,,,,
Cystoseira algeriensis,,,,,
Dematophora necatrix,,,,,
Ecklonia kurome,,,,,
Formosan subterranean termite,,,,,
Mucor plumbeus,,,,,
Rosellinia necatrix,,,,,
Saccharina japonica,,,,,
Sinularia rigida,,,,,
Solenopsis geminata,,,,,
Typha Angustata,,,,,
Typha Angustifolia,,,,,
Zootermopsis angusticollis,,,,,
Bonagota salubricola,,,,,
Aleuroglyphus ovatus,,,,,
Alstonia Scholaris,,,,,
Candidatus brocadia anammoxidans,,,,,
Cortex zingiberis,,,,,
Cymbopogon Citratus,,,,,
Cymbopogon Flexuosus,,,,,
Exocarpium citri grandis,,,,,
Flustra foliacea,,,,,
Litsea Cubeba,,,,,
Ovibos moschatus,,,,,
Piper Cubeba,,,,,
Rhodospirillum rubrum,,,,,
Semen armeniacae amarum,,,,,
Suidasia medanensis,,,,,
watermelon,,,,,
Fuscopostia leucomallella,,,,,
Pseudomonas fluorescens,,,,,
Spongiporus leucomallellus (Murril),,,,,
Haemophilus parainfluenzae,,,,,
Tephrosia Purpurea,,,,,
Achromobacter xylosoxidans,,,,,
Bacillus amyloliquefaciens,,,,,
Epichloe typhina,,,,,
Geodia japonica,,,,,
Grosmannia clavigera,,,,,
Peroneutypa scoparia,,,,,
Rhaphisia pallida,,,,,
Rhaphoxya pallida,,,,,
Streptomyces AAK-84,,,,,
Streptomyces KH614,,,,,
Streptomyces No. AAK-84,,,,,
Streptomyces TN262,,,,,
Streptomyces blastmyceticus,,,,,
Streptomyces blastmyceticus strain 12-6,,,,,
Streptomyces chrestomyceticus strain ADP4,,,,,
Streptomyces gougerotii GT,,,,,
Streptomyces malaysiense,,,,,
Streptomyces prvulus Dosmb-D105,,,,,
Streptomyces scabrisporus,,,,,
Streptomyces sp. CB-75,,,,,
Streptomyces sp. DST119,,,,,
Streptomyces sp. Did-27,,,,,
Streptomyces sp. G248,,,,,
Streptomyces sp. MUM273b,,,,,
Streptomyces sp. PNM-161a,,,,,
Streptomyces sp. Q24,,,,,
Streptomyces sp. SUK10,,,,,
Streptomyces sp. UTMC 1334,,,,,
Streptomyces sp.S2A,,,,,
Streptomyces xiamenensis,,,,,
Trichoderma koningii,,,,,
Verruculina enalia,,,,,
Biprorulus bibax,,,,,
Chelidonium sp.,,,,,
Cladonia alpestris,,,,,
Colletotrichum capsici,,,,,
Corydalis,,,,,
Corydalis hsuchowensis,,,,,
Corydalis sp.,,,,,
Cyclacanthia bellae,,,,,
Dictyostelium longosporum,,,,,
Ecklonia stolonifera,,,,,
Fuligo septica,,,,,
Inocybe rimosa,,,,,
Labidiaster annulatus,,,,,
Lasius niger,,,,,
Lepista glaucocana,,,,,
Musca autumnalis,,,,,
Papaver Rhoeas,,,,,
Pseudocercospora cruenta,,,,,
Pseudocercospora fijiensis,,,,,
Sanguinaria sp.,,,,,
Stereocaulon alpinum,,,,,
Streptomyces aizunensis,,,,,
Thalictrum Foliolosum,,,,,
Tolypothrix distorta,,,,,
Yan Hu Suo,,,,,
Yarrowia lipolytica ST7403 [crtW crtZ],,,,,
Absidia orchidis,,,,,
Aspergillus subolivaceus,,,,,
Nonomuraea spiralis,,,,,
Phlebia strigosozonata,,,,,
Shigella boydii,,,,,
Aspergillus pseudodeflectus,,,,,
Cortinarius vibratilis,,,,,
Macrosiphum liriodendri,,,,,
Polycarpa aurata,,,,,
Trianthema Portulacastrum,,,,,
Anabaena viguieri,,,,,
Aspergillus japonicus,,,,,
Axinella cannabina,,,,,
Buccinum undatum,,,,,
Chrysoderma mucosum,,,,,
Cladocroce incurvata,,,,,
Cocos Nucifera,,,,,
Corydendrium parasiticum,,,,,
Corynebacterium glutamicum,,,,,
Culicinomyces clavisporus,,,,,
Cystofilobasidium infirmominiatum,,,,,
Dendrolimus spectabilis,,,,,
Dermocybe cinnabarina,,,,,
Dolichospermum solitarium,,,,,
Dragmacidon lunaecharta,,,,,
Echinometra lucunter,,,,,
Ecteinascidia thurstoni,,,,,
Ellisella paraplexauroides,,,,,
Epiphyllum,,,,,
Erimacrus isenbeckii,,,,,
Eunicea fusca,,,,,
Eunicella labiata,,,,,
Formica polyctena,,,,,
Glycine Max,,,,,
Hijikia fusiforme,,,,,
Jolyna laminarioides,,,,,
Lecidea lithophila,,,,,
Leptogorgia piccola,,,,,
Leptogorgia ruberrima,,,,,
Leptogorgia viminalis,,,,,
Leptogorgia violetta,,,,,
Muricea californica,,,,,
Nodularia harveyana,,,,,
Nostoc carneum,,,,,
Nostoc commune,,,,,
Patinopecten yessoensis,,,,,
Petrosia ficiformis,,,,,
Petrosia weinbergi,,,,,
Phascolosoma vulgare,,,,,
Pleroma menoui,,,,,
Polyzoa opuntia,,,,,
Protohermes grandis,,,,,
Pseudanabaena persicina,,,,,
Saccharopolyspora erythraea,,,,,
Sarcophyton crassocaule,,,,,
Sargassum fusiforme,,,,,
Sargassum pallidum,,,,,
Sea peach,,,,,
Streptomyces roseoviolaceus,,,,,
Streptomyces wadayamensis,,,,,
Tylopilus neofelleus,,,,,
Ulva popenguinensis,,,,,
Umbilicaria indica,,,,,
Water net,,,,,
Xestospongia testudinaria,,,,,
Symphytum Officinale,,,,,
Acremonium furcatum,,,,,
Cavernulina grandiflora,,,,,
Chamonixia caespitosa,,,,,
Cladonia squamosa,,,,,
Cucumaria frondosa,,,,,
Gymnodinium nagasakiense,,,,,
Hippasteria kurilensis,,,,,
Karenia mikimotoi,,,,,
Kunzea,,,,,
Lentinellus cochleatus,,,,,
Streptomyces citreus CBS 109.60,,,,,
Acetobacter pasteurianus,,,,,
Actinopyga lecanora,,,,,
Chrysanthemum Indicum,,,,,
Aaptos ciliata,,,,,
Achlya heterosexualis,,,,,
Agelas conifera,,,,,
Agelas nakamurai,,,,,
Alectoria divergens,,,,,
Alectoria japonica,,,,,
Alternaria kikuchiana,,,,,
Alternaria macrospora,,,,,
Anabaena minutissima,,,,,
Annulohypoxylon squamulosum,,,,,
Aplysina laevis,,,,,
Aspicilia caesiocinerea,,,,,
Balanus glandula,,,,,
Boletus fomentarius,,,,,
Bombyx mori,,,,,
Botrytis cinerea,,,,,
Bufotes viridis,,,,,
Bugula dentata,,,,,
Calonectria cylindrospora,,,,,
Cashew,,,,,
Cerbera sp.,,,,,
Chaetomium globosum,,,,,
Chaetomium subaffine,,,,,
Chrysosporum ovalisporum,,,,,
Cladonia incrassata,,,,,
Clavariopsis aquatica,,,,,
Coccus ilicis,,,,,
Crangon vulgaris,,,,,
Crossaster papposus,,,,,
Cryptosporium pinicola,,,,,
Cuscuta Australis,,,,,
Cuscuta Japonica,,,,,
Cystoseira amentacea,,,,,
Cystoseira jabukae,,,,,
Dendrilla membranosa,,,,,
Dendronephthya gigantea,,,,,
Diaporthe helianthi,,,,,
Dictyochaeta simplex,,,,,
Dictyopteris acrostichoides,,,,,
Dictyostelium mucoroides,,,,,
Dictyota binghamiae,,,,,
Didemnum solidum,,,,,
Dioscorea Bulbifera,,,,,
Diplotaxis simplex,,,,,
Drimys sp.,,,,,
Dysidea tupha,,,,,
Echinaster sepositus,,,,,
Entomophthora virulenta,,,,,
Escherichia coli NT1005/CadA-lysA-dapA-cadB [CadA lysA dapA cadB],,,,,
Euphydryas cynthia,,,,,
Evernia vulpina,,,,,
Fomitopsis insularis,,,,,
Fusarium oxysporum,,,,,
Fusarium roseum,,,,,
Ganoderma sinense,,,,,
Gremmeniella abietina,,,,,
Halobacterium salinarum,,,,,
Hypsizygus ulmarius,,,,,
Idea leuconoe,,,,,
Ideopsis similis,,,,,
Inocybe geophylla,,,,,
Isaria felina,,,,,
Jnula britannica,,,,,
Kaempferia Galanga,,,,,
Kaempferia sp.,,,,,
Kuehneromyces mutabilis,,,,,
Kummerowia Striata,,,,,
Laurus Nobilis,,,,,
Lecidella chodati,,,,,
Leptogorgia gilchristi,,,,,
Leucopaxillus cerealis,,,,,
Leucopaxillus tricolor,,,,,
Lissoclinum fragile,,,,,
Lobophytum durum,,,,,
Marasmiellus troyanus,,,,,
Melanophryniscus moreirae,,,,,
Methylobacterium organophilum,,,,,
Micromonospora carbonacea,,,,,
Monascus pilosus,,,,,
Myristica sp.,,,,,
Omphalotus nidiformis,,,,,
Ophioglossum Petiolatum,,,,,
Ormosia nobilis,,,,,
Ovatus malisuctus,,,,,
Papularia sphaerosperma,,,,,
Paraburkholderia caryophylli,,,,,
Paranomus,,,,,
Pellicularia filamentosa,,,,,
Penicillium lapidosum,,,,,
Penicillium olsonii,,,,,
Penicillium paxilli,,,,,
Phorbas amaranthus,,,,,
Phycopsis terpnis,,,,,
Pinus,,,,,
Ptilocaulis walpersi,,,,,
Radix et rhizoma rhodiolae,,,,,
Rana amurensis,,,,,
Russula japonica,,,,,
Salvia Farinacea,,,,,
Sargassum muticum,,,,,
Sargassum thunbergii,,,,,
Savoy cabbage,,,,,
Schizophyllum lobatum,,,,,
Solenopsis punctaticeps,,,,,
Stereocaulon leprocauloides,,,,,
Stichopus chloronotus,,,,,
Streptomyces albus,,,,,
Streptomyces cellulosae,,,,,
Streptomyces cellulosae TES17,,,,,
Streptomyces chattanoogensis,,,,,
Streptomyces lomondensis,,,,,
Streptomyces matensis,,,,,
Streptomyces orinoci,,,,,
Streptomyces paulus,,,,,
Streptomyces resistomycificus,,,,,
Streptomyces sparsogenes,,,,,
Streptomyces viridogenes,,,,,
Synoicum pulmonaria,,,,,
Thermoplasma acidophilum,,,,,
Trichoderma polysporum,,,,,
Trichophyton megnini,,,,,
Trididemnum cyanophorum,,,,,
Trifolium sp.,,,,,
Xenia florida,,,,,
Xenia obscuronata,,,,,
gai lan,,,,,
kohlrabi,,,,,
sweet pea,,,,,
umbellate wintergreen,,,,,
Conyza Canadensis,,,,,
Phyllospongia dendyi,,,,,
Polyporus cinnabarinus,,,,,
Conoideocrella luteorostrata,,,,,
Crassostrea gigas,,,,,
Crassostrea rivularis,,,,,
Dendrodoris tuberculosa,,,,,
Dermolepida albohirtum,,,,,
Dolichousnea longissima,,,,,
Kalanchoe Spathulata,,,,,
Keiferia lycopersicella,,,,,
Leucopaxillus gentianeus,,,,,
Naja kaouthia,,,,,
Ostrea talienwhanensis,,,,,
Penicillium kapuscinskii,,,,,
Streptomyces xanthochromogenes,,,,,
Usnea longissima,,,,,
Albifimbria verrucaria,,,,,
Aplysia oculifera,,,,,
Bipolaris oryzae,,,,,
Cladonia rangiformis,,,,,
Estigmene acrea,,,,,
Streptomyces chrestomyceticus,,,,,
Anderson's larkspur,,,,,
Delphinium Ajacis,,,,,
Monomorium fieldi,,,,,
Acanthella acuta,,,,,
Nocardia sp. NRRL 5646,,,,,
Penicillium patulum,,,,,
Penicillium solitum,,,,,
Senecio Nemorensis,,,,,
Siphula decumbens,,,,,
Alpinia sp.,,,,,
Aquilaria sp.,,,,,
Artabotrys Uncinatus,,,,,
Baccharis Conferta,,,,,
Beyeria,,,,,
Daedaleopsis tricolor,,,,,
Dysidea fragilis,,,,,
Etmopterus spinax,,,,,
Flavobacterium johnsoniae,,,,,
Helicoverpa armigera,,,,,
Kitasatospora aureofaciens,,,,,
Lactarius mitissimus,,,,,
Letharia vulpina,,,,,
Leuconostoc mesenteroides,,,,,
Lonicera sp.,,,,,
Matsucoccus josephi,,,,,
Nepytia freemani,,,,,
Orgyia pseudotsugata,,,,,
Parmotrema nilgherrense,,,,,
Passiflora Foetida,,,,,
Preussia terricola,,,,,
Roseivirga echinicomitans,,,,,
Schizonella melanogramma,,,,,
Sphaeria rousseliana,,,,,
Streptomyces avermitilis,,,,,
Streptomyces avermitilis (SaOMT2),,,,,
Streptomyces bobili,,,,,
Streptomyces psammoticus,,,,,
Streptomyces psammoticus SCSIO NS126,,,,,
Thalassiosira weissflogii,,,,,
Tubularia larynx,,,,,
Amauris echeria,,,,,
Laminaria japonica,,,,,
Phallus impudicus,,,,,
Physarum polycephalum,,,,,
Pogonomyrmex rugosus,,,,,
Sraitia grosvenorii,,,,,
Tamarindus Indica,,,,,
Tricholoma inamoenum,,,,,
Truncocolumella citrina,,,,,
Rhus Succedanea,,,,,
Albugo candida,,,,,
Raphanus Sativus,,,,,
Podocarpus Nagi,,,,,
Aspergillus aculeatus,,,,,
Aspergillus awamori,,,,,
Aspergillus niger JV33-48,,,,,
Syncerus caffer,,,,,
Actinoalloteichus cyanogriseus,,,,,
Aplysia juliana,,,,,
Aspergillus glaucus,,,,,
Chondromyces crocatus,,,,,
Leptosphaeria doliolum,,,,,
Stephanitis pyrioides,,,,,
Hapalopilus mutans,,,,,
Azadiractica indica,,,,,
Actinidia Chinensis,,,,,
Beauveria bassiana,,,,,
Blumea Balsamifera,,,,,
Botrydium granulatum,,,,,
Botryllus leachi,,,,,
Cibotium Barometz,,,,,
Cryptolepis Sinensis,,,,,
Cryptolestes ferrugineus,,,,,
Cytospora ceratosperma,,,,,
Damson,,,,,
Diploprion bifasciatum,,,,,
Herba glechomae,,,,,
Herba meconpsis integrifoliae,,,,,
Herba serissae,,,,,
Hibiscus Sabdariffa,,,,,
Lecanora sulphurella,,,,,
Lemon Drop Mangosteen,,,,,
Marasmiellus ramealis,,,,,
Mycena sanguinolenta,,,,,
Nannocystis exedens,,,,,
Penicillium commune,,,,,
Phellinus linteus,,,,,
Polyporus pini,,,,,
Polytolypa hystricis,,,,,
Pseudomonas putida,,,,,
Pseudonocardia autotrophica,,,,,
Psolus eximius,,,,,
Psora corallina,,,,,
Pyrrosia Sheareri,,,,,
Rhizoma fagopyri cymosi,,,,,
Rhizopus stolonifer,,,,,
Roccellaria mollis,,,,,
Salviaplebeia,,,,,
Seiridium cupressi,,,,,
Streptomyces ERI-CPDA-1,,,,,
Streptomyces clavifer,,,,,
Streptomyces lydicus,,,,,
Streptomyces nobilis,,,,,
Trachycarpus Fortunei,,,,,
Tricholoma batschii,,,,,
Valsa ceratosperma,,,,,
Vanderbylia fraxinea,,,,,
Xanthoparmelia pokornyi,,,,,
[polyangium] brachysporum,,,,,
Kenya aloe,,,,,
Plagiodera versicolora,,,,,
Stylissa carteri,,,,,
Chloranthus Japonicus,,,,,
Diaporthe amygdali,,,,,
Morinda sp.,,,,,
Rhodopila globiformis,,,,,
Saussurea sp.,,,,,
Xerula melanotricha,,,,,
Streptomyces clavuligerus,,,,,
Streptomyces jumonjinensis,,,,,
Streptomyces katsurahamanus,,,,,
Aphomia sociella,,,,,
Elysia rufescens,,,,,
Flos lonicerae,,,,,
Mountain papaya,,,,,
Pternistria bispina,,,,,
Radix smilacis,,,,,
Serratia odorifera,,,,,
star fruit,,,,,
Chaetomium aureum,,,,,
Penicillium multicolor,,,,,
Pseudocyphellaria berberina,,,,,
Pyrenula japonica,,,,,
Streptomyces karnatakensis,,,,,
Tridacna maxima,,,,,
Schlegelella brevitalea DSM 7029 [n.a.],,,,,
Anser cygnoides,,,,,
Didymosporium radicicola,,,,,
Hirudo medicinalis,,,,,
Callicarpa Arborea,,,,,
Callicarpa Macrophylla,,,,,
Diaporthe longicolla,,,,,
Hyptis Brevipes,,,,,
Leucas Aspera,,,,,
Periploca sp.,,,,,
Streptomyces anulatus,,,,,
Yarrowia lipolytica ST6075 [crtW crtZ],,,,,
hypstis H. mutabilis,,,,,
Chrysomela tremula,,,,,
Aspergillus cervinus,,,,,
Amphimedon compressa,,,,,
Cervicornia cuspidifera,,,,,
Cordyceps,,,,,
Esperiopsidae,,,,,
Halichondriidae,,,,,
Haliclona compressa,,,,,
Haminoea templadoi,,,,,
Petrosia pellasarca,,,,,
Pipestela terpenensis,,,,,
Pseudosuberites,,,,,
Pyrococcus furiosus,,,,,
Rainbow smelt,,,,,
Streptomyces sp. SCA3-4,,,,,
Streptomyces sp. mNP10,,,,,
Suberites massa,,,,,
Tectitethya crypta,,,,,
Brazilian Red Propolis,,,,,
Conus gladiator,,,,,
Dictyodendrilla cavernosa,,,,,
Dilophus guineensis,,,,,
Lobophytum strictum,,,,,
Lora quadra,,,,,
Mephitis mephitis,,,,,
Moesziomyces antarcticus,,,,,
Myxine glutinosa,,,,,
Polymastia boletiformis,,,,,
Sargassum fulvellum,,,,,
Spongia vaginalis,,,,,
Stephania Japonica,,,,,
Ustilago virens,,,,,
Annella reticulata,,,,,
Aplysia parvula,,,,,
Aspergillus panamensis,,,,,
Astraeus pteridis,,,,,
Brevibacterium linens,,,,,
Burkholderia gladioli,,,,,
Caesalpinia Pulcherrima,,,,,
Chromodoris lochi,,,,,
Cladosiphon decipiens,,,,,
Curvularia coicis,,,,,
Dermocybe canaria,,,,,
Leea Thorelii,,,,,
Manilkara Zapota,,,,,
Oscillochloris trichoides,,,,,
Pistacia Weinmannifolia,,,,,
Streptomyces thermoviolaceus,,,,,
Tridachia crispata,,,,,
Trididemnum cyclops,,,,,
Ramalina siliquosa,,,,,
Aplysina cavernicola,,,,,
Aplysina gerardogreeni,,,,,
Aplysina thiona,,,,,
Briareum excavatum,,,,,
Ceroplastes floridensis,,,,,
Mycena megaspora,,,,,
Pseudoceratina durissima,,,,,
Thermococcus acidaminovorans,,,,,
Verongia,,,,,
Gloeophyllum odoratum,,,,,
Pannaria fulvescens,,,,,
Phoracantha semipunctata,,,,,
Ceraeochrysa smithi,,,,,
Hedgehog-shaped lip Bulbophyllum,,,,,
Homo sapiens (Skin),,,,,
Platynereis dumerilii,,,,,
Fusarium,,,,,
Fusarium sp. F31,,,,,
Fusarium tricinctum,,,,,
Fusarium tricinctum + Streptomyces lividans/Bacillus subtilis,,,,,
Streptomyces aurantiogriseus,,,,,
Limnophila sp.,,,,,
Dimelaena oreina,,,,,
Fusarium dimerum,,,,,
Agrotis fucosa,,,,,
Lobaria scrobiculata,,,,,
Rimularia gibbosa,,,,,
Delphinapterus leucas,,,,,
Electrophorus electricus,,,,,
Iris,,,,,
Kobus ellipsiprymnus,,,,,
Lentinus edodes,,,,,
Red-lined Carrion Beetle,,,,,
Streptomyces roseosporus,,,,,
Tephritidae,,,,,
Xerula longipes,,,,,
Xerula pudens,,,,,
Cananga Odorata,,,,,
Cortex magnoliae officinalis,,,,,
Mangifera Indica,,,,,
Inia geoffrensis,,,,,
Streptomyces griseoincarnatus,,,,,
Streptomyces griseoincarnatus strain HK12,,,,,
chub mackerel,,,,,
Melastoma Malabathricum,,,,,
Solanum Nigrum,,,,,
Chrysanthemum Morifolium,,,,,
Dendroctonus frontalis,,,,,
Drynaria Fortunei,,,,,
Streptomyces tsukubensis,,,,,
Streptomyces vinaceusdrappus,,,,,
Amanita muscaria,,,,,
Carteriospongia,,,,,
Cordyceps militaris,,,,,
Corydyceps militaris cv.,,,,,
Corydyceps sinensis,,,,,
Echinoclathria gibbosa,,,,,
Ganoderma japonicum,,,,,
Hamigera avellanea,,,,,
Junceella juncea,,,,,
Petrosiidae,,,,,
Phyllospongia,,,,,
Phytophthora Phytophíhora drechsleri,,,,,
Sinorhizobium meliloti,,,,,
Streptomyces xanthophaeus,,,,,
Subergorgia suberosa,,,,,
Tuber indicum,,,,,
Gliricidia Sepium,,,,,
Lecidea quernea,,,,,
Plakortis angulospiculatus,,,,,
Annona,,,,,
Anomianthus Dulcis,,,,,
Bulla gouldiana,,,,,
Sulfolobus shibatae,,,,,
Semen sesami,,,,,
Andinobates bombetes,,,,,
Boletus edulis,,,,,
Cyphelium chrysocephalum,,,,,
Dianthus Superbus,,,,,
Euploea sylvester,,,,,
Galeocerdo arcticus,,,,,
Hypotrachyna immaculata,,,,,
Lactifluus subvellereus,,,,,
Lithocolletis coryli,,,,,
Pellicularia sasakii,,,,,
Puccinia lagenophorae,,,,,
Siphonaria australis,,,,,
Streptomyces fimicarius BWL-H1,,,,,
Streptomyces sp. A0916,,,,,
Xanthomonas citri,,,,,
Moringa Oleifera,,,,,
Rhizophagus intraradices,,,,,
Smilax Riparia,,,,,
Tetracera Asiatica,,,,,
Tetracera spp.,,,,,
Viscum Album,,,,,
propolis,,,,,
Acidipropionibacterium acidipropionici,,,,,
Agarum cribrosum,,,,,
Alaria crispa,,,,,
Amblyraja radiata,,,,,
Antennaria sp.,,,,,
Aplidium conicum,,,,,
Baeomyces roseus,,,,,
Bagarius bagarius,,,,,
Bitis arietans,,,,,
Byssochlamys fulva,,,,,
Caesalpinia Decapetala,,,,,
Cassia Siamea,,,,,
Centipeda Minima,,,,,
Cladonia cryptochlorophaea,,,,,
Clathrina clathrus,,,,,
Comantheria briareus,,,,,
Corynascus setosus,,,,,
Crotalaria Assamica,,,,,
Crotalaria Pallida,,,,,
Cunninghamella echinulata,,,,,
Cystoseira mediterranea,,,,,
Dendroctonus pseudotsugae,,,,,
Dichothrix utahensis,,,,,
Dryocosmus kuriphilus,,,,,
Euplexaura erecta,,,,,
Eupoecilia ambiguella,,,,,
Evasterias troschelii,,,,,
Fenneropenaeus orientalis,,,,,
Ficus Carica,,,,,
Ficus Microcarpa,,,,,
Hamamelistes betulae,,,,,
Hapsidospora irregularis,,,,,
Helicoverpa zea,,,,,
Hypoxylon microplacum,,,,,
Lactobacillus helveticus,,,,,
Lecanora nipponica,,,,,
Lecidea speirodes,,,,,
Leptogorgia alba,,,,,
Luvunga Sarmentosa,,,,,
Mallotus sp.,,,,,
Methanothermobacter thermautotrophicus,,,,,
Mythimna loreyi,,,,,
Myxoderma platyacanthum,,,,,
Neothyonidium magnum,,,,,
Nonomuraea turkmeniaca,,,,,
Oreaster nodosus,,,,,
Pachybasium candidum,,,,,
Patellaria scruposa,,,,,
Perna canaliculus,,,,,
Phlogacanthus Curviflorus,,,,,
Phora atra,,,,,
Pinna nobilis,,,,,
Polybia occidentalis,,,,,
Pyrenophora lolii,,,,,
Rhinacanthus Nasutus,,,,,
Rhizobium etli,,,,,
Rhodomyrtus Tomentosa,,,,,
Russula subnigricans,,,,,
Saccharopolyspora hirsuta,,,,,
Sarcomyxa serotina,,,,,
Sarcotragus spinosulus,,,,,
Sclerotinia fructicola,,,,,
Scombresox saurus,,,,,
Solanderia secunda,,,,,
Spheciospongia vagabunda,,,,,
Sterculia sp.,,,,,
Stiretrus anchorago,,,,,
Streptomyces griseoplanus,,,,,
Streptomyces halstedii,,,,,
Streptomyces toyocaensis,,,,,
Streptosporangium vulgare,,,,,
Strobilomyces floccopus,,,,,
Tevenotica persica,,,,,
Trichosurus vulpecula,,,,,
Umbelopsis vinacea,,,,,
Verbena Officinalis,,,,,
Vernonia erdverbengii,,,,,
Xanthomendoza fallax,,,,,
A new engineered strain of Saccharomyces cerevisiae [n.a.],,,,,
Ananas Comosus,,,,,
Aplysia depilans,,,,,
Aplysia fasciata,,,,,
Ascidia zara,,,,,
Carassius auratus,,,,,
Cetraria australiensis,,,,,
Cetraria nigricans,,,,,
Chlorella fusca,,,,,
Chlorella zofingiensis,,,,,
Chondracanthus volans,,,,,
Ciona intestinalis,,,,,
Cladonia cenotea,,,,,
Cladonia cervicornis subsp. verticillata,,,,,
Cladonia cornuta,,,,,
Cladonia deformis,,,,,
Cladonia foliacea,,,,,
Cladonia glauca,,,,,
Cladonia gracilis,,,,,
Cladonia macilenta,,,,,
Cladonia mitis,,,,,
Cladonia phyllophora,,,,,
Cladonia portentosa,,,,,
Cladonia ramulosa,,,,,
Cladonia rangiferina,,,,,
Cladonia scabriuscula,,,,,
Cladonia sp.,,,,,
Cladonia verticillata,,,,,
Cladophora conchopheria,,,,,
Cladophora horii,,,,,
Cladophora japonica,,,,,
Corbicula clams,,,,,
Corbicula japonica,,,,,
Corbicula sandai,,,,,
Corydoras melanistius,,,,,
Cryptopleura farlowiana,,,,,
Cyprinus carpio,,,,,
Dolabella auricularia,,,,,
Fusinus perplexus,,,,,
Galleria mellonella,,,,,
Gallus gallus,,,,,
Gallus gallus domesticus,,,,,
Grass Carp,,,,,
Halocynthia roretzi,,,,,
Helianthus Annuus,,,,,
Helminthosporium avenae,,,,,
Holothuria tubulosa,,,,,
Ictalurus punctatus,,,,,
Lactarius subumbonatus,,,,,
Lepidodinium chlorophorum,,,,,
Leptodontidium elatius,,,,,
Malapterurus electricus,,,,,
Methylomonas methanica,,,,,
Micrococcus luteus,,,,,
Muriellopsis sp.,,,,,
Navicula delognei,,,,,
Paralithodes brevipes,,,,,
Parlibellus delognei,,,,,
Passalora rosicola,,,,,
Pelteobagrus nudiceps,,,,,
Penaeus orientalis,,,,,
Phodymenia palmata,,,,,
Protousnea sp.,,,,,
Protula tubularia,,,,,
Pseudobagrus aurantiacus,,,,,
Ramalina capitata,,,,,
Rhacophorus bipunctatus,,,,,
Salvelinus alpinus,,,,,
Satsuki azalea,,,,,
Silurus asotus,,,,,
Silurus biwaensis,,,,,
Silurus microdorsalis,,,,,
Smilax,,,,,
Staria italia,,,,,
Stenochlaena Palustris,,,,,
Stereocaulon paschale,,,,,
Styela clava,,,,,
Styela plicata,,,,,
Tethya aurantia,,,,,
Tethya aurantium,,,,,
Umbilicaria rigida,,,,,
Umbilicaria torrefacta,,,,,
Umbilicaria vellea,,,,,
Zea,,,,,
Globularia nana,,,,,
Gomphrena Globosa,,,,,
Salix sp,,,,,
Archaster typicus,,,,,
Clitocybe subilludens,,,,,
Daldinia vernicosa,,,,,
Eudendrium racemosum,,,,,
Gloydius blomhoffii,,,,,
Melipotis perpendicularis,,,,,
Octopus octopodia,,,,,
Petrosia volcano,,,,,
Phaeotremella fagi,,,,,
Ruditapes philippinarum,,,,,
Saccharina latissima,,,,,
Sarcophyton infundibuliforme,,,,,
Spatoglossum pacificum,,,,,
Stereocaulon salazinum,,,,,
Zanthoxylum Planispinum,,,,,
Dalbergia Volubilis,,,,,
Spodoptera exigua,,,,,
Aspergillus silvaticus,,,,,
Chrysoporthe,,,,,
Chrysoporthe sp. SNB-CN74,,,,,
Cortinarius icterinoides,,,,,
Dermocybe austroveneta,,,,,
Dermocybe icterinoides,,,,,
Endoconidiophora coerulescens,,,,,
Hypomyces lactifluorum,,,,,
Lecanora gangaleoides,,,,,
Lecanora gangleoides,,,,,
Micromonospora megalomicea,,,,,
Parmelia antleriformis,,,,,
Penicillium citrioviride,,,,,
Pseudococcus albizziae,,,,,
Pyrofomes albomarginatus,,,,,
Talaromyces brunneus,,,,,
Talaromyces islandicus,,,,,
Talaromyces rugulosus,,,,,
Talaromyces wortmannii,,,,,
Abrus Precatorius,,,,,
Adonis sp.,,,,,
Adonis spp.,,,,,
Barbus labeo,,,,,
Cachonina hallii,,,,,
Cladonia furcata,,,,,
Clinacanthus Nutans,,,,,
Cynthia papillosa,,,,,
Gluconobacter oxydans MD-16 [upp and l-sorbosone DH. Glucose DH2 NAD-dependent xylitol DH NAD-dependent xylitol DH 2 gluconate 5-DH sldSLC PTS glucose DH Mannitol DH PQQ-dependent DH 3 alcohol DH aldehyde DH 3 aldehyde DH (NAD(+)) gluconate2-DH aldehyde D,,,,,
Helminthosporium sativum,,,,,
Heterocapsa niei,,,,,
Hypselodoris zebra,,,,,
Lemna sp.,,,,,
Leptopsammia pruvoti,,,,,
Lespedeza Juncea,,,,,
Lissoclinum vareau,,,,,
Lyngbya aestuarii,,,,,
Marine isolate,,,,,
Paenibacillus alvei,,,,,
Parkinsonia Aculeata,,,,,
Phoma medicaginis,,,,,
Polygonum Orientale,,,,,
Pterogorgia anceps,,,,,
Rhynchosia Minima,,,,,
Sarcodon glaucopus,,,,,
Sargassum spinuligerum,,,,,
Stichopus hermanni,,,,,
Streptomyces gougerotii,,,,,
Talaromyces pinophilus,,,,,
Thermomyces dupontii,,,,,
Aplysina,,,,,
Aplysina insularis,,,,,
Himerometra magnipinna,,,,,
Himerometra robustipinna,,,,,
Psammaplysilla purpurea,,,,,
Pseudoceratina purpurea,,,,,
Tylodina perversa,,,,,
Aplysia vaccaria,,,,,
Parnassius phoebus,,,,,
Streptomyces aureofaciens,,,,,
Acinidia rubricaulis var.coriacea,,,,,
Agrimonia Pilosa,,,,,
Audouinia tentaculata,,,,,
Blechnum Orientale,,,,,
Cladiella australis,,,,,
Clostridium tetanomorphum,,,,,
Coffea Arabica,,,,,
Digitalis Purpurea,,,,,
Dodonaea Viscosa,,,,,
Evolvulus Alsinoides,,,,,
Fumago vagans,,,,,
Lathyrus spp.,,,,,
Monascus pilosus BCRC38072,,,,,
Ophioceras dolichostomum,,,,,
Perilla sp.,,,,,
Pseudocyphellaria hirsuta,,,,,
Pteris Multifida,,,,,
Pueraria Phaseoloides,,,,,
Solidago Virgaurea,,,,,
Streptomyces PM9,,,,,
Streptomyces inusitatus,,,,,
Sweet Woodruff,,,,,
Trichoderma longibrachiatum,,,,,
Uncaria Sinensis,,,,,
Westiella intricata,,,,,
obedient plant,,,,,
Hyrtios erecta,,,,,
Laccocephalum tumulosum,,,,,
Lecania gerlachei,,,,,
Penicillium citrinum F5,,,,,
Penicillium griseofulvum,,,,,
Phascolion strombus,,,,,
Polyporus tumulosus,,,,,
Sesamum Indicum,,,,,
Streptomyces anthocyanicus,,,,,
Streptomyces cinnamonensis,,,,,
Streptomyces spectabilis,,,,,
Tremella fuciformis,,,,,
Climacostomum virens,,,,,
Cortinarius infractus,,,,,
Cribrochalina dura,,,,,
Fischerella muscicola,,,,,
Herba lagotidis,,,,,
Rhodopirellula baltica,,,,,
Trichoderma roseum,,,,,
Usnea aciculifera,,,,,
Onopordon sibthorpianum,,,,,
Sanbaria stellipila,,,,,
Datura Metel,,,,,
Leptoshaeria maculans,,,,,
Leptosphaeria maculans,,,,,
Monilinia fructigena,,,,,
Mucor pusillus,,,,,
Pertusaria wulfenii,,,,,
Sphaeria macula,,,,,
Ustilago maydis,,,,,
Sedum Sarmentosum,,,,,
Rumex Crispus,,,,,
Botryosphaeria stevensii,,,,,
Diplodia corticola,,,,,
Diplodia cupressi,,,,,
Diplodia mutila,,,,,
Smardaea,,,,,
Sphaeropsis sapinea,,,,,
Xylaria,,,,,
Danaus plexippus,,,,,
Clausena Excavata,,,,,
Flemingia Chappar,,,,,
Muntingia Calabura,,,,,
Nepalese propolis,,,,,
Saccharomonospora,,,,,
Saccharomonospora sp. CNQ-490,,,,,
Viguiera spp.,,,,,
African blue basil,,,,,
Blumea Lacera,,,,,
A new engineered strain of Saccharomyces cerevisiae AM109 [CYP712K1 CYP712K2 CYP712K3 UBC7],,,,,
Acacia Leucophloea,,,,,
Apium Graveolens,,,,,
Armillaria matsutake,,,,,
Bidens Tripartita,,,,,
Bothrops jararaca,,,,,
Chondrilla nucula,,,,,
Choriaster granulatus,,,,,
Chrysotila lamellosa,,,,,
Cladiella elongata,,,,,
Clostridium butyricum,,,,,
Coniophora puteana,,,,,
Dendrobates tinctorius,,,,,
Eclipta sp.,,,,,
Epilachna varivestis,,,,,
Erioderma tomentosum,,,,,
Euplotes vannus,,,,,
Euryspongia rosea,,,,,
Fuligo candida,,,,,
Hapalosiphon delicatulus,,,,,
Hendersonula toruloidea,,,,,
Hymeneae palustris,,,,,
Komagataeibacter hansenii,,,,,
Monomorium pharaonis,,,,,
Pecten islandicus,,,,,
Penicillium meleagrinum,,,,,
Penicillium puberulum,,,,,
Pentemon gentianoides HBK,,,,,
Pinguicula sp.,,,,,
Prunella Vulgaris,,,,,
Pseudomonas mendocina,,,,,
Sonneratia Caseolaris,,,,,
Streptomyces garyphalus,,,,,
Streptomyces lucensis,,,,,
Streptomyces sp. KCTC 0041BP,,,,,
Thiocystis gelatinosa,,,,,
Thunnus orientalis,,,,,
Venus mercenaria,,,,,
denseflower mullein,,,,,
Burkholderia ambifaria,,,,,
Clausena Lansium,,,,,
Coscinoderma matthewsi,,,,,
Elsinoe annonae,,,,,
Stereocaulon strictum,,,,,
Averrhoa Carambola,,,,,
Lamellodysidea cf. chlorea,,,,,
Myrica Esculenta,,,,,
Ovophis okinavensis,,,,,
Ramalina stenospora,,,,,
Hyuganatsu,,,,,
Biemna ehrenbergi,,,,,
Daedaleopsis confragosa var. tricolor,,,,,
Lepista nuda,,,,,
Omphalia,,,,,
Pleurotus eryngii,,,,,
Acherontia atropus,,,,,
Agaricus,,,,,
Akanthomyces lecanii,,,,,
Alternaria mali,,,,,
Alternaria raphani,,,,,
Apiosphaeria nipponica,,,,,
Aschersonia aleyrodis,,,,,
Aspergillus austroafricanus,,,,,
Aspergillus nidulans,,,,,
Aspergillus ochraceus,,,,,
Aspergillus purpureus,,,,,
Aspergillus rugulosus,,,,,
Aspergillus stellatus,,,,,
Aureobasidium pullulans,,,,,
Biscogniauxia macula,,,,,
Bulgaria inquinans,,,,,
Candida lipolytica,,,,,
Cantharellus cibarius,,,,,
Cephalosporium aphidicola,,,,,
Chaetomium arcuatum,,,,,
Chaetomium brasiliense,,,,,
Chaetomium elatum,,,,,
Chaetomium longirostre,,,,,
Cladosporium cladosporioides,,,,,
Clavicorona mairei,,,,,
Clitocybula oculus,,,,,
Collariella virescens,,,,,
Colletotrichum,,,,,
Coltricia cinnamomea,,,,,
Cortinarius lucorum,,,,,
Cortinarius speciosissimus,,,,,
Cortinarius umidicola,,,,,
Cosmospora sp. + Magnaporthe oryzae,,,,,
Cryptococcus albidus,,,,,
Cryptoporus volvatus,,,,,
Cystobasidium minutum,,,,,
Debaryomyces hansenii,,,,,
Dendrodoa grossularia,,,,,
Diaporthe convolvuli,,,,,
Dichotomophthora lutea,,,,,
Dictyonella incisa,,,,,
Dysidea avara,,,,,
Emericella desertorum,,,,,
Epichloe coenophiala,,,,,
Eunicella stricta,,,,,
Eutypa lata,,,,,
Fomes officinalis,,,,,
Fomitopsis officinalis,,,,,
Furcasterigmium furcatum,,,,,
Fusarium proliferatum,,,,,
Gama farinosum,,,,,
Ganoderma,,,,,
Gloeophyllum trabeum,,,,,
Grifola frondosa,,,,,
Gymnopilus spectabilis,,,,,
Halocynthia aurantium,,,,,
Hebeloma vinosophyllum,,,,,
Hohenbuehelia serotina,,,,,
Hydnellum scabrosum,,,,,
Hypholoma sublateritium,,,,,
Hypocrella,,,,,
Hypsizygus marmoreus,,,,,
Imleria badia,,,,,
Ircinia oros,,,,,
Lactarius hatsudake,,,,,
Lactarius volemus,,,,,
Lactifluus volemus,,,,,
Lichtheimia corymbifera,,,,,
Microdiplodia,,,,,
Morchella esculenta,,,,,
Murex brandaris,,,,,
Myrmica sabuleti,,,,,
Mytilus edulis,,,,,
Naganishia albida,,,,,
Neonectria obtusispora,,,,,
Ovatospora brasiliensis,,,,,
Panellus serotinus,,,,,
Paxillus involutus,,,,,
Penicillium brevicompactum,,,,,
Penicillium crustosum,,,,,
Penicillium oxalicum,,,,,
Phomatospora dinemasporium,,,,,
Pisolithus arhizus,,,,,
Pisolithus tinctorius,,,,,
Pleurotus citrinopileatus,,,,,
Pleurotus lampas,,,,,
Polyporus cretaceus,,,,,
Polyporus lipsiensis,,,,,
Polyporus tuberaster,,,,,
Porodaedalea pini,,,,,
Pseudevernia furfuracea var. furfuracea,,,,,
Psilocybe argentipes,,,,,
Psilocybe subcaerulipes,,,,,
Pycnoporus sanguineus,,,,,
Pyrenophora graminea,,,,,
Pyrenophora teres,,,,,
Ramaria botrytis,,,,,
Ramaria fennica,,,,,
Ramaria flavescens,,,,,
Ramaria formosa,,,,,
Rhizoctonia,,,,,
Rhodotorula gracilis,,,,,
Rhodotorula minuta,,,,,
Rhodotorula toruloides,,,,,
Ryvardenia cretacea,,,,,
Saccharomyces,,,,,
Sarcodon scabrosus,,,,,
Sargassum kjellmanianum,,,,,
Sirococcus,,,,,
Spongionella gracilis,,,,,
Stachybotrys chartarum,,,,,
Staphylotrichum longicolle,,,,,
Stenocarpella macrospora,,,,,
Sticta caulescens,,,,,
Sticta santessonii,,,,,
Streptomyces anandii,,,,,
Streptomyces anandii H41-59,,,,,
Streptomyces californicus,,,,,
Streptomyces cattleya,,,,,
Stylocheilus longicaudus,,,,,
Talaromyces verruculosus,,,,,
Terfezia,,,,,
Trametes coccinea,,,,,
Trametes versicolor,,,,,
Trichothecium roseum,,,,,
Tuber,,,,,
Tuber melanosporum,,,,,
Venturia inaequalis,,,,,
Westerdykella multispora,,,,,
Xenorhabdus bovienii,,,,,
Xylaria obovata,,,,,
Xylaria sp.,,,,,
Yarrowia lipolytica,,,,,
Zoophagus insidians,,,,,
lethal webcaps,,,,,
microdiplodia sp.,,,,,
two Aspergillus sp. strains,,,,,
Acrantophis dumerili,,,,,
Alcyonium coralloides,,,,,
Amathia alternata,,,,,
Axinella polypoides,,,,,
Blattella germanica,,,,,
Dendrobates auratus,,,,,
Dysidea chlorea,,,,,
Dysidea incrustans,,,,,
Halichondria cylindrata,,,,,
Haliclona valliculata,,,,,
Helicoon richonis,,,,,
Hydroclathrus tenuis,,,,,
Lethariella sinensis,,,,,
Lyngbya semiplena,,,,,
Micromonospora chersina,,,,,
Myriastra clavosa,,,,,
Paenibacillus thiaminolyticus,,,,,
Pellina semitubulosa,,,,,
Penicillium expansum,,,,,
Phakellia flabellata,,,,,
Phragmatobia fuliginosa,,,,,
Phyllosticta cirsii,,,,,
Podosphaera fuliginea,,,,,
Polyporus fomentarius,,,,,
Russula lepida,,,,,
Sargassum macrocarpum,,,,,
Trichoplusia ni,,,,,
baccharis sp.,,,,,
Dipterocarpus Alatus,,,,,
Agrobacterium rhizogenes,,,,,
Rhizobium rhizogenes,,,,,
Cervus nippon,,,,,
Leucocoprinus birnbaumii,,,,,
Pecten aurantiacus,,,,,
Physeter catodon,,,,,
Pseudogymnoascus pannorum,,,,,
Sindora Siamensis,,,,,
Corynespora cassiicola,,,,,
Penicillium nalgiovensis,,,,,
Sargassum parvivesiculosum,,,,,
Streptomyces scabiei,,,,,
Actinomadura pelletieri,,,,,
Amanita porphyria,,,,,
Anastrepha ludens,,,,,
Apostichopus japonicus,,,,,
Aspergillus duricaulis,,,,,
Bactrocera kraussi,,,,,
Buellia canescens,,,,,
Cadophora gregata,,,,,
Chrysosporium queenslandicum,,,,,
Comatula cratera,,,,,
Drepanospora viridis,,,,,
Elephas maximus,,,,,
Euglena longa,,,,,
Euglena viridis,,,,,
Euphausia pacifica,,,,,
Eusynstyela misakiensis,,,,,
Jasus lalandii,,,,,
Lactarius flavidulus,,,,,
Lambertella hicoriae,,,,,
Laurilia sulcata,,,,,
Lepraria chlorina,,,,,
Linckia guildingi,,,,,
Microsphaeropsis olivacea,,,,,
Nephthea erecta,,,,,
Oleum pogostemonis,,,,,
Ophiura leptoctenia,,,,,
Peniophora filamentosa,,,,,
Purpureocillium lilacinum,,,,,
Radix cudraniae,,,,,
Radix moghaniae philippinensis,,,,,
Rumphella aggregata,,,,,
Sirodesmium diversum,,,,,
Stereocaulon ramulosum,,,,,
Stichopus parvimensis,,,,,
Streptomyces avellaneus,,,,,
Thymus spp.,,,,,
Xanthoparmelia xanthosorediata,,,,,
Briareum stechei,,,,,
Protoceratium reticulatum,,,,,
Diplopteraster multipes,,,,,
Inocybe aeruginascens,,,,,
Pentaceraster regulus,,,,,
Plakortis lita,,,,,
Rhizopogon pumilionus,,,,,
Sarcophyton latum,,,,,
Sphacelaria arctica,,,,,
blue water-speedwell,,,,,
A new engineered strain of Saccharomyces cerevisiae INVSc1 [bAS CPR CYP72A63 CYP93E2 or CYP716A12],,,,,
Adalia bipunctata,,,,,
Asahinea chrysantha,,,,,
Aspergillus aureoterreus,,,,,
Aspergillus flavipes HN4-13,,,,,
Aspergillus terreus IMI16043,,,,,
Boeremia foveata,,,,,
Cascara sagrada,,,,,
Cassia,,,,,
Cassia Alata,,,,,
Cassia Javanica,,,,,
Caulis polygoni multiflori,,,,,
Caulis sargentodoxae,,,,,
Cochliobolus lunatus SCSIO41401,,,,,
Cortinarius sanguineus,,,,,
Curvularia lunata,,,,,
Dermocybe,,,,,
Endothia longirostris,,,,,
Eriococcus coriaceus,,,,,
Halorhodospira halochloris,,,,,
Lilium Brownii,,,,,
Monilinia fructicola,,,,,
Monodictys,,,,,
Monodictys sp.,,,,,
Mycocepurus goeldii,,,,,
Nephroma laevigatum,,,,,
Nephromopsis cucullata,,,,,
Neurospora micropertusa,,,,,
Oryctes monoceros,,,,,
Parmelia alpicola,,,,,
Phialophora asteris,,,,,
Phoma foveata,,,,,
Picramnia P. Antidesma,,,,,
Polygonum Multiflorum,,,,,
Polygonum Perfoliatum,,,,,
Pyrenochaeta terrestris,,,,,
Radix et rhizoma rhei,,,,,
Radix et rhizoma rhei praeparata,,,,,
Radix polygoni multiflori preparata,,,,,
Rhizoma dioscoreae hypoglaucae,,,,,
Rumex Nepalensis,,,,,
Sargentodoxa Cuneata,,,,,
Setophoma terrestris,,,,,
Talaromyces stipitatus,,,,,
Thielavia subthermophila,,,,,
Trichoderma harzianum,,,,,
Tricholoma portentosum,,,,,
Tricholomopsis rutilans,,,,,
Trichoptilus wahlbergi,,,,,
Xalocoa ocellata,,,,,
Xylaria longiana,,,,,
Corynebacterium ammoniagenes,,,,,
Klyxum molle,,,,,
Lagochilus sp.,,,,,
Thelenota ananas,,,,,
Alangium Kurzii,,,,,
Aspergillus insuetus,,,,,
Atractylodes Lancea,,,,,
Atriolum robustum,,,,,
Isodictya erinacea,,,,,
Nigrospora oryzae,,,,,
Nigrospora sphaerica,,,,,
Ophiopogon Japonicus,,,,,
Phomopsis,,,,,
Tylopilus plumbeoviolaceus,,,,,
Acyrthosiphon norvegicum,,,,,
Acyrthosiphon pisum,,,,,
Antrodia cinnamomea,,,,,
Cortinarius bulbiger,,,,,
Escinops ellenbeckii,,,,,
Ganoderma carnosum,,,,,
Hypotrachyna neodamaziana,,,,,
Hypselodoris capensis,,,,,
Inocybe patouillardii,,,,,
Lactarius necator,,,,,
Microdochium nivale,,,,,
Ostrinia nubilalis,,,,,
Penicillium sclerotigenum,,,,,
Phytophthora cactorum,,,,,
Suillellus luridus,,,,,
Mucidula mucida,,,,,
Agelas longissima,,,,,
Bufo bankorensis,,,,,
Chromodoris cavae,,,,,
Cladosiphon okamuranus,,,,,
Cyathus intermedius,,,,,
Echinocardium cordatum,,,,,
Lactarius torminosus,,,,,
Lecanora sulphurata,,,,,
Mocis latipes,,,,,
Mycosphaerella nawae,,,,,
Penicilliopsis clavariiformis,,,,,
Phoma asparagi,,,,,
Streptomyces sakaiensis,,,,,
Thelepus setosus,,,,,
Axinella corrugata,,,,,
Axinella verrucosa,,,,,
Inella verrucosa,,,,,
Stylissa,,,,,
Stylissa caribica,,,,,
Stylissa species,,,,,
unidentified sponge,,,,,
A new engineered strain of Yarrowia Lipolytica ATCC 201249 [n.a.],,,,,
Pichia pastoris strain co-expressing HPO and CPR [n.a.],,,,,
Fusidium griseum,,,,,
Nephrotoma cornicina,,,,,
Cladosporium werneckii,,,,,
Prochlorothrix hollandica,,,,,
Porites rus,,,,,
Taiwanofungus salmoneus,,,,,
Apium spp.,,,,,
Aspergillus phoenicis,,,,,
Auricularia auricula-judae,,,,,
Bidens sp.,,,,,
Candelaria vitellina,,,,,
Ceratocystis fimbriata,,,,,
Crocodylus niloticus,,,,,
Eunicea pinta,,,,,
Favolaschia tonkinensis,,,,,
Globicephala melas,,,,,
Gnidia sp.,,,,,
Grateloupia livida,,,,,
Hypoxylon carneum,,,,,
Inula Helenium,,,,,
Kloeckera brevis,,,,,
Melilotus Suaveolens,,,,,
Nocardia brasiliensis,,,,,
Pterocaulon,,,,,
Sphoeroides vermicularis,,,,,
Spongia lamellosa,,,,,
Streptomyces incarnatus,,,,,
Tortrix viridana,,,,,
Trametes feei,,,,,
Vigna Radiata,,,,,
Yponomeuta mahalebella,,,,,
Yponomeuta mahalebellus,,,,,
Zeora sordida,,,,,
pterocaulon sp.,,,,,
Camilla sinensis,,,,,
Allantophomopsis lycopodina,,,,,
Azospirillum halopraeferens,,,,,
Betula spp.,,,,,
Cynops ensicauda,,,,,
Escherichia coli + Escherichia coli coculture,,,,,
Lachnum papyraceum,,,,,
Nematochrysopsis roscoffensis,,,,,
Pecten opercularis,,,,,
Scaphander lignarius,,,,,
Streptomyces avermitilis MA-4680,,,,,
Streptomyces versipellis,,,,,
piper sp.,,,,,
Aplysilla tango,,,,,
Cylindrocarpon lucidum,,,,,
Harrisonia Perforata,,,,,
Juglans Regia,,,,,
Celastrus Orbiculatus,,,,,
Chondromyces robustus,,,,,
Hapalosiphon welwitschii,,,,,
Lemnalia nitida,,,,,
Streptomyces violaceus,,,,,
Vigna Mungo,,,,,
Cacospongia mycofijiensis,,,,,
Cadlina luteomarginata,,,,,
Dictyodendrilla,,,,,
Felimare californiensis,,,,,
Herba dendrobii,,,,,
Hyrtios violaceus,,,,,
Lasius fuliginosus,,,,,
Spongia rimosa,,,,,
Tyrinna delicata,,,,,
Tyrinna nobilis,,,,,
Aspergillus albus,,,,,
Octopus vulgaris,,,,,
Pachychalina alcaloidifera,,,,,
Tenebrio obscurus,,,,,
Xenia blumi,,,,,
Acremonium,,,,,
Ascochyta medicaginicola,,,,,
Formicidae,,,,,
Gynura Segetum,,,,,
Homo sapiens (Feces),,,,,
Lactobacillus plantarum,,,,,
Persea Americana,,,,,
Stachylidium,,,,,
Adenanthera Pavonina,,,,,
Ariopsis felis,,,,,
Clitocybe truncicola,,,,,
Daphnia tenebrosa,,,,,
Erylus formosus,,,,,
Herba gynurae bicoloris,,,,,
Herba nerviliae,,,,,
Natrii sulfas,,,,,
Natrii sulfas exsiccatus,,,,,
Penicillium javanicum,,,,,
Radix hedysari,,,,,
Radix ilicis asprellae,,,,,
Radix polygoni aubertii,,,,,
Radix pseudostellariae,,,,,
Radix semiaquilegiae,,,,,
Sclerotinia fructigena,,,,,
Chondrosia corticata,,,,,
Limnatis nilotica,,,,,
Neopetrosia proxima,,,,,
Paraconiothyrium brasiliense,,,,,
Streptogonopus phipsoni,,,,,
Cryptosula pallasiana,,,,,
Heteroxenia ghardaqensis,,,,,
Ceroplastes pseudoceriferus,,,,,
Nostoc,,,,,
Pinus Massoniana,,,,,
Actinopyga echinites,,,,,
Anthomastus bathyproctus,,,,,
Arcicella aquatica,,,,,
Calyx podatypa,,,,,
Cladiella kashmani,,,,,
Doris montereyensis,,,,,
Lecanora glaucoma,,,,,
Lentinus degener,,,,,
Macrophomina phaseolina,,,,,
Polycitorella mariae,,,,,
Salacia sp.,,,,,
Sclerotinia homoeocarpa,,,,,
Sinularia dura,,,,,
Streptomyces koyangensis,,,,,
Streptomyces rutgersensis,,,,,
Tenodera aridifolia,,,,,
Tripterygium sp.,,,,,
Coronnilla sp.,,,,,
Hippocrepis spp.,,,,,
Rhizoma dryopteris crassirhizomae,,,,,
Lactarius edulis,,,,,
Sparassis crispa,,,,,
Abrosia confertiflora,,,,,
Bovine platelets,,,,,
Atalantia Roxburghiana,,,,,
Artemisia Maritima,,,,,
Dendrobium Chrysanthum,,,,,
Duboisia,,,,,
Physalis Peruviana,,,,,
Myriapora truncata,,,,,
Orytes rinojaponyes,,,,,
Schistocerca gregaria,,,,,
desert locust,,,,,
Annulohypoxylon bovei,,,,,
Annulohypoxylon boveri,,,,,
Geranium Nepalense,,,,,
Graphis pinicola,,,,,
Hibiscus Cannabinus,,,,,
Lotus sp.,,,,,
Tolypocladium inflatum,,,,,
Streptomyces TP-A0595,,,,,
Streptomyces sp. TP-A0595,,,,,
Streptomyces sp.TP-A0595,,,,,
Agelas dendromorpha,,,,,
Amphimedon viridis,,,,,
Phakellia mauritiana,,,,,
Streptomyces piomogenus,,,,,
Stylissa massa,,,,,
Tectitethya,,,,,
Bathynella natans,,,,,
Burkholderia tropica,,,,,
Cacumen tamaricis,,,,,
Cucumaria fraudatrix,,,,,
Hamamotoa singularis,,,,,
Streptomyces antioxidans,,,,,
Streptomyces antioxidans MUSC 164,,,,,
Streptomyces sp. KX852461,,,,,
Curcuma Zedoaria,,,,,
Alpinia Officinarum,,,,,
Capsella Bursa,,,,,
Dickeya chrysanthemi,,,,,
Lecanora coniza,,,,,
Phyllidiella pustulosa,,,,,
Streptomyces griseolus,,,,,
Tamarix Chinensis,,,,,
brazilian green propolis,,,,,
Achlya bisexualis,,,,,
Anaptychia heterochroa,,,,,
Arthrobacter viscosus,,,,,
Axinella vaceleti,,,,,
Bipolaris zeicola,,,,,
Calophyllum sp.,,,,,
Caloplaca murorum,,,,,
Cetraria collata,,,,,
Coprinellus heptemerus,,,,,
Crambe crambe,,,,,
Cybister confusus,,,,,
Cylas formicarius,,,,,
Dichomitus squalens,,,,,
Doris atromarginata,,,,,
Duddingtonia flagrans,,,,,
Echinodontium tsugicola,,,,,
Ectatosoma tiaratum,,,,,
Egregia menziesii,,,,,
Epipolasis kushimotoensis,,,,,
Eusynstyela latericius,,,,,
Fulmarus glacialis,,,,,
Ganoderma cochlear,,,,,
Gonepteryx rhamni,,,,,
Heliconius cydno,,,,,
Heterocapsa triquetra,,,,,
Hexabranchus sanguineus,,,,,
Kelletia kelletii,,,,,
Lactarius pubescens,,,,,
Lobophytum cristatum,,,,,
Metarhizium indigoticum,,,,,
Microcystis viridis,,,,,
Nipaecoccus aurilanatus,,,,,
Paramyrothecium roridum,,,,,
Passalora fulva,,,,,
Pentaceraster alveolatus,,,,,
Perna viridis,,,,,
Phellinus tuberculosus,,,,,
Polyporus ciliatus,,,,,
Ramariopsis helvola,,,,,
Renilla muelleri,,,,,
Rhizosolenia setigera,,,,,
Rhodococcus jostii,,,,,
Salacia,,,,,
Sarcodictyon roseum,,,,,
Sarocladium zeae,,,,,
Schizaphis graminum,,,,,
Siphonaria funiculata,,,,,
Streptomyces longissimus,,,,,
Streptomyces rubellomurinus,,,,,
Trichia carnea,,,,,
Vibrio anguillarum,,,,,
Vitex Trifolia,,,,,
Xanthoparmelia subincerta,,,,,
Xiphophora gladiata,,,,,
Xylaria telfairii,,,,,
Aspergillus giganteus,,,,,
Paenibacillus macerans,,,,,
Pieris brassicae,,,,,
Ceratocystis ips,,,,,
Hexaplex trunculus,,,,,
Matricaria Chamomilla,,,,,
Parmelia saxatilis,,,,,
Acacia Nilotica,,,,,
Acanthostrongylophora sp.,,,,,
Acremonium sp.,,,,,
Actinoalloteichus cyanogriseus IFM 11549,,,,,
Aioliomyces pyridodomos,,,,,
Aspergillus wentii SD-310,,,,,
Auxarthron pseudauxarthron,,,,,
Colletotrichum higginsianum,,,,,
Cyanobacteria spp.,,,,,
Dysidea granulosa,,,,,
Family plakiniidae,,,,,
Floricola striata,,,,,
Geosmithia langdonii,,,,,
Hylaeus signatus,,,,,
Lamellodysidea sp.,,,,,
Leucopaxillus albissimus,,,,,
Nectriaceae sp. BF-0114,,,,,
Niesslia,,,,,
Niesslia sp. TTI-0426,,,,,
Nocardia abscessus,,,,,
Nocardia abscessus IFM 10029T,,,,,
Penicillium chermesinum,,,,,
Penicillium chermesinum EN-480,,,,,
Penicillium convolutum,,,,,
Penicillium sp. Sb62,,,,,
Pestalotiopsis humus FKI-7473,,,,,
Photorhabdus temperata Meg1,,,,,
Podospora australis,,,,,
Pseudaxinella reticulata,,,,,
Ralstonia solanacearum,,,,,
Streptomyces griseus var. autotrophicus,,,,,
Streptomyces hygroscopicus,,,,,
Streptomyces noursei NTR-SR4,,,,,
Streptomyces sp. XMA39,,,,,
Streptomyces sp. ZZ741,,,,,
Streptomyces violascens,,,,,
Talaromyces convolutus,,,,,
Trichoderma brevicompactum,,,,,
Trichoderma virens,,,,,
dysidea sp.,,,,,
halichondria sp.,,,,,
Gram-negative bacterium,,,,,
Echinops sp.,,,,,
Euphorbia Tirucalli,,,,,
Chelidonium spp.,,,,,
Corydalis spp.,,,,,
Haplophyllum pedicellatum Bge.,,,,,
Sanguinaria spp.,,,,,
Zanthoxylum Avicennae,,,,,
Cladonia fallax,,,,,
Cylindrospermopsis raciborskii,,,,,
Encyothalia cliftonii,,,,,
Haliclona mucosa,,,,,
Ircinia spinosula,,,,,
Herdmania momus,,,,,
Creolophus cirrhatus,,,,,
Hormothamnion enteromorphoides,,,,,
Alligator sinensis,,,,,
Amauris niavius,,,,,
Ascotricha chartarum,,,,,
Cetraria komarovii,,,,,
Dendrodoris limbata,,,,,
Humicola grisea,,,,,
Ophiomastix mixta,,,,,
Oscillatoria raoi,,,,,
Phoma linga,,,,,
Scymnorhinus lichia,,,,,
Uperoleia inundata,,,,,
Cinnamomum Loureirii,,,,,
Conocybe siliginea,,,,,
Dactylaria lutea,,,,,
Gelatoporia subvermispora,,,,,
Hydnellum suaveolens,,,,,
Hydrocotyle Sibthorpioides,,,,,
Ophelia bicornis,,,,,
Pulveroboletus retipes,,,,,
Cortinarius,,,,,
Cortinarius persplendidus,,,,,
Xanthoria elegans,,,,,
Parthenocissus Tricuspidata,,,,,
Eupatorium Triplinerve,,,,,
Lissoclinum bistratum,,,,,
Methanobrevibacter arboriphilus,,,,,
Rhagoletis cerasi,,,,,
Ixora Chinensis,,,,,
Escherichia coli PLH-5 [n.a.],,,,,
Nodulisporium sylviform rearrangement strain [n.a.],,,,,
Penicillium expansum FS8486 [n.a.],,,,,
Trichospira verticillata,,,,,
Calycopteris Floribunda,,,,,
Camarops microspora,,,,,
Cassiope spp.,,,,,
Marasmius prasiosmus,,,,,
Patiria miniata,,,,,
Plumbago spp.,,,,,
Marmota marmota,,,,,
Merulius lacrymans,,,,,
Streptomyces olivaceus,,,,,
Streptomyces rochei,,,,,
Streptomyces sundarbansensis,,,,,
Annona Muricata,,,,,
Actinoplanes durhamensis,,,,,
Aeromonas hydrophila,,,,,
Allamanda Neriifolia,,,,,
Aspergillus multicolor,,,,,
Balanophora Latisepala,,,,,
Chalina arbuscula,,,,,
Crella incrustans,,,,,
Exobasidium vaccinii,,,,,
Fagraea Racemosa,,,,,
Lactarius vellereus,,,,,
Magnolia Coco,,,,,
Neurospora terricola,,,,,
Nocardia pseudobrasiliensis,,,,,
Oenanthe Javanica,,,,,
Pandanus Odoratissimus,,,,,
Pinus sp,,,,,
Pluchea Indica,,,,,
Polyporus anthracophilus,,,,,
Pseudoalteromonas rubra,,,,,
Rhaphidophora Decursiva,,,,,
Rhizochalina incrustata,,,,,
Scrippsiella trochoidea,,,,,
Sphaerella asteroma,,,,,
Streptomyces goshikiensis,,,,,
Strophanthus Gratus,,,,,
Symbiodinium microadriaticum,,,,,
Symplocos Lancifolia,,,,,
Talaromyces avellaneus,,,,,
Calothrix & Plectonema sp.,,,,,
Calothrix (illegit. fungus),,,,,
Campylobacter jejuni,,,,,
Ceratocystis coerulescens,,,,,
Clostridium difficile,,,,,
Gonioctena viminalis,,,,,
Hypnogyra angularis,,,,,
Iridomyrmex purpureus,,,,,
Pseudoconidiaphora coerulescens,,,,,
Herba cirsii japonici,,,,,
Herba seu radix cirsii japonici,,,,,
Radix cirsii japonici,,,,,
Rhizoma anemones raddeanae,,,,,
Rhizoma cyperi preparata,,,,,
Fritillaria,,,,,
Hohenbuehelia grisea,,,,,
Uta tuberculata,,,,,
Alpinia Galanga,,,,,
Cladonia floerkeana,,,,,
Comus officinalis,,,,,
Phyllospongia papyracea,,,,,
Aglaia cucullata,,,,,
Aspropaxillus candidus,,,,,
Astragalus sp.,,,,,
Astragalus spp.,,,,,
Bebryce indica,,,,,
Belamcanda Chinensis,,,,,
Cortinarius claricolor,,,,,
Delphinus phocoena,,,,,
Gerbera Jamesonii,,,,,
Grass-of-Parnassus,,,,,
Haematomma porphyrium,,,,,
Hypotrachyna rachista,,,,,
Liquidambar Formosana,,,,,
Perezia,,,,,
Ancistrocladus Tectorius,,,,,
Axinyssa pitys,,,,,
Streptomyces rishiriensis,,,,,
Unknown-fungus sp.,,,,,
Acinetobacter genospecies,,,,,
Haliclona fulva,,,,,
Erylus lendenfeldi,,,,,
Pulvinula constellatio,,,,,
Gyromitra esculenta,,,,,
giraffe,,,,,
Cannabis Sativa,,,,,
Euria sp.,,,,,
Lepraria membranacea,,,,,
Meridiastra calcar,,,,,
Pseudonocardia compacta,,,,,
dragon's teeth,,,,,
Dictyota ciliolata,,,,,
Heloderma suspectum,,,,,
Hippospongia gossypina,,,,,
Hyrtios reticulatus,,,,,
Malayopython reticulatus,,,,,
Melanocarpus albomyces,,,,,
Phallusia nigra,,,,,
Podospora decipiens,,,,,
Postia guttulata,,,,,
Quassia Amara,,,,,
Radopholus similis,,,,,
Schizopelte californica,,,,,
Stelletta clarella,,,,,
Streptomyces microflavus,,,,,
Streptomyces prasinopilosus,,,,,
Thermothelomyces thermophila,,,,,
Nephroma parile,,,,,
G. battiscombei,,,,,
Smilax Glabra,,,,,
Acraea andromacha,,,,,
Passiflora Incarnata,,,,,
Perganum harmala,,,,,
Phallus rugulosus,,,,,
Crinum Asiaticum,,,,,
Gryllotalpa orientalis,,,,,
Aethus indicus,,,,,
Riptortus pedestris,,,,,
Dictyopteris latiuscula,,,,,
Centipeda amplyocarpa,,,,,
Pyrenophora chaetomioides,,,,,
Ramularia uredinicola,,,,,
Agelas oroides enoyl,,,,,
Ascophyllum nodosum,,,,,
Aspergillus cejpii,,,,,
Asteromyces cruciatus,,,,,
Cameroonian entandrophragma,,,,,
Cystoseira adriatica,,,,,
Dichotomomyces cejpii,,,,,
Didymella lethalis,,,,,
Hyptis H. verticillata,,,,,
Penicillium toxicarium,,,,,
Thuridilla hopei,,,,,
Xenorhabdus nematophila,,,,,
Galium Sp,,,,,
Morinda Umbellata,,,,,
Rubia Cordifolia,,,,,
Stereum hirsutum,,,,,
Stereum hirsutum + Coprinus micaceus/Coprinus disseminatus,,,,,
Litophyton erectum,,,,,
Khaya Senegalensis,,,,,
Streptomyces various,,,,,
Aka coralliphagum,,,,,
Cortinarius vinosipes,,,,,
Parmelia pokornyi,,,,,
Passiflora Edulis,,,,,
Phyllosticta ampelicida,,,,,
Sclerodoris tanya,,,,,
Semen phaseoli,,,,,
Taxus Wallichiana,,,,,
Abrus Pulchellus,,,,,
Achyranthes Bidentata,,,,,
Cassia Grandis,,,,,
Penicillium islandicum,,,,,
Ramularia collo-cygni,,,,,
Shefflera venulosa,,,,,
Streptomyces AK 671,,,,,
Streptomyces sp. ZZ406,,,,,
Strossmayeria bakeriana,,,,,
Trirhabda geminata,,,,,
Ageratum Conyzoides,,,,,
Streptomyces albulus,,,,,
Butler's Garter Snake,,,,,
Escherichia coli KO11,,,,,
Periostracum cicadae,,,,,
Pinus tabulaefomis,,,,,
Weissella confusa 11GU1 P. freudenreichii JS15,,,,,
Alternaria porri,,,,,
Alternaria solani,,,,,
Ampelomyces,,,,,
Ampelomyces sp.,,,,,
Ampelomyces species,,,,,
Anthracophyllum archeri,,,,,
Cladosporium,,,,,
Cladosporium sp.,,,,,
Cladosporium sp. NRRL 29097,,,,,
Gadus brandtii,,,,,
Phomopsis juniperovora,,,,,
Polyommatus icarus,,,,,
Stemphylium,,,,,
Stemphylium botryosum,,,,,
Stemphylium botryosum var. lactucum,,,,,
Stemphylium sp. 33231,,,,,
Streptomyces 1010,,,,,
Reticularia lycoperdon,,,,,
Acanthopanax Senticosus,,,,,
Dictyopteris prolifera,,,,,
Herba alternantherae,,,,,
Lissoclinum perforatum,,,,,
Parmelia formosana,,,,,
Siphonaria maura,,,,,
Diatraea saccharalis,,,,,
Geitlerinema acutissimum,,,,,
Heliothis maritima,,,,,
Ramalina ecklonii,,,,,
Stichodactyla helianthus,,,,,
Sphaeria sassafras,,,,,
Asterococcus muratae,,,,,
Gyrostroma missouriense,,,,,
Hexagonia speciosa,,,,,
Loxodonta africana,,,,,
Lucilia caesar,,,,,
Parmelia tinctina,,,,,
Pecten irradians,,,,,
Ponera metallica,,,,,
Pyrobaculum organotrophum,,,,,
Streptomyces pseudovenezuelae,,,,,
Trachyrhamphus serratus,,,,,
Beta spp.,,,,,
Bipolaris bicolor,,,,,
Dahlia spp.,,,,,
Ilyocoris cimicoides,,,,,
Popillia japonica,,,,,
Schizosaccharomyces pombe,,,,,
Stereocaulon japonicum,,,,,
Streptomyces Hedaya48,,,,,
Streptomyces V1,,,,,
Streptomyces setonii,,,,,
Tabernaemontana Divaricata,,,,,
Actinopyga agassizi,,,,,
Aplidium tabascum,,,,,
Arcyria denudata,,,,,
Chromatium okenii,,,,,
Garcinia Mangostana,,,,,
Leptogorgia sarmentosa,,,,,
Myelochroa aurulenta,,,,,
Neoscopelus microchir,,,,,
Placida dendritica,,,,,
Poria selecta,,,,,
Scleronephthya pallida,,,,,
Streptomyces alboniger,,,,,
Trametes cinnabarina,,,,,
Zalerion maritima,,,,,
Penicillium ianthinellum,,,,,
Penicillium janthinellum,,,,,
Penicillium simplicissimum,,,,,
Erioderma chilense,,,,,
Ophiocoma echinata,,,,,
Erythrina sp.,,,,,
breadfruit,,,,,
Streptomyces clavuligerus ATCC 27064,,,,,
Alternaria sp.,,,,,
Fusarium acuminatum,,,,,
Fusarium lateritium,,,,,
Fusarium roseum acuminatum,,,,,
Fusarium sp.,,,,,
Fusarium tricinctum + Bacillus subtilis 168 trpC2,,,,,
Fusarium tricinctum + Streptomyces lividans,,,,,
Halosarpheia,,,,,
Dictyota kunthii,,,,,
Oenanthe sp.,,,,,
Polygala Chinensis,,,,,
Trachelospermum Jasminoides,,,,,
Trigona minor,,,,,
Wikstroemia Indica,,,,,
Erignathus barbatus,,,,,
Oncorhynchus tshawytscha,,,,,
Thunnus albacares,,,,,
Gyalolechia fulgida,,,,,
Polydesmus vicinus,,,,,
Uvaria Rufa,,,,,
chinese propolis,,,,,
Abedus herberti,,,,,
Agrobacterium tumefaciens,,,,,
Bacterium sa,,,,,
Boletus pini,,,,,
Caloboletus calopus,,,,,
Hypoxylon tinctor,,,,,
Paramecium tetraurelia,,,,,
Plexaura homomalla,,,,,
Rhodococcus fascians,,,,,
Sinularia facile,,,,,
Dothiorella vidmadera,,,,,
Ophiosphaerella herpotricha,,,,,
Penicillium vulpinum,,,,,
Salmonella typhimurium,,,,,
Puccinia graminis,,,,,
Ambrosiozyma monospora,,,,,
Boesenbergia Rotunda,,,,,
Bostrichus cembrae,,,,,
Cochliobolus setariae,,,,,
Cymbopogon Martinii,,,,,
Dactylosporangium salmoneum,,,,,
Elsholtzia Ciliata,,,,,
Eremothecium ashbyi,,,,,
Eremothecium gossypii,,,,,
Ips cembrae,,,,,
Peribatodes rhomboidaria,,,,,
Spongia fistularis,,,,,
Aster,,,,,
Astraeus hygrometricus,,,,,
Lepisanthes Rubiginosa,,,,,
Limnodynastes interioris,,,,,
Lobophytum denticulatum,,,,,
Nephthea armata,,,,,
Stephanitis rhododendri,,,,,
Streptomyces luteosporeus,,,,,
Curvularia spicifera,,,,,
Acarospora montana,,,,,
Borreliella burgdorferi,,,,,
Chondrostereum purpureum,,,,,
Cetraria islandica,,,,,
Parmotrema cetratum,,,,,
Streptomyces hainanensis,,,,,
Streptomyces sporangiiformans,,,,,
Helicobacter pylori,,,,,
Herba glechomae longitubae,,,,,
Microcystis aeruginosa,,,,,
Sclerotium poriae cocos,,,,,
Streptomyces bacillaris strain RAM25C4,,,,,
Streptomyces cheonanensis,,,,,
Streptomyces cheonanensis VUK-A,,,,,
Stypopodium zonale,,,,,
Absidia repens,,,,,
Adoxophyes orana,,,,,
Aristeomorpha foliacea,,,,,
Curvularia falcata,,,,,
Discoglossus pictus,,,,,
Dolomedes okefinokensis,,,,,
Equisetum Ramosissimum,,,,,
Euryspongia arenaria,,,,,
Lepraria lobificans,,,,,
Sinularia granosa,,,,,
Sphyraena japonica,,,,,
Ampelopsis Japonica,,,,,
Calliphora vicina,,,,,
Camellia Japonica,,,,,
Ceratonia sp.,,,,,
Cola sp.,,,,,
Elatophilus hebraicus,,,,,
Eudistoma bituminis,,,,,
Eunicea mammosa,,,,,
Fagopyrum Esculentum,,,,,
Kadsura Heteroclita,,,,,
Oleum rhododendri daurici,,,,,
Ornithorhynchus anatinus,,,,,
Pseudoparmelia sphaerospora,,,,,
Rubritalea squalenifaciens,,,,,
Salix,,,,,
Strongylocentrotus droebachiensis,,,,,
Uncaria Rhynchophylla,,,,,
Xylopia Vielana,,,,,
guarana,,,,,
Derris Trifoliata,,,,,
Tephrosia spp.,,,,,
Amburama sp.,,,,,
Croton Glabellus,,,,,
Curya pecan,,,,,
Simmondsia sp.,,,,,
Albatrellus cristatus,,,,,
Rhizoprionodon acutus,,,,,
Streptomyces sp. WD5 (MK491056),,,,,
Trametes lilacinogilva,,,,,
Zanthoxylum Acanthopodium,,,,,
Austrotachardia acaciae,,,,,
Bulla striata,,,,,
Gnetum Gnemon,,,,,
Marasmius oreades,,,,,
Mycena rosella,,,,,
Plasmopara viticola,,,,,
Ustilago esculenta,,,,,
Vatica sp.,,,,,
Chlorogloeopsis fritschii,,,,,
Cladonia coccifera,,,,,
Coriandrum Sativum,,,,,
Lamellomorpha strongylata,,,,,
Microscleroderma spirophora,,,,,
Myrmicaria melanogaster,,,,,
Ophiomastix annulosa,,,,,
Alternaria,,,,,
Macrosporium porri,,,,,
Stemphylium stemphylium lycopersici,,,,,
Garcinia Xanthochymus,,,,,
Mesua Ferrea,,,,,
Symphonia spp.,,,,,
Alectoria rigida,,,,,
Artemisia Absinthium,,,,,
Lepraria candelaris,,,,,
Melanoleuca grammopodia,,,,,
Rhizoplaca opaca,,,,,
Streptomyces cinerochromogenes,,,,,
Vitex Rotundifolia,,,,,
Gutierrezia spp.,,,,,
Streptomyces sp. strain GWS-BW-H5,,,,,
Alternaria species,,,,,
Cape aloe,,,,,
Papulaspora immersa,,,,,
Alternaria cinerariae,,,,,
Anabaena spp.,,,,,
Hypselodoris webbi,,,,,
Nostoc sp. PCC 7120,,,,,
Nostoc spp.,,,,,
Spirulina platensis,,,,,
Tor sinensis,,,,,
Vibrio gazogenes,,,,,
Methylobacter luteus,,,,,
Acremonium luzulae,,,,,
Actinoplanes friuliensis,,,,,
Alaria esculenta,,,,,
Arum sp.,,,,,
Colochirus violaceus,,,,,
Coprinopsis cinerea,,,,,
Cratena peregrina,,,,,
Ectyoplasia ferox,,,,,
Flemingia Stricta,,,,,
Gnaphalium Affine,,,,,
Hibiscus Rosa,,,,,
Hippospongia communis,,,,,
Plumbago Zeylanica,,,,,
Ramulus euonymi,,,,,
Thespesia Populnea,,,,,
hydrangeae dulcis folium,,,,,
Cladosporium sp NRRL 29097,,,,,
Thalassiosira gravida,,,,,
Thalassiosira rotula,,,,,
Radix codonopsis pilosulae,,,,,
Acacia Farnesiana,,,,,
Elysia ornata,,,,,
Kandelia Candel,,,,,
Pueraria Montana,,,,,
Streptoalloteichus hindustanus,,,,,
Vigna Angularis,,,,,
green tea,,,,,
Lanice conchilega,,,,,
Odocoileus hemionus,,,,,
Streptomyces ribosidificus,,,,,
Actinoplanes sp. ATCC 53771,,,,,
Dark Mullein,,,,,
Clonostachys candelabrum,,,,,
Avena sp.,,,,,
Crotalaria Verrucosa,,,,,
Drechslera gigantea,,,,,
Drymaria Diandra,,,,,
Psophocarpus Tetragonolobus,,,,,
Saccharomyces cerevisiae BJ5464-NpgA [n.a.],,,,,
Smilax Bracteata,,,,,
Strophioblachia Fimbricalyx,,,,,
Wax gourd,,,,,
Homo sapiens (Blood),,,,,
Streptomyces albidoflavus DST71,,,,,
Crepis spp.,,,,,
Flavobacterium,,,,,
Flavobacterium aRK10267,,,,,
Akanthomyces gracilis,,,,,
Calostoma cinnabarinum,,,,,
Phidolopora pacifica,,,,,
Burkholderia thailandensis,,,,,
Arthrobacter protophormiae,,,,,
Lentinus arcularius,,,,,
Streptomyces ANK 315,,,,,
Streptomyces albus J1074,,,,,
Streptomyces drozdowiczii,,,,,
Streptomyces sp. MBT27,,,,,
Streptomyces species Eg8.,,,,,
Alternaria alternata L3111,,,,,
Alternaria cassiae,,,,,
Alternaria tenuissima,,,,,
Alternaria tenuissima + Nigrospora sphaerica,,,,,
alternaria tenuissima que1se,,,,,
Lysimachia Clethroides,,,,,
Apis cerana,,,,,
Arbacia punctulata,,,,,
Areca Catechu,,,,,
Boa constrictor,,,,,
Bunodactis xanthogrammica,,,,,
Carapax trionycis,,,,,
Dichotomopilus funicola,,,,,
Kryptoperidinium foliaceum,,,,,
Mortierella alpina,,,,,
Myristica Fragrans,,,,,
Nannochloropsis,,,,,
Pericarpium arecae,,,,,
Plastrum testudinis,,,,,
Rhabdophis tigrinus,,,,,
Phaseolus sp.,,,,,
Philydrum Lanuginosum,,,,,
Protoreaster nodosus,,,,,
Epicoccum,,,,,
Epicoccum sp. CAFTBO,,,,,
Elaeis Guineensis,,,,,
Guazuma Ulmifolia,,,,,
Cortex lycii radicis,,,,,
Dendrobium sp.,,,,,
Lindera Glauca,,,,,
Tinospora Crispa,,,,,
Unio tumidus,,,,,
Ardisia Crenata,,,,,
Embelia Ribes,,,,,
Aplidium constellatum,,,,,
Exocarpium citri,,,,,
Exocarpium citri rubrum,,,,,
Flemingia Strobilifera,,,,,
Anomala albopilosa,,,,,
Pericarpium trichosanthis,,,,,
Semen trichosanthis,,,,,
Cercosporina kikuchii,,,,,
Hymenodictyon Excelsum,,,,,
Parmelia gigas,,,,,
Talaromyces helicus,,,,,
Zerynthia polyxena,,,,,
Apis A. melliphera,,,,,
taiwanese propolis,,,,,
Claviceps sorghicola,,,,,
Cola Acuminata,,,,,
Cola spp.,,,,,
Paramuricea clavata,,,,,
house mouse,,,,,
Acarnus erithacus,,,,,
Acaulospora laevis,,,,,
Aglaophenia pluma,,,,,
Aiolochroia crassa,,,,,
Alitta succinea,,,,,
Allomyces macrogynus,,,,,
Allomyces spp.,,,,,
Amoebidium parasiticum,,,,,
Amphilectus digitatus,,,,,
Amphilectus fucorum,,,,,
Amphora coffeaeformis,,,,,
Anoplopoma fimbria,,,,,
Aplysinidae,,,,,
Archosargus probatocephalus,,,,,
Artemia salina,,,,,
Aspergillus oryzae,,,,,
Aulacomya atra,,,,,
Aureoumbra lagunensis,,,,,
Axinella aruensis,,,,,
Baikalospongia bacillifera,,,,,
Balaena mysticetus,,,,,
Biomphalaria tenagophila,,,,,
Blastocladia ramosa,,,,,
Brosme brosme,,,,,
Bufo bufo,,,,,
Canistrocarpus cervicornis,,,,,
Capra aegagrus,,,,,
Cerastoderma glaucum,,,,,
Chanos chanos,,,,,
Chara buckellii,,,,,
Chattonella marina,,,,,
Chelonia mydas,,,,,
Chloromorum toxicum,,,,,
Chlorosplenium aeruginosum,,,,,
Chondrus canaliculatus,,,,,
Cinachyrella alloclada,,,,,
Cinachyrella schulzei,,,,,
Cliona chilensis,,,,,
Coccinella septempunctata,,,,,
Codakia orbicularis,,,,,
Collectotrichum dematium,,,,,
Common rose,,,,,
Coregonus artedi,,,,,
Cortinarius rubellus,,,,,
Coryphaena hippurus,,,,,
Cribricellina cribraria,,,,,
Crypthecodinium cohnii,,,,,
Cucumaria japonica,,,,,
Cyclotella cryptica,,,,,
Daphnia galeata,,,,,
Daphnis nerii,,,,,
Dendronephthya,,,,,
Dendronephthya hemprichi,,,,,
Detonula confervacea,,,,,
Dictyopteris delicatula,,,,,
Dictyopteris plagiogramma,,,,,
Dictyota cervicornis,,,,,
Dictyota mertensii,,,,,
Dictyuchus monosporus,,,,,
Dipsacomyces acuminosporus,,,,,
Dwarf crocodile,,,,,
Dynamena pumila,,,,,
Elysia timida,,,,,
Encope emarginata,,,,,
Enteroctopus dofleini,,,,,
Eudendrium glomeratum,,,,,
Eumetopias jubatus,,,,,
Euretaster insignis,,,,,
Foxtail stonewort,,,,,
Fucus vesiculosus,,,,,
Gastrothylax crumenifer,,,,,
Gavia immer,,,,,
Glenodinium halli,,,,,
Glomus mosseae,,,,,
Glomus sp.,,,,,
Gnomonia leptostyla,,,,,
Gonyaulax polygramma,,,,,
Gorgoniidae,,,,,
Gracilaria longa,,,,,
Gyalolechia fulgens,,,,,
Gymnodinium lunula,,,,,
Halichondria bowerbanki,,,,,
Haliclona chilensis,,,,,
Hapalosiphon fontinalis,,,,,
Holotrichia diomphalia,,,,,
Hymedesmia australis,,,,,
Hymeniacidon perleve,,,,,
Hymeniacidon sanguinea,,,,,
Hypoxylon deustum,,,,,
Hyrtios gumminae,,,,,
Iophon,,,,,
Ircinia variabilis,,,,,
Katsuwonus pelamis,,,,,
Lanurocerasus officinalis,,,,,
Lecanora conizaeoides,,,,,
Leiostomus xanthurus,,,,,
Leptogorgia rubroflavescens,,,,,
Leptosphaeria typhae,,,,,
Leucilla nuttingi,,,,,
Limanda limanda,,,,,
Linderina pennispora,,,,,
Lophius piscatorius,,,,,
Lopholatilus chamaeleonticeps,,,,,
Macoma balthica,,,,,
Mauremys reevesii,,,,,
Merlangius merlangus,,,,,
Meyenaster gelatinosus,,,,,
Micromesistius poutassou,,,,,
Micromonospora coerulea,,,,,
Molva molva,,,,,
Monoblepharella sp.,,,,,
Mya arenaria,,,,,
Mycoplasma mycoides,,,,,
Nectria galligena,,,,,
Nematochrysopsis marina,,,,,
Neoesperiopsis digitata,,,,,
Neofibularia nolitangere,,,,,
Nitzschia brevirostris,,,,,
Odobenus rosmarus,,,,,
Oncorhynchus kisutch,,,,,
Oncorhynchus nerka,,,,,
Ophioderma longicauda,,,,,
Ophioderma longicaudum,,,,,
Ophiodon elongatus,,,,,
Padina gymnospora,,,,,
Padina vickersiae,,,,,
Paracribricellina cribraria,,,,,
Paramphistomum epiclitum,,,,,
Penicillium digitatum,,,,,
Peprilus triacanthus,,,,,
Polymastia pachymastia,,,,,
Pomatomus saltatrix,,,,,
Prorocentrum balticum,,,,,
Prorocentrum mexicanum,,,,,
Pteroeides esperi,,,,,
Pusa hispida,,,,,
Rhizophlyctis rosea,,,,,
Rivularia nitida,,,,,
Russian comfrey,,,,,
Saduria entomon,,,,,
Salmo salar,,,,,
Salvelinus namaycush,,,,,
Sarcophyton subviride,,,,,
Sarcotragus foetidus,,,,,
Sargassum filipendula,,,,,
Sargassum furcatum,,,,,
Scophthalmus maximus,,,,,
Sebastes viviparus,,,,,
Sertularella crassicaulis,,,,,
Smittium sp.,,,,,
Spatoglossum macrodontum,,,,,
Spheciospongia inconstans,,,,,
Squalus acanthias,,,,,
Stelodoryx chlorophylla,,,,,
Stenodus leucichthys,,,,,
Stenotomus chrysops,,,,,
Stichaster striatus,,,,,
Streptomyces plumbeus,,,,,
Synedra acus,,,,,
Tedania anhelans,,,,,
Tedania mucosa,,,,,
Tethya deformis,,,,,
Thalassiosira eccentrica,,,,,
Thalassiosira pseudonana,,,,,
Thunnus alalunga,,,,,
Thunnus thynnus,,,,,
Topsentia genitrix,,,,,
Topsentia roquensis,,,,,
Tricholoma muscarium,,,,,
Ulnaria acus,,,,,
Verongula gigantea,,,,,
Xestospongia,,,,,
Zoanthus sociatus,,,,,
beadlet anemone,,,,,
crumb-of-bread sponge,,,,,
hijiki,,,,,
marsh frog,,,,,
Acanthella carteri,,,,,
Bohadschia koellikeri,,,,,
Chlorobium phaeobacteroides,,,,,
Metarhizium viride,,,,,
Sidera lenis,,,,,
Duchesnea Indica,,,,,
Agrobacterium aurantiacum,,,,,
Chlorurus gibbus,,,,,
Streptomyces variabilis,,,,,
Stigmatella aurantiaca,,,,,
Stigmatella aurantiaca DW4/3-1,,,,,
Bitter milkwort,,,,,
Caesalpinia Sappan,,,,,
Canarium Album,,,,,
Catechu,,,,,
Cheimonophyllum candidissimum,,,,,
Choerospondias Axillaris,,,,,
Croton Tonkinensis,,,,,
Delavay's tree peony,,,,,
Dillenia Indica,,,,,
Dinophysis acuminata,,,,,
Eucalyptus Robusta,,,,,
Joannisea sp.,,,,,
Kitasatospora mediocidica,,,,,
Lactarius camphoratus,,,,,
Lamellodysidea chlorea,,,,,
Mallotus villosus,,,,,
Micromonospora inositola,,,,,
Mycoacia fuscoatra,,,,,
Passiflora Caerulea,,,,,
Penicillium kewense,,,,,
Perenniporia subacida,,,,,
Phyllopsora haemophaea,,,,,
Platycarya Strobilacea,,,,,
Radix ginseng korea,,,,,
Rhizoma codonopsis pilosulae,,,,,
Rosa Chinensis,,,,,
Sapium Sebiferum,,,,,
Schlechtendalia chinensis,,,,,
Streptomyces hyaluromycini,,,,,
Streptomyces hyaluromycini MB-PO13T,,,,,
Terminalia Bellirica,,,,,
Terminalia Chebula,,,,,
Todarodes pacificus,,,,,
Xenia viridis,,,,,
Morus sp,,,,,
Morus spp.,,,,,
Securidaca Inappendiculata,,,,,
Gallus domesticus,,,,,
Cassytha Filiformis,,,,,
Eriosema Chinense,,,,,
"Bacillus licheniformis ""[BrnQ Lrp]""",,,,,
Acia oblonga,,,,,
Spongia agaricina,,,,,
Streptomyces cellulosae DST28,,,,,
Cladonia pleurota,,,,,
Hyssopus sp.,,,,,
Ramaria flava,,,,,
Streptomyces michiganensis,,,,,
Phorbia falcata,,,,,
Scrippsiella acuminata,,,,,
Herba cichorii,,,,,
Leonurus Heterophyllus,,,,,
Officinal magnolia,,,,,
Dryopteris sp.,,,,,
Gambier,,,,,
Gorgonocephalus caryi,,,,,
Eisenibacter elegans,,,,,
Heliobacterium modesticaldum,,,,,
Parmotrema subisidiosum,,,,,
Sarcophyton decaryi,,,,,
Canis lupus familiaris,,,,,
Ocimum Gratissimum,,,,,
Phthorimaea operculella,,,,,
Thymus spp,,,,,
Platycladus Orientalis,,,,,
Clostridium paraputrificum,,,,,
Dysdercus cingulatus,,,,,
Fibraurea Tinctoria,,,,,
Large milkweed bug,,,,,
Nezara viridula,,,,,
Rhizoplaca chrysoleuca,,,,,
Rhodnius prolixus,,,,,
Spined soldier bug,,,,,
Wheel bug,,,,,
Streptomyces aureomonopodiales,,,,,
Umbilicaria papulosa,,,,,
Arenaria,,,,,
Cheiranthus sp.,,,,,
Delea versicolor,,,,,
Diaphus coeruleus,,,,,
Excoecaria Agallocha,,,,,
Gasterosteus aculeatus,,,,,
Grateloupia carnosa,,,,,
Hypselodoris porterae,,,,,
Pseudocyphellaria aurata,,,,,
Rhinella icterica,,,,,
Aphanoascus terreus,,,,,
Aplidiopsis confluata,,,,,
Gnathotrichus sulcatus,,,,,
Hibiscus Syriacus,,,,,
Thamnophis sirtalis,,,,,
Bos indicus,,,,,
Guaiacum Officinale,,,,,
Streptomyces A13,,,,,
Streptomyces A3,,,,,
Streptomyces A5,,,,,
Uloma tenebrionoides,,,,,
Streptomyces griseolavendus,,,,,
Aluterus,,,,,
Aplidium pallidum,,,,,
Cercospora scirpi,,,,,
Heterometra savignii,,,,,
Leucascandra caveolata,,,,,
Moelleriella libera,,,,,
Myrmica rubra,,,,,
Pseudococcus comstocki,,,,,
Punicagranatum,,,,,
Radix rosae laevigatae,,,,,
Siete cueros,,,,,
Tristania,,,,,
tristaniopsis sp.,,,,,
Ascochyta chrysanthemi,,,,,
Stagonosporopsis chrysanthemi,,,,,
Lemna Minor,,,,,
Fraxinus Chinensis,,,,,
A new engineered strain of Escherichia coli [DAR1 GPP2 dhaB1 dhaB2 dhaB3 dhaBX yqhD glpK gldA gap gaIP glk],,,,,
Adenophora,,,,,
Aplidium meridianum,,,,,
Bacillus megaterium CGMCC 1.1741,,,,,
Cetraria islandica islandica,,,,,
Cetraria islandica var. islandica,,,,,
Collema furfuraceum,,,,,
Didemnum candidum,,,,,
Diplodia sapinea,,,,,
Ecklonia radiata,,,,,
Fuscoporia torulosa,,,,,
Lychnophora,,,,,
Malbranchea circinata,,,,,
Penicillium viridicatum,,,,,
Peniophora polygonia,,,,,
Physconia venusta,,,,,
Ramalina hierrensis,,,,,
Streptomyces netropsis,,,,,
common wintergreen,,,,,
field scabious,,,,,
ilex sp.,,,,,
Streptomyces roseosporus Lsr2-deletion mutant,,,,,
Verticillium dahliae,,,,,
Cunninghamia Lanceolata,,,,,
Selaginella Delicatula,,,,,
A new engineered strain of Escherichia coli BL21(DE3) [PAAS],,,,,
A new engineered strain of Escherichia coli BP-24 [kdc adh1 aroF pheAfbr],,,,,
A new engineered strain of Escherichia coli BW25113(DE3) [ipdC yahK aroFfbrpheAfbr; √É¬¢√Ç¬à√Ç¬ÜfeaB],,,,,
A new engineered strain of Escherichia coli DG02 [aroGfbr pheAfbrkdc yjgB aro8],,,,,
A new engineered strain of Escherichia coli [kivD adh2],,,,,
A new engineered strain of Saccharomyces cerevisiae BY4741 [aro4fbraro7fbr; aro8√É¬¢√Ç¬à√Ç¬Ü tyr1√É¬¢√Ç¬à√Ç¬Ü aro3√É¬¢√Ç¬à√Ç¬Ü],,,,,
Ascaris lumbricoides,,,,,
Calvatia fenzlii,,,,,
Calvatia gigantea,,,,,
Cliona celata,,,,,
Escherichia coli K12,,,,,
Hypholoma fasciculare,,,,,
Laingia pacifica,,,,,
Lecidea ferax,,,,,
Leptasterias (Hexasterias) polaris,,,,,
Lethasterias nanimensis,,,,,
Luffariella geometrica,,,,,
Neptunea antiqua,,,,,
Pratia Nummularia,,,,,
Streptomyces TP-A0274,,,,,
Streptomyces achromogenes,,,,,
Streptomyces sparsus,,,,,
Trichoderma asperellum,,,,,
Trichoderma asperellum GDFS1009 + Bacillus amyloliquefaciens 1841(TB1),,,,,
Zyzzya fuliginosa,,,,,
Symplocos Glauca,,,,,
Dacus cucumis,,,,,
Didemnum moseleyi,,,,,
Hapalopilus rutilans,,,,,
Alternaria sp. NF2198,,,,,
Agrocybe aegerita,,,,,
Aspergillus restrictus,,,,,
Sclerotinia libertiana,,,,,
Boenninghausenia Albiflora,,,,,
Justicia Procumbens,,,,,
Cephalosporium chrysogenum,,,,,
Cercospora traversiana,,,,,
Cetraria ornata,,,,,
Comanthus parvicirrus,,,,,
Corollospora pulchella,,,,,
Gentiana Rigescens,,,,,
Naranga aenescens,,,,,
Paenibacillus larvae subsp. pulvifaciens,,,,,
Swertia Angustifolia,,,,,
Atrophaneura polyeuctes,,,,,
Circinotrichum falcatisporum,,,,,
Colletotrichum lagenaria,,,,,
Daedalea juniperina,,,,,
Haematopus ostralegus,,,,,
Hypomyces semitranslucens,,,,,
Lactarius quietus,,,,,
Lactarius uvidus,,,,,
Oceanapia ramsayi,,,,,
Penicillium stipitatum,,,,,
Ramalina sayreana,,,,,
Saprospira grandis,,,,,
Stylissa flabelliformis,,,,,
Tetrahymena pyriformis,,,,,
Venus casina,,,,,
Xylaria mellissii,,,,,
mountain clover,,,,,
Bjerkandera adusta,,,,,
Agastache Rugosa,,,,,
Callicarpa sp.,,,,,
Macaranga Triloba,,,,,
Parmelia mongaensis,,,,,
Streptomyces flaveus,,,,,
Betula spp,,,,,
Herba inulae,,,,,
Afzelia sp.,,,,,
Argania sp.,,,,,
Calvatia craniformis,,,,,
Colletotrichum dematium,,,,,
Cynodon sp.,,,,,
Halidrys siliquosa,,,,,
Indian Tobacco,,,,,
Lactarius atroviridis,,,,,
Mycena galericulata,,,,,
Ophiura sarsi,,,,,
Pieris sp.,,,,,
Pisum sp.,,,,,
Ramalina obtusata,,,,,
Streptomyces aurantiacus,,,,,
Symplocos Racemosa,,,,,
Tadorna ferruginea,,,,,
Teleogryllus emma,,,,,
Thalysias juniperina,,,,,
Vernonia sp.,,,,,
Zea sp.,,,,,
Arbuscular mycorrhizal,,,,,
Panicum Miliaceum,,,,,
Amietophrynus regularis,,,,,
Amorphinopsis foetida,,,,,
Aspergillus carbonarius,,,,,
Asterias rathbuni,,,,,
Chelonaplysilla violacea,,,,,
Clavulinopsis pulchra,,,,,
Fomes fastuosus,,,,,
Karlodinium veneficum,,,,,
Leptoclinides dubius,,,,,
Lobaria laetevirens,,,,,
Peruraria lobata,,,,,
Streptomyces sp. RB1,,,,,
Streptoverticillium album K-251,,,,,
Strongylodesma algoaensis,,,,,
Tolypocladium album,,,,,
Usnea canariensis,,,,,
[clostridium] cellulolyticum,,,,,
Asystasia Gangetica,,,,,
Ocimum Sanctum,,,,,
Gymnoascus reessii,,,,,
Parmelia birulae,,,,,
Streptomyces purpurascens,,,,,
Streptomyces spinoverrucosus,,,,,
Streptomyces spinoverrucosus SNB-032,,,,,
Talaromyces funiculosus,,,,,
Rosa Multiflora,,,,,
Australostichopus mollis,,,,,
Parmelia latissima,,,,,
Ulvaria chamae,,,,,
Argopsis megalospora,,,,,
Parmelinopsis bonariensis,,,,,
Physcia caesia,,,,,
Trichothecium crotocinigenum,,,,,
Verticillium intertextum,,,,,
Canarium spp.,,,,,
Lithocarpus spp.,,,,,
Manihot Esculenta,,,,,
Sageretia Theezans,,,,,
Ascochyta salicorniae,,,,,
Chloridium virescens,,,,,
Fusarium poae,,,,,
Hypotrachyna cirrhata,,,,,
Neisseria meningitidis,,,,,
Pinguipes brasilianus,,,,,
Dendrodoris grandiflora,,,,,
Dendrodoris nigra,,,,,
Doriopsilla pelseneeri,,,,,
Drimys leucolata,,,,,
Dysidea,,,,,
Emericella variecolor,,,,,
blue cohosh,,,,,
Coptis Chinensis,,,,,
kabosu,,,,,
Blaps mucronata,,,,,
Proteus penneri,,,,,
Termes flavipes,,,,,
Nemopilema nomurai,,,,,
Hydnum aurantiacum,,,,,
Stephania Tetrandra,,,,,
Scopolia,,,,,
Confused flour beetle,,,,,
Streptomyces malaysiensis,,,,,
Tribolium castaneum,,,,,
Amitermes beaumonti,,,,,
Amitermes papuanus,,,,,
Carpesium Abrotanoides,,,,,
Elettaria Cardamomum,,,,,
Cystoseira elegans,,,,,
Euodia Meliaefolia,,,,,
Paulownia Fortunei,,,,,
Chromodoris hamiltoni,,,,,
Eunicea knighti,,,,,
Arnica spp.,,,,,
Rhizopus japonicus,,,,,
Tetilla japonica,,,,,
Anacardium Occidentale,,,,,
Cossypium herbaceum,,,,,
Streptomyces scabies,,,,,
Absidia caerulea,,,,,
Agave Americana,,,,,
Agelas dispar,,,,,
Andaliman,,,,,
Aristolochia Kaempferi,,,,,
Astropecten latespinosus,,,,,
Axinella weltneri,,,,,
Bacterial strain,,,,,
Borassus Flabellifer,,,,,
Coccinella transversoguttata,,,,,
Cortinarius violaceus,,,,,
Dactynotus ambrosiae,,,,,
Dendrobium Nobile,,,,,
Disporopsis Aspera,,,,,
Ecklonia arborea,,,,,
Hedera Nepalensis,,,,,
Herba patriniae,,,,,
Hygrocybe punicea,,,,,
Inula Racemosa,,,,,
Kaempferia Angustifolia,,,,,
Lactococcus lactis,,,,,
Leucoptera malifoliella,,,,,
Massa hanshi fermentata,,,,,
Nephroma cellulosum,,,,,
Oleum viticis negundo,,,,,
Penicillium decumbens,,,,,
Petrosia similis,,,,,
Phascolosoma elongatum,,,,,
Phora affinis,,,,,
Phyllidia ocellata,,,,,
Phyllospongia lamellosa,,,,,
Piper Nigrum,,,,,
Radix kadsurae coccineae,,,,,
Ramuius wallichii seu puberulii,,,,,
Rhizopus arrhizus,,,,,
Rourea Minor,,,,,
Saxidomus giganteus,,,,,
Sinularia capitalis,,,,,
Sinularia firma,,,,,
Sinularia inelegans,,,,,
Streptomyces bacillaris,,,,,
Streptomyces cavourensis,,,,,
Streptomyces gannmycicus,,,,,
Torreya nuncifera,,,,,
Watersipora cucullata,,,,,
Archangelicia flava,,,,,
Bohadschia marmorata,,,,,
Cortex berberidis,,,,,
Fibraurea Recisa,,,,,
Funneliformis mosseae,,,,,
Lymantria xylina,,,,,
Lymnaea stagnalis,,,,,
Phomopsis cassiae,,,,,
Pseudocyphellaria amphisticta,,,,,
Russula paludosa,,,,,
Streptomyces bingchenggensis,,,,,
Streptomyces sp. CNR-698,,,,,
Tinospora Capillipes,,,,,
Dacrydium spp.,,,,,
Himalayan honeysuckle,,,,,
Putranjiva Roxburghii,,,,,
Bactrocera dorsalis,,,,,
Melampsora lini,,,,,
Paecilomyces fulvus,,,,,
Stemona Collinsae,,,,,
Aphanamixis Polystachya,,,,,
Aplysia californica,,,,,
Aspergillus fumigatus + microalgae,,,,,
Blatta orientalis,,,,,
Brucea Javanica,,,,,
Curcurbita pepo L.,,,,,
Curvularia ellisii,,,,,
Hypera meles,,,,,
Hypera postica,,,,,
Mortierella hyalina,,,,,
Mortierella hygrophila,,,,,
Mortierella parvispora,,,,,
Mortierella zychae,,,,,
Opisthoplatia orientalis,,,,,
Penicillium turbatum,,,,,
Scleroderma polyrhizum,,,,,
Scleroderris canker,,,,,
Lambertella corni-maris,,,,,
Spodoptera frugiperda,,,,,
Tubifera dimorphotheca,,,,,
Aplysina aerophoba,,,,,
Pseudoceratina,,,,,
Pyrrosia prinoides,,,,,
Rigidella,,,,,
Elegia spp.,,,,,
Cercospora beticola,,,,,
Chaetomium,,,,,
Chaetomium species,,,,,
Coptotermes formosanus,,,,,
Epicoccum sp.,,,,,
Streptomyces 195-02,,,,,
Streptomyces lividoclavatus,,,,,
Callyspongia fistularis,,,,,
Ceratostomella fimbriata,,,,,
Aspergillus iizukae,,,,,
"Aconitum vulparia aggr. (A. altissimum Mill., A. lamarckii Rchb., A. penninum (Ser.) Gayer and A. x platanifolium Degen & Gayer)",,,,,
Aristolochia Contorta,,,,,
Diploclisia Glaucescens,,,,,
Rhizoma menispermi,,,,,
Zanthoxylum Nitidum,,,,,
transgenic Escherichia coli + Saccharomyces cerevisiae strains,,,,,
Bostrichus pityographus,,,,,
Pityophthorus pityographus,,,,,
Corynebacterium glutamicum SA13 [lysE putP],,,,,
Erythrina Fusca,,,,,
Pterocarpus Macrocarpus,,,,,
Melaphis chinensis,,,,,
Lasiodiplodia theobromae OCS71,,,,,
Streptomyces sp. CB01883,,,,,
Coleophoma empetri,,,,,
Cytospora rhizophorae,,,,,
Dendrospora tenella,,,,,
Penicillium thymicola,,,,,
Pseudo-nitzschia multiseries,,,,,
Woodfordia Fruticosa,,,,,
Polyalthia Cerasoides,,,,,
Euphorbia Neriifolia,,,,,
Leucosolenia eleanor,,,,,
Macrocystis pyrifera,,,,,
Peridinium foliaceum,,,,,
Rhodomonas salina,,,,,
Unknown sp.,,,,,
rice bran,,,,,
Parmelia weberi,,,,,
Streptomyces roseiscleroticus,,,,,
Elelea concinna,,,,,
Radix platycodi,,,,,
Cladonia gonecha,,,,,
Mosla Chinensis,,,,,
Peltigera canina,,,,,
Pertusaria communis,,,,,
árnica,,,,,
Aspergillus wentii EN-48,,,,,
Agaricus arvensis,,,,,
Bryoria implexa,,,,,
Costaticella bicuspis,,,,,
Dictyostelium purpureum,,,,,
Fusarium caucasicum,,,,,
Magnaporthe oryzae,,,,,
Nocardia,,,,,
Noctiluca miliaris,,,,,
Noctiluca scintillans,,,,,
Ophiorrhiza Japonica,,,,,
Penicillium funiculosum,,,,,
Pterocella vesiculosa,,,,,
Pyricularia oryzae,,,,,
Stereocaulon colensoi,,,,,
Wedelia Biflora,,,,,
Bixa Orellana,,,,,
Drosophila melanogaster,,,,,
Litchi Chinensis,,,,,
Amitermes excellens,,,,,
Phyllodesmium lizardense,,,,,
Phyllodesmium lizardensis,,,,,
Artemisia Dracunculus,,,,,
Streptomyces YIM66017,,,,,
Streptomyces sp. YIM66017,,,,,
Cliona nigricans,,,,,
Diaporthe eres,,,,,
Eucampia zodiacus,,,,,
Laurobasidium lauri,,,,,
Penicillium brefeldianum,,,,,
Polyporus officinalis,,,,,
Pseudomonas tolaasii,,,,,
Radix aucklandiae,,,,,
Tolypocladium terricola,,,,,
Triopha catalinae,,,,,
Baorangia pseudocalopus,,,,,
Tinospora Sinensis,,,,,
Callyspongia siphonella,,,,,
Clinopodium Chinense,,,,,
Streptomyces sp. W43N,,,,,
Variolaria amara,,,,,
common bugloss,,,,,
Lucensosergia lucens,,,,,
Discodermia calyx,,,,,
Stereospermum Cylindricum,,,,,
Chlorocebus aethiops,,,,,
Rana arvalis,,,,,
Spongilla lacustris,,,,,
Lindera Strychnifolia,,,,,
Erythrina Subumbrans,,,,,
Agaricus xanthodermus,,,,,
Asarum Maximum,,,,,
Cinnamomum Camphora,,,,,
Cystoseira barbatula,,,,,
Didymosphaeria enalia,,,,,
Kallichroma tethys,,,,,
Leifsonia aquatica,,,,,
Machilus Thunbergii,,,,,
Monascus rubropunctatus,,,,,
Mucor spinosus,,,,,
Palythoa variabilis,,,,,
Penaeus bennettae,,,,,
Penicillium tardum,,,,,
Pestalotiopsis adusta,,,,,
Phoebe mexicana,,,,,
Photorhabdus luminescens,,,,,
Piper Retrofractum,,,,,
Piper Sarmentosum,,,,,
Pithomyces graminicola,,,,,
Pseudodistoma novaezelandiae,,,,,
Pseudomonas stutzeri,,,,,
Scomber japonicus,,,,,
Sticta coronata,,,,,
Streptomyces sp. IT-44,,,,,
Strychnos Cathayensis,,,,,
Usnea dasopoga,,,,,
Zanthoxylum Rhetsa,,,,,
Saponaria Officinalis,,,,,
Alexandrium peruvianum,,,,,
Doris obsoleta,,,,,
Hylobius abietis,,,,,
Saccharum Officinarum,,,,,
Sphaerotrichia divaricata,,,,,
Tachypleus tridentatus,,,,,
Anaerobic eubacterium,,,,,
Platismatia glauca,,,,,
Lippia Aff. sidoides,,,,,
Nasutitermes matangensis,,,,,
springbok,,,,,
Fuchsia sp.,,,,,
Lactarius blennius,,,,,
Phakellia dendyi,,,,,
Pseudoalteromonas tunicata,,,,,
Rhytisma fulvum,,,,,
Santol,,,,,
Sinularia kavarattiensis,,,,,
Taonia lacheana,,,,,
Tuta absoluta,,,,,
Streptomyces albidoflavus 321.2,,,,,
Streptomyces nasri mutant H35,,,,,
Acalypha Indica,,,,,
Euphorbia Pulcherrima,,,,,
Jatropha Curcas,,,,,
Psychotria Serpens,,,,,
Phoma,,,,,
Phoma sp.,,,,,
Phoma sp. SK3RW1M,,,,,
Crocynia membranacea,,,,,
Dysidea robusta,,,,,
Pertusaria albescens,,,,,
A new engineered strain of Saccharomyces cerevisiae YS58 [gap1 aro8 aro10 adh2 gdh2],,,,,
Acangelisia gusanlung,,,,,
Aplidium solidum,,,,,
Archangelisia spp.,,,,,
Berberisaristata,,,,,
Bledius mandibularis,,,,,
Caulis mahoniae,,,,,
Cliona tenuis,,,,,
Coscinium Fenestratum,,,,,
Cyttaria johowii,,,,,
Enantia,,,,,
Eschscholtzia,,,,,
Eschscholtzia california,,,,,
Fusarium striatum,,,,,
Hypocrella bambusae,,,,,
Limulus polyphemus,,,,,
Lysastrosoma anthosticta,,,,,
Nandina spp.,,,,,
Photinus marginellus,,,,,
Pyrenochaeta sp.,,,,,
Pyropolyporus fomentarius,,,,,
Sphaerechinus granularis,,,,,
Sphingobium sp. BD3100,,,,,
Streptomyces graminofaciens,,,,,
Streptomyces sp. KIB-H1471,,,,,
Veretillum cynomorium,,,,,
Phoca largha,,,,,
Radix adenophorae,,,,,
Streptomyces sp. AMA11,,,,,
Lentinula edodes,,,,,
Lentinus edodes Sing.,,,,,
straw mushroom,,,,,
Ixeris Dentata,,,,,
Picris Hieracioides,,,,,
Sonchus Oleraceus,,,,,
Hedychium Coronarium,,,,,
Sparuna apiosyce,,,,,
Derris Elliptica,,,,,
Fascaplysinopsis reticulata,,,,,
Millettia,,,,,
Millettia pervilleana,,,,,
Millettia spp.,,,,,
Papilionoideae,,,,,
Tricholoma panaeolum,,,,,
Fuchsia spp.,,,,,
Agaricus smithii,,,,,
Streptomyces ANU 6277,,,,,
Lemnalia bournei,,,,,
Concha mauritiae arabicae,,,,,
Fructusgleditsia,,,,,
Herba clinopodii,,,,,
Moreton Bay fig,,,,,
Ruellia Tuberosa,,,,,
Semen chaulmoograe,,,,,
Osmunda Japonica,,,,,
Zoanthus,,,,,
Zoanthus sp.,,,,,
Aplidium haouarianum,,,,,
Biomphalaria glabrata,,,,,
Candida apicola,,,,,
Carassea connexa,,,,,
Charybdis japonica,,,,,
Clostridium tertium,,,,,
Comatula solaris,,,,,
Cornu aspersum,,,,,
Cystodytes dellechiajei,,,,,
Doris nobilis,,,,,
Grifola gargal,,,,,
Haematomma ochrophaeum,,,,,
Helix aspersa,,,,,
Jasus lalandei,,,,,
Lymantria dispar,,,,,
Manduca sexta,,,,,
Ophistreptus levis,,,,,
Palythoa,,,,,
Parazoanthus,,,,,
Parazoanthus sp.,,,,,
Planobispora rosea,,,,,
Pycnogonum litorale,,,,,
Raphicerus melanotis,,,,,
Rhodophyllus nidorosus,,,,,
Ricasolia amplissima,,,,,
Savalia savaglia,,,,,
Streptomyces shiodaensis,,,,,
Tapinella atrotomentosa,,,,,
Taxus Chinensis,,,,,
Trichobilharzia ocellata,,,,,
Trichodesma sp.,,,,,
A new engineered strain of Saccharomyces cerevisiae INVSc1 [tHMG1 IDI1 ERG20 ERG9 ERG10 ERG13 ERG12 ERG8 MVD1],,,,,
Camarops,,,,,
Camarops sp.,,,,,
Cunninghamella blakesleeana,,,,,
Daldorfia horrida,,,,,
Dryas sp.,,,,,
Echinarachnius mirabilis,,,,,
Epipolasis reiswigi,,,,,
Phytophthora sojae,,,,,
Rhodopseudomonas palustris,,,,,
Streptomyces caespitosus,,,,,
Streptomyces heteromorphus,,,,,
Streptomyces sp. MUM256,,,,,
"Umbelliferaen,",,,,,
Umbilicaria crustulosa,,,,,
Xenorhabdus szentirmaii,,,,,
Yarrowia lipolytica ST5204 [crtYB crtI],,,,,
Paederia Foetida,,,,,
Ricinus Communis,,,,,
Cacospongia,,,,,
Hyrtios erectus,,,,,
Blighia Sapida,,,,,
Strongylosoma tambanum,,,,,
Alcyonium fauri,,,,,
Cetraria pseudocomplicata,,,,,
Rhopaloeides odorabile,,,,,
Agathis spp.,,,,,
Cycas Revoluta,,,,,
Mycobacterium liflandii,,,,,
Salix spp.,,,,,
Selaginella Doederleinii,,,,,
Selaginella Involvens,,,,,
Selaginella Uncinata,,,,,
Spermatochnus paradoxus,,,,,
Oleum storax,,,,,
Amanita caesarea,,,,,
Aspergillus chevalieri,,,,,
Azotobacter agilis,,,,,
Beta sp.,,,,,
Discula,,,,,
Herba dracocephali tangutici,,,,,
Lentzea albida,,,,,
Polypodium sp.,,,,,
Pseudomonas,,,,,
Radix zanthoxyli,,,,,
Tribulus Terrestris,,,,,
Waitea circinata,,,,,
Xanthophylum rubescens,,,,,
delphinium x cultorum cv. magic fountains,,,,,
Spatoglossum variabile,,,,,
Clavularia frankliniana,,,,,
Ophiostoma minus,,,,,
Penicillium corylophilum,,,,,
Marchantia Polymorpha,,,,,
Fusarium tricinctum + Bacillus subtilis,,,,,
Polygonum Chinense,,,,,
Aethusa sp.,,,,,
Cucurbita Pepo,,,,,
Lycoris sp.,,,,,
Sternbergia sp.,,,,,
Oscillatoria perornata,,,,,
Prorocentrum minimum,,,,,
Trimusculus reticulatus,,,,,
Goniobranchus kuniei,,,,,
Gynostemma Pentaphyllum,,,,,
Kyllinga Brevifolia,,,,,
Lsodon oresbia,,,,,
Pelvetia canaliculata,,,,,
Phoma betae,,,,,
Primnoa reseda,,,,,
Suberites carnosus,,,,,
Trigonella foenum,,,,,
Mycobacterium aurum,,,,,
Alcyonium digitatum,,,,,
Pyrenula pseudobufonia,,,,,
Ceiba Pentandra,,,,,
Cynthia savignyi,,,,,
Lecanora straminea,,,,,
Radix glycyrrhizae,,,,,
Rhei rhizoma,,,,,
Saccharomyces cerevisiae strain pah1 [n.a.],,,,,
Sagenomella striatispora,,,,,
Ulmus sp.,,,,,
Cosmos Sulphureus,,,,,
Pseudopterogorgia australiensis,,,,,
A new engineered strain of Escherichia coli [MetJ],,,,,
Boehmeria Nivea,,,,,
Campsis Grandiflora,,,,,
Centipedaminima,,,,,
Ficus Hirta,,,,,
Indo-Pacific sponge (Unclassified),,,,,
Relicina samoensis,,,,,
Sabina Chinensis,,,,,
Saccharomyces cerevisiae SPO810 [aro8 aro10],,,,,
Streptomyces cyaneofuscatus,,,,,
Wardomyces inflatus,,,,,
Dacrydium sp,,,,,
Dacrydium sp.,,,,,
Alternaria porri IFO strain No.9762,,,,,
Lactarius lilacinus,,,,,
Aspergillus nidulans + Escherichia coli,,,,,
Aspergillus sydowii + Bacillus subtilis,,,,,
Auricularia delicata,,,,,
Cetrelia cetrarioides,,,,,
Chaetomium cochliodes Palt.,,,,,
Clonostachys rosea f. catenulata,,,,,
Johnius belangerii,,,,,
Nidularia pulvinata,,,,,
Parmelia tinctoria,,,,,
Parmotrema cooperi,,,,,
Parmotrema stuppeum,,,,,
Penicillium aurantiogriseum,,,,,
Penicillium purpurogenum,,,,,
Penicillium sp. HN29-3B1,,,,,
Stachybotrys cylindrospora,,,,,
Stachybotrys cylindrosporus,,,,,
Streptomyces coelicolor CH999,,,,,
Streptomyces lividans TK24,,,,,
Streptomyces sp. CL190,,,,,
Trametes versicolor + Ganoderma applanatum,,,,,
Antiaris Toxicaria,,,,,
Cygnus olor,,,,,
Haloarcula japonica,,,,,
Haloarcula marismortui,,,,,
Halobacterium halobium,,,,,
Halobacterium salinarium,,,,,
Halobacterium strain SP-2,,,,,
Halococcus morrhuae,,,,,
Haloferax volcanii,,,,,
Halorubrum chaoviator Halo-G,,,,,
Halorubrum strain SP-4,,,,,
Kocuria rosea,,,,,
Micrococcus roseus,,,,,
Reidispongia coerulea,,,,,
Helionides oblonga,,,,,
Aplidium californicum,,,,,
Carolina vanilla,,,,,
Oriental cockroach,,,,,
Cyanobacterium microcystis,,,,,
Microcystis sp.,,,,,
Microcystis spp.,,,,,
Rattus norvegicus,,,,,
Alternaria tenuis,,,,,
Alternaria tenuis NRRL L5872,,,,,
Tubeufiaceae,,,,,
tubeufiaceae,,,,,
Atta texana,,,,,
Dictyopteris zonarioides,,,,,
Irpex lacteus,,,,,
Mactra chinensis,,,,,
Streptomyces chumphonensis BDK01,,,,,
Fucus serratus,,,,,
Acremonium roseum,,,,,
Agaricus species,,,,,
Agelenopsis aperta,,,,,
Alternaria dianthicola,,,,,
Aspergillus brunneus,,,,,
Axinyssa isabela,,,,,
Bacidia stipata,,,,,
Brevibacterium iodinum,,,,,
Calvatia,,,,,
Calvatia nipponica,,,,,
Catathelasma ventricosa,,,,,
Catathelasma ventricosum,,,,,
Cetraria richardsonii,,,,,
Cordyceps tenuipes,,,,,
Daedalea quercina,,,,,
Daedaleopsis confragosa var.tricolor,,,,,
Daedaleopsis quercina,,,,,
Degelia gayana,,,,,
Fomes fomentarius,,,,,
Fomitopsis fomentarius,,,,,
Ganoderma amboinense,,,,,
Ganoderma ganodermo lobatum,,,,,
Ganoderma pfeifferi,,,,,
Ganoderma tsugae,,,,,
Guignardia laricina,,,,,
Helicobasidium mompa,,,,,
Hypoxylon fragiforme,,,,,
Junceella fragilis,,,,,
Laetiporus sulphureus,,,,,
Lamprometra klunzingeri,,,,,
Langermannia,,,,,
Lenzites betulina,,,,,
Leucoagaricus americanus,,,,,
Microporus affinis,,,,,
Microporus flabelliformis,,,,,
Ochrolechia parella,,,,,
Paecilomyces tenuipes,,,,,
Panellus,,,,,
Panellus eryngii (DC.:FR.) QUEL.,,,,,
Penicillium camemberti,,,,,
Phora hyperborea,,,,,
Podostictina encoensis,,,,,
Polyporus annulatus,,,,,
Ramaria botrytis (Pers.) Ricken,,,,,
Rhizoplaca melanophthalma,,,,,
Roseofomes,,,,,
Sarcodon imbricatus,,,,,
Sinularia flexibilis,,,,,
Sphingomonas paucimobilis,,,,,
Sticta fuliginosa,,,,,
Sticta weigelii,,,,,
Thamnolia subuniformis,,,,,
Usnea articulata,,,,,
A new engineered strain of Saccharomyces cerevisiae BY-OA [CaCYP716C49],,,,,
American licorice,,,,,
Bursaphelenchus mucronatus,,,,,
Moschus moschiferus,,,,,
Nannizzia gypsea,,,,,
Rhizopus microsporus var. chinensis,,,,,
Sporidesmium bakeri,,,,,
Dendrobates abditus,,,,,
Crotalaria Juncea,,,,,
Actaea,,,,,
Alternaria botrytis,,,,,
Haemotoxylum sp.,,,,,
Adina Pilulifera,,,,,
Arundo Donax,,,,,
Axinellidae,,,,,
Axinyssa,,,,,
Barringtonia Racemosa,,,,,
Butea Monosperma,,,,,
Caesalpinia Minax,,,,,
Chilocorus cacti,,,,,
Chrysotila carterae,,,,,
Cirsium Japonicum,,,,,
Dictyota linearis,,,,,
Doris petechialis,,,,,
Erioderma wrightii,,,,,
Euphorbia Sessiliflora,,,,,
Gadus brandti,,,,,
Hedyotis Corymbosa,,,,,
Mayetiola destructor,,,,,
Mulinia lateralis,,,,,
Mussaenda Pubescens,,,,,
Ostrea edulis,,,,,
Penicillium leucopus,,,,,
Periconia byssoides,,,,,
Phialophora cyclaminis,,,,,
Pneumocystis carinii,,,,,
Polygala Arillata,,,,,
Saccharum Sinensis,,,,,
Scleropyrum Wallichianum,,,,,
Semen torreyae,,,,,
Septomyxa affinis,,,,,
Simplicillium lanosoniveum,,,,,
Sphaeria herpotrichoides,,,,,
Spongia equina,,,,,
Thamnolia vermicularis,,,,,
Trigonostemon Reidioides,,,,,
Turbinellus kauffmanii,,,,,
green bristle-grass,,,,,
Centella Asiatica,,,,,
Ligusticum Sinense,,,,,
Maize bran,,,,,
Streptomyces GT5/020,,,,,
Streptomyces hebeiensis,,,,,
Aspergillus avenaceus,,,,,
Ficus Pumila,,,,,
Crinum Defixum,,,,,
Erythropodium caribaeorum,,,,,
Stereocaulon dactylophyllum,,,,,
Fraxinus Floribunda,,,,,
Jasminum Multiflorum,,,,,
Jasminum Sambac,,,,,
Luffa Cylindrica,,,,,
"George lily, Scarborough lily",,,,,
Lycoris spp.,,,,,
Percis semifasciata,,,,,
Streptomyces phaeochromogenes,,,,,
amaryllidaceae,,,,,
Lndigofera tinctoria,,,,,
Beauveria bassiana K-717,,,,,
Fomes tasmanicus,,,,,
Hedyotis Capitellata,,,,,
Prismatomeris Tetrandra,,,,,
Proclema pendula,,,,,
Radix rubiae,,,,,
Nauclea Orientalis,,,,,
G. lindblomi,,,,,
Hymeniacidon hauraki,,,,,
Laminaria cloustoni,,,,,
Pecten caurinus,,,,,
Semen artemisiae,,,,,
Stereocaulon vesuvianum,,,,,
Xanthoparmelia loxodes,,,,,
Zingiber Zerumbet,,,,,
Lonicera spp.,,,,,
Buthus martensi,,,,,
Buthus martensii,,,,,
Carapax et plastrum testudinis,,,,,
Colletotrichum Colletotrichum musae,,,,,
Lactarius deterrimus,,,,,
Piper Betle,,,,,
Russula cyanoxantha,,,,,
Streptomyces FX-58,,,,,
Odontotermes magdalenae,,,,,
Deuterophoma tracheiphila,,,,,
Fortunella Japonica,,,,,
Merulius incarnatus,,,,,
Apocynumcannabinum,,,,,
Iris sp,,,,,
Iris spp.,,,,,
Metapochonia suchlasporia,,,,,
Parmelia amphixanthoides,,,,,
Stereocaulon corticulatum,,,,,
Ficus arica,,,,,
Psoraleacorylifolia,,,,,
Radix glehniae,,,,,
Calogaya pusilla,,,,,
Stachybotrys microspora,,,,,
Teloschistes flavicans,,,,,
Anisocycla racemosa,,,,,
Cheimophila salicella,,,,,
Fissistigma Glaucescens,,,,,
Micheliachampaca,,,,,
Mycale mytilorum,,,,,
Niphates rowi,,,,,
Zanthoxylum Cuspi,,,,,
miliusa cf. banacea,,,,,
Mahonia Nepalensis,,,,,
Michelia spp.,,,,,
Mikania Cordata,,,,,
Phellinus torulosus,,,,,
Bacopa Monnieri,,,,,
Cucumis sp.,,,,,
Antillogorgia americana,,,,,
Pletasites laevigatus,,,,,
Eugenia spp.,,,,,
Aplidium pantherinum,,,,,
Spongia,,,,,
Spongia sp.,,,,,
Streptomyces YIM 56130,,,,,
Theonella,,,,,
Ula javanica,,,,,
Sauropus sp.,,,,,
Caloplaca fulgens,,,,,
Cassia nomae,,,,,
Cortinarius canarius,,,,,
Cortinarius rufo-olivaceus,,,,,
Laccaria amethystea,,,,,
Morinda Officinalis,,,,,
Penicillium charlesii,,,,,
Penicillium dierckxii,,,,,
Penicillium megasporum,,,,,
Xanthoparmelia,,,,,
Diabrotica undecimpunctata,,,,,
Gossypiumarboreum,,,,,
Verticillium albo-atrum,,,,,
Aspergillus chevalieri Lederle culture S491,,,,,
Aspergillus porosus,,,,,
Botrysphaeria laricina,,,,,
Diplodia,,,,,
Diplodia mutila (Fr.) Mont.,,,,,
Diplodia sp.,,,,,
Sphaeropsis sapinea f.sp.cupressi,,,,,
Aphaenogaster longiceps,,,,,
Ceratitis capitata,,,,,
Monascus purpureus strain CCM 8152,,,,,
Monomorium indicum,,,,,
Myrmica scabrinodis,,,,,
Nothomyrmecia macrops,,,,,
Streptomyces coelicolor A3(2),,,,,
Agelas sceptrum,,,,,
Hemiechinus auritus,,,,,
Agaricus moelleri,,,,,
Agaricus praeclaresquamosus,,,,,
Aspergillus violaceofuscus,,,,,
Homo sapiens (Urine),,,,,
Leptogenys processionalis,,,,,
Gmelina Arborea,,,,,
Nostoc sp.,,,,,
Dermocybe sanguinea,,,,,
Didemnum proliferum,,,,,
Anzia hypoleucoides,,,,,
Penicillium flexuosum,,,,,
Pleurotus salmoneostramineus,,,,,
Tacca Plantaginea,,,,,
Cylindrotheca fusiformis,,,,,
Strongylodesma aliwaliensis,,,,,
Suberites vestigium,,,,,
Amaranthus sp.,,,,,
Aster sp.,,,,,
Platycodon Grandiflorum,,,,,
Vallisneria Spiralis,,,,,
Lactarius germanicum,,,,,
Lactucarium germanicum,,,,,
celastraceae sp.,,,,,
Cajanus Cajan,,,,,
Flemingia Macrophylla,,,,,
Halotydeus destructor,,,,,
Lablab Purpureus,,,,,
Mucuna Pruriens,,,,,
Stemphilium sp. No. 644,,,,,
Streptomyces ANS-127,,,,,
Streptomyces globisporus 1912,,,,,
Streptomyces mirabilis,,,,,
Streptomyces roseolus NRRL B-5424,,,,,
Streptomyces sp. AC35,,,,,
Streptomyces sp. ANS-127,,,,,
Streptomyces sp. TPU1401A,,,,,
Trifolium spp.,,,,,
aged korean fermented soybean paste,,,,,
phoma glomerata,,,,,
soybeans,,,,,
zigzag clover,,,,,
Scutellariae radix,,,,,
Coccolithus huxleyi,,,,,
Herba chrysosplenii,,,,,
Hypselodoris daniellae,,,,,
Talaromyces bacillisporus,,,,,
Traxacum officinale,,,,,
Cercospora hayi,,,,,
Oleum dalbergiae odoriferae,,,,,
Alkaloid lycorine,,,,,
Amarilidaceae,,,,,
Lemmaphyllum Microphyllum,,,,,
Phytolocca esculenta,,,,,
Fusarium nygamai,,,,,
Limnophila Rugosa,,,,,
Moschus berezovskii,,,,,
Moschus chrysogaster,,,,,
Moschus sifanicus,,,,,
Orthodon methylchavicoliferum,,,,,
Potebniamyces balsamicola,,,,,
Cortex fraxini,,,,,
Dermophis mexicanus,,,,,
Fraxinus Rhynchophylla,,,,,
Physcia mediterranea,,,,,
Solanum Xanthocarpum,,,,,
Alternaria citri,,,,,
Alternaria dauci,,,,,
Botryosphaeria dothidea,,,,,
Corynespora smithii,,,,,
Penicillium simplicissimum IFM53375,,,,,
Streptomyces turgidiscabies,,,,,
Streptomyces verticillus tskushiensis ATCC 21633,,,,,
Aldisa smaragdina,,,,,
Neanthes succinea,,,,,
Pavlova gyrans,,,,,
Petrosia durissima,,,,,
Physarum flavicomum,,,,,
Strongylophora durissima,,,,,
Tenebrio molitor,,,,,
common periwinkle,,,,,
Axinyssa digitata,,,,,
Oleum terebinthinae,,,,,
Acalycigorgia,,,,,
Alcyonium,,,,,
Alcyonium sp.,,,,,
Calicogorgia granulosa,,,,,
Cuajacum officinale,,,,,
Astropecten aurantiacus,,,,,
Catocarpus oreites,,,,,
Circinaria calcarea,,,,,
Gelasinospora longispora,,,,,
Amesia nigricolor,,,,,
Aspergillus sp.,,,,,
Chaetomium nigricolor,,,,,
Gluconacetobacter xylinus,,,,,
Komagataeibacter xylinus,,,,,
Wardomyces anomalus,,,,,
Ascosphaera apis,,,,,
Clitopilus prunulus,,,,,
Entoloma hirtipes,,,,,
Entoloma madidum,,,,,
Entoloma sericeum,,,,,
Lagopus muta,,,,,
Leptomitus lacteus,,,,,
Nolanea,,,,,
Pleurotus pulmonarius,,,,,
Pythium aphanidermatum,,,,,
Tricholoma virgatum,,,,,
Merulius tremellosus,,,,,
Phlebia tremellosa,,,,,
American alligator,,,,,
Cuvier's dwarf caiman,,,,,
Gelasinospora multiforis,,,,,
Gloydius halys,,,,,
Mycena alcalina,,,,,
Paleosuchus trigonatus,,,,,
Smooth-fronted caiman,,,,,
Stereocaulon cornutum,,,,,
Suberea clavata,,,,,
Hippeastrum Equestre,,,,,
Stylotella aurantium,,,,,
Viola Tricolor,,,,,
Attagenus elongatulus,,,,,
Cassia Hirsuta,,,,,
Colubrina Asiatica,,,,,
Phora gregaria,,,,,
Dracaena Cochinchinensis,,,,,
Trametes quercina,,,,,
Sarcophyton trocheliophorum,,,,,
Wallastonia bifora,,,,,
Mycobacterium bovis,,,,,
Streptococcus macedonicus,,,,,
A new engineered strain of Saccharomyces cerevisiae BY4741 [tHMG1 POS5],,,,,
Arachis,,,,,
Artocarpus Lakoocha,,,,,
Aspergillus sulphureus,,,,,
Corynebacterium glutamicum SO17 [mscCG2],,,,,
Eucalyptus Maculata,,,,,
Intsia Bijuga,,,,,
Lecanora vinetorum,,,,,
Lithoplocamia lithistoides,,,,,
Morus,,,,,
Smilax Menispermoidea,,,,,
Streptomyces avermitilis MA4680,,,,,
Streptomyces lanatus AR2,,,,,
Streptomyces sp. A12,,,,,
Vulpes vulpes,,,,,
Xanthoparmelia verrucigera,,,,,
Althaea Rosea,,,,,
Curculigo Orchioides,,,,,
Stenoloma Chusanum,,,,,
Astropecten indicus,,,,,
Cephalosporium gregatum,,,,,
Ceratocystis variospora,,,,,
Esenbeckia sp.,,,,,
Haminoea orteai,,,,,
Murraya spp.,,,,,
Nigrosabulum globosum,,,,,
Propylea quatuordecimpunctata,,,,,
Saccharina angustata,,,,,
Siphonaria normalis,,,,,
Streptomyces levoris,,,,,
Thynnus thynnus,,,,,
Tuberolachnus salignus,,,,,
Xanthoparmelia quintaria,,,,,
Agelas oroides,,,,,
Byssochlamys spectabilis,,,,,
Leptosphaeria oraemaris,,,,,
Rhinogobius brunneus,,,,,
Crossostephium Chinense,,,,,
Polygonum Nepalense,,,,,
Semen zanthoxyli bungeani,,,,,
Anamirta Cocculus,,,,,
Aspergillus caelatus,,,,,
Clerodendrum Thomsonae,,,,,
Diacarnus levii,,,,,
Dictyophora indusiata,,,,,
Lecidea kochiana,,,,,
Pestalotiopsis microspora,,,,,
Pomacea canaliculata,,,,,
Preussia australis,,,,,
Purple mullein,,,,,
Trichoderma album,,,,,
ivy-leaved speedwell,,,,,
Capparis Flavicans,,,,,
Cyperus Iria,,,,,
Libinia emarginata,,,,,
Oleum linderae,,,,,
Poria,,,,,
Crotalaria Quinquefolia,,,,,
Crotalaria Retusa,,,,,
Crotalaria Sessiliflora,,,,,
Crotalaria Spectabilis,,,,,
Anogeissus Acuminata,,,,,
Luidia clathrata,,,,,
Siberian larch,,,,,
Yersinia pseudotuberculosis,,,,,
Liolophura japonica,,,,,
Acanthella aurantiaca,,,,,
Amphimedon paraviridis,,,,,
Caenurgina erechtea,,,,,
Chilo suppressalis,,,,,
Ostrea chilensis,,,,,
Proteles cristatus,,,,,
Agarum asiaticum,,,,,
Bidens spp.,,,,,
Orthodon spp.,,,,,
Cladostephus spongiosus f. verticillatus,,,,,
Cladostephus spongiosus var. verticillatus,,,,,
Padina antillarum,,,,,
Sargassum aquifolium,,,,,
Sargassum crassifolium,,,,,
Sargassum crassifolium J.Asgardh,,,,,
Sinularia capillosa,,,,,
Sporochnus pedunculatus,,,,,
Bellardia sp.,,,,,
Dacrydium Elatum,,,,,
Acarus calamus,,,,,
Acorus Tatarinowii,,,,,
Cestrum Nocturnum,,,,,
Cinnamomum Tamala,,,,,
Clostridium ventriculi,,,,,
Dianthus Chinensis,,,,,
Lyngbya confervoides,,,,,
Myrrha praeparata,,,,,
Oleum caryophylli,,,,,
Pentamera calcigera,,,,,
Physarum rigidum,,,,,
Prittwitzia hymenaea,,,,,
Streptomyces ruber,,,,,
Syzygiumaromaticum,,,,,
Antillogorgia rigida,,,,,
Rhizoctonia solani,,,,,
Cinnamomum Zeylanicum,,,,,
Oleum corticis cinnamomi,,,,,
Amorpha,,,,,
Anodonta cygnea,,,,,
Cnemidocarpa bicornuta,,,,,
Coprinopsis lagopus,,,,,
Dictyota dichotoma var. intricata,,,,,
Sordaria macrospora,,,,,
Streptomyces pristinaespiralis,,,,,
Streptomyces sp. R56-07,,,,,
chum salmon,,,,,
Java citronella,,,,,
Manila elemi,,,,,
Clostridium autoethanogenum + Clostridium kluyveri,,,,,
Clostridium kluyveri. + Methanogen 166,,,,,
Semen juglandis,,,,,
Cyathus pygmaeus,,,,,
Penicillium sp. KMM 4672,,,,,
Cortinarius abnormis,,,,,
Phellinus pomaceus,,,,,
Polyporus hispidus,,,,,
Sanghuangporus baumii,,,,,
Sanghuangporus sp.,,,,,
phellinus baumii,,,,,
Aspergillus clavatus,,,,,
Dosidicus gigas,,,,,
Eledone moschata,,,,,
Manica rubida,,,,,
Nassarius reticulatus,,,,,
[candida] zeylanoides,,,,,
Akashiwo sanguinea,,,,,
Aspergillus aurantiobrunneus,,,,,
Cantharellus cinnabarinus,,,,,
Dilophus marginatus,,,,,
Glochidion Rubrum,,,,,
Amphius huxleyi,,,,,
Argyrotaenia velutinana,,,,,
Capra grimmia,,,,,
Climacodon septentrionalis,,,,,
Echinogorgia flora,,,,,
Glossus vulgaris,,,,,
Solanum Indicum,,,,,
Solanum Melongena,,,,,
Solanum Torvum,,,,,
Sphyrna zygaena,,,,,
Stictina gilva,,,,,
Theonella mirabilis,,,,,
Cananga Latifolia,,,,,
Dracunculus sp.,,,,,
Pectinia lactuca,,,,,
Perithalia caudata,,,,,
trichoderma harzianum strain th-r16,,,,,
Peyronellaea glomerata,,,,,
Psalliota campestris,,,,,
Calocybe gambosa,,,,,
Chartella papyracea,,,,,
Pannaria elatior,,,,,
Sarcotragus fasciculatus,,,,,
Sergia lucens,,,,,
Umbelopsis ramanniana,,,,,
Arachis sp.,,,,,
Parameria Laevigata,,,,,
Aplysia kurodai,,,,,
Clathrina,,,,,
Cryptochiton stelleri,,,,,
Haliclona,,,,,
Leucosolenia,,,,,
Streptomyces DGC1,,,,,
Streptomyces sp. CB09001,,,,,
Eupatorium Japonicum,,,,,
Alcyonium paessleri,,,,,
Desmarestia aculeata,,,,,
Dictyota spiralis,,,,,
Durvillaea potatorum,,,,,
Eunicea calyculata,,,,,
Halomonas meridiana,,,,,
Hypoxylon serpens,,,,,
Melanochromis auratus,,,,,
Mycobacterium marinum,,,,,
Phormidium luridum,,,,,
Prunus Mume,,,,,
Sargassum siliquastrum,,,,,
Sinularia parva,,,,,
Sporormiella teretispora,,,,,
Synechocystis,,,,,
Synoicum prunum,,,,,
Torulaspora delbrueckii,,,,,
Fusarium fusarioides,,,,,
Verticimonosporium diffractum,,,,,
Eupenicillium javanicum,,,,,
Bruchidius dorsalis,,,,,
Morinda,,,,,
Stelmatocrypton khasianum,,,,,
Streptomyces TN256,,,,,
Ailanthus Altissima,,,,,
Artemisia Japonica,,,,,
Boeremia exigua,,,,,
Clitocybe diatreta,,,,,
Collariella gracilis,,,,,
Cortex mori radicis praeparata,,,,,
Cydia flexiloqua,,,,,
Distaplia stylifera,,,,,
Echinothrix diadema,,,,,
Enterococcus faecium,,,,,
Erycibe Obtusifolia,,,,,
Geotrichum candidum,,,,,
Haliclona vansoesti,,,,,
Micromelum Integerrimum,,,,,
Modiolus auriculatus,,,,,
Mycale rotalis,,,,,
Patrinia Scabiosaefolia,,,,,
Salmonella enterica subsp. enterica serovar gallinarum,,,,,
Sitotroga cerealella,,,,,
Streptomyces rimosus,,,,,
Streptopelia orientalis,,,,,
Oilfish,,,,,
Camponotus vagus,,,,,
Epicoccum sorghinum,,,,,
Glarea lozoyensis,,,,,
Mycobacterium phlei,,,,,
Neolentinus cyathiformis,,,,,
Penicillium spp.,,,,,
Phyllosticta spp.,,,,,
Streptomyces lividans T7,,,,,
Streptomyces viridochromogenes,,,,,
Streptomyces viridochromogenes Tu57,,,,,
Streptomyces viridochromogenes Tü 57,,,,,
Tetramorium impurum,,,,,
Peziza mollissima,,,,,
Euschistus heros,,,,,
Oreotragus oreotragus,,,,,
Schizopelte caffaeoides,,,,,
Mycobacterium chlorophenolicum,,,,,
Edessa meditabunda,,,,,
Vibrio harveyi,,,,,
Amsinkia hispida,,,,,
Symphythum sp.,,,,,
Amaroucium multiplicatum,,,,,
Talaromyces islandicus EN-501,,,,,
Cortex dictamni,,,,,
Esenbeckia spp.,,,,,
European cranberry,,,,,
Nidula niveo-tomentosa,,,,,
Kaempferia Rotunda,,,,,
Aspergillus ustus,,,,,
Plumeria Rubra,,,,,
Amphiporus angulatus,,,,,
Siphonaria diemenensis,,,,,
Sphingobacterium multivorum,,,,,
Tyromyces fissilis,,,,,
Podocarpus Neriifolius,,,,,
Biemna,,,,,
Bilis porci,,,,,
Caro caprae,,,,,
Caro caprae seu ovis,,,,,
Caro verci,,,,,
Corium erinacei,,,,,
Corium erinacei seu hemiechianus,,,,,
Crassum intestinum,,,,,
Crassum intestinum porci,,,,,
Endarachne binghamiae,,,,,
Hippospongia equina,,,,,
Ishige okamurae,,,,,
Lobophytum crassum,,,,,
Musculus bungari,,,,,
Ootheca mantidis,,,,,
Pig's spinal cord,,,,,
Radix rumicis japonici,,,,,
Resina olibani,,,,,
Resina olibani praparata,,,,,
Stiff silkworm,,,,,
Streptomyces KM86-9B,,,,,
Streptomyces niveiscabiei,,,,,
Streptomyces sp. JS520,,,,,
Testis et penis canis familiaris,,,,,
Thyreoid sus domestica,,,,,
Cinnamomum Bejolghota,,,,,
Cortinarius melanotus,,,,,
Dioscorea Cirrhosa,,,,,
Cichorium Endivia,,,,,
A new engineered strain of Escherichia coli,,,,,
A new engineered strain of Escherichia coli [AcrAB-TolC MdtEF-TolC mexAB-OprM],,,,,
"Escherichia coli LAFCmlcPU ""[alsS kivD ilvC ilvD adhA ldhA adhE pflB pta-ackA mlc]""",,,,,
Binapsis arvense,,,,,
Descurainia Sophia,,,,,
Timothy-grass,,,,,
Onopordon laconicum,,,,,
Vernonia spp.,,,,,
Youngia Japonica,,,,,
Drosera Peltata,,,,,
Plumbago Indica,,,,,
Fusarium oxysporum + Serratia sp. + Achromobacter sp,,,,,
Fusarium larvarum,,,,,
Niphates digitalis,,,,,
Paralepista flaccida,,,,,
Pseudomyrmex triplarinus,,,,,
Streptomyces TS-2-2,,,,,
Vetiveria Zizanioides,,,,,
Holopus rangii,,,,,
Penicillium sp. SCSIO sof101,,,,,
Dictyota pardalis,,,,,
Melanelixia subglabra,,,,,
Ontholestes murinus,,,,,
Aspergillus varians,,,,,
Elmerina caryae,,,,,
Gorgonocephalus chilensis,,,,,
Hydnellum caeruleum,,,,,
Dictyota crenulata,,,,,
Dictyota species,,,,,
Neoporteria,,,,,
Pogonomyrmex barbatus,,,,,
Lobophytum catalai,,,,,
Uroleucon nigrotuberculatum,,,,,
Aspergillus taichungensis,,,,,
Aspergillus taichungensis (IBT 19404),,,,,
angelica,,,,,
Colletotrichum falcatum,,,,,
Collybia impudica,,,,,
Periplaneta japonica,,,,,
Protousnea magellanica,,,,,
Pseudomonas denitrificans,,,,,
Cyclobium spp,,,,,
Cyclobium spp.,,,,,
Machaerium spp,,,,,
Machaerium spp.,,,,,
Spatholobi sp.,,,,,
Trifolium spp,,,,,
Rodiola algida,,,,,
Rodiola coccinea,,,,,
Rodiola crenulata,,,,,
Rodiola himalansis,,,,,
Rodiola kirilowii,,,,,
Rodiola quadrifida,,,,,
Rodiola sacra,,,,,
Rodiola subopposita,,,,,
Rohdea juparensis,,,,,
Rohdea jyunnanensis,,,,,
Boreostereum vibrans,,,,,
Acanthochitona defilippii,,,,,
Acanthochitona rubrolineata,,,,,
Aequipecten opercularis,,,,,
Aplidium pliciferum,,,,,
Botryllus schlosseri,,,,,
Ceroplastes ceriferus,,,,,
Chaetomium coarctatum,,,,,
Chattonella japonica,,,,,
Chlamys opercularis,,,,,
Chromulina ochromonoides,,,,,
Cyclotella meneghiniana,,,,,
Diacronema lutheri,,,,,
Dictyota,,,,,
Dictyota sp.,,,,,
Echinoidea sp.,,,,,
Fibrocapsa japonica,,,,,
Fucus virsoides,,,,,
Gelliodes callista,,,,,
Grammatophora oceanica,,,,,
Hijikia fusiformis,,,,,
Hymenomonas carterae,,,,,
Ishigeaceae,,,,,
Isochrysis galbana,,,,,
Jania,,,,,
Laminaria digitata,,,,,
Laminaria saccharina,,,,,
Ligia exotica,,,,,
Limacina helicina,,,,,
Magallana gigas,,,,,
Meretrix petechialis,,,,,
Navicula pelliculosa,,,,,
Nitzschia,,,,,
Nitzschia sp.,,,,,
Ochromonas,,,,,
Ochromonas sp.,,,,,
Olisthodiscus luteus,,,,,
Omphalia campanella,,,,,
Pavlova lutheri,,,,,
Pelagococcus subviridis,,,,,
Phaeocystis,,,,,
Phaeocystis sp.,,,,,
Phaeodactylum tricornutum,,,,,
Placiphorella stimpsoni,,,,,
Polycitor proliferus,,,,,
Poterioochromonas malhamensis,,,,,
Prymnesium parvum,,,,,
Pseudo-nitzschia multistriata,,,,,
Sarcinochrysis marina,,,,,
Sarcinochrysis marina Getler,,,,,
Sargassum,,,,,
Sargassum heterophyllum,,,,,
Sargassum incisifolium,,,,,
Skeletonema costatum,,,,,
Skeletonema menzelii,,,,,
Solorina crocea,,,,,
Sporochnus comosus,,,,,
Synura petersenii,,,,,
Thalassiosira oceanica,,,,,
Turbinaria triquetra,,,,,
channelled wrack,,,,,
Erythrina Stricta,,,,,
Tagetes Patula,,,,,
Porella spp.,,,,,
Millettia sp.,,,,,
A new engineered strain of Lactococcus lactis [n.a.],,,,,
"A new engineered strain of Saccharomyces cerevisiae WLT-MVA5 ""[PGM2 UGP1 UGT1]""",,,,,
A new engineered strain of Yarrowia lipolytica [n.a.],,,,,
Afifella marina,,,,,
Allomyces javanicus,,,,,
Anabaena sp. Strain PCC7120,,,,,
Erwinia herbicola strain Eho10,,,,,
Erwinia herbicola strain Eho13,,,,,
Erwinia uredovora,,,,,
Escherichia coli TS-5 [icd gdhA],,,,,
Escherichia coli TS-9 [pntAB sthA],,,,,
Flavobacterium sp. Strain R1534,,,,,
Lamprocystis roseopersicina,,,,,
Momordica Charantia,,,,,
Myxococcus xanthus,,,,,
Pantoea agglomerans,,,,,
Pantoea ananatis,,,,,
Pararhodospirillum photometricum,,,,,
Phaeospirillum sp.,,,,,
Phaffia rhodozyma,,,,,
Rhodobacter capsulatus,,,,,
Rhodobacter sphaeroides HY01 under phosphate- limited conditions [n.a.],,,,,
Rhodopseudomonas spp.,,,,,
Rhodospirillum photometricum,,,,,
Rhodovibrio salinarum,,,,,
Roseospira sp.,,,,,
Saccharomyces cerevisiae D20RH18 [UGTPg29 UGTPg45],,,,,
Scutellinia umbrorum,,,,,
Sorangium compositum,,,,,
Streptomyces globisporus 1912 4Crt,,,,,
Streptomyces globisporus 1912 4Lcp,,,,,
Streptomyces globisporus 1912-Hp7,,,,,
Synechococcus sp. strain PCC7942,,,,,
Thiodictyon strain 3011,,,,,
Xanthophyllomyces dendrorhous,,,,,
Postegmon patchouli,,,,,
Anticarsia gemmatalis,,,,,
Didemnum rubeum,,,,,
Hydnum imbricatum,,,,,
Pteraster tesselatus,,,,,
Snecio squalidus,,,,,
Crotalaria Ferruginea,,,,,
Stryphnus mucronatus,,,,,
Anoplolepis custodiens,,,,,
Hemileuca electra,,,,,
Polyrhachis gagates,,,,,
Velella velella,,,,,
black garden ant,,,,,
Orthodon sp.,,,,,
Cortex eucommiae,,,,,
Lonicera Confusa,,,,,
Lonicera Hypoglauca,,,,,
Platyphora ligata,,,,,
Relicina connivens,,,,,
Stachytarpheta Jamaicensis,,,,,
Streptomyces alboverticillatus,,,,,
Acinetobacter junii,,,,,
Actinopolyspora erythraea,,,,,
Antrodia sinuosa,,,,,
Arthrinium sacchari,,,,,
Aspergillus petrakii,,,,,
Atta sexdens rubropilosa,,,,,
Callyspongia,,,,,
Candida sp.,,,,,
Candida utilis,,,,,
Cercospora melonis,,,,,
Chilo auricilius,,,,,
Citr,,,,,
Cleistocalyx Operculatus,,,,,
Clitocybe fasciculata,,,,,
Coprinus similis,,,,,
Coriolus versicolor,,,,,
Cortinarius evernius,,,,,
Cortinarius venetus,,,,,
Costus Speciosus,,,,,
Dactylosporangium thailandense,,,,,
Debaromyces hansenii,,,,,
Dendrobium,,,,,
Dentitheca habereri,,,,,
Echinometra mathaei,,,,,
Ephestia kuehniella,,,,,
Fusarium sporotrichioides,,,,,
Grosmannia wageneri,,,,,
Helix pomatia,,,,,
Hydrallmania falcata,,,,,
Hyphochytrium catenoides,,,,,
Isaria cretacea,,,,,
Leptolyngbya lurida,,,,,
Lobaria oregana,,,,,
Lyngbya majuscula,,,,,
Mycena viridimarginata,,,,,
Nephthea pacifica,,,,,
Neurospora santi-florii,,,,,
Oscillatoria limosa,,,,,
Pandalus borealis,,,,,
Panus rudis,,,,,
Pectinophora gossypiella,,,,,
Penicillium daleae,,,,,
Penicillium implicatum,,,,,
Plakobranchus ocellatus,,,,,
Pullularia pullulans,,,,,
Ramalina africana,,,,,
Rhyzophlyctis rosea,,,,,
Saguinus oedipus,,,,,
Semenovia,,,,,
Siphonaria pectinata,,,,,
Strachybotrys alternans,,,,,
Tapinoma erraticum,,,,,
Thyrsanospermum diffusum,,,,,
Tridentata marginata,,,,,
Vulpicida juniperinus,,,,,
Xerotus discolor,,,,,
housefly,,,,,
Anchinoe paupertas,,,,,
Botryllus giganteum,,,,,
Botryosphaeria obtusa,,,,,
Clathria pyramida,,,,,
Great diving beetle,,,,,
Hymedesmia paupertas,,,,,
Neopetrosia similis,,,,,
Neurospora kobi,,,,,
Peyronellaea obtusa,,,,,
Phoma exigua var. exigua,,,,,
Phycopsis,,,,,
Seuratia,,,,,
Spencermartinsia viticola,,,,,
Zaocys,,,,,
Crotalaria Anagyroides,,,,,
Aspergillus oryzae SaMF2103a-68 [C4T318 mdh3 and pyc],,,,,
Ardisia Arborescens,,,,,
jack-in-the-pulpit,,,,,
Cystoseira myrica,,,,,
Poria tenuis,,,,,
Ramalina scopulorum,,,,,
Streptomyces eurocidicus,,,,,
Onopordon carmanicum,,,,,
Ulmus sieboldiana,,,,,
Dalbergia Candenatensis,,,,,
Dalbergia Lanceolaria,,,,,
Pterocarpus Indicus,,,,,
Shimwellia blattae (p424IbPSO pIZpntAB) [AdhA; pntAB],,,,,
Dysidea herbacea,,,,,
Pyrosoma atlanticum,,,,,
Umbilicaria proboscidea,,,,,
Alluaudia sp.,,,,,
Myxococcus virescens,,,,,
Cassia spp.,,,,,
Gynostemon pentaphyllum,,,,,
Penicillium bilaii,,,,,
Penicillium canescens,,,,,
Streptomyces AMLK-335,,,,,
Streptomyces NPS008187,,,,,
Streptomyces sp. Call-36,,,,,
Pharyngodictyon cauliflos,,,,,
Herba artemisiae anomalae,,,,,
Sepedonium ampullosporum,,,,,
Streptomyces griseus (ATCC 10137),,,,,
Miscanthus Sinensis,,,,,
Astrosclera willeyana,,,,,
Gymnoascus reticulatus,,,,,
Beauveria sulfurescens,,,,,
Myristica spp,,,,,
Myristica spp.,,,,,
Nasutitermes,,,,,
Tuber borchii,,,,,
Homo sapiens (Cancer cells),,,,,
Oyster toadfish,,,,,
Streptomyces griseus griseus,,,,,
Tuber liyuanum,,,,,
Nocardiopsaceae,,,,,
Perophora namei,,,,,
Thenea muricata,,,,,
Aglaia Odorata,,,,,
Acrocalymma vagum,,,,,
Allographa cognata,,,,,
Alternaria cucumerina,,,,,
Alternaria tenuis NRRL 5255,,,,,
Penicillium concentricum,,,,,
Rhizopycnis vagum,,,,,
Rhizopycnis vagum Nitaf22,,,,,
Streptomyces fradiae 007 + Penicillium sp. WC-29-5,,,,,
Lagerstroemia Indica,,,,,
Delia paludosa,,,,,
Haematomma ventosum,,,,,
Malbranchea cinnamomea,,,,,
Pelophylax nigromaculatus,,,,,
Spongia cerebriformis,,,,,
Actinida polygana,,,,,
Candida tropicalis,,,,,
Coniothyrium,,,,,
Fusarium solani,,,,,
Homo sapiens (Skin microbiota),,,,,
Pichia membranaefaciens,,,,,
Pichia membranifaciens,,,,,
Streptomyces fimicarius,,,,,
Daldinia,,,,,
Daldinia sp.,,,,,
Desert truffle,,,,,
Setosphaeria,,,,,
Setosphaeria sp. SCSIO41009,,,,,
Terfezia claveryi,,,,,
Cephalothecium roseum,,,,,
Cercosporella acetosella,,,,,
Lecanora reuteri,,,,,
Porites lutea,,,,,
impala,,,,,
Lasius carniolicus,,,,,
Thyme,,,,,
Trachyspermum Roxburghianum,,,,,
Stephania Dielsiana,,,,,
Aplidium glabrum,,,,,
A new engineered strain of Saccharomyces cerevisiae INVSc1 [tHMG1 IDI1 ERG20 ERG9],,,,,
Syphopappus polystachyus,,,,,
Balaenoptera borealis,,,,,
Monarda spp.,,,,,
Bacillus pumilus,,,,,
Boerhavia Diffusa,,,,,
Bombus consobrinus,,,,,
Clematis Chinensis,,,,,
Corynebacterium matruchotii,,,,,
Dendrobium spp.,,,,,
Dendropanax Chevalieri,,,,,
Limonia Acidissima,,,,,
Nephroma arcticum,,,,,
Oscillatoria borneti,,,,,
Phyllanthus Virgatus,,,,,
Stereum complicatum,,,,,
Boletus curtisii,,,,,
Eurycoma Longifolia,,,,,
Irpex pachyodon,,,,,
Pulveroboletus curtisii,,,,,
Tellina nitida,,,,,
A new engineered strain of Corynebacterium glutamicum [hom lysC pys],,,,,
Another Engineered Escherichia coli strain [n.a.],,,,,
Engineered Escherichia coli strain [GPP; sabinene synthase genes],,,,,
Pseudozuga sp.,,,,,
Streptomyces sampsonii,,,,,
Streptomyces sampsonii PM33,,,,,
Fusarium nivale,,,,,
Leptoxyphium,,,,,
Streptomyces YIM 63342,,,,,
Streptomyces gelaticus,,,,,
Streptomyces sp. 22-4,,,,,
Streptomyces sp. ZZ446,,,,,
Streptomyces sp. strain 22-4,,,,,
Fusicolla aquaeductuum,,,,,
Neobulgaria pura,,,,,
Penicillium species,,,,,
Triangularia longicaudata,,,,,
Zopfiella longicaudata,,,,,
Aspergillus parasiticus,,,,,
Penicillium novae-zeelandiae,,,,,
Penicillium roquefortii,,,,,
Penicillium terrestre,,,,,
Phoma spp.,,,,,
Jahnoporus hirtus,,,,,
Acilius sulcatus,,,,,
Actinoplanes utahensis,,,,,
Alternaria tagetica,,,,,
Gloeophyllum,,,,,
Gloeophyllum sp.97022,,,,,
Grosmannia huntii,,,,,
Hansfordia,,,,,
Leptoxyphium fumago,,,,,
Nigrospora,,,,,
Nigrospora sp. PSU-F18,,,,,
Pestalotia palmarum,,,,,
Pestalotiopsis palmarum,,,,,
Russula delica,,,,,
Salilagenidium callinectes,,,,,
Streptomyces AC-2,,,,,
Xylaria longipes,,,,,
Amphidinium sp.,,,,,
Asiatic toad,,,,,
Berber toad,,,,,
Bufo,,,,,
Bufotes zugmayeri,,,,,
Cane toad,,,,,
common toad,,,,,
Mesophellia glauca,,,,,
Arca broughtonii,,,,,
Aralia Chinensis,,,,,
Bombina variegata,,,,,
Latrunculia brevis,,,,,
Nostoc commune var. flagelliforme,,,,,
Palythoa tuberculosa,,,,,
Apodachlyella completa,,,,,
Aspergillus parvathecius,,,,,
Blastocladiella emersonii,,,,,
Catenaria anguillulae,,,,,
Chytridium confervae,,,,,
Coriolus heteromorphus,,,,,
Coriolus pargamenus,,,,,
Cryptoderma citrinum,,,,,
Dioscorea Deltoidea,,,,,
Fomitopsis pinicola,,,,,
Hymenomycetes sp.,,,,,
Lagenidium callinectes,,,,,
Lagenidium giganteum,,,,,
Leptomitaceae,,,,,
Lingulodinium polyedra,,,,,
Microporus labelliformis,,,,,
Pichia sp.,,,,,
Rhizidiomyces apophysatus,,,,,
Saprolegnia ferax,,,,,
Spizellomyces punctatum,,,,,
Torulopsis glabrata,,,,,
Uromyces phaseoli,,,,,
Zooxanthellaceae,,,,,
Stereocaulon corticatulum,,,,,
Giffordia mitchellae,,,,,
Nannochloropsis oceanica,,,,,
Shewanella,,,,,
Zonaria tournefortii,,,,,
Micromonospora lacustris,,,,,
Ophiarachna incrassata,,,,,
Pyrobaculum neutrophilum,,,,,
Tricholoma orirubens,,,,,
Argyreia Capitata,,,,,
Porana Volubilis,,,,,
Scopolia spp.,,,,,
A new engineered strain of Bacillus subtilis [yyzE ypqE ptsG],,,,,
Streptomyces sp. m491,,,,,
Zephyranthes Rosea,,,,,
Achaetomium cristalliferum,,,,,
Actinosynnema mirum,,,,,
Bifurcaria bifurcata,,,,,
Cladonia convoluta,,,,,
Cladonia sandstedei,,,,,
Clerodendrum Serratum,,,,,
Cystoseira foeniculacea,,,,,
Distoma olivaceum,,,,,
Halopteris,,,,,
Himanthalia elongata,,,,,
Isaria cicadae,,,,,
Mariannaea elegans,,,,,
Phasianus colchicus,,,,,
Saccorhiza polyschides,,,,,
Stypocaulon,,,,,
Thyanta pallidovirens,,,,,
Xestia c-nigrum,,,,,
Cercosporidium henningsii,,,,,
Chondromyces pediculatus,,,,,
Eriocrania cicatricella,,,,,
Paralemnalia thyrsoides,,,,,
Rhizoglyphus robini,,,,,
Actinoplanes ianthinogenes,,,,,
Pseudomonas savastanoi,,,,,
Pseudoplexaura wagenaari,,,,,
Saturnia pavonia,,,,,
Synoicum macroglossum,,,,,
Xestospongia bergquistia,,,,,
Angelica sp.Carum sp.,,,,,
Gloeophyllum sepiarium,,,,,
Odontosyllis undecimdonta,,,,,
Trachyopsis halichondrioides,,,,,
Aristolochia Indica,,,,,
Ixeris Chinensis,,,,,
Cerbera Manghas,,,,,
A new engineered strain of Bacillus cereus [n.a.],,,,,
Streptomyces ANK 313,,,,,
Streptomyces albus Del14,,,,,
Streptomyces coelicolor M145,,,,,
Streptomyces galilaeus 31 133,,,,,
Streptomyces lividans K4-114,,,,,
Streptomyces sp. SS17A,,,,,
Neocamarosporium betae,,,,,
Pleospora betae,,,,,
Pleospora bjoerlingii,,,,,
Asterias troscheli,,,,,
Calonectria decora,,,,,
Crotalaria Tetragona,,,,,
Danaus genutia,,,,,
Lecanora dispersa,,,,,
Tyria jacobaeae,,,,,
Aphis nerii,,,,,
Chromodoris youngbleuthi,,,,,
Coronilla sp.,,,,,
Broussonetia kazinoki × B. papyrifera,,,,,
Streptomyces ansochromogenes,,,,,
Streptomyces ansochromogenes 7100,,,,,
Dineutus assimilis,,,,,
Ramichloridium apiculatum,,,,,
Staurocucumis liouvillei,,,,,
Xanthomonas campestris,,,,,
Chaetomium sp.,,,,,
Eptatretus burgeri,,,,,
Pandaros acanthifolium,,,,,
Anaxyrus fowleri,,,,,
Maesa Indica,,,,,
Maesa Japonica,,,,,
Charis neglecta,,,,,
Amaranthus Spinosus,,,,,
Angelica,,,,,
Aplidium caelestis,,,,,
Carteriospongia foliascens,,,,,
Dermasterias imbricata,,,,,
Lepidium sp.,,,,,
Pleurobranchus albiguttatus,,,,,
Sclerotinia sclerotiorum,,,,,
Clerodendrum Indicum,,,,,
,Aplysina cauliformis,2239328.0,,"Aplysina cauliformis (Carter, 1882)",Animalia
,Penicillium scabrosum,2598033.0,,"Penicillium scabrosum Frisvad, Samson & Stolk",Fungi
,Ibacus peronii,2221721.0,,"Ibacus peronii Leach, 1815",Animalia
,Penicillium restrictum,2597648.0,,Penicillium restrictum J.C.Gilman & E.V.Abbott,Fungi
,Haliotis diversicolor,4615981.0,,"Haliotis diversicolor Reeve, 1846",Animalia
,Trichoderma vinosum,5251296.0,,Trichoderma vinosum Samuels,Fungi
,Trichoderma vinosum,5251296.0,,Trichoderma vinosum Samuels,Fungi
,Penicillium scabrosum,2598033.0,,"Penicillium scabrosum Frisvad, Samson & Stolk",Fungi
,Penicillium restrictum,2597648.0,,Penicillium restrictum J.C.Gilman & E.V.Abbott,Fungi
,Haliotis diversicolor,4615981.0,,"Haliotis diversicolor Reeve, 1846",Animalia
,Ibacus peronii,2221721.0,,"Ibacus peronii Leach, 1815",Animalia
,Aplysina cauliformis,2239328.0,,"Aplysina cauliformis (Carter, 1882)",Animalia
,Aplysina cauliformis,2239328.0,,"Aplysina cauliformis (Carter, 1882)",Animalia
,Ibacus peronii,2221721.0,,"Ibacus peronii Leach, 1815",Animalia
,Penicillium scabrosum,2598033.0,,"Penicillium scabrosum Frisvad, Samson & Stolk",Fungi
,Trichoderma vinosum,5251296.0,,Trichoderma vinosum Samuels,Fungi
,Haliotis diversicolor,4615981.0,,"Haliotis diversicolor Reeve, 1846",Animalia
,Penicillium restrictum,2597648.0,,Penicillium restrictum J.C.Gilman & E.V.Abbott,Fungi
,Penicillium scabrosum,2598033.0,,"Penicillium scabrosum Frisvad, Samson & Stolk",Fungi
,Haliotis diversicolor,4615981.0,,"Haliotis diversicolor Reeve, 1846",Animalia
,Aplysina cauliformis,2239328.0,,"Aplysina cauliformis (Carter, 1882)",Animalia
,Ibacus peronii,2221721.0,,"Ibacus peronii Leach, 1815",Animalia
,Trichoderma vinosum,5251296.0,,Trichoderma vinosum Samuels,Fungi
,Penicillium restrictum,2597648.0,,Penicillium restrictum J.C.Gilman & E.V.Abbott,Fungi
,Ibacus peronii,2221721.0,NA,"Ibacus peronii Leach, 1815",Animalia
,Penicillium restrictum,2597648.0,NA,Penicillium restrictum J.C.Gilman & E.V.Abbott,Fungi
,Aplysina cauliformis,2239328.0,NA,"Aplysina cauliformis (Carter, 1882)",Animalia
,Penicillium scabrosum,2598033.0,NA,"Penicillium scabrosum Frisvad, Samson & Stolk",Fungi
,Haliotis diversicolor,4615981.0,NA,"Haliotis diversicolor Reeve, 1846",Animalia
,Trichoderma vinosum,5251296.0,NA,Trichoderma vinosum Samuels,Fungi
