plant_id,genus,species,gbif_key,synonyms,family_id
1,Pulicaria,undulata,7222802,Francoeuria crispa,423
2,Schefflera,kerchoveiana,3037952,Dizygotheca kerchoveana,441
3,Atropa,belladonna,3802655,,388
4,Calystegia,sepium,2928441,Calystegia sepium (L.) R.Br.,385
5,Withania,frutescens,3801152,,388
6,Withania,somnifera,2928840,,388
7,Albizia,grandibracteata,2972995,,193
8,Ajuga,iva,7307171,Ajuga pseudoiva,396
9,Neorautanenia,mitis,2971170,,193
10,Asparagus,horridus,2768695,,64
11,Agrimonia,pilosa,3002003,,204
12,Wurfbainia,longiligularis,10748345,Amomum longiligulare,93
13,Wurfbainia,villosa,11082522,Amomum villosum,93
14,Amomum,xanthioides,8093158,,93
15,Phyllolobium,chinense,2938179,Astragalus complanatus,193
16,Cirsium,arvense,4274470,Breea segeta,423
17,Cirsium,arvense,3113414,Cirsium setosum,423
18,Cornus,officinalis,7161076,,342
19,Crocus,sativus,2747430,,72
20,Ekebergia,capensis,3851310,,255
21,Embelia,schimperi,3719794,,362
22,Isatis,tinctoria,5374118,,273
23,Nelumbo,nucifera,2882449,,119
24,Orostachys,fimbriata,7334770,,132
25,Orostachys,japonica,7334756,Orostachys japonicus,132
26,Persicaria,tinctoria,4032517,,333
27,Sinopodophyllum,hexandrum,3981186,,112
28,Tussilago,farfara,3149879,,423
29,Schefflera,arboricola,8322892,,441
30,Hypericum,japonicum,7948012,,170
31,Aconitum,nevadense,8342940,,118
32,Alseodaphne,paludosa,4182219,Alseodaphne corneri,25
33,Visnaga,daucoides,5371753,Ammi visnaga,439
34,Annona,salzmannii,5407088,Annona impressivenia,15
35,Bersama,yangambiensis,3845320,,226
36,Boscia,salicifolia,5602398,,275
37,Castanopsis,sclerophylla,5333066,,209
38,Colchicum,laetum,2739818,,55
39,Cordylanthus,kingii,5414568,,403
40,Crataegus,laevigata,8252683,,204
41,Croton,cascarilloides,3057960,Croton cumingii,166
42,Disynaphia,halimifolia,3142344,,423
43,Uraria,picta,2956572,Doodia picta,193
44,Eragrostis,viscosa,2705441,,102
45,Forsteronia,refracta,7316893,,376
46,Fridericia,chica,7669080,,391
47,Grewia,mollis,4261595,,265
48,Heterotheca,grandiflora,5401996,,423
49,Hovenia,acerba,7273758,,203
50,Inula,britannica,7502456,,423
51,Juglans,nigra,3054357,,210
52,Kaempferia,marginata,7466313,,93
53,Kaunia,saltensis,3140614,,423
54,Mangifera,indica,3190638,,251
55,Melia,volkensii,5597440,,255
56,Narcissus,triandrus,4928420,Narcissus concolor,63
57,Nauclea,officinalis,5339131,,381
58,Caloncoba,echinata,2874147,Oncoba echinata,153
59,Oxytropis,racemosa,5361048,,193
60,Oxytropis,strobilacea,5361260,,193
61,Lindera,triloba,8041138,Parabenzoin trilobum,25
62,Pelargonium,roseum,7906295,,229
63,Pentanema,britannicum,10010617,,423
64,Phragmites,australis,5290149,,102
65,Polygonum,orientale,11042282,,333
66,Ruta,pinnata,7943360,,257
67,Salvia,blepharophylla,3883534,,396
68,Salvia,dorrii,2927059,,396
69,Sophora,flavescens,7224878,Sophora angustifolia,193
70,Stevia,polycephala,8258805,,423
71,Teucrium,depressum,3897129,,396
72,Thymus,piperella,8354272,,396
73,Trichilia,rubescens,3851456,,255
74,Wikstroemia,canescens,8324421,,270
75,Cajanus,cajan,7587087,,193
76,Camellia,japonica,3189636,,370
77,Camellia,oleifera,8307542,,370
78,Camellia,sasanqua,3189637,,370
79,Camellia,sinensis,3189635,,370
80,Cicer,arietinum,2947311,,193
81,Clusia,columnaris,7329886,,160
82,Clusia,multiflora,7330264,,160
83,Cucumis,melo,2874570,,219
84,Cucumis,sativus,2874569,,219
85,Dacryodes,hopkinsii,7946876,,253
86,Euphorbia,abyssinica,3069564,,166
87,Euphorbia,aleppica,3067011,,166
88,Euphorbia,antiquorum,3069535,,166
89,Euphorbia,boetica,3919726,,166
90,Euphorbia,oxyphylla,3065417,Euphorbia broteri,166
91,Euphorbia,caducifolia,3067866,,166
92,Euphorbia,condylocarpa,3070069,,166
93,Euphorbia,drupifera,3069665,,166
94,Euphorbia,ebracteolata,3068544,,166
95,Euphorbia,esula,8203538,,166
96,Euphorbia,esula,3064252,Euphorbia esula var. cyparissoides,166
97,Euphorbia,fischeriana,3066964,,166
98,Euphorbia,guyoniana,3068310,,166
99,Euphorbia,jolkinii,3066890,,166
100,Euphorbia,kansui,3065761,,166
101,Euphorbia,lathyris,3066965,,166
102,Euphorbia,neriifolia,3064865,,166
103,Euphorbia,nicaeensis,3065819,,166
104,Euphorbia,portulacoides,3064873,,166
105,Euphorbia,resinifera,3068445,Euphorbia resinfera,166
106,Euphorbia,retusa,3068128,,166
107,Euphorbia,royleana,3065786,,166
108,Euphorbia,sapinii,3069585,,166
109,Euphorbia,sulcata,3065910,,166
110,Euphorbia,tirucalli,3069353,,166
111,Euphorbia,trigona,3067098,,166
112,Garcinia,cymosa,7330373,,160
113,Garcinia,livingstonei,3189564,,160
114,Garcinia,myrtifolia,3189567,,160
115,Garcinia,pseudoguttifera,3713084,,160
116,Lathyrus,sativus,5356488,,193
117,Vicia,lens,3973001,Lens culinaris,193
118,Macaranga,tanarius,3074251,,166
119,Monocyclanthus,vignei,3154215,,15
120,Phytolacca,americana,3084015,,331
121,Lathyrus,oleraceus,5347846,Pisum sativum,193
122,Vigna,unguiculata,7225149,Vigna cylindrica,193
123,Vitellaria,paradoxa,2886750,,364
124,Artemisia,anomala,3121446,,423
125,Artocarpus,heterophyllus,2984565,Artocarpus integra,202
126,Canscora,alata,3840335,,379
127,Centaurium,quadrifolium,7467256,Centaurium linarifolium,379
128,Schenkia,spicata,5595243,Centaurium spicatum,379
129,Chironia,krebsii,5595784,,379
130,Eupatorium,glehnii,5402845,Eupatorium sachalinense,423
131,Garcinia,linii,3713987,,160
132,Hoppea,dichotoma,5595116,,379
133,Leptochloa,digitata,2703874,,102
134,Piper,umbellatum,3086364,,13
135,Mesembryanthemum,varians,3704283,Sceletium subvelutinum,305
136,Senecio,brasiliensis,3107780,,423
137,Tovomita,krukovii,3711378,,160
138,Ferula,vesceritensis,7569655,,439
139,Khaya,senegalensis,3190508,,255
140,Ruellia,tuberosa,5415418,,390
141,Brocchia,cinerea,5390421,,423
142,Terminalia,chebula,3189388,,231
143,Oreopanax,guatemalensis,3036590,,441
144,Artemisia,herba-alba,3120848,,423
145,Nitraria,retusa,3986936,,256
146,Tamarix,nilotica,7316455,,341
147,Tamarix,senegalensis,3613063,,341
148,Alpinia,japonica,5302050,,93
149,Apium,graveolens,5371879,,439
150,Cymbopogon,schoenanthus,2705269,,102
151,Rubus,rosifolius,8234521,,204
152,Feijoa,sellowiana,3181977,Acca sellowiana,235
153,Mukdenia,rossii,7339206,Aceriphyllum rossii,142
154,Achillea,abrotanoides,3120350,,423
155,Achillea,arabica,3120275,,423
156,Achillea,clypeolata,3120016,,423
157,Achillea,crithmifolia,8059665,,423
158,Achillea,erba-rotta,9536147,,423
159,Achillea,millefolium,3120060,,423
160,Achillea,erba-rotta,7574220,Achillea moschata,423
161,Achillea,nana,8714852,,423
162,Achillea,nobilis,3120024,,423
163,Achillea,ptarmica,3120333,,423
164,Aconitum,episcopale,7277368,,118
165,Acorus,calamus,2873769,,29
166,Acorus,gramineus,2873807,,29
167,Actinodium,cunninghamii,3177659,,235
168,Aegle,marmelos,5421195,,257
169,Aeollanthus,pubescens,3889346,,396
170,Aframomum,angustifolium,2758823,,93
171,Aframomum,melegueta,2758930,,93
172,Agastache,rugosa,7307327,,396
173,Agathosma,betulina,3190125,,257
174,Agathosma,capensis,3834661,,257
175,Agnorhiza,bolanderi,3093481,,423
176,Ajania,fastigiata,3112246,,423
177,Akebia,quinata,3033965,,115
178,Akebia,trifoliata,7306109,,115
179,Aloysia,citriodora,5341164,,415
180,Aloysia,citrodora,5667503,,415
181,Alpinia,galanga,5302225,Alphinia galanga,93
182,Alpinia,breviligulata,5302180,,93
183,Alpinia,katsumadai,5635657,,93
184,Alpinia,zerumbet,5301979,,93
185,Ambrosia,artemisiifolia,8002952,,423
186,Ammi,majus,3034182,,439
187,Amomum,compactum,8038080,,93
188,Amomum,krervanh,8172268,,93
189,Anaxagorea,crassipetala,3156858,Anaxagorea clavata,15
190,Anethum,graveolens,3034646,,439
191,Angelica,acutiloba,5537879,,439
192,Angelica,gigas,5537749,,439
193,Angelica,sinensis,6027415,,439
194,Anisotome,antipoda,3641744,,439
195,Annona,cascarilloides,5407086,,15
196,Anthemis,aciphylla,3122620,,423
197,Anthemis,aciphylla,6296697,Anthemis aciphylla BOISS.var.discoidea BOISS,423
198,Arabidopsis,thaliana,3052436,,273
199,Araujia,sericifera,3170442,,376
200,Ardisia,humilis,5558193,Ardisia arborescens,362
201,Sorbus,pallescens,3013096,Aria pallescens,204
202,Arnica,nevadensis,5405929,,423
203,Artemisia,absinthium,3121319,,423
204,Artemisia,afra,8078031,,423
205,Artemisia,ammaniana,3121246,,423
206,Artemisia,annua,8373355,,423
207,Artemisia,caruifolia,4230571,Artemisia apiacea,423
208,Artemisia,arborescens,3120677,,423
209,Artemisia,argyi,3120648,,423
210,Artemisia,capillaris,3120722,,423
211,Artemisia,halophila,3121192,,423
212,Artemisia,indica,3120972,,423
213,Artemisia,gmelinii,9624042,Artemisia messerschmidtiana,423
214,Artemisia,montana,3121341,,423
215,Artemisia,princeps,3121258,,423
216,Artemisia,salsoloides,3121286,,423
217,Artemisia,sericea,7921883,,423
218,Artemisia,spicigera,3121483,,423
219,Artemisia,thuscula,3121623,,423
220,Artemisia,xerophytica,3121294,,423
221,Asarum,heterotropoides,7313559,,10
222,Asarum,sieboldii,7313629,,10
223,Aster,scaber,7422131,,423
224,Asterolasia,squamuligera,3834602,,257
225,Atalantia,buxifolia,5593924,,257
226,Bubon,macedonicum,7454714,Athamanta macedonica,439
227,Athanasia,crithmifolia,7627744,,423
228,Atractylodes,lancea,3122433,Atractylodes chinensis,423
229,Austrobaileya,scandens,4197027,,5
230,Baccharis,dracunculifolia,3129176,,423
231,Baccharis,rufescens,7338560,,423
232,Baeckea,frutescens,3187799,,235
233,Diploknema,butyracea,2886375,Bassia butyracea,364
234,Beilschmiedia,pendula,3034073,,25
235,Lindera,praecox,7304475,Benzoin praecox,25
236,Berberis,julianae,3981543,,112
237,Beyeria,brevifolia,8049210,,166
238,Bidens,andicola,7338058,,423
239,Blepharocalyx,salicifolius,3187875,,235
240,Boswellia,sacra,8330171,Boswellia carteri,253
241,Bothriochloa,bladhii,2704093,,102
242,Bridelia,ferruginea,3076157,,181
243,Bunium,paucifolium,6027277,,439
244,Bupleurum,fruticescens,6027094,,439
245,Bupleurum,fruticosum,3638793,,439
246,Bursaria,spinosa,7303844,,445
247,Bystropogon,canariensis,3904098,,396
248,Bystropogon,origanifolius,7309341,,396
249,Callistemon,linearis,3173349,,235
250,Calycolpus,warszewiczianus,8353141,,235
251,Canarium,luzonicum,7445618,,253
252,Canella,winterana,3877834,,8
253,Cannabis,sativa,5361880,,199
254,Cantinoa,mutabilis,7471562,,396
255,Capsicum,annuum,2932944,,388
256,Carapichea,ipecacuanha,2921359,,381
257,Cardamine,heptaphylla,3045634,Cardamine pinnata,273
258,Carica,papaya,2874484,,276
259,Carum,carvi,3034714,,439
260,Carum,copticum,7741980,,439
261,Catha,edulis,7979745,,144
262,Catharanthus,roseus,3169830,,376
263,Centella,asiatica,3034128,,439
264,Centranthus,longiflorus,7298973,Centranthus longiflorus ssp. longiflorus,438
265,Ceratophyllum,demersum,2882398,,111
266,Chaerophyllum,azoricum,3642488,,439
267,Matricaria,chamomilla,8370958,Chamomilla recutita,423
268,Chiliadenus,lopadusanus,3089854,,423
269,Chloranthus,tianmushanensis,3750501,,28
270,Chresta,sphaerocephala,3142080,,423
271,Chromolaena,odorata,3087725,,423
272,Chromolaena,pulchella,3087897,,423
273,Chrysanthemum,indicum,3150814,,423
274,Chrysanthemum,morifolium,3150767,Chrysanthemum x morifolium,423
275,Chrysanthemum,zawadzkii,10906157,Chrysanthemum zawadskii,423
276,Cinnamomum,aromaticum,3033982,,25
277,Cinnamomum,camphora,3033991,,25
278,Cinnamomum,illicioides,4183219,,25
279,Cinnamomum,sieboldii,8286659,,25
280,Cinnamomum,chekiangense,4176844,Cinnamomum tenuifolium,25
281,Cinnamomum,verum,3033987,,25
282,Cistus,albidus,7331435,,262
283,Cistus,creticus,6438085,,262
284,Cistus,ladanifer,6437976,,262
285,Cistus,laurifolius,3596501,,262
286,Cistus,monspeliensis,2874030,,262
287,Citrus,aurantiifolia,3190164,Citrus aurantifolia,257
288,Citrus,aurantium,8077391,,257
289,Citrus,hystrix,6433679,,257
290,Citrus,japonica,3831801,,257
291,Citrus,junos,3831766,,257
292,Citrus,limon,7647136,,257
293,Citrus,maxima,3190160,,257
294,Citrus,medica,3190157,,257
295,Citrus,reticulata,3190172,,257
296,Citrus,trifoliata,3190129,,257
297,Clausena,excavata,5834596,,257
298,Cleistopholis,patens,3153999,,15
299,Cleonia,lusitanica,3895568,,396
300,Clinopodium,album,9392339,,396
301,Clinopodium,barbatum,9473735,,396
302,Clinopodium,carolinianum,3887869,,396
303,Clinopodium,congestum,3887703,,396
304,Clinopodium,grandiflorum,7437438,,396
305,Clinopodium,hostii,10793317,Clinopodium thymifolium,396
306,Cneorum,pulverulentum,3709357,,257
307,Conioselinum,officinale,12256163,Cnidium officinale,439
308,Codonocarpus,attenuatus,3718334,Codonocarpus australis,279
309,Espeletia,timotensis,3109147,Coespeletia timotensis,423
310,Commiphora,gurreh,3992899,,253
311,Conioselinum,anthriscoides,8393328,,439
312,Conyza,newii,5398209,,423
313,Coriandrum,sativum,3034871,,439
314,Thymbra,capitata,5607804,Coridothymus capitatus,396
315,Cornulaca,monacantha,3758905,,306
316,Corydalis,ternata,7314820,Corydalis nakaii,117
317,Corydalis,stricta,7314862,,117
318,Corymbia,citriodora,5418431,,235
319,Corymbia,maculata,5418386,,235
320,Couroupita,guianensis,3082562,,357
321,Crateva,magna,3871487,Crateva nurvala,275
322,Crithmum,maritimum,3632234,,439
323,Croton,adenocalyx,3058234,,166
324,Croton,eluteria,3058150,,166
325,Croton,jimenezii,3058571,,166
326,Croton,mucronifolius,3059751,,166
327,Croton,sonderianus,3059926,,166
328,Croton,stellulifer,5792355,,166
329,Croton,stelluliferus,3058539,,166
330,Cryptocarya,agathophylla,4178766,,25
331,Cuminum,cyminum,3034775,,439
332,Cunila,fasciculata,5610968,,396
333,Cunila,microcephala,5610946,,396
334,Curcuma,amada,2757535,,93
335,Curcuma,kwangsiensis,2757538,,93
336,Curcuma,longa,2757624,,93
337,Curcuma,phaeocaulis,2757534,,93
338,Curcuma,pierreana,2757653,,93
339,Curcuma,aromatica,2757544,Curcuma wenyujin,93
340,Curcuma,zedoaria,2757545,,93
341,Cymbopogon,flexuosus,8571291,,102
342,Cymbopogon,martini,4138713,Cymbopogon martinii,102
343,Daucus,carota,3034742,,439
344,Daucus,littoralis,6027290,,439
345,Dendrosenecio,kilimanjari,3118072,,423
346,Dictamnus,albus,5421338,,257
347,Dimocarpus,fumatus,7265064,,258
348,Diospyros,verrucosa,4070751,,354
349,Diplolophium,africanum,3637348,,439
350,Diplotaenia,cachrydifolia,3637256,,439
351,Dipterocarpus,alatus,4096596,,264
352,Drosera,peltata,3190855,,316
353,Ducrosia,ismaelis,3635600,,439
354,Dysphania,ambrosioides,5568446,,306
355,Echinophora,tenuifolia,5538701,,439
356,Echinophora,trichophylla,5538690,,439
357,Echinops,amplexicaulis,5392676,,423
358,Elettaria,cardamomum,2759871,,93
359,Elsholtzia,bodinieri,3900905,,396
360,Elsholtzia,fruticosa,7308971,,396
361,Elsholtzia,pilosa,3900245,,396
362,Elsholtzia,splendens,7308889,,396
363,Litogyne,gariepina,3127458,Epaltes gariepina,423
364,Erigeron,canadensis,3146791,,423
365,Eryngium,foetidum,3034425,,439
366,Etlingera,cevuga,2760194,,93
367,Etlingera,elatior,2759896,,93
368,Etlingera,pavieana,2760233,,93
369,Eucalyptus,angulosa,3176886,,235
370,Eucalyptus,apodophylla,3177301,,235
371,Eucalyptus,behriana,3177165,,235
372,Eucalyptus,bosistoana,3177230,,235
373,Eucalyptus,botryoides,3176253,,235
374,Eucalyptus,brassiana,3176392,,235
375,Eucalyptus,bridgesiana,3176857,,235
376,Eucalyptus,camaldulensis,11869920,,235
377,Eucalyptus,ceratocorys,3176348,,235
378,Eucalyptus,cladocalyx,3176313,,235
379,Eucalyptus,cloeziana,3176995,,235
380,Eucalyptus,crenulata,3176501,,235
381,Eucalyptus,cuprea,3176496,,235
382,Eucalyptus,dealbata,3176839,,235
383,Eucalyptus,delegatensis,3176597,,235
384,Eucalyptus,deuaensis,3176530,,235
385,Eucalyptus,diversicolor,3176934,,235
386,Eucalyptus,dolichorhyncha,3176411,,235
387,Eucalyptus,exserta,3176897,,235
388,Eucalyptus,fasciculosa,3177097,,235
389,Eucalyptus,forrestiana,3177153,,235
390,Eucalyptus,globulus,3176787,,235
391,Eucalyptus,grandis,3177028,,235
392,Eucalyptus,hybrida,3716616,Eucalyptus hybrid,235
393,Eucalyptus,incrassata,3177161,,235
394,Eucalyptus,intertexta,3176517,,235
395,Eucalyptus,jensenii,3176570,,235
396,Eucalyptus,lansdowneana,3177128,,235
397,Eucalyptus,leucoxylon,3177019,,235
398,Eucalyptus,longifolia,3177058,,235
399,Eucalyptus,globulus,3176459,Eucalyptus maidenii,235
400,Eucalyptus,melanophloia,3176829,,235
401,Eucalyptus,melliodora,3176794,,235
402,Eucalyptus,moluccana,3177285,,235
403,Eucalyptus,nitens,3176336,,235
404,Eucalyptus,nova-anglica,3176315,,235
405,Eucalyptus,ochrophloia,3176736,,235
406,Eucalyptus,odorata,7750091,,235
407,Eucalyptus,oviformis,3716031,,235
408,Eucalyptus,paniculata,3177273,,235
409,Eucalyptus,polyanthemos,3176703,,235
410,Eucalyptus,populnea,3176641,,235
411,Eucalyptus,porosa,3177263,,235
412,Eucalyptus,pulverulenta,3176788,,235
413,Eucalyptus,punctata,3176683,,235
414,Eucalyptus,radiata,3176655,,235
415,Eucalyptus,saligna,3177224,,235
416,Eucalyptus,siderophloia,3176419,,235
417,Eucalyptus,sideroxylon,3177189,,235
418,Eucalyptus,sparsa,3177100,,235
419,Eucalyptus,stoatei,3177277,,235
420,Eucalyptus,tereticornis,3176719,,235
421,Eucalyptus,tetraptera,3176930,,235
422,Eucalyptus,viridis,3177083,,235
423,Eugenia,uniflora,5416458,,235
424,Euonymus,nanoides,7265448,,144
425,Eupatorium,fortunei,5403095,,423
426,Zanthoxylum,ailanthoides,7269097,Fagara ailanthoides,257
427,Ferulago,nodosa,3635427,,439
428,Ficus,formosana,7262706,,202
429,Flacourtia,inermis,5331166,,187
430,Foeniculum,vulgare,3034922,,439
431,Forsythia,suspensa,5415056,,402
432,Forsythia,viridissima,5415053,,402
433,Freesia,kewensis,10673640,Freesia hybrida,72
434,Garcinia,dulcis,3189565,,160
435,Garcinia,oligantha,3713451,,160
436,Gardenia,fosbergii,5335026,,381
437,Gossypium,sturtianum,3152671,,265
438,Hansenia,forbesii,5537977,,439
439,Hansenia,weberbaueriana,5537964,,439
440,Hedeoma,mandoniana,3888193,,396
441,Hedychium,coronarium,7883492,,93
442,Hedychium,spicatum,2758631,,93
443,Hedyosmum,mexicanum,3750498,,28
444,Helichrysum,bracteiferum,3131486,,423
445,Helichrysum,odoratissimum,3131161,,423
446,Heracleum,dissectum,6026395,,439
447,Heracleum,persicum,3628745,,439
448,Heteranthemis,viscidehirta,3104078,,423
449,Homalomena,occulta,2868708,,32
450,Houttuynia,cordata,5384931,,14
451,Humulus,lupulus,2984535,,199
452,Hypericum,hyssopifolium,7527992,,170
453,Hypericum,perforatum,3189486,,170
454,Hypericum,scabrum,3711829,,170
455,Condea,emoryi,7542255,Hyptis emoryi,396
456,Hyptis,goyazensis,3904826,,396
457,Mesosphaerum,pectinatum,3889976,Hyptis pectinata,396
458,Cantinoa,americana,7664995,Hyptis spicigera,396
459,Mesosphaerum,suaveolens,3889017,Hyptis suaveolens,396
460,Hyssopus,officinalis,5341387,,396
461,Hyssopus,seravschanicus,5609159,,396
462,Ilex,affinis,7315765,,416
463,Illicium,anisatum,7314073,,6
464,Illicium,difengpi,8066939,,6
465,Illicium,verum,2889756,,6
466,Iris,spuria,5298946,,72
467,Isodon,umbrosus,7308525,Isodon kameba,396
468,Isodon,melissoides,5608920,,396
469,Isodon,rugosus,5608857,,396
470,Jacobaea,subalpina,5388603,,423
471,Kaempferia,pulchra,5301431,,93
472,Kunzea,ericoides,5419997,,235
473,Kunzea,flavescens,5420028,,235
474,Kunzea,pauciflora,5420010,,235
475,Kunzea,sinclairii,5419977,,235
476,Laggera,crispata,3098694,Laggera pterodonta,423
477,Lagoecia,cuminoides,8419745,,439
478,Lantana,camara,2925303,,415
479,Laurus,nobilis,3034015,,25
480,Lavandula,angustifolia,2927305,,396
481,Lavandula,latifolia,2927304,,396
482,Lavandula,stoechas,2927303,,396
483,Leonotis,leonurus,2926906,,396
484,Lepechinia,chilensis,11099633,Lepechinia chamaedryoides,396
485,Lepechinia,floribunda,3888808,,396
486,Leptospermum,scoparium,3181762,,235
487,Levisticum,officinale,5371772,,439
488,Aniba,puchury-minor,7304533,Licaria puchuri-major,25
489,Ligularia,hodgsonii,5395405,,423
490,Oreocome,striata,3639584,Ligusticum striatum,439
491,Lippia,abyssinica,4086591,,415
492,Lippia,adoensis,7297650,,415
493,Lippia,alnifolia,4086389,,415
494,Lippia,gracilis,10869377,,415
495,Lippia,grata,4084112,,415
496,Lippia,origanoides,7297353,Lippia graveolens,415
497,Lippia,multiflora,4085693,,415
498,Lantana,ukambensis,4083763,Lippia ukambensis,415
499,Liquidambar,orientalis,3152825,,129
500,Liquidambar,styraciflua,3152824,,129
501,Liriodendron,tulipifera,3152861,,20
502,Litchi,chinensis,3190002,,258
503,Litsea,cubeba,3033977,,25
504,Maesopsis,eminii,3039521,,203
505,Magnolia,biondii,3153889,,20
506,Magnolia,denudata,3153582,,20
507,Magnolia,kobus,3153260,,20
508,Magnolia,liliiflora,3153228,Magnolia liliflora,20
509,Magnolia,officinalis,3153830,,20
510,Magnolia,salicifolia,3153771,,20
511,Magnolia,sprengeri,3152927,,20
512,Manekia,naranjoana,4186357,,13
513,Melaleuca,alternifolia,5416091,,235
514,Melaleuca,decussata,5416180,,235
515,Melaleuca,leucadendra,5415976,,235
516,Melaleuca,linariifolia,5415842,,235
517,Melaleuca,parviflora,8360833,,235
518,Melaleuca,quinquenervia,5415832,,235
519,Melaleuca,squarrosa,8259705,,235
520,Mentha,piperita,8707933,Mentha X piperita,396
521,Mentha,aquatica,2927208,,396
522,Mentha,arvensis,2927192,,396
523,Mentha,pulegium,2927189,,396
524,Mentha,spicata,2927175,,396
525,Mentha,suaveolens,2927190,,396
526,Micromeria,biflora,7307212,,396
527,Micromeria,croatica,7307160,,396
528,Micromeria,juliana,7774615,,396
529,Micromeria,maderensis,9616912,,396
530,Micromeria,myrtifolia,5606274,,396
531,Micromeria,teneriffae,8063081,,396
532,Minthostachys,andina,3884683,,396
533,Minthostachys,glabrescens,3884636,,396
534,Minthostachys,mollis,7306778,,396
535,Monarda,citriodora,5341423,,396
536,Monarda,fistulosa,5341411,,396
537,Monodora,tenuifolia,3154093,,15
538,Moringa,oleifera,3054181,,282
539,Mosla,cavaleriei,3905218,,396
540,Mosla,chinensis,7309491,,396
541,Murraya,koenigii,5421333,,257
542,Murraya,paniculata,8190743,,257
543,Myrcia,hedraiophylla,10870581,,235
544,Myrcianthes,fragrans,9920389,,235
545,Myristica,fragrans,5406817,,19
546,Myrtus,communis,3180085,,235
547,Narcissus,tazetta,2858963,,63
548,Nardostachys,jatamansi,4095989,,438
549,Nelumbo,lutea,7503234,,119
550,Nepeta,annua,5610797,,396
551,Nepeta,crispa,5610637,,396
552,Nepeta,racemosa,5341497,Nepeta mussini,396
553,Nepeta,nuda,7309059,,396
554,Nepeta,viscida,5609450,,396
555,Nicotiana,tabacum,2928774,,388
556,Nigella,sativa,5371700,,118
557,Ocimum,americanum,2927097,,396
558,Ocimum,basilicum,2927096,,396
559,Ocimum,gratissimum,2927094,,396
560,Ocotea,austinii,4177360,,25
561,Mespilodaphne,morae,11077015,Ocotea morae,25
562,Odixia,angusta,3098301,,423
563,Oplopanax,elatus,3036347,,441
564,Opuntia,ficus-indica,5384064,,312
565,Origanum,acutidens,3895404,,396
566,Origanum,adanense,3895399,,396
567,Origanum,cordifolium,3895043,,396
568,Origanum,dictamnus,3894972,,396
569,Origanum,majorana,2926615,Origanum dubium,396
570,Origanum,floribundum,3894864,,396
571,Origanum,hypericifolium,3894624,,396
572,Origanum,intercedens,3894580,,396
573,Origanum,laevigatum,3894533,,396
574,Origanum,minutiflorum,3894315,,396
575,Origanum,onites,2926613,,396
576,Origanum,paniculatum,3894144,,396
577,Origanum,ramonense,3894046,,396
578,Origanum,sipyleum,3893904,,396
579,Origanum,syriacum,6411178,,396
580,Origanum,vulgare,2926612,,396
581,Osbornia,octodonta,5420695,,235
582,Osmorhiza,aristata,3034161,,439
583,Ostericum,grosseserratum,5832015,,439
584,Otostegia,fruticosa,7307811,,396
585,Pelargonium,citronellum,3827448,,229
586,Pelargonium,quercifolium,9499241,,229
587,Perilla,frutescens,5341394,,396
588,Salvia,abrotanoides,11064584,Perovskia abrotanoides,396
589,Salvia,yangii,10801424,Perovskia atriplicifolia,396
590,Persea,americana,3034046,Persea tolimanensis,25
591,Petasites,albus,7749287,,423
592,Petasites,tatewakianus,3088317,,423
593,Petroselinum,crispum,7828157,,439
594,Oreoselinum,nigrum,3638577,Peucedanum oreoselinum,439
595,Phaseolus,vulgaris,5350452,,193
596,Phyla,nodiflora,5341112,,415
597,Reichardia,crystallina,5385652,Picridium crystallinum,423
598,Pilocarpus,jaborandi,3190420,,257
599,Pilocarpus,pauciflorus,7269527,,257
600,Pimenta,dioica,3186061,,235
601,Pimenta,racemosa,3186096,,235
602,Pimpinella,serbica,7412652,,439
603,Piper,aduncum,3086337,,13
604,Piper,augustum,7305990,,13
605,Piper,auritum,3086352,,13
606,Piper,crassinervium,7305747,,13
607,Piper,cubeba,7606629,,13
608,Piper,lanceaefolium,7305944,,13
609,Piper,marginatum,3086325,,13
610,Piper,nigrum,3086357,,13
611,Piper,sylvestre,4185246,,13
612,Pistacia,chinensis,3190586,Pistacia integerrima,251
613,Pistacia,vera,3190585,,251
614,Plectranthus,fruticosus,8036546,,396
615,Coleus,cylindraceus,10925826,Plectranthus marrubioides,396
616,Pleogyne,australis,3831015,Pleogyne cunninghami,116
617,Pluchea,dioscoridis,3132635,,423
618,Podachaenium,eminens,3149837,,423
619,Polygala,amara,4051803,,195
620,Polygala,senega,3191367,,195
621,Porophyllum,ruderale,3103948,,423
622,Portulaca,okinawensis,4022569,,334
623,Primula,macrophylla,8090966,,362
624,Prosopis,glandulosa,5358457,,193
625,Protium,heptaphyllum,7286785,,253
626,Prunus,laurocerasus,3021496,,204
627,Psidium,friedrichsthalianum,5420358,,235
628,Psidium,guajava,5420380,,235
629,Psidium,salutare,5420400,,235
630,Craibia,grandiflora,2944955,Pterocarpus grandiflorus,193
631,Punica,granatum,5420901,,233
632,Pyrola,decorata,7328456,,355
633,Pyrola,rotundifolia,2888269,,355
634,Quercus,ilex,2879098,,209
635,Quercus,serrata,2879649,,209
636,Renealmia,floribunda,5302637,,93
637,Rhodiola,rosea,2985688,,132
638,Rhododendron,mucronulatum,7328287,,355
639,Salvia,jordanii,10893370,Rosmarinus eriocalyx,396
640,Salvia,rosmarinus,10902460,Rosmarinus officinalis,396
641,Salvia,granatensis,10836683,Rosmarinus tomentosus,396
642,Rubus,rosa,2997851,,204
643,Rubus,trifidus,2994808,,204
644,Salvia,absconditiflora,3886619,,396
645,Salvia,brandegeei,2927021,,396
646,Salvia,caespitosa,8133828,,396
647,Salvia,candidissima,8387050,,396
648,Salvia,columbariae,2927060,,396
649,Salvia,dorisiana,3903741,,396
650,Salvia,dorystaechas,10896229,,396
651,Salvia,fruticosa,6412283,,396
652,Salvia,hydrangea,3899887,,396
653,Salvia,mellifera,2926986,,396
654,Salvia,munzii,2927052,,396
655,Salvia,officinalis,2927004,,396
656,Salvia,pomifera,3891602,,396
657,Salvia,sclarea,2927000,,396
658,Salvia,syriaca,3886224,,396
659,Salvia,tomentosa,3885499,,396
660,Santolina,canescens,3125946,,423
661,Santolina,chamaecyparissus,3125933,,423
662,Santolina,corsica,4252927,,423
663,Santolina,insularis,3125951,,423
664,Satureja,bachtiarica,3883081,,396
665,Satureja,boissieri,8283529,,396
666,Satureja,cilicica,3882497,,396
667,Satureja,cuneifolia,7306488,,396
668,Satureja,hortensis,2926885,,396
669,Satureja,montana,2926884,,396
670,Satureja,spicigera,3903252,,396
671,Satureja,thymbra,3902859,,396
672,Satureja,wiedemanniana,3902628,,396
673,Dolomiaea,costus,10864861,Saussurea lappa,423
674,Scalesia,aspera,3147710,,423
675,Schinus,molle,3190642,,251
676,Schisandra,chinensis,7696841,,6
677,Nepeta,multifida,7491011,Schizonepeta multifida,396
678,Scutellaria,lateriflora,5341325,,396
679,Securidaca,inappendiculata,7293407,,195
680,Senecio,alcicornis,3107824,,423
681,Senecio,chrysanthemoides,8391006,,423
682,Senecio,squalidus,3109117,,423
683,Senna,alexandrina,2958032,,193
684,Artemisia,cina,3120942,Seriphidium cinum,423
685,Sesbania,punicea,2970728,,193
686,Seseli,farrenyi,3631371,,439
687,Sideritis,chamaedryfolia,7307885,,396
688,Sideritis,dichotoma,8035398,,396
689,Sideritis,hirsuta,7443285,,396
690,Sideritis,hispida,3890778,,396
691,Sideritis,leucantha,7307627,,396
692,Sideritis,lyciae,3890052,,396
693,Sideritis,pauli,3889457,Sideritis paulii,396
694,Sideritis,perfoliata,7307504,,396
695,Sideritis,romana,2926687,,396
696,Simira,eliezeriana,5335288,,381
697,Smallanthus,maculatus,3145286,,423
698,Solidago,canadensis,5389029,,423
699,Solidago,odora,5388923,,423
700,Stachys,aegyptiaca,3886549,,396
701,Stachys,glutinosa,3882844,,396
702,Steganotaenia,araliacea,3637619,,439
703,Stenostomum,lucidum,5335776,,381
704,Stephania,sutchuenensis,5592739,,116
705,Stevia,alpina,3125627,,423
706,Seriphium,plumosum,3151373,Stoebe plumosa,423
707,Strobilanthes,callosa,3781786,,390
708,Strobilanthes,zeylanica,3777452,,390
709,Strophanthus,eminii,8171543,,376
710,Swertia,japonica,7270341,,379
711,Syzygium,cumini,3183840,,235
712,Syzygium,samarangense,3183180,,235
713,Vogtia,annua,7392261,Tanacetum annuum,423
714,Tanacetum,parthenium,3118430,,423
715,Tanacetum,vulgare,3118274,,423
716,Tetradenia,riparia,5609418,,396
717,Tetraneuris,acaulis,3112389,,423
718,Teucrium,asiaticum,3898545,,396
719,Teucrium,cyprium,7308574,,396
720,Teucrium,kotschyanum,3895999,,396
721,Teucrium,leucocladum,7308359,,396
722,Teucrium,micropodioides,3895235,,396
723,Teucrium,oxylepis,7308224,,396
724,Teucrium,pseudoscorodonia,3894027,,396
725,Teucrium,salviastrum,8166847,,396
726,Thapsia,villosa,6026828,Thapsia maxima,439
727,Thymbra,spicata,7307908,,396
728,Thymus,broussonetii,7307695,,396
729,Thymus,camphoratus,7307674,,396
730,Thymus,carnosus,5607503,,396
731,Thymus,daghestanicus,5607308,,396
732,Thymus,eigii,5607162,,396
733,Thymus,fedtschenkoi,7307424,,396
734,Thymus,funkii,7307402,,396
735,Thymus,kotschyanus,7307181,,396
736,Thymus,longicaulis,7307062,,396
737,Thymus,longiflorus,7307056,,396
738,Thymus,membranaceus,7306992,,396
739,Thymus,nummularius,7306907,,396
740,Thymus,orespedanus,5606067,,396
741,Thymus,pastoralis,8292476,,396
742,Thymus,pectinatus,7306830,,396
743,Thymus,pubescens,7306773,,396
744,Thymus,pulegioides,5341443,,396
745,Thymus,quinquecostatus,7306727,,396
746,Thymus,revolutus,7563737,,396
747,Thymus,riatarum,5605609,,396
748,Thymus,saturejoides,7306681,,396
749,Thymus,schimperi,7306677,,396
750,Thymus,sibthorpii,7306639,,396
751,Thymus,thracicus,6409539,,396
752,Thymus,vulgaris,5341442,,396
753,Thymus,willkommii,5605044,,396
754,Thymus,zygioides,5606547,,396
755,Thymus,zygis,7793938,,396
756,Tithonia,diversifolia,5396557,,423
757,Trachyspermum,ammi,3034241,,439
758,Psammogeton,involucratum,11442972,Trachyspermum roxburghianum,439
759,Trichostema,dichotomum,2926665,,396
760,Umbellularia,californica,5371727,,25
761,Unonopsis,glaucopetala,3157814,,15
762,Valeriana,jatamansi,8213018,,438
763,Valeriana,officinalis,2888763,,438
764,Virola,surinamensis,3152848,,19
765,Vitex,agnus-castus,2925562,,396
766,Vitex,madiensis,7309412,,396
767,Vitex,negundo,2925564,,396
768,Vitex,trifolia,2925561,,396
769,Vitis,vinifera,5372392,,190
770,Werneria,poposa,5402722,Xenophyllum poposum,423
771,Xylocarpus,moluccensis,3190516,,255
772,Xylopia,aromatica,3157126,,15
773,Xylopia,sericea,3157040,,15
774,Zanthoxylum,armatum,7716390,,257
775,Zanthoxylum,bungeanum,7269010,,257
776,Zanthoxylum,chalybaeum,7557554,,257
777,Zanthoxylum,piperitum,7269282,,257
778,Zanthoxylum,schinifolium,7269177,,257
779,Zanthoxylum,simulans,3834219,,257
780,Zanthoxylum,zanthoxyloides,3833043,,257
781,Zataria,multiflora,3899656,,396
782,Zieria,laevigata,8171717,,257
783,Zieria,pilosa,7268940,,257
784,Zieria,smithii,7617635,,257
785,Zingiber,purpureum,2757204,Zingiber cassumunar,93
786,Zingiber,montanum,2757202,,93
787,Zingiber,officinale,2757280,,93
788,Zingiber,ottensii,2757277,,93
789,Zingiber,spectabile,2757200,,93
790,Zingiber,zerumbet,2757108,,93
791,Bellis,perennis,3117424,bellis perennis,423
792,Solanum,betaceum,2930216,solanum betaceum,388
793,Nymphaea,lotus,2882429,,4
794,Centaurea,gabrieljanae,3128064,,423
795,Centaurea,pterocaula,3127766,,423
796,Centaurea,scoparia,3129089,,423
797,Centaurea,glastifolia,9453772,Chartolepis glastifolia,423
798,Psephellus,adjaricus,9375080,,423
799,Psephellus,bellus,3137947,,423
800,Psephellus,simplicicaulis,3137891,,423
801,Tanacetum,sinaicum,3118585,Pyrethrum santolinoides,423
802,Hypericum,quartinianum,3712421,,170
803,Euphorbia,helioscopia,3066367,,166
804,Euphorbia,hirta,3068937,,166
805,Aconitum,leucostomum,3923562,,118
806,Acorus,calamus,2873796,Acorus tatarinowii,29
807,Actaea,dahurica,8254182,,118
808,Actaea,heracleifolia,5616598,,118
809,Actaea,simplex,8386523,,118
810,Anemopsis,californica,3086504,,14
811,Anisotome,latifolia,3641534,,439
812,Anthriscus,sylvestris,5371742,,439
813,Apollonias,barbujana,7304460,,25
814,Aquilegia,ecalcarata,7278297,,118
815,Artemisia,abrotanum,8042568,Artemisia abrotanum L.,423
816,Artemisia,szowitziana,3121270,Artemisia hanseniana,423
817,Asarum,asaroides,3589110,,10
818,Asarum,asperum,8569283,,10
819,Asarum,canadense,2873947,,10
820,Asarum,caulescens,7313618,,10
821,Asarum,celsum,3588881,,10
822,Asarum,costatum,3588819,,10
823,Asarum,crassum,8447138,,10
824,Asarum,curvistigma,8684355,,10
825,Asarum,dilatatum,3588759,,10
826,Asarum,epigynum,3588732,,10
827,Asarum,europaeum,7313595,Asarum europaeum L.,10
828,Asarum,fauriei,7313592,,10
829,Asarum,fauriei,3588686,Asarum fauriei takaoi,10
830,Asarum,forbesii,3588678,,10
831,Asarum,fudsinoi,3588662,,10
832,Asarum,gusk,3588564,,10
833,Asarum,hatushimae,7349470,,10
834,Asarum,hexalobum,8700767,,10
835,Asarum,hypogynum,3589816,,10
836,Asarum,kumageanum,3589729,,10
837,Asarum,lutchuense,10812778,,10
838,Asarum,macranthum,3589628,,10
839,Asarum,megacalyx,3589503,,10
840,Asarum,minamitanianum,3589459,,10
841,Asarum,muramatsui,3589405,,10
842,Asarum,nipponicum,8488340,,10
843,Asarum,petelotii,3589285,,10
844,Asarum,rigescens,8473032,,10
845,Asarum,sakawanum,7313656,,10
846,Asarum,savatieri,7313653,,10
847,Asarum,simile,3588951,,10
848,Asarum,subglobosum,3588882,,10
849,Asarum,tamaense,3588850,,10
850,Asarum,trigynum,3588816,,10
851,Asarum,unzen,8701776,,10
852,Asarum,yaeyamense,3588655,,10
853,Asarum,yakusimense,3588649,,10
854,Athamanta,ramosissima,8291098,,439
855,Athamanta,vayredana,3633240,,439
856,Backhousia,myrtifolia,3185104,,235
857,Blumea,mollis,8284768,,423
858,Boronia,pinnata,7269410,,257
859,Bridelia,retusa,3076196,,181
860,Bupleurum,scorzonerifolium,6026926,,439
861,Castilleja,septentrionalis,3170627,Castilleja sulphurea,403
862,Catalpa,bignonioides,3172615,,391
863,Ceanothus,velutinus,7723763,,203
864,Chlorophytum,borivilianum,2774899,,64
865,Chrysothamnus,viscidiflorus,3148638,,423
866,Cinnamomum,glanduliferum,7580207,,25
867,Cinnamomum,parthenoxylon,4181342,,25
868,Conyza,steudelii,5398125,,423
869,Croton,argyrophyllus,3059224,,166
870,Croton,conduplicatus,3060046,,166
871,Croton,essequiboensis,3058559,,166
872,Croton,grewioides,3058458,,166
873,Croton,jacobinensis,3057489,,166
874,Croton,micans,3059223,,166
875,Croton,nepetifolius,3058758,Croton nepetaefolius,166
876,Croton,tricolor,3059283,,166
877,Cymbopogon,goeringii,4139011,,102
878,Cymbopogon,nardus,2705267,,102
879,Cymbopogon,procerus,4138256,,102
880,Dalbergia,spruceana,2968850,,193
881,Wikstroemia,genkwa,5524756,Daphne genkwa,270
882,Daucus,carota,7224071,Daucus carota subsp. carota,439
883,Daucus,carota,6550056,Daucus carota subsp. sativus (Hoffm.) Schuebl. & G. Martens,439
884,Dioscorea,sativa,7752107,,46
885,Diospyros,melanoxylon,7715874,,354
886,Diplolophium,buchananii,7318589,,439
887,Dipterocarpus,dyeri,4097341,,264
888,Dryobalanops,aromatica,3189690,,264
889,Eremanthus,arboreus,10199419,,423
890,Esenbeckia,nesiotica,5592939,,257
891,Ferula,communis,8048981,,439
892,Forsythia,japonica,5549540,,402
893,Fragaria,vesca,3029817,,204
894,Garcia,parviflora,3071458,,166
895,Garcinia,acuminata,7806112,Garcinia scortechinii,160
896,Gardenia,tubifera,5334954,,381
897,Gymnosporia,pyria,3794041,Gymnosporia trigyna,144
898,Haplostichanthus,johnsonii,3154812,,15
899,Erymophyllum,tenellum,3100828,Helipterum tenellum,423
900,Hexastylis,arifolia,5331104,,10
901,Hexastylis,virginica,5331105,,10
902,Condea,tomentosa,7453380,Hyptis tomentosa,396
903,Ipomoea,cairica,2928531,,385
904,Ipomoea,cristulata,2928521,,385
905,Isodon,lophanthoides,8060712,,396
906,Isodon,rubescens,7308552,,396
907,Kopsia,grandifolia,5536021,,376
908,Lasianthus,fordii,5336857,,381
909,Ledebouria,socialis,2773791,,64
910,Entada,phaseoloides,2976244,Lens phaseoloides,193
911,Licaria,canella,7304725,,25
912,Ligusticum,porteri,3034795,,439
913,Lindera,aggregata,7304587,,25
914,Lindera,neesiana,5685602,,25
915,Nothofagus,menziesii,2874917,Lophozonia menziesii,212
916,Lycopus,europaeus,5341478,,396
917,Macropiper,excelsum,7305062,,13
918,Mallotus,rhamnifolius,5378690,,166
919,Melaleuca,bracteata,5416153,,235
920,Melaleuca,squamophloia,5415772,,235
921,Micranthemum,umbrosum,3172187,,399
922,Monopteryx,uaucu,2945506,Monopterix uaucu,193
923,Myristica,argentea,5564691,,19
924,Paeonia,lactiflora,3083486,,139
925,Panax,ginseng,5372262,,441
926,Gamblea,innovans,3037446,Panax innovans,441
927,Panax,notoginseng,8877811,Panax pseudo - ginseng var. notoginseng,441
928,Pancratium,trianthum,2853265,,63
929,Peperomia,circinnata,7304921,,13
930,Perilla,frutescens,7905147,Perilla frutescens (l.) britt. var. crispa (thunb.) hand.-mazz.,396
931,Perilla,frutescens,5830059,Perilla frutescens var. hirtella,396
932,Aiouea,montana,9671278,Persea mexicana,25
933,Pinellia,ternata,8678824,,32
934,Piper,lanatum,4190512,Piper banksii,13
935,Piper,kadsura,4183601,,13
936,Piper,crassipes,10853156,Piper pedicellosum,13
937,Piper,solmsianum,7305588,,13
938,Platostoma,africanum,3896944,,396
939,Pogostemon,cablin,2926672,,396
940,Polygala,sibirica,7293626,,195
941,Polygala,tenuifolia,7593997,,195
942,Pseudobrickellia,brasiliensis,3150239,,423
943,Pycnocycla,spinosa,7615057,,439
944,Rhododendron,latoucheae,7328541,,355
945,Rhodotypos,scandens,3032442,,204
946,Ruta,graveolens,3190382,,257
947,Sassafras,albidum,3034002,,25
948,Saururus,chinensis,7979280,,14
949,Nepeta,tenuifolia,5609573,Schizonepeta tenuifolia,396
950,Scutellaria,baicalensis,7309014,,396
951,Scutellaria,barbata,5609933,,396
952,Drimys,aromatica,7288425,Tasmannia lanceolata,9
953,Todaroa,aurea,6026739,,439
954,Uvariodendron,connivens,3158011,,15
955,Xanthostemon,oppositifolius,3180827,,235
956,Zieria,arborescens,7269035,,257
957,Zieria,laxiflora,5593309,,257
958,Croton,haumanianus,3060357,,166
959,Croton,megalocarpoides,3059984,,166
960,Croton,gratissimus,7225816,Croton zambesicus,166
961,Acanthothamnus,aphyllus,3873578,,144
962,Achillea,magnifica,3120274,,423
963,Arnebia,decumbens,7806790,,382
964,Artabotrys,hexapetalus,3154909,Artabotrys uncinatus,15
965,Berkheya,rhapontica,3115279,,423
966,Diplocyclos,palmatus,3623950,Bryonopsis laciniosa,219
967,Cladrastis,kentukea,2945513,,193
968,Clerodendrum,cyrtophyllum,7308161,,396
969,Crinum,stuhlmannii,2853683,,63
970,Crotalaria,mitchellii,2942345,,193
971,Dracaena,ombet,5304569,,64
972,Ferula,gummosa,3034683,,439
973,Glycosmis,puberula,8419590,,257
974,Iryanthera,polyneura,3743800,,19
975,Morella,arborea,3745143,Myrica arborea,211
976,Nigella,arvensis,7794474,Nigella aristata,118
977,Achillea,maritima,7066429,Otanthus maritimus,423
978,Polygala,forbesii,4049620,Polygala aureocauda,195
979,Pseudoxandra,sclerocarpa,3158202,,15
980,Scrophularia,leucoclada,3737217,,411
981,Stypandra,glauca,2780836,Stypandra imbricata,65
982,Vincetoxicum,hirundinaria,5414548,,376
983,Galium,aparine,2913548,,381
984,Galium,spurium,2913214,,381
985,Gynochthodes,officinalis,7356096,,381
986,Gynochthodes,parvifolia,7976478,,381
987,Morinda,angustifolia,5339847,,381
988,Morinda,citrifolia,5339879,,381
989,Morinda,elliptica,5339899,,381
990,Pentas,lanceolata,2908986,,381
991,Thapsia,garganica,6026849,,439
992,Thapsia,transtagana,5538634,,439
993,Amaranthus,spinosus,5384401,,306
994,Anthyllis,hermanniae,5352341,,193
995,Argyrocytisus,battandieri,2943815,,193
996,Balanophora,tobiracola,4195095,,293
997,Bolusanthus,speciosus,2952355,,193
998,Calotropis,procera,5414566,,376
999,Scilla,luciliae,2767271,Chionodoxa gigantea,64
1000,Maclura,cochinchinensis,7262552,Cudrania cochinchinensis,202
1001,Maclura,tricuspidata,9130387,Cudrania tricuspidata,202
1002,Erycibe,expansa,7598644,,385
1003,Erythrina,addisoniae,5349697,,193
1004,Erythrina,arborescens,5349698,,193
1005,Erythrina,fusca,5349620,,193
1006,Erythrina,indica,11146797,,193
1007,Erythrina,latissima,5349506,,193
1008,Erythrina,lysistemon,5349556,,193
1009,Erythrina,mildbraedii,5349704,,193
1010,Erythrina,variegata,5349581,Erythrina orientalis,193
1011,Erythrina,poeppigiana,5349755,,193
1012,Erythrina,sacleuxii,5349679,,193
1013,Erythrina,suberosa,5349546,,193
1014,Ficus,glumosa,5571065,,202
1015,Ficus,mucuso,5570950,,202
1016,Flemingia,prostrata,5359865,Flemingia macrophylla var. philippinensis,193
1017,Genista,ephedroides,5347647,,193
1018,Glycyrrhiza,glabra,2965732,,193
1019,Glycyrrhiza,inflata,2965745,,193
1020,Glycyrrhiza,uralensis,7861283,,193
1021,Laburnum,anagyroides,5356345,,193
1022,Lupinus,albus,2964167,,193
1023,Lupinus,angustifolius,2964025,,193
1024,Lupinus,arboreus,2963807,,193
1025,Lupinus,arcticus,2964200,,193
1026,Lupinus,elegans,2963885,,193
1027,Lupinus,luteus,2963817,,193
1028,Lupinus,nanus,2964223,,193
1029,Lupinus,polyphyllus,2964355,,193
1030,Lupinus,texensis,2963880,,193
1031,Maclura,pomifera,2984580,,202
1032,Neonotonia,wightii,2947913,,193
1033,Piper,dilatatum,3086349,,13
1034,Smallanthus,fruticosus,3145300,,423
1035,Sophora,flavescens,2959073,,193
1036,Sophora,leachiana,2959109,,193
1037,Sophora,tomentosa,2958970,,193
1038,Tephrosia,watsoniana,5341977,,193
1039,Amaranthus,cruentus,5384390,Amaranthus hybridus subsp. cruentus,306
1040,Cakile,maritima,3048831,,273
1041,Carduus,acanthoides,3114643,,423
1042,Ceiba,insignis,5663215,,265
1043,Chorilaena,quercifolia,3833159,,257
1044,Crataegus,flava,7855454,,204
1045,Diospyros,nigra,8115692,,354
1046,Euphorbia,calyptrata,3066564,,166
1047,Euphorbia,characias,3067353,,166
1048,Euphorbia,micractina,3067814,,166
1049,Euphorbia,peplus,3066386,,166
1050,Euphorbia,semiperfoliata,3065438,,166
1051,Euphorbia,wallichii,3065773,,166
1052,Leucaena,diversifolia,2970394,,193
1053,Strobilanthes,yunnanensis,3777471,,390
1054,Strychnos,nux-vomica,5414399,,380
1055,Suregada,multiflora,3054898,,166
1056,Alcantarea,regina,2699947,Vriesea regina,94
1057,Abrus,precatorius,5348711,,193
1058,Achillea,alpina,3120223,,423
1059,Achillea,collina,7767460,,423
1060,Achillea,cretica,3120369,,423
1061,Achillea,impatiens,3120324,,423
1062,Achillea,odorata,7674113,,423
1063,Achillea,santolina,8091059,,423
1064,Achillea,santolinoides,3120235,,423
1065,Achillea,setacea,3120066,,423
1066,Achillea,spinulifolia,8667785,,423
1067,Achillea,tenuifolia,7546541,,423
1068,Aglaia,erythrosperma,5597734,,255
1069,Albizia,amara,2973271,,193
1070,Allium,siculum,2856204,,63
1071,Aglaia,lawii,7271335,Amoora yunnanensis,255
1072,Angelica,ursina,5540667,,439
1073,Annona,rensoniana,5541604,,15
1074,Arabis,hirsuta,9202524,,273
1075,Ardisia,macrocarpa,5557604,,362
1076,Eremogone,kumaonensis,7967057,Arenaria kumaonensis,313
1077,Aristolochia,maxima,2873997,,10
1078,Arnica,longifolia,5405970,,423
1079,Artemisia,spec,11774892,Artemisia sp.,423
1080,Artemisia,vachanica,3121043,,423
1081,Asphodelus,tenuifolius,2778358,,65
1082,Astragalus,laxmannii,7275109,Astragalus inopinatus,193
1083,Baccharis,genistelloides,3129545,,423
1084,Baccharis,sagittalis,3129674,,423
1085,Baccharis,trimera,3129265,,423
1086,Bergenia,purpurascens,7339454,,142
1087,Betula,pendula,8245043,Betula mandshurica,207
1088,Bischofia,javanica,5383085,Bischofia trifoliata,181
1089,Brickellia,baccharidea,5388450,,423
1090,Brickellia,dentata,5388410,,423
1091,Caragana,tibetica,2943253,,193
1092,Carphochaete,bigelovii,3143116,,423
1093,Celmisia,petriei,5391011,,423
1094,Centaurea,aggregata,3128797,,423
1095,Centaurea,arenaria,3127822,,423
1096,Centaurea,cadmea,3127529,,423
1097,Centaurea,cuneifolia,7509590,,423
1098,Centaurea,decipiens,7223253,Centaurea gradata,423
1099,Centaurea,inermis,3128379,,423
1100,Centaurea,virgata,7460759,,423
1101,Chlorophytum,malayense,2774925,,64
1102,Chromolaena,arnottiana,3142902,,423
1103,Chromolaena,hirsuta,3142680,,423
1104,Cirsium,helenioides,3113777,,423
1105,Clausena,indica,3836864,,257
1106,Orthosiphon,aristatus,7308027,Clerodendranthus spicatus,396
1107,Clusia,torresii,5555891,,160
1108,Cotoneaster,orbicularis,3026328,,204
1109,Crataegus,sinaica,3015045,,204
1110,Pachylobus,normandii,9723031,Dacryodes normandii,253
1111,Delphinium,hybr,6710379,,118
1112,Discaria,chacaye,5602883,Discaria crenata,203
1113,Ferula,aucheri,8472403,Dorema aucherii,439
1114,Drosera,spatulata,3191227,,316
1115,Empetrum,nigrum,8925249,,355
1116,Eschscholzia,californica,2888380,,117
1117,Euonymus,maackii,7265494,,144
1118,Eupatorium,album,7393636,,423
1119,Eupatorium,altissimum,5400563,,423
1120,Eupatorium,leucolepis,5402982,,423
1121,Eupatorium,semiserratum,5403078,,423
1122,Euphorbia,ferganensis,3067823,,166
1123,Ferula,assa-foetida,8113074,,439
1124,Gardenia,jasminoides,5335125,,381
1125,Gentiana,olivieri,3839597,,379
1126,Glycine,max,5359660,,193
1127,Handroanthus,guayacan,4092274,,391
1128,Holocarpha,obconica,3091321,,423
1129,Hypericum,hirsutum,7921919,,170
1130,Ibervillea,sonorae,7317774,,219
1131,Inulanthera,nuda,3144411,,423
1132,Jasminum,officinale,3172261,,402
1133,Jateorhiza,palmata,3033953,,116
1134,Croton,argenteus,3054483,Julocroton camporum,166
1135,Lantana,montevidensis,2925314,,415
1136,Lasiocephalus,ovatus,3116921,,423
1137,Achillea,formosa,7066432,Leucocyclus formosus,423
1138,Liatris,aspera,3104265,,423
1139,Ligularia,platyglossa,5395554,,423
1140,Lindera,umbellata,7304416,,25
1141,Lippia,dulcis,2925416,,415
1142,Lourteigia,stoechadifolia,3087497,,423
1143,Macrotyloma,axillare,2976978,,193
1144,Malus,asiatica,3001132,,204
1145,Monteverdia,guyanensis,10709776,Maytenus guianensis,144
1146,Merrillia,caloxylon,3838164,Merillia caloxylon,257
1147,Mikania,minima,5398838,,423
1148,Mikania,obtusata,5398467,,423
1149,Montrouziera,sphaeroidea,7329984,,160
1150,Morus,notabilis,5569682,Morus yunnanensis,202
1151,Mulguraea,tridens,4938837,,415
1152,Nicotiana,gossei,3799912,,388
1153,Scrophularia,wattii,9700264,Oreosolen wattii,411
1154,Orthosiphon,aristatus,7308026,,396
1155,Orthosiphon,grandiflorus,7725192,,396
1156,Oryza,sativa,2703459,,102
1157,Cenchrus,americanus,5828197,Phleum africanum,102
1158,Picradeniopsis,oppositifolia,7875400,,423
1159,Pimpinella,saxifraga,7622278,,439
1160,Archidendron,clypearia,2941309,Pithecellobium clypearia,193
1161,Polygala,myrtifolia,3191402,,195
1162,Populus,tremula,3040249,,187
1163,Primula,veris,8377689,,362
1164,Pterocaulon,rugosum,5392233,,423
1165,Myrsine,coriacea,7331098,Rapanea myricoides,362
1166,Rauvolfia,tetraphylla,3169782,,376
1167,Rhodiola,stephani,7432755,Rhodiola krylovii,132
1168,Rubia,alata,2892217,Rubia lanceolata,381
1169,Rudbeckia,subtomentosa,3114221,,423
1170,Salvia,filipes,3902492,,396
1171,Salvia,lavandulifolia,7948017,Salvia lavandulaefolia,396
1172,Salvia,limbata,3897571,,396
1173,Salvia,macrosiphon,3896900,,396
1174,Salvia,mirzayanii,3895727,Salvia mirzayana,396
1175,Salvia,moorcroftiana,3895412,,396
1176,Salvia,plebeia,3891879,,396
1177,Salvia,prionitis,3891224,,396
1178,Salvia,sahendica,3888503,,396
1179,Salvia,tingitana,3885603,,396
1180,Salvia,urolepis,3884529,,396
1181,Sarcomelicope,argyrophylla,3831870,,257
1182,Clinopodium,odorum,3886171,Satureja odora,396
1183,Saussurea,triangulata,5404660,,423
1184,Senecio,grandiflorus,8336087,,423
1185,Senecio,integerrimus,3107969,,423
1186,Senecio,tricephalus,7508327,,423
1187,Sideritis,angustifolia,7806979,,396
1188,Sideritis,ferrensis,3891363,,396
1189,Sideritis,nutans,3889652,,396
1190,Solanum,bahamense,2929568,,388
1191,Solidago,spathulata,5389110,,423
1192,Stephania,succifera,5592742,,116
1193,Stevia,breviaristata,3125554,,423
1194,Stevia,gilliesii,3125608,,423
1195,Stevia,origanoides,3125643,,423
1196,Stevia,procumbens,6064755,,423
1197,Stevia,salicifolia,3125537,,423
1198,Stevia,satureifolia,7766680,,423
1199,Tetraria,capillaris,2718441,,95
1200,Teucrium,alyssifolium,3898771,,396
1201,Teucrium,nudicaule,7308257,,396
1202,Teucrium,oliverianum,3894837,,396
1203,Teucrium,orientale,2926897,,396
1204,Teucrium,polium,3887764,,396
1205,Tinospora,smilacina,7268740,,116
1206,Trichostema,lanatum,2926652,,396
1207,Trigonostemon,reidioides,3063407,,166
1208,Ipheion,uniflorum,2859597,Tristagma uniflorum,63
1209,Tropaeolum,speciosum,4162399,,290
1210,Ulmus,laciniata,7729774,,205
1211,Vaccinium,corymbosum,2882849,Vaccinium ashei,355
1212,Vatica,diospyroides,5669092,,264
1213,Acilepis,saligna,4212820,Vernonia saligna,423
1214,Vernonanthura,serratuloides,3124616,Vernonia serratuloides,423
1215,Veronica,officinalis,3172049,,408
1216,Veronicastrum,virginicum,3172206,,408
1217,Xylosma,longifolia,3879719,,187
1218,Zephyranthes,carinata,2859952,,63
1219,Ethulia,conyzoides,3091122,,423
1220,Helichrysum,aureonitens,9053340,,423
1221,Uvaria,acuminata,3154365,Uvaria accuminata,15
1222,Achillea,ageratifolia,6077440,Achillea serbica,423
1223,Achillea,sibirica,8069151,,423
1224,Ageratum,conyzoides,5401673,,423
1225,Alluaudia,ascendens,5687102,,314
1226,Aloe,nobilis,2777634,,65
1227,Aria,edulis,8411755,,204
1228,Artemisia,austriaca,3121668,,423
1229,Artemisia,douglasiana,3121695,,423
1230,Artemisia,schmidtiana,3120814,,423
1231,Artemisia,splendens,3121200,,423
1232,Asphodeline,globifera,2777117,,65
1233,Bahiopsis,chenopodina,3091032,,423
1234,Bahiopsis,deltoidea,3091051,,423
1235,Bahiopsis,lanata,3100230,,423
1236,Bahiopsis,microphylla,3091048,,423
1237,Bahiopsis,parishii,3091038,,423
1238,Bahiopsis,tomentosa,3091042,,423
1239,Bahiopsis,triangularis,3091044,,423
1240,Baptisia,calycosa,8232075,,193
1241,Barleria,acanthoides,3774236,,390
1242,Carthamus,tinctorius,3138327,,423
1243,Caryopteris,tangutica,3897567,,396
1244,Centaurea,clementei,3127596,,423
1245,Centaurea,collina,3128943,,423
1246,Centaurea,jacea,3128547,,423
1247,Centaurea,triumfettii,3127633,,423
1248,Chamaemespilus,alpina,3025093,,204
1249,Clerodendrum,indicum,2925349,,396
1250,Clerodendrum,phlomidis,7307662,,396
1251,Dicoma,capensis,3103369,,423
1252,Digitalis,grandiflora,5414992,,408
1253,Digitalis,lanata,5414989,,408
1254,Digitalis,lanata,8615479,Digitalis trojana,408
1255,Dittrichia,graveolens,3101193,,423
1256,Dracocephalum,tanguticum,7309120,,396
1257,Duranta,erecta,2925655,,415
1258,Echinocereus,enneacanthus,7283891,Echinocereus blanckii,312
1259,Eclipta,prostrata,5384950,,423
1260,Erigeron,breviscapus,3146986,,423
1261,Melicope,lunu-ankenda,3832621,Euodia lunu-ankenda,257
1262,Euonymus,nanus,3791072,,144
1263,Ferulago,aucheri,6307529,,439
1264,Genista,dracunculoides,5347733,Genista transcaucasica,193
1265,Hexalobus,crispiflorus,3155112,,15
1266,Isodon,leucophyllus,5608964,,396
1267,Ligularia,vellerea,5395551,,423
1268,Lycopus,asper,5341458,,396
1269,Lycopus,lucidus,5341460,,396
1270,Marrubium,globosum,3881740,,396
1271,Millingtonia,hortensis,7629955,,391
1272,Oroxylum,indicum,7414934,,391
1273,Patersonia,umbrosa,2747028,,72
1274,Persicaria,hydropiper,8323622,,333
1275,Phyllanthus,discoides,7857298,,181
1276,Physostigma,venenosum,2946860,,193
1277,Plantago,major,3189767,,408
1278,Dodonaea,viscosa,7221302,Ptelea viscosa,258
1279,Pulicaria,dysenterica,3095609,,423
1280,Pyrus,pyrifolia,5362786,,204
1281,Isodon,weisiensis,5608800,Rabdosia weisiensis,396
1282,Retama,raetam,2965095,,193
1283,Salvia,cyanescens,3904538,,396
1284,Scutellaria,alpina,7309071,,396
1285,Scutellaria,amoena,5610052,,396
1286,Scutellaria,comosa,5609712,,396
1287,Scutellaria,galericulata,2926759,,396
1288,Scutellaria,grossa,5609359,,396
1289,Scutellaria,immaculata,5609203,,396
1290,Scutellaria,indica,7308714,,396
1291,Scutellaria,rivularis,5608380,,396
1292,Scutellaria,scandens,5608241,,396
1293,Scutellaria,schachristanica,5608235,,396
1294,Sinapis,nigra,7958208,,273
1295,Striga,passargei,3729176,,403
1296,Tabebuia,aurea,4091191,,391
1297,Tanacetum,densum,3118568,,423
1298,Uncaria,sessilifructus,5338285,,381
1299,Veronica,stenophylla,7331713,,408
1300,Veronica,traversii,3724845,,408
1301,Volkameria,inermis,2925354,,396
1302,Commiphora,confusa,3993557,,253
1303,Ferula,sinaica,3636488,,439
1304,Rosa,polliniana,8167030,,204
1305,Sideroxylon,spinosum,2886244,Argania spinosa,364
1306,Lonicera,japonica,5334240,,438
1307,Marrubium,vulgare,2927069,,396
1308,Deverra,scoparia,7224040,Pituranthos scoparius,439
1309,Tephrosia,vogelii,5342354,,193
1310,Artemisia,argentea,3120679,,423
1311,Artemisia,carvifolia,8341657,,423
1312,Commiphora,wightii,3992808,Balsamodendron mukul HOOK.,253
1313,Baptisia,australis,2976097,Baptisia minor,193
1314,Cephalaria,gigantea,2888797,,438
1315,Eucalyptus,microcorys,3176755,,235
1316,Austroeupatorium,inulifolium,3142427,Eupatorium inulifolium,423
1317,Melampyrum,elatius,3725691,,403
1318,Oyedaea,buphthalmoides,3086679,,423
1319,Peperomia,obtusifolia,3086423,,13
1320,Piper,bantamense,4189931,,13
1321,Fallopia,baldschuanica,5334351,Polygonum aubertii,333
1322,Aloe,maculata,2777430,,65
1323,Aloe,microstigma,7228247,Aloe saponaria,65
1324,Aloe,secundiflora,2778099,,65
1325,Psorospermum,laurentii,9785486,,170
1326,Vismia,laurentii,11162597,,170
1327,Aloe,dawei,2777864,,65
1328,Zanthoxylum,spinosum,3834125,,257
1329,Alpinia,officinarum,5302199,,93
1330,Hornstedtia,reticulata,2759776,Amomum reticulatum,93
1331,Ceropegia,retrospiciens,9235520,Caralluma russeliana,376
1332,Casimiroa,edulis,3190134,,257
1333,Dalbergia,ovalis,8743558,Dalbergia monetaria,193
1334,Espeletia,purpurascens,3139312,Espeletiopsis purpurascens,423
1335,Grosvenoria,rimbachii,3100907,,423
1336,Helianthus,californicus,3119239,,423
1337,Imperata,cylindrica,8424006,,102
1338,Coleus,hereroensis,10968168,Plectranthus hereroensis,396
1339,Spiraea,prunifolia,3026408,,204
1340,Ursinia,anthemoides,3089033,,423
1341,Atractylis,carduus,5398263,,423
1342,Iphiona,scabra,3125412,,423
1343,Tetraena,alba,3987280,,192
1344,Datura,stramonium,2928751,,388
1345,Phonus,mareoticus,3138252,Carthamus mareoticus,423
1346,Centaurea,pullata,3127841,,423
1347,Guilandina,volkensii,11211366,Caesalpinia volkensii,193
1348,Asteriscus,graveolens,5393684,,423
1349,Adonis,sutchuenensis,5616414,,118
1350,Alangium,premnifolium,3701838,,342
1351,Alliaria,petiolata,5376075,,273
1352,Aloe,arborescens,7069942,Aloe arborescens var. natalensis,65
1353,Amaranthus,retroflexus,6109534,,306
1354,Angelica,tarokoensis,5540705,,439
1355,Annona,muricata,5407273,,15
1356,Arctostaphylos,uva-ursi,2882580,,355
1357,Artemisia,scoparia,3120713,,423
1358,Astragalus,ernestii,5346197,,193
1359,Berneuxia,thibetica,4196355,,353
1360,Bistorta,manshuriensis,4032714,,333
1361,Bistorta,officinalis,7925535,,333
1362,Bombax,ceiba,3152226,,265
1363,Bongardia,chrysogonum,3981547,,112
1364,Borago,officinalis,2926110,,382
1365,Brassica,napus,3042636,,273
1366,Brassica,oleracea,3042845,,273
1367,Brassica,rapa,7903057,,273
1368,Bruguiera,gymnorhiza,7583876,,186
1369,Camellia,saluenensis,7313945,,370
1370,Cladogynos,orientalis,3057416,,166
1371,Clusia,ellipticifolia,5556543,,160
1372,Lepidium,coronopus,5376627,Coronopus squamatus,273
1373,Crataegus,pinnatifida,3014527,,204
1374,Delphinium,andersonii,3033707,Delphinium andersoni,118
1375,Dendrobium,fimbriatum,5308651,Dendrobium fimbriatum var. oculatum,75
1376,Vepris,hiernii,3834422,Diphasia angolensis,257
1377,Tieghemella,heckelii,5333452,Dumoria heckeli,364
1378,Epimedium,davidii,4938134,,112
1379,Eragrostis,curvula,2705378,,102
1380,Rhaphiolepis,bibas,10786206,Eriobotrya japonica,204
1381,Erysimum,odoratum,3048357,,273
1382,Eucalyptus,dunnii,3176577,,235
1383,Eucalyptus,perriniana,8014366,,235
1384,Fritillaria,meleagris,5300535,,57
1385,Aizoon,africanum,9810425,Galenia africana,305
1386,Garcinia,mangostana,3189571,,160
1387,Globba,variabilis,7227370,Globba malaccensis,93
1388,Gnidia,lamprantha,5524675,,270
1389,Gossypium,herbaceum,3152658,,265
1390,Gynandropsis,gynandra,3054227,,277
1391,Heterotheca,inuloides,5401982,,423
1392,Isodon,japonicus,5608991,Isodon japonica var. glaucocalyx,396
1393,Isodon,japonicus,7308617,,396
1394,Isophysis,tasmanica,2746609,,72
1395,Knightia,excelsa,5638587,,121
1396,Lavandula,canariensis,7307851,,396
1397,Leonurus,glaucescens,7307558,,396
1398,Lepidium,draba,5376961,,273
1399,Lonchocarpus,laxiflorus,2969017,,193
1400,Diospyros,ferrea,3032960,Maba buxifolia,354
1401,Matricaria,discoidea,3103791,Matricaria matricarioides,423
1402,Medicago,sativa,9151957,,193
1403,Melaleuca,acacioides,5416023,,235
1404,Melissa,officinalis,5341501,,396
1405,Micromeria,pineolens,5606177,,396
1406,Morus,nigra,5361888,,202
1407,Olea,europaea,5415040,,402
1408,Passiflora,edulis,2874190,,179
1409,Petasites,hybridus,9490132,,423
1410,Petasites,japonicus,3088310,,423
1411,Phyllanthus,emblica,5381660,,181
1412,Plantago,lundborgii,4155498,,408
1413,Prunus,armeniaca,7818643,,204
1414,Prunus,persica,8149923,,204
1415,Pterocarpus,indicus,5349242,,193
1416,Quercus,agrifolia,2880791,,209
1417,Quercus,petraea,7069116,Quercus sessiliflora,209
1418,Robinia,pseudoacacia,5352251,,193
1419,Salacia,madagascariensis,5580325,,144
1420,Triadica,sebifera,3054399,Sapium sebiferum,166
1421,Saussurea,lyrata,7493719,Saussurea carthamoides,423
1422,Saxifraga,stolonifera,3032762,,142
1423,Sideritis,arborescens,7307947,,396
1424,Solanum,acaule,2931061,,388
1425,Solanum,pseudoquina,2930597,,388
1426,Stilpnopappus,pratensis,3098446,Stilpnopappus pickelii,423
1427,Swertia,delavayi,5596259,,379
1428,Trifolium,subterraneum,5359330,,193
1429,Vaccinium,myrtillus,2882833,,355
1430,Vaccinium,vitis-idaea,2882835,,355
1431,Cyrtanthus,elatus,5325993,Vallota purpurea,63
1432,Vismia,jefensis,3713997,,170
1433,Zea,mays,5290052,,102
1434,Brachyglottis,kirkii,3138465,,423
1435,Brachyglottis,repanda,3138474,,423
1436,Chersodoma,jodopappa,3139775,,423
1437,Crotalaria,laburnifolia,2942065,,193
1438,Emilia,sonchifolia,7376217,,423
1439,Farfugium,japonicum,3101212,,423
1440,Gynura,elliptica,3139912,,423
1441,Homogyne,alpina,3133692,,423
1442,Jacobaea,carniolica,6064013,,423
1443,Jacobaea,gnaphalioides,5388611,,423
1444,Jacobaea,leucophylla,5388609,,423
1445,Jacobaea,minuta,5388614,,423
1446,Jacobaea,othonnae,5388637,,423
1447,Jacobaea,uniflora,5388635,,423
1448,Jacobaea,vulgaris,5388602,,423
1449,Petasites,radiatus,3088286,Nardosmia laevigata,423
1450,Onoseris,albicans,3143173,,423
1451,Packera,anonyma,3113928,,423
1452,Packera,candidissima,3114098,,423
1453,Packera,glabella,3113939,,423
1454,Petasites,pyrenaicus,3088282,Petasites fragrans,423
1455,Petasites,paradoxus,3088296,Petasites paradoxus (Reitz.) Baumg.,423
1456,Petasites,spurius,7675973,,423
1457,Pittocaulon,bombycophole,4227609,,423
1458,Pittocaulon,filare,4227596,,423
1459,Pittocaulon,hintonii,3129973,,423
1460,Pittocaulon,praecox,3107011,,423
1461,Pittocaulon,velatum,6064183,,423
1462,Senecio,almeidae,3107079,,423
1463,Senecio,deferens,3107278,,423
1464,Senecio,gallicus,3107896,,423
1465,Senecio,illinitus,3107582,,423
1466,Senecio,inaequidens,3109086,,423
1467,Senecio,jacobaea,8965572,,423
1468,Jacobaea,vulgaris,7222764,Senecio jacobaea L.,423
1469,Senecio,laricifolius,3107224,,423
1470,Senecio,leptolobus,3107765,,423
1471,Senecio,neaei,3108754,,423
1472,Jacobaea,renardii,5695464,Senecio renardi,423
1473,Senecio,varicosus,3108683,Senecio rodriguezii,423
1474,Senecio,scandens,7985572,,423
1475,Senecio,tenuifolius,8402965,,423
1476,Senecio,vernalis,6063730,,423
1477,Telanthophora,grandifolia,3092011,,423
1478,Tephroseris,integrifolia,3130950,,423
1479,Carya,illinoinensis,3054289,,210
1480,Ferula,hermonis,3638287,,439
1481,Achillea,micrantha,3120277,,423
1482,Bidens,cernua,5391710,,423
1483,Citrus,hybr,6711609,,257
1484,Crucianella,maritima,5336649,,381
1485,Drypetes,gerrardii,3075865,,184
1486,Euphorbia,cheiradenia,3067080,,166
1487,Iris,pallida,5298086,,72
1488,Kadsura,heteroclita,3745235,,6
1489,Monteverdia,apurimacensis,9786393,Maytenus apurimacensis,144
1490,Monteverdia,retusa,9698921,,144
1491,Pentzia,calva,5391154,,423
1492,Plazia,daphnoides,3090049,,423
1493,Pyrus,bretschneideri,5363103,Pyrus x bretschneideri,204
1494,Stauntonia,obovatifoliola,7306119,,115
1495,Symphonia,globulifera,8185162,,160
1496,Tetracera,sarmentosa,7943596,Tetracera asiatica,128
1497,Asclepias,curassavica,3170241,,376
1498,Gomphocarpus,sinaicus,3573210,,376
1499,Hyperbaena,columbica,7268802,,116
1500,Periploca,sepium,5526185,,376
1501,Launaea,resedifolia,7534708,,423
1502,Mkilua,fragrans,3158636,,15
1503,Bulbine,frutescens,5304927,,65
1504,Leucas,aspera,5607947,,396
1505,Gymnema,sylvestre,8040540,,376
1506,Leucas,nutans,8078896,,396
1507,Anacardium,giganteum,7908525,,251
1508,Ateleia,herbert-smithii,5361723,,193
1509,Biancaea,millettii,9592415,,193
1510,Afrocanthium,gilfillanii,2900892,Canthium gilfillanii,381
1511,Ficus,semicordata,7422755,Ficus cunia,202
1512,Fleischmannia,deborabellae,5399712,,423
1513,Iris,japonica,5297939,,72
1514,Iris,kashmiriana,5298587,,72
1515,Iris,tingitana,5298377,,72
1516,Ochna,afzelii,3695658,,177
1517,Calendula,officinalis,5391480,,423
1518,Origanum,pampaninii,3894153,Amaracus pampanini,396
1519,Antennaria,geyeri,5385542,,423
1520,Antirrhinum,graniticum,7333212,,408
1521,Heteropappus,altaicus,3088953,Aster altaicus,423
1522,Baccharis,thymifolia,3129726,,423
1523,Capparis,spinosa,6370689,,275
1524,Cassia,roxburghii,5357138,,193
1525,Citrus,tachibana,3190156,Citrus depressa,257
1526,Clausena,lenis,3836778,,257
1527,Clinopodium,albanicum,9584011,,396
1528,Cunila,incana,5610955,,396
1529,Soehrensia,spachiana,10987750,Echinopsis spachiana,312
1530,Juncus,effusus,2701311,,100
1531,Launaea,arborescens,3144854,,423
1532,Arnebia,ugamensis,4064984,Macrotomia ugamensis,382
1533,Oxalis,pes-caprae,2891661,,152
1534,Ammopiptanthus,mongolicus,2943136,Piptanthus mongolicus,193
1535,Piptanthus,nepalensis,7394139,,193
1536,Reichardia,gaditana,5385653,,423
1537,Oedera,corymbosa,9819687,Relhania corymbosa,423
1538,Sideritis,jahandiezii,3890469,,396
1539,Sideritis,tragoriganum,7307349,Sideritis mugronensis,396
1540,Sideritis,tragoriganum,7307348,,396
1541,Smilax,ornata,5295217,,62
1542,Tanacetum,artemisioides,3118603,,423
1543,Erythrina,schliebenii,5349674,,193
1544,Ormocarpum,kirkii,2954031,,193
1545,Tacca,chantrieri,2755905,,46
1546,Tacca,leontopetaloides,2755866,,46
1547,Ammocharis,longifolia,5325609,,63
1548,Zephyranthes,drummondii,2859902,Cooperia pedunculata,63
1549,Hymenocallis,tubiflora,2860179,,63
1550,Lycoris,aurea,5326154,,63
1551,Lycoris,guangxiensis,5326178,,63
1552,Lycoris,radiata,7920353,,63
1553,Lycoris,sanguinea,5326164,,63
1554,Narcissus,angustifolius,8237855,,63
1555,Narcissus,assoanus,2859233,,63
1556,Narcissus,jacetanus,2858714,,63
1557,Narcissus,papyraceus,2858739,,63
1558,Narcissus,poeticus,2858584,Narcissus radiiflorus Salisb.,63
1559,Narcissus,assoanus,6709262,Narcissus requienii Roem.,63
1560,Narcissus,tazetta,8820449,Narcissus tazetta l var. chinensis roem.,63
1561,Pancratium,biflorum,2853264,,63
1562,Pancratium,maritimum,2853283,,63
1563,Pyrolirion,flavum,2855312,,63
1564,Cryptostegia,grandiflora,3170473,,376
1565,Heptapleurum,actinophyllum,11008739,Schefflera actinophylla,441
1566,Maprounea,africana,3054670,,166
1567,Tribulus,pentandrus,6384893,,192
1568,Actaea,racemosa,6376106,,118
1569,Adenia,globosa,5527798,,179
1570,Ageratina,adenophora,5400613,,423
1571,Aglaia,grandis,5597659,,255
1572,Alangium,platanifolium,7326268,,342
1573,Anaphalis,araneosa,8077893,,423
1574,Angelica,dahurica,5537813,,439
1575,Angelica,japonica,6026374,,439
1576,Arnebia,tschimganica,4064996,,382
1577,Artemisia,aethiopica,3120850,,423
1578,Artemisia,assoana,3121005,,423
1579,Artemisia,biennis,3121226,,423
1580,Artemisia,kurramensis,3120732,,423
1581,Artemisia,stechmanniana,3121411,,423
1582,Balanophora,harlandii,7309786,,293
1583,Balanophora,japonica,4195163,,293
1584,Bedfordia,salicina,5386074,,423
1585,Berberis,fendleri,3033904,,112
1586,Bhesa,nitidissima,3793941,,158
1587,Blumea,riparia,5395743,,423
1588,Boehmeria,nivea,2984359,,206
1589,Calycanthus,floridus,3034113,,22
1590,Campanula,alata,5410024,,426
1591,Catunaregam,tomentosa,2910934,,381
1592,Cestrum,parqui,2928792,,388
1593,Chaerophyllum,hirsutum,6027328,,439
1594,Cistus,creticus,7331327,Cistus villosus,262
1595,Crotalaria,micans,2941831,Crotalaria anagyroides,193
1596,Croton,poilanei,3059877,,166
1597,Cyanthillium,cinereum,6445734,,423
1598,Daphne,feddei,7311340,,270
1599,Dasymaschalon,sootepense,3155153,,15
1600,Dictyoloma,vandellianum,3831395,Dictyoloma incanescens,257
1601,Episcia,cupreata,3172881,,395
1602,Euonymus,sachalinensis,3794098,,144
1603,Eupatorium,adenophorum,7462022,,423
1604,Fagraea,gracilipes,4019958,,379
1605,Felicia,erigeroides,5404827,,423
1606,Fumaria,capreolata,5334218,,117
1607,Fumaria,parviflora,5334215,,117
1608,Gaillardia,pulchella,5387821,,423
1609,Moquiniastrum,bolivianum,8943144,Gochnatra rusbyana,423
1610,Guatteria,megalophylla,3155955,Guatteria melosma,15
1611,Hibiscus,taiwanensis,3940982,,265
1612,Hypericum,ascyron,3189479,,170
1613,Impatiens,edgeworthii,4936345,,350
1614,Ipomoea,nil,2928534,,385
1615,Isodon,coetsa,7308656,,396
1616,Isodon,loxothyrsus,5608944,Isodon loxothyrsa,396
1617,Chiliadenus,candicans,3089856,Jasonia candicans,423
1618,Kigelia,africana,3172561,,391
1619,Koyamasia,calcarea,4215190,,423
1620,Lespedeza,bicolor,2955759,,193
1621,Lonicera,bournei,5598694,,438
1622,Lupinus,paniculatus,2963950,,193
1623,Lycoris,traubii,5326155,,63
1624,Magnolia,obovata,3153160,,20
1625,Marshallia,obovata,5393641,,423
1626,Meehania,urticifolia,7309502,,396
1627,Meum,athamanticum,6026490,,439
1628,Microcos,paniculata,4259928,,265
1629,Millettia,ichthyochtona,5355812,,193
1630,Myrtopsis,macrocarpa,5594534,,257
1631,Oenothera,speciosa,3188859,,236
1632,Crassothonna,sedifolia,9243877,Othonna sedifolia,423
1633,Pertya,glabrescens,3130297,,423
1634,Petasites,formosanus,3088300,,423
1635,Phellodendron,amurense,3190154,,257
1636,Phellodendron,chinense,4937133,Phellodendron amurense var. wilsonii,257
1637,Phellodendron,chinense,3831897,,257
1638,Phellodendron,amurense,7790423,Phellodendron japonicum,257
1639,Potentilla,wallichiana,7631479,,204
1640,Prismatomeris,tetrandra,7221597,Prismatomeris connata,381
1641,Prunus,domestica,7931731,,204
1642,Pseudostifftia,kingii,3101205,Pseudostiffita kingii,423
1643,Pterocarpus,officinalis,5349333,,193
1644,Ranzania,japonica,5634430,,112
1645,Ridsdalea,wittii,11090090,Rothmannia wittii,381
1646,Rubus,niveus,2989183,,204
1647,Saccharum,spontaneum,2703935,,102
1648,Salvia,divinorum,2927020,,396
1649,Saussurea,involucrata,5404194,,423
1650,Saussurea,katochaete,5404495,,423
1651,Schisandra,sphenanthera,3745294,,6
1652,Pseudopodospermum,hispanicum,10769750,Scorzonera hispanica,423
1653,Flueggea,virosa,5382824,Securinega melanthesoides,181
1654,Sideritis,cretica,7862362,,396
1655,Sideritis,lotsyi,7985818,,396
1656,Sideritis,syriaca,7961270,,396
1657,Smilax,bracteata,5295415,,62
1658,Solanum,torvum,2932389,,388
1659,Stereospermum,acuminatissimum,4092478,,391
1660,Strychnos,staudtii,5645410,,380
1661,Tanacetum,odessanum,3118371,,423
1662,Taraxacum,mongolicum,5394645,,423
1663,Taraxacum,obovatum,5394221,,423
1664,Tetragonotheca,ludoviciana,3150308,,423
1665,Tetrapanax,papyrifer,3035275,,441
1666,Teucrium,barbeyanum,3898389,,396
1667,Teucrium,buxifolium,7308705,,396
1668,Cyrtocymura,scorpioides,3124828,Vernonia lanuginosa,423
1669,Xanthium,strumarium,3089154,,423
1670,Zanthoxylum,myriacanthum,7859167,,257
1671,Abutilon,pakistanicum,3936891,,265
1672,Acacia,pruinosa,2978903,,193
1673,Acalypha,marginata,7775937,,166
1674,Acalypha,wilkesiana,3057221,,166
1675,Acanthus,ilicifolius,6359819,,390
1676,Acer,triflorum,7263031,,258
1677,Achillea,sintenisii,3120045,,423
1678,Aconitum,brevicalcaratum,3926815,,118
1679,Aconitum,lycoctonum,3033675,,118
1680,Aconitum,septentrionale,6374443,,118
1681,Acrocomia,aculeata,7413879,Acrocomia sclerocarpa,79
1682,Adenia,cissampeloides,5527841,,179
1683,Adina,cordifolia,8417744,,381
1684,Aegilops,geniculata,5289781,,102
1685,Ouret,lanata,10974033,Aerva lanata,306
1686,Aesculus,hippocastanum,3189815,,258
1687,Agathosma,scaberula,3832921,,257
1688,Ageratina,riparia,5400790,,423
1689,Ajania,fruticulosa,3112285,,423
1690,Ajuga,chamaepitys,2927080,,396
1691,Ajuga,postii,3886794,,396
1692,Ajuga,reptans,2927078,,396
1693,Alafia,barteri,5536003,,376
1694,Aleurites,moluccanus,4930679,,166
1695,Alibertia,edulis,5335670,,381
1696,Alkanna,cappadocica,5661279,,382
1697,Alkanna,hirsutissima,5661232,,382
1698,Alnus,firma,2876489,,207
1699,Alnus,japonica,2876196,,207
1700,Alnus,rugosa,11487994,,207
1701,Alstonia,scholaris,5414410,,376
1702,Amaranthus,hybr,6710338,,306
1703,Ammodendron,conollyi,2971168,,193
1704,Amsinckia,menziesii,2925870,,382
1705,Anadenanthera,colubrina,2952823,,193
1706,Anaphalis,margaritacea,4926336,,423
1707,Anchietea,pyrifolia,8335905,,189
1708,Apocynum,androsaemifolium,3169816,,376
1709,Apocynum,cannabinum,3169790,,376
1710,Aralia,continentalis,3036875,,441
1711,Aralia,hispida,3037033,,441
1712,Aralia,leschenaultii,3037075,,441
1713,Aralia,nudicaulis,3037021,,441
1714,Arbutus,unedo,2882803,,355
1715,Arctium,lappa,7353729,,423
1716,Ardisia,elliptica,5414375,,362
1717,Arisaema,flavum,2866859,,32
1718,Aristeguietia,pseudarborea,3110135,,423
1719,Aristolochia,acuminata,8207569,Aristolochia tagala,10
1720,Arnica,chamissonis,5405938,Arnica foliosa,423
1721,Arnica,lanceolata,5405974,,423
1722,Arnica,mollis,5405898,,423
1723,Arnicratea,grahamii,3794323,,144
1724,Artemisia,dentata,7950886,,423
1725,Artemisia,eriopoda,3121189,,423
1726,Artemisia,lancea,3120857,Artemisia feddei,423
1727,Artemisia,giraldii,3120825,,423
1728,Artemisia,igniaria,3121054,,423
1729,Artemisia,mongolica,7780342,,423
1730,Artemisia,phaeolepis,3121265,,423
1731,Artemisia,roxburghiana,3120990,,423
1732,Artemisia,vestita,8375316,,423
1733,Asclepias,speciosa,3170260,,376
1734,Asclepias,syriaca,3170247,,376
1735,Asparagus,rubicundus,2768787,Asparagus thunbergianus,64
1736,Asphodeline,tenuior,2777103,,65
1737,Aster,acuminatus,8286592,,423
1738,Sinobouffordia,poliothamnus,10868819,Aster poliothamnus,423
1739,Aster,tongolensis,5387623,,423
1740,Astilbe,rivularis,3754773,Astilbe myriantha,142
1741,Atalantia,racemosa,7269150,,257
1742,Austroderia,toetoe,6067825,,102
1743,Avicennia,officinalis,6413451,,390
1744,Baccharoides,anthelmintica,3087253,,423
1745,Balanophora,abbreviata,4195229,,293
1746,Barbacenia,flava,2863857,,52
1747,Bejaranoa,semistriata,3086561,,423
1748,Betula,papyrifera,5332120,,207
1749,Boswellia,neglecta,5636115,,253
1750,Boswellia,serrata,5421354,,253
1751,Bothriocline,amplifolia,3089770,,423
1752,Bothriocline,longipes,3089738,,423
1753,Brachylaena,ramiflora,3140969,,423
1754,Bryonia,dioica,6422396,,219
1755,Buddleja,cordata,7288259,,411
1756,Buddleja,davidii,3173338,Buddleja variabilis,411
1757,Bursera,graveolens,7286883,,253
1758,Bursera,linanoe,3993371,,253
1759,Bursera,simaruba,3190450,,253
1760,Guilandina,bonduc,8400302,Caesalpinia bonducella,193
1761,Calea,clausseniana,3147563,,423
1762,Calea,megacephala,3147501,,423
1763,Calophyllum,verticillatum,7540871,,156
1764,Calotropis,gigantea,3579089,,376
1765,Camelina,sativa,9073641,,273
1766,Camellia,crapnelliana,3590783,,370
1767,Camellia,reticulata,7152692,,370
1768,Campsis,grandiflora,4094511,,391
1769,Canarium,album,8269930,,253
1770,Canarium,strictum,5421349,,253
1771,Canarium,zeylanicum,5636239,,253
1772,Cassia,fistula,5357108,,193
1773,Cassia,javanica,5357125,,193
1774,Cecropia,pachystachya,4013385,,206
1775,Rhaponticoides,africana,3127975,Centaurea africana,423
1776,Centaurea,amanicola,3127664,,423
1777,Centaurea,aspera,3128166,,423
1778,Centaurea,horrida,7468889,,423
1779,Centaurea,iberica,3129000,,423
1780,Centaurea,nicolai,3128371,,423
1781,Centaurea,nigra,3128225,,423
1782,Centaurea,ptosimopappoides,3127952,,423
1783,Ceriops,decandra,3873955,,186
1784,Chamaenerion,dodonaei,3666422,Chamerion dodonaei,236
1785,Chenopodium,quinoa,3083935,,306
1786,Chromolaena,moritziana,3087788,,423
1787,Chrysolaena,cognata,3130622,,423
1788,Chrysolaena,platensis,3124546,,423
1789,Chrysolaena,propinqua,3130607,,423
1790,Chuquiraga,ulicina,8357226,,423
1791,Cichorium,intybus,5392252,,423
1792,Cirsium,dipsacolepis,3113091,,423
1793,Cirsium,japonicum,3112887,,423
1794,Cirsium,nipponicum,3113139,,423
1795,Citrullus,colocynthis,2874622,,219
1796,Clintonia,borealis,2753574,,57
1797,Clusia,havetioides,7330336,,160
1798,Cocculus,diversifolius,3033949,,116
1799,Coleus,comosus,5605775,,396
1800,Coleus,parvifolius,7497254,,396
1801,Commiphora,kataf,7286751,,253
1802,Comptonia,peregrina,5414197,,211
1803,Convolvulus,arvensis,2928390,,385
1804,Coprosma,lucida,7067055,Coprosma australis,381
1805,Coptis,trifolia,3033632,,118
1806,Cordiera,macrophylla,5335622,,381
1807,Cordyline,indivisa,2766221,,64
1808,Cornus,canadensis,3082270,,342
1809,Ceratocapnos,claviculata,7315230,Corydalis claviculata,117
1810,Corydalis,cornuta,5530720,,117
1811,Cosmos,bipinnatus,3098912,,423
1812,Costus,tonkinensis,2756921,,87
1813,Cousinia,canescens,3101758,,423
1814,Craibiodendron,yunnanense,4174877,,355
1815,Crambe,tatarica,8298726,,273
1816,Crataegus,monogyna,9220780,,204
1817,Crepis,phoenix,5403394,,423
1818,Crinum,kirkii,2853719,,63
1819,Croton,hieronymi,3059335,,166
1820,Cryptolepis,nigrescens,9253610,,376
1821,Culcitium,canescens,3108405,,423
1822,Cuscuta,reflexa,2927545,,385
1823,Cussonia,spicata,3035241,,441
1824,Litsea,glutinosa,7304140,Cylicodaphne sebifera,25
1825,Cynara,cardunculus,3112364,,423
1826,Cyphostemma,juttae,4054801,,190
1827,Cypripedium,acaule,2820380,,75
1828,Cytisus,scoparius,5354656,,193
1829,Delphinium,campylocentrum,3922563,,118
1830,Derris,trifoliata,5350336,,193
1831,Dianthus,armeria,3085413,,313
1832,Dichrostachys,cinerea,2975891,,193
1833,Diospyros,argentea,4071149,,354
1834,Diospyros,blancoi,3032974,,354
1835,Diospyros,ebenum,3032979,,354
1836,Diospyros,eriantha,4069816,,354
1837,Diospyros,ismailii,4071444,,354
1838,Diospyros,kaki,3032984,,354
1839,Diospyros,lotus,3032980,,354
1840,Diospyros,maingayi,4069965,,354
1841,Diospyros,mollis,4070936,,354
1842,Diospyros,siamang,4070817,,354
1843,Diospyros,singaporensis,4070675,,354
1844,Diospyros,sumatrana,4070138,,354
1845,Diospyros,wallichii,4070464,,354
1846,Disepalum,plagioneurum,3154699,,15
1847,Doellingeria,umbellata,7222654,Doellingeria umbellata var. umbellata,423
1848,Dolichandrone,atrovirens,8339793,Dolichandrone crispa,391
1849,Dorstenia,bahiensis,3766013,,202
1850,Dorstenia,brasiliensis,7262704,,202
1851,Dorstenia,cayapia,3765521,Dorstenia bryoniaefolia,202
1852,Dorstenia,carautae,3765667,,202
1853,Dorstenia,cayapia,7262682,,202
1854,Putranjiva,roxburghii,3076079,Drypetes roxburghii,184
1855,Duhaldea,cappa,8661547,,423
1856,Durio,zibethinus,3152230,,265
1857,Echinops,galalensis,5392744,,423
1858,Echinops,kebericho,5392691,,423
1859,Echinops,niveus,7880458,,423
1860,Echinops,ritro,5392950,,423
1861,Echiochilon,pauciflorum,4060378,,382
1862,Eclipta,alba,5384955,,423
1863,Elaeagnus,angustifolia,3039269,,201
1864,Epigaea,repens,2882805,,355
1865,Chamaenerion,dodonaei,12041591,Epilobium dodonaei,236
1866,Eremanthus,veadeiroensis,3133631,,423
1867,Eremophila,serrulata,5565588,,411
1868,Trichotosia,subsessilis,2789394,Eria subsessilis,75
1869,Dendrolirium,tomentosum,6315486,Eria tomentosa,75
1870,Erica,mackayana,5684224,Erica andevalensis,355
1871,Eschenbachia,blinii,8031426,,423
1872,Eucalyptus,froggattii,3177211,,235
1873,Eupatorium,perfoliatum,5402874,,423
1874,Euphorbia,aphylla,3069165,,166
1875,Euphorbia,bivonae,3066022,,166
1876,Euphorbia,cyparissias,3070106,,166
1877,Euphorbia,piscatoria,3068817,,166
1878,Euphorbia,pseudocactus,3068759,,166
1879,Euphorbia,ampliphylla,3065329,Euphorbia sancta,166
1880,Euphrasia,nemorosa,3171964,,403
1881,Euthamia,graminifolia,3092782,,423
1882,Ferula,marmarica,3637559,,439
1883,Ficus,cordata,8141207,,202
1884,Ficus,pandurata,8037208,,202
1885,Ficus,pumila,5361930,,202
1886,Ficus,sarmentosa,5834097,Ficus sarmentosa var. thunbergii,202
1887,Ficus,septica,7852448,,202
1888,Ficus,virens,9512597,,202
1889,Fraxinus,americana,3172327,,402
1890,Fritillaria,monantha,5300425,Fritillaria ningguoensis,57
1891,Gaillardia,aristata,5387859,,423
1892,Galactites,tomentosa,3137579,Galactites tomentosus,423
1893,Gaultheria,procumbens,2882753,,355
1894,Gentiana,davidii,8035487,Gentiana davidii var. formosana,379
1895,Gentiana,lutea,3170040,,379
1896,Gentiana,macrophylla,7761022,,379
1897,Gentiana,scabra,7270205,,379
1898,Gerbera,jamesonii,7969761,,423
1899,Girgensohnia,diptera,6285728,,306
1900,Gladiolus,italicus,2749791,,72
1901,Glycyrrhiza,triphylla,2965773,,193
1902,Gonocaryum,calleryanum,3597176,,417
1903,Grindelia,hirsutula,3146233,Grindelia nana,423
1904,Guarea,guidonia,3190500,,255
1905,Gustavia,longifolia,5383753,,357
1906,Gymnadenia,conopsea,7845022,,75
1907,Gynura,japonica,3139807,,423
1908,Hakea,salicifolia,3999194,Hakea saligna,121
1909,Haloxylon,salicornicum,3758958,,306
1910,Corethrodendron,multijugum,3973632,Hedysarum multijugum,193
1911,Helianthus,debilis,3119191,,423
1912,Helianthus,radula,3119165,,423
1913,Hieracium,canadense,7784498,,423
1914,Hieracium,gymnocephalum,3136593,,423
1915,Hieracium,kalmii,8205836,,423
1916,Himatanthus,articulatus,3621740,,376
1917,Hippocratea,volubilis,3169012,,144
1918,Hippophae,rhamnoides,3039285,,201
1919,Hoffmannia,strigillosa,5335443,,381
1920,Hololepis,pedunculata,5399485,,423
1921,Hoslundia,opposita,3884477,,396
1922,Hoya,australis,7150750,,376
1923,Hoya,naumannii,3573187,,376
1924,Tetraneuris,scaposa,3112398,Hymenoxys scaposa,423
1925,Hypericum,triquetrifolium,3715163,,170
1926,Ilex,aquifolium,5414222,,416
1927,Ilex,goshiensis,5533526,,416
1928,Ilex,latifolia,7315699,,416
1929,Ilex,verticillata,5414267,,416
1930,Inga,paterno,5357735,,193
1931,Inula,japonica,3148520,,423
1932,Inula,multicaulis,3148412,,423
1933,Iodes,cirrhosa,5529383,,371
1934,Iris,hoogiana,5297989,,72
1935,Iris,versicolor,5298019,,72
1936,Iris,germanica,5298069,Iris x germanica,72
1937,Digitalis,chalcantha,8013319,Isoplexis chalcantha,408
1938,Ixeridium,gracile,8015209,,423
1939,Ixeris,chinensis,8151301,,423
1940,Ixeris,japonica,3115579,,423
1941,Ixora,chinensis,2905600,,381
1942,Ixora,coccinea,8793122,,381
1943,Jaborosa,caulescens,7299981,,388
1944,Jasminum,azoricum,3172271,,402
1945,Jasminum,fluminense,3172270,,402
1946,Jasminum,grandiflorum,3172262,,402
1947,Kalanchoe,pinnata,2985930,,132
1948,Kalmia,angustifolia,2883007,,355
1949,Kielmeyera,pumila,7330227,,156
1950,Eucarpha,deplanchei,7760447,Knightia deplanchei,121
1951,Koompassia,malaccensis,7711019,,193
1952,Lactuca,tatarica,9123250,,423
1953,Stenocereus,griseus,7284733,Lemaireocereus griseus,312
1954,Leontodon,filii,3137549,,423
1955,Leptadenia,lanceolata,10993291,Leptadenia hastata,376
1956,Lespedeza,davidii,2955816,,193
1957,Lessingianthus,rubricaulis,3125184,,423
1958,Leucanthemum,maximum,5401002,,423
1959,Ligularia,amplexicaulis,5395529,,423
1960,Ligularia,veitchiana,5395467,,423
1961,Lotus,strictus,5354800,Lotus albus,193
1962,Lupinus,cosentinii,2963937,,193
1963,Luxemburgia,nobilis,3695112,,177
1964,Maschalostachys,markgrafii,9397703,Lychnophora markgravii,423
1965,Macrotyloma,biflorum,7301760,Macrotyloma biflorum var. biflorum,193
1966,Maianthemum,canadense,2769544,,64
1967,Malva,sylvestris,3152374,,265
1968,Sinomarsdenia,oreophila,12194284,Marsdenia oreophila,376
1969,Marsdenia,tinctoria,7653972,,376
1970,Marsypianthes,chamaedrys,2926970,,396
1971,Monteverdia,buxifolia,3791381,Maytenus buxifolia,144
1972,Maytenus,salicifolia,3794167,,144
1973,Melaleuca,uncinata,5416071,,235
1974,Melastoma,malabathricum,3188511,,234
1975,Mesembryanthemum,emarcidum,3705537,Mesembryanthemum anatomicum,305
1976,Metanarthecium,luteoviride,2756019,,47
1977,Micromelum,minutum,7269555,,257
1978,Mikania,haenkeana,5398720,,423
1979,Mikania,micrantha,5398421,,423
1980,Mikania,stipulacea,5398668,,423
1981,Millettia,erythrocalyx,5355740,,193
1982,Millettia,usaramensis,5355738,,193
1983,Mirabilis,jalapa,3086240,,329
1984,Mitchella,repens,5338762,,381
1985,Mitragyna,stipulosa,2896586,,381
1986,Mollinedia,costaricensis,3782997,,26
1987,Monosis,parishii,7493619,,423
1988,Moquilea,pyrifolia,2985433,,159
1989,Morus,alba,5361889,,202
1990,Morus,cathayana,7262430,,202
1991,Myrica,cerifera,8038589,,211
1992,Myrica,multiflora,5565377,,211
1993,Myrica,rubra,8216229,,211
1994,Nabalus,trifoliolatus,3090767,,423
1995,Nassauvia,lagascae,7693443,,423
1996,Neolitsea,dealbata,4180000,,25
1997,Nepeta,hindostana,5610453,,396
1998,Nerium,oleander,3169756,,376
1999,Nierembergia,linariifolia,7299427,Nierembergia hippomanica,388
2000,Niphogeton,ternata,6027394,,439
2001,Nymphaea,odorata,2882412,,4
2002,Oclemena,acuminata,3099206,,423
2003,Ocotea,diospyrifolia,4182797,Ocotea suaveolens,25
2004,Odontadenia,semidigyna,10525151,Odontadenia macrantha,376
2005,Ononis,vaginalis,2977196,,193
2006,Ormosia,elata,5355515,,193
2007,Oryza,coarctata,4110225,,102
2008,Oxytropis,myriophylla,5361205,,193
2009,Pachylaena,atriplicifolia,3105476,,423
2010,Papaver,commutatum,7153734,,117
2011,Papaver,rhoeas,2888443,,117
2012,Parahancornia,amara,3621229,,376
2013,Parahancornia,fasciculata,3621214,,376
2014,Parkinsonia,aculeata,5357217,,193
2015,Patrinia,rupestris,8388154,,438
2016,Pavetta,indica,2924801,,381
2017,Pergularia,daemia,3170445,,376
2018,Pergularia,tomentosa,7877996,,376
2019,Periploca,calophylla,6022628,,376
2020,Periploca,laevigata,6022574,,376
2021,Persea,indica,4181596,,25
2022,Persicaria,filiformis,7291643,,333
2023,Peucedanum,longifolium,6026367,,439
2024,Phaleria,capitata,5524411,Phaleria cumingii,270
2025,Phlomis,regelii,3886609,,396
2026,Phlomoides,hamosa,7756343,,396
2027,Picris,hieracioides,3093337,,423
2028,Picris,asplenioides,6296184,Picris radicata,423
2029,Helminthotheca,spinosa,10829338,Picris spinifera,423
2030,Piper,aequale,3086344,,13
2031,Anadenanthera,peregrina,2952808,Piptadenia peregrina,193
2032,Piptocarpha,opaca,5406608,,423
2033,Pistacia,mexicana,3190578,,251
2034,Plantago,asiatica,9118978,,408
2035,Plantago,lanceolata,8208358,,408
2036,Pleurostylia,opposita,3792354,,144
2037,Plinia,pennata,5557105,,235
2038,Pluchea,lanceolata,7923000,,423
2039,Pluchea,odorata,3132617,,423
2040,Plumeria,obtusa,3169677,,376
2041,Plumeria,rubra,3169674,,376
2042,Podolepis,longipedata,3100331,,423
2043,Polemonium,caeruleum,2927850,,361
2044,Pontederia,cordata,2766030,,85
2045,Populus,tremuloides,3040215,,187
2046,Potentilla,erecta,5365576,,204
2047,Pouteria,caimito,2884788,,364
2048,Pouteria,torta,2884812,,364
2049,Primula,hirsuta,8297072,,362
2050,Protium,crenatum,3993699,,253
2051,Protium,kleinii,3992786,,253
2052,Prunus,pensylvanica,8202030,,204
2053,Psorospermum,androsaemifolium,3714752,,170
2054,Pterocaulon,polystachyum,5392232,,423
2055,Pulicaria,incisa,3095606,,423
2056,Myrsine,lancifolia,3721173,Rapanea lancifolia,362
2057,Reinwardtiodendron,anamalaiense,3851637,,255
2058,Rhizophora,mucronata,3086527,,186
2059,Rhododendron,ferrugineum,2883073,,355
2060,Rhododendron,formosanum,4175531,,355
2061,Rhododendron,groenlandicum,2882984,,355
2062,Rhododendron,macrophyllum,7894533,,355
2063,Rhododendron,stenopetalum,4164677,Rhododendron macrosepalum,355
2064,Rhoiptelea,chiliantha,3873573,,210
2065,Rhus,typhina,3190538,,251
2066,Rodgersia,podophylla,3754587,,142
2067,Rubus,cochinchinensis,2999072,,204
2068,Rubus,idaeus,2993094,,204
2069,Rubus,plicatus,2990412,,204
2070,Rudbeckia,hirta,4254996,Rudbeckia hirta var. pulcherrima,423
2071,Ruscus,hypophyllum,2769757,,64
2072,Salvia,aethiopis,2927030,,396
2073,Salvia,amplexicaulis,7367642,,396
2074,Salvia,cana,7572290,,396
2075,Salvia,canariensis,7306552,,396
2076,Salvia,farinacea,2927064,,396
2077,Salvia,glutinosa,2927026,,396
2078,Salvia,hispanica,2926992,,396
2079,Salvia,montbretii,3895444,,396
2080,Salvia,multicaulis,3895293,,396
2081,Salvia,nemorosa,2927028,,396
2082,Salvia,nubicola,7877942,,396
2083,Salvia,verticillata,2926995,,396
2084,Salvia,sylvestris,2926990,Salvia × sylvestris,396
2085,Sanguinaria,canadensis,5334192,,117
2086,Sarracenia,flava,5421391,,365
2087,Sarracenia,purpurea,5421389,,365
2088,Breynia,quadrangularis,9422573,Sauropus quadrangularis,181
2089,Saussurea,medusa,5404320,,423
2090,Saussurea,nivea,8203563,,423
2091,Saussurea,pricei,5404614,,423
2092,Takhtajaniantha,pseudodivaricata,10706262,Scorzonera pseudodivaricata,423
2093,Scutellaria,seleriana,5608181,,396
2094,Searsia,thyrsiflora,5544199,,251
2095,Sebastiania,schottiana,5380591,,166
2096,Sedum,morganianum,5690408,,132
2097,Senecio,madagascariensis,3107722,,423
2098,Senecio,viscosus,3107855,,423
2099,Senna,didymobotrya,2957556,,193
2100,Senna,italica,2957095,,193
2101,Senna,petersiana,2957867,,193
2102,Senna,siamea,2956905,,193
2103,Senna,villosa,2957671,,193
2104,Sesamum,alatum,3172623,,406
2105,Sesamum,angustifolium,3585201,,406
2106,Sesamum,radiatum,3172620,,406
2107,Shirakiopsis,elliptica,3061435,,166
2108,Shorea,longisperma,4097097,Shorea resina-nigra,264
2109,Shorea,robusta,3189684,,264
2110,Sideritis,cretica,7307861,Sideritis argosphacelus,396
2111,Sideritis,canariensis,3892034,,396
2112,Sideritis,candicans,7307905,,396
2113,Sideritis,dendrochahorra,7643395,Sideritis dendro-chahorra,396
2114,Sideritis,discolor,8117625,,396
2115,Sideritis,kuegleriana,3890417,,396
2116,Sideritis,taurica,7307360,,396
2117,Silene,fortunei,7268138,,313
2118,Silybum,marianum,3145214,,423
2119,Sinacalia,tangutica,3115131,,423
2120,Sindora,wallichii,2943387,,193
2121,Siphocampylus,verticillatus,3168801,,426
2122,Siphoneugena,densiflora,3181153,,235
2123,Smallanthus,glabratus,3145306,,423
2124,Smilax,glabra,5295506,,62
2125,Smilax,macrophylla,7571799,,62
2126,Smilax,myosotiflora,5295647,,62
2127,Smyrnium,olusatrum,3034782,,439
2128,Solanum,dulcamara,2932737,,388
2129,Solenostemma,oleifolium,10913765,Solenostemma argel,376
2130,Solidago,chilensis,5389072,,423
2131,Solidago,puberula,5388998,,423
2132,Solidago,rugosa,5388967,,423
2133,Sonchus,arvensis,3105813,,423
2134,Sonchus,asper,3105782,,423
2135,Sorbus,americana,7779378,,204
2136,Sorbus,aucuparia,3012167,,204
2137,Sorbus,decora,3012350,,204
2138,Sorghum,bicolor,2705181,,102
2139,Stizolophus,coronopifolius,3141525,,423
2140,Streblus,asper,10242935,,202
2141,Streptocaulon,juventas,3572291,,376
2142,Strychnos,ledermannii,5645637,,380
2143,Strychnos,spinosa,5414400,,380
2144,Stylotrichium,rotundifolium,3099304,,423
2145,Suaeda,maritima,3083541,,306
2146,Suregada,lanceolata,3054945,,166
2147,Swertia,corymbosa,10703852,,379
2148,Swertia,perennis,7270211,Swertia punctata,379
2149,Symphoricarpos,albus,8012439,,438
2150,Symphyotrichum,novi-belgii,7223381,Symphyotrichum novi-belgii var. novi-belgii,423
2151,Symphyotrichum,squamatum,3151764,Symphyotrichum subulatum var. squamatum,423
2152,Symplocarpus,foetidus,2870117,,32
2153,Syncarpia,hillii,3185931,,235
2154,Tabebuia,rosea,3172537,,391
2155,Tabernaemontana,catharinensis,3618496,,376
2156,Tabernaemontana,divaricata,3169625,,376
2157,Tabernaemontana,glandulosa,3617344,,376
2158,Tabernaemontana,laeta,7316790,,376
2159,Tabernaemontana,markgrafiana,3616123,,376
2160,Tabernaemontana,ventricosa,3621302,,376
2161,Tanacetum,argenteum,3118472,,423
2162,Tapeinosperma,pseudojambosa,3720879,,362
2163,Taraxacum,hallaisanense,5697957,,423
2164,Taraxacum,japonicum,5394322,,423
2165,Taraxacum,platycarpum,5393953,,423
2166,Tecoma,stans,3172492,,391
2167,Tephrosia,tepicana,5342300,,193
2168,Tessaria,integrifolia,4218269,Tessaria integrifolia var. ambigua,423
2169,Teucrium,chamaedrys,6411747,,396
2170,Teucrium,divaricatum,3897118,,396
2171,Teucrium,heterophyllum,8403961,,396
2172,Teucrium,pestalozzae,3894575,,396
2173,Cascabela,thevetia,3169652,Thevetia peruviana,376
2174,Tilia,tomentosa,4259350,,265
2175,Toona,ciliata,3190472,,255
2176,Tovomita,brasiliensis,7329988,,160
2177,Tovomita,fructipendula,3711570,,160
2178,Trattinnickia,aspera,3992709,,253
2179,Trifolium,apertum,5359207,,193
2180,Tripodanthus,acutifolius,4004147,,294
2181,Tripterygium,wilfordii,5579615,,144
2182,Trixis,grisebachii,5398942,,423
2183,Typha,latifolia,5289423,,109
2184,Uvaria,kirkii,3154309,,15
2185,Vallaris,solanacea,5535699,,376
2186,Vepris,unifoliolata,3833940,,257
2187,Verbascum,thapsus,3171949,,411
2188,Vernonanthura,montevidensis,4250834,,423
2189,Vernonanthura,squamulosa,3110477,,423
2190,Acilepidopsis,echitifolia,3124511,Vernonia echitifolia,423
2191,Vernonia,galamensis,5397194,,423
2192,Vernonia,incana,8033216,,423
2193,Vernonia,mollissima,7866276,,423
2194,Veronica,pectinata,8050322,,408
2195,Vicoa,indica,3146542,,423
2196,Vigna,mungo,2982533,,193
2197,Heliomeris,longifolia,4274254,Viguiera annua,423
2198,Vincetoxicum,hemsleyanum,10714614,,376
2199,Vincetoxicum,indicum,10787822,,376
2200,Zanthoxylum,tetraspermum,3833741,,257
2201,Achillea,grandifolia,3120279,,423
2202,Ageratina,viscosa,5400364,,423
2203,Aldama,oblongifolia,8333326,,423
2204,Aloysia,gratissima,5341161,,415
2205,Alpinia,chinensis,5302088,,93
2206,Alpinia,conchigera,5302311,,93
2207,Alpinia,latilabris,5301997,,93
2208,Alpinia,mutica,5302190,,93
2209,Alstonia,muelleriana,7316795,,376
2210,Ambrosia,microcephala,3110585,,423
2211,Ambrosia,trifida,3110588,,423
2212,Amyris,balsamifera,5421190,,257
2213,Angelica,archangelica,5371808,,439
2214,Angostura,trifoliata,3836284,,257
2215,Artemisia,klotzchiana,3120899,,423
2216,Astilbe,thunbergii,6710219,Astilbe odontophylla,142
2217,Avena,fatua,2705297,,102
2218,Barbarea,vulgaris,5708780,Barbarea vulgaris subsp. arcuata,273
2219,Bupleurum,smithii,3636248,Bupleurum smithii var. parvifolium,439
2220,Carpesium,abrotanoides,3094849,,423
2221,Centaurea,armena,3128625,,423
2222,Centaurea,oltensis,3128745,,423
2223,Centaurea,sessilis,8196018,,423
2224,Chromolaena,laevigata,3087662,,423
2225,Coelogyne,corymbosa,2811653,,75
2226,Commiphora,africana,7286896,,253
2227,Copaifera,duckei,2978182,,193
2228,Copaifera,guianensis,2978125,,193
2229,Copaifera,multijuga,2978132,,193
2230,Copaifera,paupera,2978184,,193
2231,Coreopsis,nodosa,3133935,,423
2232,Cryptocarya,triplinervis,7304577,,25
2233,Curcuma,aeruginosa,2757635,,93
2234,Dendrobium,officinale,5317472,,75
2235,Diospyros,iturensis,4071439,,354
2236,Elsholtzia,ciliata,2927075,,396
2237,Encelia,canescens,8035320,,423
2238,Erythrina,bidwillii,5349503,,193
2239,Eucalyptus,acaciiformis,3176978,,235
2240,Eupatorium,cannabinum,5402943,,423
2241,Eupatorium,capillifolium,5403126,,423
2242,Euphorbia,officinarum,3067956,Euphorbia officinarum subsp. echinus,166
2243,Ferulago,thirkeana,3635188,,439
2244,Gaillardia,amblyodon,5387845,,423
2245,Glycine,tomentella,5359655,,193
2246,Guatteria,blepharophylla,3154197,Guatteriopsis blepharophylla,15
2247,Hamamelis,virginiana,3152827,,137
2248,Helichrysum,argyrophyllum,3131909,,423
2249,Humulus,scandens,2984537,Humulus japonicus,199
2250,Hydnocarpus,venenatus,2874153,Hydnocarpus venenata,153
2251,Licaria,triandra,3033970,,25
2252,Ligularia,altaica,5395490,,423
2253,Ligularia,stenocephala,5395542,,423
2254,Conioselinum,smithii,3634941,Ligusticum jeholense,439
2255,Conioselinum,tenuissimum,3634917,Ligusticum tenuissimum,439
2256,Neolitsea,aurata,7304510,Litsea aurata,25
2257,Lobelia,salicifolia,7352003,,426
2258,Macleaya,cordata,5334194,,117
2259,Mosla,dianthera,2926630,Masla dianthera,396
2260,Melia,azedarach,5914287,,255
2261,Murraya,glenieii,5594613,Murraya gleniei,257
2262,Nicotiana,undulata,7987710,,388
2263,Ocimum,carnosum,3898191,,396
2264,Osteospermum,thodei,3093548,,423
2265,Osyris,lanceolata,7473922,,298
2266,Osyris,quadripartita,7265237,,298
2267,Panax,quinquefolius,5372246,Panax quinquefolium,441
2268,Panax,pseudoginseng,5372282,Panax schinseng,441
2269,Passiflora,incarnata,2874218,,179
2270,Piper,obliquum,7143828,,13
2271,Plantago,psyllium,8062613,,408
2272,Prangos,heyniae,3630601,,439
2273,Pterocaulon,virgatum,5392236,,423
2274,Ptychopetalum,olacoides,3685538,,296
2275,Santalum,album,2889785,,298
2276,Santalum,spicatum,3788877,,298
2277,Saposhnikovia,divaricata,3638241,,439
2278,Schistostephium,heptalobum,3114940,,423
2279,Senecio,duriaei,12201550,,423
2280,Senecio,lividus,3107156,,423
2281,Senecio,paludaffinis,3107636,,423
2282,Senegalia,tenuifolia,2979126,,193
2283,Sideritis,amasiaca,3892548,,396
2284,Silphium,asteriscus,3092582,,423
2285,Silphium,perfoliatum,3092576,,423
2286,Smallanthus,uvedalia,3145280,,423
2287,Spondias,mombin,8185571,,251
2288,Styrax,benzoin,5371679,,367
2289,Tachigali,paniculata,2945147,Tachigalia paniculata,193
2290,Tagetes,lucida,3088537,,423
2291,Thymus,kosteletzkyanus,5931061,,396
2292,Thymus,maroccanus,7307018,,396
2293,Thymus,marschallianus,8317767,,396
2294,Thymus,pannonicus,5341447,,396
2295,Tilesia,baccata,5400111,,423
2296,Trigonella,grandiflora,5360377,,193
2297,Tripolium,pannonicum,3098616,,423
2298,Uvaria,calamistrata,3154353,,15
2299,Uvaria,chamae,3154319,,15
2300,Valeriana,wolgensis,7908654,,438
2301,Ziziphus,jujuba,3039423,,203
2302,Angelica,ternata,5540694,,439
2303,Anthriscus,cerefolium,5371746,,439
2304,Aralia,spinosa,3036972,,441
2305,Bupleurum,chinense,6027145,,439
2306,Staphisagria,macrosperma,7620156,Delphinium staphisagria,118
2307,Eleutherococcus,sessiliflorus,3035311,,441
2308,Hedera,helix,8351737,,441
2309,Hibiscus,syriacus,3152583,,265
2310,Limnanthes,alba,5334525,,281
2311,Macrococculus,pomiferus,3830696,,116
2312,Momordica,charantia,2874581,,219
2313,Nepeta,cataria,5341499,,396
2314,Pastinaca,sativa,8262702,,439
2315,Teucrium,royleanum,8163893,,396
2316,Thapsia,minor,8246114,,439
2317,Bupleurum,fruticescens,3638805,Bupleurum spinosum,439
2318,Mansoa,alliacea,3172603,Adenocalymma alliaceum,391
2319,Agave,ghiesbreghtii,9281603,,64
2320,Astragalus,amarus,5344404,,193
2321,Baccharis,articulata,3129570,,423
2322,Blumea,obliqua,5395632,,423
2323,Forsythia,intermedia,5415054,Forsythia x intermedia,402
2324,Galeopsis,pubescens,5341310,,396
2325,Maytenus,woodsonii,3792911,Maytenus blepharodes,144
2326,Mimosa,diplotricha,7808904,,193
2327,Salvia,deserta,7309371,,396
2328,Strophanthus,thollonii,3169610,,376
2329,Euphorbia,paralias,3069761,,166
2330,Ammodendron,karelinii,10822950,,193
2331,Anagyris,foetida,2946427,,193
2332,Anarthrophyllum,andicola,2952045,,193
2333,Anarthrophyllum,cumingii,2952050,,193
2334,Anarthrophyllum,desideratum,10706498,,193
2335,Anarthrophyllum,elegans,2952032,,193
2336,Anarthrophyllum,rigidum,2952025,,193
2337,Arum,maximum,5532130,,32
2338,Baptisia,bracteata,2976054,,193
2339,Chaenorhinum,minus,3171669,,408
2340,Chamaecytisus,eriocarpus,5354701,,193
2341,Chamaecytisus,hirsutus,5354530,,193
2342,Chamaecytisus,purpureus,5354670,,193
2343,Chamaecytisus,supinus,5354525,Chamaecytisus supinus (L.) Link,193
2344,Lophiolepis,eriophora,12171609,Cirsium eriophorum,423
2345,Clathrotropis,brachypetala,2939633,,193
2346,Clathrotropis,glaucophylla,2939636,,193
2347,Cristonia,biloba,3971298,,193
2348,Cuscuta,palaestina,7324013,,385
2349,Dendrobium,cariniferum,5317143,,75
2350,Dermatophyllum,secundiflorum,7594161,,193
2351,Dicraeopetalum,stipulare,2974572,,193
2352,Euchresta,formosana,2951878,,193
2353,Euchresta,japonica,2951881,,193
2354,Genista,anatolica,5347594,,193
2355,Genista,canariensis,5347769,,193
2356,Genista,carinalis,5347609,,193
2357,Genista,cinerascens,5347822,,193
2358,Genista,cinerea,5347718,,193
2359,Genista,germanica,5347824,Genista germanica L.,193
2360,Genista,libanotica,5347806,,193
2361,Genista,lobelii,5347558,,193
2362,Genista,maderensis,5347773,,193
2363,Genista,majorica,5347563,,193
2364,Genista,monspessulana,5347796,,193
2365,Genista,pilosa,5347571,Genista pilosa L.,193
2366,Genista,radiata,5347648,Genista radiata (L.) Scop.,193
2367,Genista,sagittalis,5347702,Genista sagittalis L.,193
2368,Genista,salzmannii,5347830,,193
2369,Genista,subcapitata,5347575,,193
2370,Genista,tinctoria,5347612,Genista tinctoria L.,193
2371,Gonocytisus,angulatus,2952409,,193
2372,Gonocytisus,dirmilensis,2952406,,193
2373,Gonocytisus,pterocladus,2952407,,193
2374,Hovea,elliptica,2974729,,193
2375,Inulanthera,dregeana,3144417,Inulanthera calva,423
2376,Laburnum,alpinum,5356343,,193
2377,Lamprolobium,grandiflorum,2959525,,193
2378,Lathyrus,hirsutus,5356382,Lathyrus cicer,193
2379,Leontice,leontopetalum,7944367,,112
2380,Leucospermum,reflexum,7287337,,121
2381,Lupinus,flavoculatus,2964113,,193
2382,Lupinus,pusillus,2963824,,193
2383,Lupinus,shockleyi,2964006,,193
2384,Maackia,amurensis,5360278,,193
2385,Maackia,hupehensis,5360283,,193
2386,Maackia,tashiroi,5360270,,193
2387,Maackia,tenuifolia,5360268,,193
2388,Melilotus,siculus,10773250,Melilotus messanensis,193
2389,Melolobium,exudans,2945609,,193
2390,Melolobium,microphyllum,2945605,,193
2391,Nicotiana,raimondii,3799257,,388
2392,Ormosia,emarginata,5355540,,193
2393,Ormosia,henryi,5355447,,193
2394,Osyris,alba,3789029,,298
2395,Pericopsis,angolensis,2940400,,193
2396,Pericopsis,laxiflora,2940390,,193
2397,Pericopsis,mooniana,2940394,,193
2398,Petteria,ramentacea,2982368,,193
2399,Plagiocarpus,axillaris,2974557,,193
2400,Platycelyphium,voense,2943551,,193
2401,Polhillia,brevicalyx,2951611,,193
2402,Polhillia,connata,2951614,Polhillia canescens,193
2403,Polhillia,obsoleta,3970912,,193
2404,Polhillia,pallens,2951616,,193
2405,Rafnia,cuneifolia,2974544,,193
2406,Retama,monosperma,2965085,,193
2407,Retama,sphaerocarpa,2965093,,193
2408,Sakoanala,villosa,2970499,,193
2409,Scolopia,chinensis,3879433,,187
2410,Solanum,candidum,2931041,Solanum tequilense,388
2411,Sophora,alopecuroides,2959035,,193
2412,Sophora,chrysophylla,2958996,,193
2413,Sophora,davidii,2959090,,193
2414,Sophora,exigua,2959070,,193
2415,Sophora,franchetiana,2959050,,193
2416,Sophora,mollis,2958915,Sophora griffithii,193
2417,Styphnolobium,japonicum,2963569,Sophora japonica L.,193
2418,Sophora,koreensis,2959064,,193
2419,Sophora,lehmannii,2959113,Sophora lehmanni,193
2420,Sophora,macrocarpa,3974343,,193
2421,Sophora,pachycarpa,2959051,,193
2422,Sophora,tonkinensis,2958966,,193
2423,Sophora,velutina,2958909,,193
2424,Spartium,junceum,5355395,,193
2425,Stephania,dinklagei,5592607,,116
2426,Templetonia,retusa,5360129,,193
2427,Thermopsis,alterniflora,5360219,,193
2428,Thermopsis,chinensis,5360246,,193
2429,Thermopsis,dolichocarpa,5360177,,193
2430,Thermopsis,lanceolata,5360203,,193
2431,Thermopsis,mongolica,5360251,,193
2432,Thinicola,incana,3965868,,193
2433,Trollius,europaeus,3033289,,118
2434,Ulex,europaeus,2951984,,193
2435,Ulex,parviflorus,2952000,,193
2436,Achillea,fragrantissima,3120394,,423
2437,Acrisione,denticulata,3117397,,423
2438,Leuzea,repens,10676000,Acroptilon repens,423
2439,Agave,tequilana,2766899,,64
2440,Volutaria,muricata,5385959,Amberboa muricata,423
2441,Anacyclus,monanthos,3148584,,423
2442,Anvillea,garcinii,3090895,,423
2443,Archidendron,ellipticum,8638856,,193
2444,Aucklandia,lappa,5403189,,423
2445,Berberis,orthobotrys,7300242,,112
2446,Blumea,eriantha,5395738,,423
2447,Brachylaena,huillensis,3140984,,423
2448,Bulbinella,floribunda,2779477,,65
2449,Calicotome,villosa,2956364,Calycotome villosa,193
2450,Caryocar,villosum,3826009,,157
2451,Ceanothus,papillosus,3039343,,203
2452,Centaurea,behen,3128193,,423
2453,Centaurea,deflexa,3127854,,423
2454,Centaurea,hermannii,3128346,,423
2455,Centaurea,kotschyi,3128685,,423
2456,Centaurea,macrocephala,3129064,,423
2457,Centaurea,melitensis,3128091,,423
2458,Centaurea,solstitialis,3128888,,423
2459,Centaurea,thracica,3127745,,423
2460,Centaurothamnus,maximus,3126503,,423
2461,Cheirolophus,canariensis,3097058,,423
2462,Cheirolophus,junonianus,3097051,,423
2463,Cheirolophus,mauritanicus,3097053,,423
2464,Cheirolophus,sempervirens,3097075,,423
2465,Cheirolophus,teydis,3097045,,423
2466,Cheirolophus,uliginosus,3097094,,423
2467,Cipadessa,baccifera,3851819,Cipadessa fruticosa,255
2468,Heptaptera,triquetra,3630821,Colladonia triquetra,439
2469,Cousinia,adenosticta,3101922,,423
2470,Cousinia,piptocephala,3102690,,423
2471,Cucurbita,moschata,7393329,,219
2472,Cynara,humilis,3112374,,423
2473,Cynara,scolymus,3112361,,423
2474,Dalbergia,ecastaphyllum,2968593,,193
2475,Distephanus,glutinosus,5400038,,423
2476,Euonymus,laxiflorus,8394214,,144
2477,Garcinia,pedunculata,3713251,,160
2478,Glochidion,philippicum,3080502,,181
2479,Jurinea,deltoidea,11251124,Himalaiella deltoidea,423
2480,Ilex,brevicuspis,5533776,,416
2481,Catunaregam,nilotica,2910914,Lachnosiphonium niloticum,381
2482,Lemna,minor,2867589,,32
2483,Leuzea,carthamoides,3125419,,423
2484,Leuzea,rhapontica,6064904,,423
2485,Leuzea,exaltata,3142180,Leuzea rhaponticoides,423
2486,Myoporum,platycarpum,7335215,,411
2487,Oligochaeta,divaricata,5401804,,423
2488,Palaquium,canaliculatum,2886709,,364
2489,Phlojodicarpus,sibiricus,6027150,,439
2490,Phlojodicarpus,villosus,5831982,,439
2491,Physalis,sordida,5581047,,388
2492,Zygia,racemosa,5580471,Pithecellobium racemosum,193
2493,Pleiotaxis,rugosa,3092639,,423
2494,Psephellus,carthalinicus,3137852,,423
2495,Psephellus,colchicus,3137811,,423
2496,Psephellus,daghestanicus,3137897,,423
2497,Psephellus,dealbatus,3137829,,423
2498,Psephellus,declinatus,3137859,,423
2499,Psephellus,hypoleucus,3137901,,423
2500,Psephellus,karabaghensis,3137885,,423
2501,Psephellus,leucophyllus,3137937,,423
2502,Psephellus,nogmovii,8074891,,423
2503,Psephellus,somcheticus,3137982,,423
2504,Psephellus,zangezuri,3137864,,423
2505,Psorothamnus,spinosus,2940449,,193
2506,Leuzea,altaica,3142193,Rhaponticum serratuloides,423
2507,Sanicula,epipactis,3639337,,439
2508,Saussurea,amara,5404313,,423
2509,Saussurea,amurensis,5404269,,423
2510,Saussurea,brunneopilosa,5404319,,423
2511,Jurinea,heteromalla,11245584,Saussurea candicans,423
2512,Saussurea,lipschitzii,5404477,,423
2513,Saussurea,pulchella,5404202,,423
2514,Saussurea,salicifolia,5404376,,423
2515,Scopolia,carniolica,5341850,Scopolia atropoides,388
2516,Scorzonera,radiata,3111006,,423
2517,Senecio,heliopsis,3108345,,423
2518,Solidago,petiolaris,5389089,,423
2519,Trachelospermum,asiaticum,7317060,,376
2520,Tricholepis,glaberrima,5391135,,423
2521,Volutaria,crupinoides,5385946,,423
2522,Volutaria,tubuliflora,5385952,,423
2523,Zaluzania,grayana,3101712,,423
2524,Zanthoxylum,rhoifolium,7269222,Zanthoxylum acutifolium,257
2525,Abutilon,theophrasti,3152614,,265
2526,Acacia,adunca,2980910,,193
2527,Acer,saccharinum,3189837,,258
2528,Achyranthes,aspera,3085168,,306
2529,Aglaia,rubiginosa,5598019,Aglaia ignea,255
2530,Allium,cepa,2857697,,63
2531,Allium,sativum,2856681,,63
2532,Aloe,africana,2777855,,65
2533,Aloe,ferox,2777789,,65
2534,Aloe,spicata,2777273,,65
2535,Aloe,vera,2777724,,65
2536,Alstonia,spatulata,5535557,Alstonia spathulata,376
2537,Althaea,armeniaca,3933860,,265
2538,Althaea,cannabina,3152519,,265
2539,Althaea,officinalis,3152520,,265
2540,Amsinckia,tessellata,2925877,,382
2541,Eriocapitella,tomentosa,9675867,Anemone tomentosa,118
2542,Annona,cornifolia,5407298,,15
2543,Vincetoxicum,scandens,5525327,Antitoxicum scanden,376
2544,Arachis,hypogaea,5353770,,193
2545,Astragalus,sempervirens,5344344,,193
2546,Aucuba,chinensis,3033094,,375
2547,Avena,sativa,2705290,,102
2548,Betula,pubescens,9118014,,207
2549,Bishovia,boliviensis,3088428,,423
2550,Bistorta,vivipara,2889299,,333
2551,Brassica,carinata,3042925,,273
2552,Brassica,juncea,3042751,,273
2553,Brickellia,vernicosa,5388376,,423
2554,Calligonum,leucocladum,6391706,,333
2555,Calostephane,divaricata,3139798,,423
2556,Caragana,aurantiaca,2943255,,193
2557,Jacaratia,spinosa,7269688,Carica dodecaphylla,276
2558,Cedronella,canariensis,2926887,,396
2559,Psephellus,huber-morathii,3137922,Centaurea huber-morathii,423
2560,Pseudocydonia,sinensis,3000699,Chaenomeles sinensis,204
2561,Chrysosplenium,americanum,5371611,,142
2562,Cocos,nucifera,2735117,,79
2563,Coffea,canephora,2895528,,381
2564,Echeveria,secunda,7334137,Cotyledon secunda,132
2565,Crocus,minimus,8420531,,72
2566,Cucurbita,maxima,2874515,,219
2567,Cucurbita,pepo,2874508,,219
2568,Cunonia,macrophylla,5535279,,149
2569,Curculigo,pilosa,2853006,,71
2570,Cynanchum,thesioides,7311961,,376
2571,Cynometra,lujae,2966865,,193
2572,Dasiphora,fruticosa,5370380,,204
2573,Delphinium,crassifolium,3921933,,118
2574,Descurainia,sophia,3044318,,273
2575,Entada,rheedei,2976236,,193
2576,Erica,australis,5682851,,355
2577,Eritrichium,sericeum,8548649,,382
2578,Ageratina,areolaris,5400214,Eupatorium areolare,423
2579,Eutrema,japonicum,5375216,,273
2580,Fagopyrum,esculentum,2889373,,333
2581,Fallopia,convolvulus,6391461,,333
2582,Filicium,decipiens,3189977,,258
2583,Glechoma,hederacea,2926557,,396
2584,Gleditsia,caspica,2959487,,193
2585,Goniothalamus,malayanus,3154623,,15
2586,Haplophyllum,ramosissimum,5593110,,257
2587,Hedysarum,inundatum,2960967,Hedysarum connatum,193
2588,Pappobolus,microphyllus,3093675,Helianthopsis microphylla,423
2589,Helianthus,annuus,9206251,,423
2590,Helichrysum,mixtum,8264994,,423
2591,Rhodanthe,chlorocephala,4207886,Helipterum roseum,423
2592,Hordeum,vulgare,2706056,,102
2593,Hypericum,laricifolium,7329877,,170
2594,Ipomoea,digitata,8249252,,385
2595,Isatis,quadrialata,7711892,,273
2596,Juglans,regia,3054368,,210
2597,Salsola,kali,3083957,Kali turgidum,306
2598,Lactuca,sativa,7403263,,423
2599,Lepidium,apetalum,5376835,,273
2600,Lepidium,sativum,5376565,,273
2601,Limoniastrum,guyonianum,4089761,,332
2602,Linum,usitatissimum,2873861,,174
2603,Lithospermum,erythrorhizon,2926087,,382
2604,Lysiana,subfalcata,7287993,,294
2605,Lysimachia,mauritiana,3169368,,362
2606,Macaranga,peltata,3074300,,166
2607,Malus,domestica,3001244,,204
2608,Marrubium,anisodon,3887893,,396
2609,Matthiola,incana,5377378,,273
2610,Menyanthes,trifoliata,5341511,,428
2611,Naucleopsis,ternstroemiiflora,3767003,,202
2612,Onobrychis,kachetica,2972605,,193
2613,Osteospermum,muricatum,3093559,,423
2614,Paeonia,rockii,8420911,,139
2615,Peltostigma,guatemalense,3834196,,257
2616,Peperomia,vulcanica,4188553,,13
2617,Persicaria,amphibia,6391648,,333
2618,Persicaria,hydropiperoides,2889340,,333
2619,Persicaria,mitis,7804549,,333
2620,Phlogacanthus,tubiflorus,3775553,,390
2621,Ocotea,pittieri,4176657,Phoebe pittieri,25
2622,Physalis,peruviana,5341784,Physalis edulis,388
2623,Platycarya,strobilacea,7148630,,210
2624,Poa,huecu,4144503,,102
2625,Polygonum,aviculare,7821030,,333
2626,Posidonia,oceanica,5328663,,38
2627,Premna,odorata,2925346,,396
2628,Premna,tomentosa,7657266,,396
2629,Prunus,avium,3020791,,204
2630,Prunus,cerasus,3021922,,204
2631,Pterocarpus,santalinus,5708628,,193
2632,Pterogyne,nitens,5352650,,193
2633,Pyrus,communis,5362573,,204
2634,Raphanus,sativus,7678610,,273
2635,Rauvolfia,vomitoria,3169770,,376
2636,Leuzea,carthamoides,9713621,Rhaponticum carthamoides,423
2637,Rheum,rhabarbarum,2888867,,333
2638,Rumex,maritimus,2888980,,333
2639,Sabia,japonica,7842442,,122
2640,Sagittaria,sagittifolia,5328882,,30
2641,Secale,cereale,2705966,,102
2642,Secamone,afzelii,3579444,,376
2643,Securidaca,longepedunculata,5658133,,195
2644,Sida,acuta,3933670,,265
2645,Sideritis,euboea,3891417,,396
2646,Sinapis,alba,3047621,,273
2647,Sisyrinchium,californicum,5296218,,72
2648,Solanum,laxum,2931714,,388
2649,Solanum,lycopersicum,2930137,,388
2650,Solanum,tuberosum,2930262,,388
2651,Sorbus,tianschanica,3012338,,204
2652,Stephania,elegans,5592894,,116
2653,Swertia,franchetiana,5596171,,379
2654,Swertia,swertopsis,5595363,,379
2655,Triticum,aestivum,7795888,,102
2656,Triticum,durum,12225945,,102
2657,Triticum,turgidum,2706406,,102
2658,Urtica,dioica,7960979,,206
2659,Utricularia,australis,7297904,,398
2660,Vaccinium,macrocarpon,2882841,,355
2661,Vaccinium,oxycoccos,2882940,,355
2662,Vepris,heterophylla,3834432,,257
2663,Vigna,angularis,2982508,,193
2664,Vigna,umbellata,2982753,,193
2665,Aldama,incana,9253920,Viguiera incana,423
2666,Vincetoxicum,mongolicum,5525503,,376
2667,Virgilia,divaricata,5350552,,193
2668,Waltheria,indica,5406665,Waltheria americana,265
2669,Wikstroemia,retusa,5524292,,270
2670,Arctotis,fastuosa,5406147,,423
2671,Acacia,auriculiformis,2981001,,193
2672,Adenanthera,pavonina,2951846,,193
2673,Agave,decipiens,2766926,,64
2674,Allamanda,cathartica,3169836,,376
2675,Allium,ampeloprasum,2856037,,63
2676,Allium,tuberosum,2856297,,63
2677,Anisomeles,indica,3884461,,396
2678,Annona,squamosa,5407099,,15
2679,Aquilaria,malaccensis,5524063,,270
2680,Arisaema,tortuosum,2867254,,32
2681,Azima,tetracantha,3796625,,287
2682,Ballota,lanata,9143250,,396
2683,Bidens,pilosa,5391845,,423
2684,Boerhavia,diffusa,3086282,,329
2685,Bredemeyera,brevifolia,4050274,,195
2686,Butea,monosperma,8234570,,193
2687,Calodendrum,capense,4937111,,257
2688,Calophyllum,calaba,5421070,,156
2689,Calophyllum,inophyllum,9531830,,156
2690,Canavalia,ensiformis,7799711,,193
2691,Castanea,mollissima,5333237,,209
2692,Cecropia,glaziovii,7512929,,206
2693,Cicuta,virosa,5371864,,439
2694,Cinnamomum,kotoense,4182883,,25
2695,Citrullus,lanatus,2874621,,219
2696,Clitoria,ternatea,2946519,Clitoria ternata,193
2697,Cnidium,monnieri,3034720,,439
2698,Cocculus,pendulus,3830806,Cocculus leaeba,116
2699,Codiaeum,variegatum,3071476,,166
2700,Cressa,cretica,7324452,,385
2701,Croton,cajucara,3060105,,166
2702,Cryptolepis,buchananii,5525050,,376
2703,Cucumis,melo,6422786,Cucumis callosus,219
2704,Cyclocarya,paliurus,7310524,,210
2705,Calamus,draco,5293618,Daemonorops draco,79
2706,Deguelia,densiflora,7630268,Derris glabrescens,193
2707,Derris,reticulata,5350287,,193
2708,Dicliptera,roxburghiana,8121798,,390
2709,Dipteryx,lacunifera,2947135,,193
2710,Lablab,purpureus,7224611,Dolichos lablab,193
2711,Eleutherococcus,senticosus,3035369,,441
2712,Endosamara,racemosa,2951830,,193
2713,Eria,linearifolia,2815301,,75
2714,Eruca,vesicaria,5375920,Eruca vesicaria subsp. Sativa,273
2715,Erythroxylum,monogynum,3694251,,165
2716,Eucalyptus,ovata,3177130,,235
2717,Excoecaria,acerifolia,3071728,,166
2718,Fibraurea,recisa,5592701,,116
2719,Garcinia,lancilimba,3714056,,160
2720,Garrya,laurifolia,3033026,,375
2721,Gentiana,arisanensis,3843579,,379
2722,Gossypium,barbadense,3152666,,265
2723,Goupia,glabra,3760960,,168
2724,Syncarpha,gnaphaloides,3149758,Helipterum gnaphaloides,423
2725,Hibiscus,cannabinus,3152547,,265
2726,Hippomane,mancinella,3063705,,166
2727,Hypericum,ericoides,8410451,,170
2728,Hypericum,maculatum,6437017,,170
2729,Hypericum,olympicum,8021567,,170
2730,Hypericum,perfoliatum,7678225,,170
2731,Hypericum,tomentosum,8204291,,170
2732,Hyphear,tanakae,4000777,,294
2733,Iris,missouriensis,5298923,,72
2734,Jagera,pseudorhus,7264892,,258
2735,Justicia,flava,7494800,,390
2736,Laggera,alata,3098702,,423
2737,Lilium,longiflorum,2753336,,57
2738,Linum,catharticum,2873865,,174
2739,Lithodora,fruticosa,5661164,,382
2740,Madhuca,longifolia,2883346,,364
2741,Mandragora,officinarum,5341748,Mandragora autumnalis,388
2742,Gongronemopsis,tenacissima,12227408,Marsdenia tenacissima,376
2743,Medinilla,magnifica,3188507,,234
2744,Mesua,ferrea,7330039,,156
2745,Kayea,myrtifolia,3714305,Mesua myrtifolia,156
2746,Micromeria,douglasii,5606562,,396
2747,Mimusops,elengi,2883768,,364
2748,Myristica,gigantea,5564829,,19
2749,Neolitsea,daibuensis,4180013,,25
2750,Nothofagus,pumilio,2874907,,212
2751,Onobrychis,bobrovii,2972692,,193
2752,Papaver,persicum,7393232,,117
2753,Parkia,biglobosa,5348812,Parkia clappertoniana,193
2754,Pilocarpus,racemosus,3837204,Pilocarpus goudotianus,257
2755,Piptostigma,fugax,3155014,,15
2756,Pithecellobium,dulce,2962831,,193
2757,Planchonella,anteridifera,5334011,,364
2758,Polygala,cyparissias,7293516,,195
2759,Pongamia,pinnata,2965911,,193
2760,Portulaca,oleracea,3084719,,334
2761,Proiphys,amboinensis,2858034,,63
2762,Prunus,africana,3022853,,204
2763,Psophocarpus,tetragonolobus,2944683,,193
2764,Cullen,corylifolium,2948930,Psoralea corylifolia,193
2765,Ranunculus,ternatus,3923071,,118
2766,Rhizophora,apiculata,3086526,,186
2767,Rohdea,fargesii,11236523,Rohdea chinensis,64
2768,Rubia,wallichiana,2892342,,381
2769,Ruscus,aculeatus,2769766,,64
2770,Samanea,saman,2972960,,193
2771,Scutia,buxifolia,7819318,,203
2772,Senecio,cathcartensis,3107284,,423
2773,Senegalia,catechu,3796190,,193
2774,Sesbania,madagascariensis,2970615,,193
2775,Spathiphyllum,cannifolium,2869701,,32
2776,Sterculia,setigera,5406681,,265
2777,Sterculia,tragacantha,5406677,,265
2778,Tadehagi,triquetrum,2950828,,193
2779,Taraxacum,sinicum,5393992,Taraxacum borealisinense,423
2780,Taraxacum,coreanum,5394353,,423
2781,Taraxacum,officinale,5394163,,423
2782,Tetradenia,fruticosa,5609451,,396
2783,Thalictrum,pedunculatum,3926556,,118
2784,Trachycarpus,fortunei,2739071,,79
2785,Traversia,baccharoides,5393071,,423
2786,Trifolium,pratense,8324121,,193
2787,Trifolium,aureum,5359060,Trifolium strepens,193
2788,Turraea,nilotica,3852889,,255
2789,Tylosema,esculentum,5353681,,193
2790,Vitex,rotundifolia,2925558,,396
2791,Anabasis,brevifolia,5568622,,306
2792,Athroisma,gracile,3130348,,423
2793,Uvaria,angolensis,3154217,,15
2794,Uvaria,leptocladon,3154401,,15
2795,Acanthus,montanus,5573815,,390
2796,Adlumia,fungosa,2888561,,117
2797,Aeglopsis,chevalieri,3835182,,257
2798,Afraegle,paniculata,3835111,,257
2799,Allium,wallichii,2856054,,63
2800,Ambrosia,arborescens,8424273,,423
2801,Ambrosia,polystachya,3110593,,423
2802,Amyris,barbata,5593096,,257
2803,Amyris,lineata,5594928,,257
2804,Amyris,pinnata,5594205,,257
2805,Angelica,capitellata,5537836,,439
2806,Angelica,decurrens,5537807,,439
2807,Halosciastrum,melanotilingia,8120502,Angelica decursiva,439
2808,Angelica,tenuisecta,5540699,Angelica furcijuga,439
2809,Angelica,gmelinii,6026389,,439
2810,Angelica,lucida,5371791,,439
2811,Angelica,polymorpha,6026295,,439
2812,Angelica,saxatilis,7386655,,439
2813,Angelica,sylvestris,5371818,Angelica sylvestris L.,439
2814,Angelica,taiwaniana,5540709,,439
2815,Annona,haematantha,5407118,,15
2816,Antidesma,membranaceum,3076587,,181
2817,Atalantia,ceylanica,5593914,,257
2818,Baccharis,flabellata,3129429,,423
2819,Brachyclados,megalanthus,3097020,,423
2820,Cachrys,sicula,3634425,,439
2821,Changium,smyrnioides,3639987,,439
2822,Cicerbita,alpina,3087634,,423
2823,Cirsium,canum,3113458,,423
2824,Clausena,anisata,11016483,,257
2825,Clausena,lansium,3190413,,257
2826,Colutea,arborescens,7844167,,193
2827,Decatropis,bicolor,3831874,,257
2828,Deverra,tortuosa,6027143,,439
2829,Dinosperma,stipitata,3831263,Dinosperma stipitatum,257
2830,Esenbeckia,grandiflora,7268853,,257
2831,Esenbeckia,berlandieri,7268914,Esenbeckia yaxhoob Lundell,257
2832,Ferula,foetida,7704723,,439
2833,Ferula,mogoltavica,3637447,,439
2834,Ferula,moschata,3637382,,439
2835,Ferula,syreitschikowii,6307758,,439
2836,Garcinia,parvifolia,8397536,,160
2837,Gasteria,obliqua,2778690,Gasteria bicolor,65
2838,Glehnia,littoralis,8404220,,439
2839,Grindelia,integrifolia,3146296,,423
2840,Heracleum,aconitifolium,3630788,,439
2841,Heracleum,asperum,7817453,,439
2842,Tetrataenium,candicans,3635766,Heracleum candicans,439
2843,Tetrataenium,canescens,3635747,Heracleum canescens,439
2844,Heracleum,sphondylium,7224303,Heracleum granatense,439
2845,Heracleum,mantegazzianum,3034825,,439
2846,Heracleum,moellendorffii,6026332,,439
2847,Tetrataenium,pinnatum,3635612,Heracleum pinnatum,439
2848,Heracleum,ponticum,3628653,,439
2849,Heracleum,rapula,3628491,,439
2850,Heracleum,sosnowskyi,3642949,Heracleum sosnowskyi Manden.,439
2851,Heracleum,sphondylium,3034830,,439
2852,Heracleum,woroschilowii,8031191,Heracleum woroschiklowii,439
2853,Hygrophila,auriculata,5415352,Hygrophila spinosa,390
2854,Kniphofia,ensifolia,7228219,Kniphofia tuckii,65
2855,Leiothrix,flavescens,5286527,,97
2856,Leonurus,japonicus,6410563,Leonurus heterophyllus,396
2857,Leptospermum,liversidgei,3181845,,235
2858,Leptothyrsa,sprucei,3835910,,257
2859,Ligusticopsis,multivittata,3637331,Ligusticum multivittatum,439
2860,Magydaris,pastinacea,6026630,,439
2861,Melicope,triphylla,3831206,,257
2862,Metrodorea,flavida,3838109,,257
2863,Metrodorea,nigra,7269604,,257
2864,Opopanax,chironium,6027176,,439
2865,Opuntia,vulgaris,5384067,,312
2866,Orixa,japonica,5594331,,257
2867,Dimorphotheca,ecklonis,5387293,Osteospermum ecklonis,423
2868,Pamburus,missionis,3835700,,257
2869,Peucedanum,austriacum,6026627,Peucedanum austriacum (Jacq.) W. D. J. Koch s.l.,439
2870,Dichoropetalum,carvifolia,3639144,Peucedanum carvifolia Vill.,439
2871,Cervaria,rivini,5540777,Peucedanum cervaria (L.) Lapeyr.,439
2872,Peucedanum,dhana,3631540,,439
2873,Peucedanum,japonicum,8345960,,439
2874,Imperatoria,ostruthium,5538108,Peucedanum ostruthium,439
2875,Thysselinum,palustre,3634395,Peucedanum palustre (L.) Moench,439
2876,Kitagawia,praeruptora,9627874,Peucedanum praeruptorum,439
2877,Xanthoselinum,alsaticum,3639842,Peucedanum venetum (Spreng.) W. D. J. Koch,439
2878,Tommasinia,altissima,3633963,Peucedanum verticillare (L.) Mert. & W. D. J. Koch,439
2879,Phebalium,canaliculatum,3833587,,257
2880,Phebalium,drummondii,3833375,,257
2881,Phebalium,tuberculosum,7268946,,257
2882,Piper,hancei,4187541,,13
2883,Piper,ovatum,7305490,,13
2884,Pterocyclus,rivulorum,5540671,Pleurospermum rivulorum,439
2885,Prangos,bucharica,3630930,,439
2886,Prangos,didyma,3630781,,439
2887,Prangos,ferulacea,3630714,,439
2888,Prangos,uloptera,7883600,Prangos lipskyi,439
2889,Prangos,pabularia,7318371,Prangos lophoptera,439
2890,Prangos,pabularia,6026426,,439
2891,Prangos,platychlaena,7942507,,439
2892,Prangos,trifida,6026408,,439
2893,Prangos,tschimganica,3630157,,439
2894,Ptelea,trifoliata,3190411,Ptelea trifolia,257
2895,Rhadinothamnus,rudis,7269047,,257
2896,Rosa,transmorrisonensis,3002611,,204
2897,Salvia,lasiantha,3898253,,396
2898,Roldana,barba-johannis,3141674,Senecio barba-johannis,423
2899,Seseli,buchtormense,3632042,,439
2900,Seseli,grandivittatum,3631085,,439
2901,Seseli,mucronatum,3630291,,439
2902,Seseli,sibiricum,8406376,,439
2903,Seseli,tortuosum,7904530,,439
2904,Rutheopsis,tortuosa,11899865,Seseli webbii Cosson.,439
2905,Seseli,yunnanense,3628775,,439
2906,Silene,vulgaris,5587240,Silene wallichiana,313
2907,Skimmia,japonica,7740617,,257
2908,Skimmia,laureola,7559774,,257
2909,Solanum,lycocarpum,2930421,,388
2910,Solanum,pseudocapsicum,2931104,,388
2911,Stauranthus,perforatus,3837193,,257
2912,Tephrosia,lupinifolia,5342387,,193
2913,Tephrosia,villosa,5342176,,193
2914,Thalassia,testudinum,5329591,,35
2915,Thamnosma,rhodesica,3835929,,257
2916,Thamnosma,texana,3190416,,257
2917,Tordyliopsis,brunonis,3633689,,439
2918,Torilis,japonica,3034820,,439
2919,Trichocline,caulescens,3125994,,423
2920,Trichocline,sinuata,3125966,,423
2921,Trixis,inula,5398966,,423
2922,Wollastonia,uniflora,9470812,Wedelia forsteriana,423
2923,Zanthoxylum,americanum,3190089,,257
2924,Zanthoxylum,echinocarpum,7268862,,257
2925,Zeravschania,regeliana,5539828,,439
2926,Filifolium,sibiricum,3143098,Artemisia sibirica,423
2927,Buxus,papillosa,3988186,,124
2928,Dalbergia,frutescens,2968824,,193
2929,Eysenhardtia,polystachya,2964737,,193
2930,Millettia,griffoniana,5355825,,193
2931,Millettia,usaramensis,7182667,Millettia usaramensis usaramensis,193
2932,Tephrosia,maxima,5341998,,193
2933,Ageratina,altissima,5400552,,423
2934,Callicarpa,japonica,5341134,,396
2935,Cleistochlamys,kirkii,3154014,,15
2936,Colebrookea,oppositifolia,3884974,Colebrookia oppositifolia,396
2937,Croton,caudatus,3057531,,166
2938,Ficus,altissima,5361907,,202
2939,Kickxia,spuria,3170817,,408
2940,Marrubium,peregrinum,3905970,,396
2941,Marrubium,velutinum,7708269,,396
2942,Erythrina,abyssinica,7659098,,193
2943,Vepris,uguenensis,3833957,,257
2944,Turraea,parvifolia,7672512,,255
2945,Anvillea,garcinii,4239480,Anvillea radiata,423
2946,Cyrtanthus,falcatus,5326032,,63
2947,Erythrina,burttii,5349634,,193
2948,Achillea,alexandri-regis,3120383,,423
2949,Aconitum,koreanum,7669905,,118
2950,Adenostoma,sparsifolium,3030225,,204
2951,Aeschynanthus,bracteatus,6365136,,395
2952,Ageratina,anisochroma,5400434,,423
2953,Aiouea,brenesii,9665460,,25
2954,Aloe,castellorum,2777509,,65
2955,Alpinia,formosana,5302324,,93
2956,Alpinia,tonkinensis,5302151,,93
2957,Anastatica,hierochuntica,3041976,,273
2958,Andrachne,telephioides,3079631,Andrachne rotundifolia,181
2959,Andrographis,paniculata,3173178,,390
2960,Andryala,pinnatifida,3105489,,423
2961,Anigozanthos,preissii,2765869,,82
2962,Aragoa,lucidula,3728464,,408
2963,Aristolochia,littoralis,2873993,Aristolochia elegans,10
2964,Artemisia,judaica,3120789,,423
2965,Artemisia,koidzumii,3121471,,423
2966,Artemisia,pallens,9214325,,423
2967,Astianthus,viminalis,4091338,,391
2968,Balanophora,fungosa,7147896,,293
2969,Wyethia,sagittata,10818007,Balsamorhiza sagittata,423
2970,Bauhinia,glauca,10780611,,193
2971,Betula,pendula,5331916,,207
2972,Bletilla,striata,2808791,,75
2973,Balsamocarpon,brevifolium,2944317,Caesalpinia brevifolia,193
2974,Callicarpa,macrophylla,5609508,,396
2975,Cananga,odorata,5407583,,15
2976,Chaenomeles,speciosa,3000679,,204
2977,Cheniella,glauca,10856210,,193
2978,Chenopodium,album,3083838,,306
2979,Cicer,songaricum,9427800,Cicer songoricum,193
2980,Cinnamomum,burmanni,3033985,,25
2981,Cleistanthus,gracilis,3081601,,181
2982,Cryptocarya,amygdalina,4178658,,25
2983,Desmos,chinensis,3155130,,15
2984,Dioscorea,alata,2754476,,46
2985,Ekebergia,benguelensis,3851322,,255
2986,Ornithogalum,thyrsoides,2773545,Eliokarmos thyrsoides,64
2987,Engelhardia,roxburghiana,8413198,,210
2988,Erythroxylum,coca,2873939,Erythoxylum coca,165
2989,Eucalyptus,andrewsii,3176222,Eucalyptus campanulata,235
2990,Euphorbia,tithymaloides,3069168,,166
2991,Fissistigma,polyanthoides,3157389,,15
2992,Fragaria,moschata,8350369,,204
2993,Fragaria,ananassa,3029912,Fragaria x ananassa,204
2994,Gaultheria,borneensis,4172522,,355
2995,Oreoseris,gossypina,9774024,Gerbera saxatilis,423
2996,Globularia,alypum,7703240,,408
2997,Globularia,vulgaris,7265191,,408
2998,Glycyrrhiza,foetida,2965764,,193
2999,Goniothalamus,amuyon,3154609,,15
3000,Goniothalamus,tenuifolius,3154573,,15
3001,Grazielia,gaudichaudiana,9526298,,423
3002,Gymnacranthera,farquhariana,3742970,Gymnacranthera paniculata,19
3003,Gymnophyton,isatidicarpum,3125341,,439
3004,Gynerium,sagittatum,5289743,,102
3005,Halimium,umbellatum,3595820,Halimium verticillatum,262
3006,Haplopappus,foliosus,3100485,,423
3007,Harpagophytum,procumbens,3585335,,406
3008,Harpagophytum,zeyheri,3585330,,406
3009,Helianthus,tuberosus,3119175,,423
3010,Hoya,bandaensis,3575306,,376
3011,Hoya,bella,3575282,,376
3012,Hoya,cinnamomifolia,7312026,,376
3013,Eriostemma,coronaria,3577063,Hoya coronaria,376
3014,Hoya,diversifolia,7312003,Hoya crassipes,376
3015,Hoya,fraterna,3574352,,376
3016,Hoya,imperialis,3574085,,376
3017,Hoya,lacunosa,3573874,,376
3018,Hoya,latifolia,7311924,,376
3019,Hoya,longifolia,7918450,,376
3020,Hoya,macrophylla,3573497,,376
3021,Hoya,multiflora,3573230,,376
3022,Hoya,obovata,3573084,,376
3023,Aeschynanthus,fulgens,8762173,Hoya pseudolanceolata,395
3024,Hoya,shepherdii,8091270,,376
3025,Hoya,tsangii,3571808,,376
3026,Illicium,simonsii,3592351,Illicium fargesii,6
3027,Illicium,merrillianum,3592268,,6
3028,Indigofera,carlesii,2971610,,193
3029,Inula,grandis,8290460,,423
3030,Ipomoea,leptophylla,2928569,,385
3031,Jatropha,curcas,3072953,,166
3032,Kaempferia,galanga,5301451,,93
3033,Kalanchoe,deficiens,7334370,,132
3034,Kalanchoe,integra,2985939,,132
3035,Kalanchoe,lanceolata,7334272,,132
3036,Lagotis,yunnanensis,8213969,,408
3037,Coreopsis,stillmanii,3133933,Leptosyne stillmanii,423
3038,Leucophyllum,ambiguum,3737832,,411
3039,Lilium,candidum,2753090,,57
3040,Lychnophora,ericoides,5399387,,423
3041,Lychnophora,pinaster,5399362,,423
3042,Lycium,chinense,2928809,,388
3043,Marsypopetalum,crassum,5836276,,15
3044,Marsypopetalum,modestum,6308375,,15
3045,Mitracarpus,hirtus,2912993,Mitracarpus scaber,381
3046,Morella,rubra,3745136,,211
3047,Broussonetia,papyrifera,5361944,Morus australis,202
3048,Morus,indica,5569978,Morus bombycis,202
3049,Myroxylon,balsamum,5357190,Myroxylon pereirae,193
3050,Niedenzuella,multiglandulosa,3986104,,176
3051,Mespilodaphne,quixos,11020082,Ocotea quixos,25
3052,Ozothamnus,diosmifolius,3111921,,423
3053,Parthenium,argentatum,3086811,,423
3054,Persicaria,stagnina,4032725,,333
3055,Petunia,axillaris,2928863,,388
3056,Picrorhiza,kurroa,3727300,Picrorhiza kurooa,408
3057,Picrorhiza,scrophulariiflora,3727270,,408
3058,Piper,sarmentosum,4191172,,13
3059,Platycodon,grandiflorus,3164340,,426
3060,Plinia,cauliflora,5415571,,235
3061,Plumbago,zeylanica,3082282,,332
3062,Populus,alba,3040233,,187
3063,Populus,balsamifera,3040184,,187
3064,Populus,deltoides,3040232,,187
3065,Populus,nigra,3040227,,187
3066,Populus,trichocarpa,6362904,,187
3067,Pseudostellaria,heterophylla,3815617,,313
3068,Rheum,coreanum,4038067,,333
3069,Rheum,maximowiczii,4928641,,333
3070,Rheum,officinale,2888865,,333
3071,Rheum,palmatum,2888864,,333
3072,Rheum,tanguticum,7291541,,333
3073,Rhododendron,dauricum,7327670,,355
3074,Ribes,rubrum,2986097,,135
3075,Rubus,chingii,2999165,,204
3076,Rubus,coreanus,2991493,,204
3077,Sauromatum,giganteum,6310097,,32
3078,Schnella,guianensis,4929144,,193
3079,Scrophularia,ningpoensis,3736706,Scrophalaria ningpoensis,411
3080,Scrophularia,buergeriana,3738793,,411
3081,Scrophularia,nodosa,3170886,,411
3082,Sphagneticola,trilobata,3116842,,423
3083,Spiraea,salicifolia,3026454,,204
3084,Spiraea,thunbergii,3026402,,204
3085,Styrax,tonkinensis,5371676,,367
3086,Suckleya,suckleyana,3083649,,306
3087,Syringa,persica,5415036,Syringa afghanica,402
3088,Syzygium,alternifolium,3184577,,235
3089,Tarenna,attenuata,2896248,,381
3090,Wedelia,triloba,5386554,,423
3091,Artemisia,chamaemelifolia,3121409,,423
3092,Artemisia,gmelinii,3121593,,423
3093,Citrus,grandis,8118600,,257
3094,Clausena,kanpurensis,3836818,Clausena pentaphylla,257
3095,Coriaria,nepalensis,3701777,,217
3096,Nolina,microcarpa,2777014,,64
3097,Pimpinella,nudicaulis,5539035,,439
3098,Rhodiola,chrysanthemifolia,7334429,,132
3099,Rhodiola,crenulata,4200529,,132
3100,Rhodiola,chrysanthemifolia,4200617,Rhodiola sacra,132
3101,Aquilaria,sinensis,5523984,,270
3102,Agathosma,serpyllacea,10909778,,257
3103,Begonia,nantoensis,4157454,,216
3104,Cleistanthus,schlechteri,3081627,,181
3105,Crotalaria,sessiliflora,2942762,,193
3106,Garcinia,celebica,8200518,,160
3107,Garcinia,hombroniana,3714315,,160
3108,Garcinia,indica,3189566,,160
3109,Garcinia,purpurea,7718761,,160
3110,Gutierrezia,grandis,5385054,,423
3111,Licuala,spinosa,2736405,,79
3112,Lythrum,salicaria,3188736,,233
3113,Isodon,lophanthoides,5608949,Plectranthus striatus,396
3114,Salvia,flava,3902420,,396
3115,Saussurea,elegans,5404419,,423
3116,Setaria,italica,5289698,,102
3117,Bulbine,abyssinica,5304898,,65
3118,Kniphofia,foliosa,5305083,,65
3119,Neobalanocarpus,heimii,4096510,Balanocarpus heimii,264
3120,Dendrobium,bicameratum,5316242,,75
3121,Hypericum,sampsonii,3711910,,170
3122,Morinda,lucida,5339834,,381
3123,Acacia,simplex,2980030,Acacia simplicifolia,193
3124,Aconitum,sachalinense,3921189,Aconitum sachalinense subsp. yezoense,118
3125,Adina,trichotoma,2909139,,381
3126,Astragalus,glycyphyllos,5346998,,193
3127,Athrixia,elata,3087100,,423
3128,Berberis,beaniana,3981797,,112
3129,Bowdichia,virgilioides,2975476,,193
3130,Cassinia,subtropica,5390388,,423
3131,Centaurea,cheiranthifolia,3089540,,423
3132,Centaurea,zuccariniana,3128329,,423
3133,Cladanthus,arabicus,3110771,,423
3134,Colchicum,arenarium,2739933,,55
3135,Cratoxylum,formosum,3712038,Cratoxylum pruniflorum,170
3136,Daphnandra,johnsonii,3782631,,21
3137,Dianella,revoluta,5305191,,65
3138,Elaeocarpus,serratus,7880979,,150
3139,Protea,lepidocarpodendron,5637294,Erodendrum neriifolium,121
3140,Firmiana,simplex,3152111,,265
3141,Goniothalamus,macrophyllus,3154616,,15
3142,Prioria,pinnata,3970267,Hardwickia pinnata,193
3143,Hippeastrum,aulicum,2854386,,63
3144,Jacobaea,erucifolia,5695605,Jacobaea argunensis,423
3145,Kokoona,ochracea,3793259,,144
3146,Pseudoconyza,viscosa,3086704,Laggera aurita,423
3147,Lamprolobium,fruticosum,2959524,,193
3148,Loropetalum,chinense,7329104,,137
3149,Mikania,grazielae,5398906,,423
3150,Myodocarpus,gracilis,3036812,,443
3151,Nauclea,parva,5339146,,381
3152,Papaver,alpinum,7941107,Papaver suaveolens,117
3153,Pelargonium,hortorum,2891604,Pelargonium x hortorum,229
3154,Machilus,obovatifolia,4178305,Persea obovatifolia,25
3155,Piper,callosum,7305318,,13
3156,Polyachyrus,sphaerocephalus,3099158,,423
3157,Poterium,sanguisorba,5364245,,204
3158,Psychotria,granadensis,7827981,,381
3159,Rubus,pungens,8284226,,204
3160,Salvia,barrelieri,7498903,Salvia dichroa,396
3161,Sideritis,lanata,2926686,,396
3162,Tamarix,gallica,8380575,,341
3163,Neolitsea,sericea,7304405,Tetradenia glauca,25
3164,Tinospora,hainanensis,3830619,,116
3165,Titanotrichum,oldhamii,5830514,,395
3166,Uvaria,microcarpa,3154343,,15
3167,Veronica,anagallis,7768728,,408
3168,Vigna,luteola,2982573,,193
3169,Viola,hondoensis,5664188,,189
3170,Waitzia,acuminata,5396208,,423
3171,Wrightia,tinctoria,5536686,,376
3172,Pseudopodospermum,undulatum,10826335,Scorzonera undulata,423
3173,Terminalia,arjuna,3699548,,231
3174,Hugonia,castaneifolia,5657988,,174
3175,Pistacia,atlantica,3190581,,251
3176,Codonopsis,pilosula,5412957,,426
3177,Commiphora,myrrha,3994082,,253
3178,Apios,americana,2966796,,193
3179,Cistanche,salsa,7332223,,403
3180,Cotoneaster,simonsii,3026107,,204
3181,Echinospartum,horridum,2959222,,193
3182,Eriosema,tuberosum,5348970,,193
3183,Garcinia,oblongifolia,3713469,,160
3184,Garuga,pinnata,3993458,,253
3185,Genista,corsica,5347832,,193
3186,Genista,morisii,5347789,,193
3187,Linostoma,pauciflorum,5523879,,270
3188,Ormosia,excelsa,5355430,,193
3189,Ormosia,monosperma,5355529,,193
3190,Piper,wightii,4187202,,13
3191,Trifolium,resupinatum,5359175,,193
3192,Zanthoxylum,decaryi,3831812,,257
3193,Acer,pictum,3767805,Acer pictum subsp. okamotoanum,258
3194,Achyrocline,bogotensis,3139539,,423
3195,Aconitum,lucidusculum,3923362,,118
3196,Actinidia,chinensis,3189694,,349
3197,Actinidia,polygama,3189692,,349
3198,Actinidia,valvata,7270720,,349
3199,Agathosma,thymifolia,3832581,,257
3200,Alangium,ridleyi,3701917,,342
3201,Alchemilla,alpina,3027648,,204
3202,Alchemilla,faeroensis,3027563,,204
3203,Alchemilla,monticola,3028763,,204
3204,Alchemilla,vulgaris,7890713,,204
3205,Alchemilla,xanthochlora,3028198,,204
3206,Alstonia,yunnanensis,5535552,,376
3207,Arnebia,euchroma,7295249,,382
3208,Magnolia,elegans,3153875,Aromadendron elegans,20
3209,Artemisia,umbelliformis,8981321,,423
3210,Hymenostephium,cordatum,3100271,Aspilia hispida,423
3211,Buddleja,scordioides,3173343,,411
3212,Callicarpa,pentandra,5609366,,396
3213,Campsis,radicans,3172549,,391
3214,Careya,arborea,3083448,,357
3215,Casimiroa,tetrameria,3190133,,257
3216,Chamaemelum,fuscatum,5391595,,423
3217,Chamaenerion,angustifolium,6428353,,236
3218,Chamaenerion,angustifolium,7322650,Chamerion angustifolium,236
3219,Clutia,lanceolata,7584556,Clutia richardiana,180
3220,Colchicum,speciosum,2739794,,55
3221,Condea,verticillata,7942529,,396
3222,Purshia,mexicana,7428353,Cowania mexicana,204
3223,Crepidiastrum,chelidoniifolium,3145167,,423
3224,Cunila,lythrifolia,5610949,,396
3225,Cydonia,oblonga,5362215,,204
3226,Cynanchum,auriculatum,7312698,,376
3227,Dalea,purpurea,5353342,,193
3228,Dalea,versicolor,5353440,,193
3229,Dasymaschalon,dasymaschalum,6027815,Dasymaschalon blumei,15
3230,Dipodium,squamatum,5314579,Dipodium punctatum,75
3231,Dipterocarpus,hispidus,7534958,,264
3232,Dolichandra,unguis-cati,5830619,,391
3233,Dracocephalum,kotschyi,3902590,,396
3234,Drimia,sanguinea,2776687,,64
3235,Enkianthus,cernuus,4169875,,355
3236,Eucalyptus,occidentalis,3177146,,235
3237,Eucalyptus,robusta,3176743,,235
3238,Euphorbia,franckiana,3064599,,166
3239,Staphylea,japonica,9464189,Euscaphis japonica,244
3240,Zanthoxylum,rubescens,7269200,Fagara rubescens,257
3241,Fagus,crenata,2882300,,209
3242,Fritillaria,thunbergii,5300784,,57
3243,Gentiana,dahurica,7269903,,379
3244,Geranium,nepalense,2890266,,229
3245,Geum,japonicum,7860935,,204
3246,Geum,macrophyllum,5369784,,204
3247,Glechoma,grandis,7308005,,396
3248,Glechoma,longituba,3892635,,396
3249,Glycine,falcata,5359654,,193
3250,Grindelia,ciliata,3146211,Haplopappus ciliatus,423
3251,Hedyotis,lawsoniae,2912250,,381
3252,Hedysarum,denticulatum,2960796,,193
3253,Helichrysum,nitens,3131612,,423
3254,Heliomeris,multiflora,3099317,,423
3255,Hertia,intermedia,3098879,,423
3256,Hyptis,capitata,2926815,,396
3257,Ilex,pubescens,5534202,,416
3258,Isodon,adenanthus,5610159,,396
3259,Isodon,adenolomus,5610154,,396
3260,Isodon,eriocalyx,5609031,,396
3261,Isodon,henryi,5609007,,396
3262,Isodon,phyllostachys,5608888,,396
3263,Isodon,sculponeatus,5830069,,396
3264,Isodon,serra,5608848,,396
3265,Kippistia,suaedifolia,5389440,,423
3266,Lagerstroemia,speciosa,3188724,,233
3267,Lepechinia,caulescens,3888938,,396
3268,Paysonia,auriculata,3044407,Lesquerella auriculata,273
3269,Moquilea,cariae,10779805,Licania cariae,159
3270,Ligularia,dentata,5395475,,423
3271,Vickifunkia,songarica,11146015,Ligularia songarica,423
3272,Monochaetum,vulcanicum,6634590,,234
3273,Morina,longifolia,8376167,,438
3274,Musanga,cecropioides,5643189,,206
3275,Nepeta,eriostachya,7309264,,396
3276,Onopordum,anatolicum,3094929,,423
3277,Patrinia,scabiosifolia,7820439,,438
3278,Pelargonium,reniforme,7268592,,229
3279,Perilla,frutescens,5708990,Perilla frutescens (L.) Britton var.japonica Hara,396
3280,Phlomoides,umbrosa,3884849,Phlomis umbrosa,396
3281,Photinia,glabra,5363818,,204
3282,Photinia,serratifolia,5364029,,204
3283,Picradeniopsis,pringlei,9423124,,423
3284,Planchonella,duclitan,5334160,,364
3285,Plantago,cornuti,4156286,,408
3286,Coleus,sylvestris,10903824,Plectranthus sylvestris,396
3287,Polygala,amarella,7293605,,195
3288,Polylepis,besseri,5370588,,204
3289,Polylepis,incana,5370633,,204
3290,Prunella,vulgaris,5341297,,396
3291,Prunus,cerasoides,3021409,,204
3292,Prunus,serrula,3023582,,204
3293,Prunus,jamasakura,3020620,Prunus serrulata f. spontanea,204
3294,Prunus,zippeliana,3023356,,204
3295,Psiloxylon,mauritianum,3180876,,235
3296,Psittacanthus,cucullaris,4004864,,294
3297,Pyrola,japonica,4936689,,355
3298,Galium,atherodes,2913583,Relbunium atherodes,381
3299,Rhododendron,brachycarpum,7135308,,355
3300,Rosa,davidii,3005637,,204
3301,Rosa,davurica,3007090,,204
3302,Rosa,laevigata,3002751,,204
3303,Rosa,taiwanensis,3010557,,204
3304,Rubus,alceifolius,2997267,Rubus alceaefolius,204
3305,Rubus,parvifolius,2991373,,204
3306,Rubus,ulmifolius,2996929,,204
3307,Salix,japonica,5581587,,187
3308,Salvia,carduacea,2927010,,396
3309,Salvia,dianthera,8457739,,396
3310,Salvia,hierosolymitana,6412055,,396
3311,Salvia,miltiorrhiza,7308369,,396
3312,Salvia,palaestina,3893308,,396
3313,Salvia,paramiltiorrhiza,7308016,,396
3314,Salvia,trijuga,3885070,,396
3315,Salvia,virgata,2927041,,396
3316,Scutellaria,albida,7428462,,396
3317,Elekmania,fuertesii,3097135,Senecio fuertesii,423
3318,Senecio,nemorensis,3107839,,423
3319,Sideritis,cystosiphon,3891662,,396
3320,Stachys,affinis,7147370,Stachys tuberifera,396
3321,Swertia,angustifolia,5596405,,379
3322,Symplocos,lancifolia,7318867,,368
3323,Symplocos,paniculata,7157705,,368
3324,Syzygium,nervosum,3184115,,235
3325,Tephrosia,egregia,5342231,,193
3326,Terminalia,glabrescens,3699114,,231
3327,Ternstroemia,gymnanthera,3591610,,360
3328,Tiarella,polyphylla,5567780,,142
3329,Tiliacora,triandra,3831076,,116
3330,Trema,micranthum,2984501,Trema micrantha,199
3331,Trema,orientale,2984508,,199
3332,Trifolium,hybridum,6109535,Trifolium hybrid,193
3333,Tulipa,sylvestris,5299536,,57
3334,Vincetoxicum,hirsutum,8315348,Tylophora atrofolliculata,376
3335,Ugni,molinae,3185043,,235
3336,Uncaria,gambir,5338190,Uncaria gambier,381
3337,Ursinia,alpina,3089036,,423
3338,Vatica,harmandiana,5668983,Vatica cinerea,264
3339,Verbesina,virgata,3148017,,423
3340,Vismia,guianensis,7330275,,170
3341,Vitex,altissima,7409354,,396
3342,Vitex,negundo,7226096,Vitex negundo var. cannabifolia,396
3343,Vitex,peduncularis,8188339,,396
3344,Vochysia,ferruginea,7378543,,238
3345,Pseudoclausena,chrysogyne,7271450,Walsura chrysogyne,255
3346,Artemisia,fragrans,8372298,,423
3347,Artemisia,sieberi,3121020,,423
3348,Turraea,floribunda,3849883,,255
3349,Achillea,falcata,3120254,,423
3350,Alstonia,costata,8222559,Alstonia vitiensis,376
3351,Artemisia,deserti,3121641,,423
3352,Artemisia,rutifolia,3121238,,423
3353,Artemisia,sylvatica,3120887,,423
3354,Cyperus,haspan,2715828,,95
3355,Goniothalamus,thwaitesii,3154520,,15
3356,Onopordum,acanthium,3094900,,423
3357,Schefferomitra,subaequalis,3154987,,15
3358,Arundina,graminifolia,7693200,Arundina chinensis,75
3359,Arundo,donax,2703041,,102
3360,Brassica,campestris,8426995,,273
3361,Casuarina,equisetifolia,2891930,,208
3362,Coix,lacryma-jobi,4116219,Coix lacryma- jobi var. ma - yuen,102
3363,Crinum,asiaticum,2853796,,63
3364,Crinum,asiaticum,2853849,Crinum asiaticum var. sinicum,63
3365,Dictamnus,dasycarpus,7268881,,257
3366,Dioscorea,polystachya,2754732,Dioscorea batatas,46
3367,Hyphaene,thebaica,7931200,,79
3368,Lindera,obtusiloba,7304491,,25
3369,Prunus,mume,3021046,,204
3370,Rosa,chinensis,3005039,,204
3371,Saccharum,sinense,2703929,Saccharum sinensis,102
3372,Trichosanthes,kirilowii,3624240,,219
3373,Achillea,ochroleuca,3120038,,423
3374,Alnus,sieboldiana,2876524,,207
3375,Ambrosia,monogyra,3110726,,423
3376,Bignonia,capreolata,3172516,Aristolochia durior,391
3377,Baccharis,bigelovii,3129235,,423
3378,Baccharis,oxyodonta,3129941,Baccharis oxydonta,423
3379,Xerochrysum,viscosum,3102863,Bracteantha viscosa,423
3380,Bretschneidera,sinensis,4030419,,271
3381,Bulbophyllum,odoratissimum,2845882,,75
3382,Chromolaena,chaseae,3087693,Chromolaena chasleae,423
3383,Cordyline,cannifolia,2766238,,64
3384,Cyperus,pilosus,2715089,,95
3385,Dalbergia,parviflora,8126191,,193
3386,Eremophila,alternifolia,8293192,,411
3387,Eremophila,macmillaniana,8327311,,411
3388,Eucomis,autumnalis,2775117,,64
3389,Flourensia,riparia,3094583,,423
3390,Grazielia,serrata,3142588,,423
3391,Helichrysum,platypterum,3131511,,423
3392,Helichrysum,tenuifolium,3131906,,423
3393,Iris,bungei,5298742,,72
3394,Lebeckia,plukenetiana,2956821,,193
3395,Lindheimera,texana,3096990,,423
3396,Lychnophora,diamantinana,5399404,,423
3397,Lychnophora,pohlii,5399409,,423
3398,Lychnophora,staavioides,5399413,,423
3399,Melaleuca,cuticularis,5415958,,235
3400,Muntingia,calabura,3152036,,266
3401,Vepris,gabonensis,3834524,Oricia gabonensis,257
3402,Ozothamnus,stirlingii,3111949,,423
3403,Paspalum,dilatatum,2705565,,102
3404,Physocarpus,intermedius,2988352,,204
3405,Platanus,orientalis,3152816,Platanus vulgaris,120
3406,Plumbago,indica,3082286,,332
3407,Persicaria,lapathifolia,7291486,Polygonum nodosum,333
3408,Populus,cathayana,7266641,,187
3409,Populus,suaveolens,7938240,Populus koreana,187
3410,Populus,suaveolens,7995859,Populus maximowiczii,187
3411,Populus,simonii,3040231,,187
3412,Populus,suaveolens,7874619,,187
3413,Populus,szechuanica,7266574,,187
3414,Populus,tristis,8254474,,187
3415,Populus,yunnanensis,7266406,,187
3416,Primulina,dryas,7597412,,395
3417,Saraca,asoca,7458904,,193
3418,Coronilla,securidaca,5349991,Securigera securidaca,193
3419,Siparuna,macrotepala,3782954,,27
3420,Strychnos,tomentosa,5645229,,380
3421,Tilia,platyphyllos,3152048,,265
3422,Vachellia,pennatula,6362443,,193
3423,Crystallopollen,bainesii,12204192,Vernonia wildii,423
3424,Acacia,crassicarpa,2979506,,193
3425,Achillea,pannonica,3120129,,423
3426,Aconitum,turczaninowii,3930943,,118
3427,Calamagrostis,epigejos,6431455,Agrostis epigeios,102
3428,Amaranthus,tricolor,5384397,,306
3429,Anthocercis,genistoides,3803287,,388
3430,Aphanamixis,polystachya,5597304,,255
3431,Asphodeline,lutea,2777134,,65
3432,Athanasia,linifolia,7951824,,423
3433,Atherosperma,moschatum,8189107,,21
3434,Bauhinia,racemosa,2953160,,193
3435,Beta,vulgaris,8971274,,306
3436,Biancaea,sappan,2958871,,193
3437,Brunfelsia,grandiflora,2932917,,388
3438,Callicarpa,bodinieri,7309012,,396
3439,Cedrela,odorata,3190511,,255
3440,Clematis,tangutica,3033535,,118
3441,Clerodendrum,glandulosum,8137825,Clerodendrum colebrookianum,396
3442,Clerodendrum,glandulosum,3893045,,396
3443,Clerodendrum,splendens,7999246,,396
3444,Coffea,benghalensis,3848941,Coffea bengalensis,381
3445,Commelina,undulata,2763969,,81
3446,Convolvulus,prostratus,8339877,Convolvulus microphyllus,385
3447,Corydalis,flabellata,5531792,,117
3448,Crocus,asturicus,2747446,,72
3449,Cymbopogon,citratus,2705275,,102
3450,Daphne,pedunculata,5524273,,270
3451,Dichapetalum,madagascariense,7309902,,163
3452,Diospyros,crassiflora,4070878,,354
3453,Entada,abyssinica,2976190,,193
3454,Epimedium,versicolor,8197209,,112
3455,Eranthis,cilicica,3925417,,118
3456,Erica,carnea,5682465,,355
3457,Eucalyptus,risdoni,3176257,,235
3458,Acanthostyles,buniifolius,3142611,Eupatorium buniifolium,423
3459,Euphorbia,corollata,3068091,,166
3460,Euphorbia,indica,3063803,,166
3461,Euphorbia,lanata,8331056,,166
3462,Euphorbia,macroclada,3067527,,166
3463,Euphorbia,myrsinites,3064669,,166
3464,Euphorbia,pulcherrima,3066465,,166
3465,Filipendula,ulmaria,2987999,,204
3466,Fordia,fruticosa,5350418,,193
3467,Gmelina,arborea,8247889,,396
3468,Gmelina,vitiensis,5607566,,396
3469,Odyendyea,klaineana,7609834,Hannoa undulata,260
3470,Helenium,uniflorum,10769718,Helenium alternifolium,423
3471,Holcus,lanatus,2706164,,102
3472,Holoptelea,integrifolia,4160169,,205
3473,Hymenidium,lindleyanum,3633702,,439
3474,Hypericum,erectum,7330122,,170
3475,Jatropha,maheshwarii,3072945,,166
3476,Jatropha,mollissima,3073075,,166
3477,Justicia,spicigera,3173104,Justicia ghiesbreghtiana,390
3478,Launaea,aspleniifolia,4205850,,423
3479,Lotus,pedunculatus,5356854,,193
3480,Lysimachia,clethroides,3169331,,362
3481,Manilkara,hexandra,2885079,,364
3482,Medicago,truncatula,2965280,,193
3483,Melochia,tomentosa,6686267,,265
3484,Millettia,vatkei,11884640,,193
3485,Mimosa,tenuiflora,2969531,,193
3486,Monanthotaxis,congoensis,3155986,,15
3487,Moringa,stenopetala,3752363,,282
3488,Mourera,fluviatilis,4072534,,183
3489,Nicotiana,obtusifolia,8279512,,388
3490,Nicotiana,setchellii,3799146,,388
3491,Operculina,turpethum,5341747,,385
3492,Ophiopogon,intermedius,2774251,,64
3493,Paeonia,delavayi,7155291,,139
3494,Petersianthus,macrocarpus,3083150,,357
3495,Phalaris,arundinacea,5289756,,102
3496,Phanera,vahlii,2953161,,193
3497,Phaulopsis,imbricata,7501398,,390
3498,Piper,sintenense,4188864,,13
3499,Pterospermum,xylocarpum,7857921,,265
3500,Ricinus,communis,5380041,,166
3501,Scutellaria,violacea,7850171,,396
3502,Senecio,burtonii,3108149,,423
3503,Senegalia,modesta,3795980,,193
3504,Senna,santanderensis,2957124,,193
3505,Sesbania,grandiflora,8281950,,193
3506,Simsia,dombeyana,5402140,,423
3507,Sophora,mollis,2958911,,193
3508,Stachys,germanica,7306587,Stachys cinerea,396
3509,Stachytarpheta,cayennensis,2925454,,415
3510,Stillingia,sanguinolenta,3055150,,166
3511,Symphyopappus,compressus,3142713,,423
3512,Syringa,komarowii,6433201,Syringa komarowi,402
3513,Terminalia,calamansanai,4934232,Terminalia calamansanay,231
3514,Teucrium,trifidum,8225310,,396
3515,Thalictrum,fortunei,7277901,,118
3516,Thladiantha,cordifolia,7317524,,219
3517,Tinospora,cordifolia,7520328,,116
3518,Tradescantia,virginiana,2765272,,81
3519,Trapa,natans,4204450,Trapa bispinosa,233
3520,Uncaria,lanosa,5338208,Uncaria glabrata,381
3521,Vachellia,luederitzii,7861045,,193
3522,Verbascum,salviifolium,3736388,,411
3523,Verbesina,luetzelburgii,3148078,,423
3524,Virola,peruviana,7333773,,19
3525,Vismia,micrantha,7745476,,170
3526,Vitex,divaricata,2925557,,396
3527,Wikstroemia,chamaedaphne,5523223,,270
3528,Woodfordia,fruticosa,5635525,,233
3529,Acacia,aulacocarpa,2979454,,193
3530,Acritopappus,confertus,3101589,,423
3531,Adina,racemosa,2896755,,381
3532,Anemonastrum,flaccidum,10305703,Anemone flaccida,118
3533,Aosa,gilgiana,4021013,,347
3534,Aspidosperma,subincanum,7316787,,376
3535,Blumenbachia,hieronymi,5646410,,347
3536,Brachylaena,discolor,4231651,Brachylaena discolor var. rotundata,423
3537,Caiophora,andina,4021302,,347
3538,Caiophora,chuquitensis,4021192,,347
3539,Caiophora,contorta,7439766,,347
3540,Calycophyllum,spruceanum,2904000,,381
3541,Castilleja,tenuiflora,3170579,,403
3542,Centaurium,erythraea,5414457,,379
3543,Cephalanthus,occidentalis,2923947,,381
3544,Cephalaria,ambrosioides,4103347,,438
3545,Cephalaria,procera,7653161,,438
3546,Cerbera,manghas,7155766,,376
3547,Cinchona,calisaya,2901375,,381
3548,Coelospermum,balansanum,2897090,,381
3549,Cryptocarya,aschersoniana,4178482,,25
3550,Desfontainia,fulgens,4019637,,435
3551,Desfontainia,spinosa,6388688,,435
3552,Diplopanax,stachyanthus,3663231,,348
3553,Dipsacus,asper,7491014,,438
3554,Dipsacus,inermis,7300994,,438
3555,Dipsacus,laciniatus,2888814,,438
3556,Eucnide,bartonioides,2874728,,347
3557,Eucommia,ulmoides,3723584,,374
3558,Fleischmannia,prasiifolia,5699864,Eupatorium argentinum,423
3559,Fouquieria,columnaris,3874352,,356
3560,Gentiana,crassicaulis,7839292,,379
3561,Gentiana,depressa,7816184,,379
3562,Gentiana,loureiroi,7270134,Gentiana loureirii,379
3563,Gentiana,pedicellata,8350351,,379
3564,Gentiana,pyrenaica,7270399,,379
3565,Gentiana,straminea,3840852,,379
3566,Gentiana,verna,8232412,,379
3567,Guatteria,boliviana,3155722,,15
3568,Guettarda,platypoda,2894789,,381
3569,Huidobria,fruticosa,4021833,,347
3570,Hydrangea,macrophylla,2985994,,345
3571,Jasminum,nervosum,3683063,Jasminum hemsleyi Yamamoto,402
3572,Phlomoides,rotata,7980234,Lamiophlomis rotata,396
3573,Lamium,album,2926683,,396
3574,Loasa,acerifolia,4021796,,347
3575,Loasa,heterophylla,8383700,,347
3576,Loasa,insons,4021070,,347
3577,Loasa,nitida,8247106,,347
3578,Loasa,prostrata,7721278,,347
3579,Loasa,tricolor,8094147,,347
3580,Loasa,triloba,4021096,,347
3581,Lomelosia,variifolia,4102875,,438
3582,Lonicera,angustifolia,7856895,,438
3583,Lonicera,caerulea,5334269,,438
3584,Lonicera,confusa,7272667,,438
3585,Lonicera,dioica,5334261,,438
3586,Lonicera,macrantha,7272559,Lonicera fulvotomentosa,438
3587,Lonicera,hypoglauca,7272715,,438
3588,Lonicera,korolkowii,5334228,,438
3589,Lonicera,guillonii,11641439,Lonicera macranthoides,438
3590,Lonicera,morrowii,5334275,,438
3591,Lonicera,periclymenum,5334277,,438
3592,Lonicera,quinquelocularis,5598821,,438
3593,Lonicera,tatarica,5334242,,438
3594,Melicope,lasioneura,3832741,,257
3595,Nasa,triphylla,7289787,,347
3596,Nasa,weberbaueri,5646345,,347
3597,Neonauclea,sessilifolia,2919563,,381
3598,Nyctanthes,arbor-tristis,3683008,Nyctanthes arbor-tristis L.,402
3599,Ophiorrhiza,kuroiwae,5829608,,381
3600,Osmanthus,austrocaledonicus,7326073,Osmanthus austrocaledonicus (Vieill.) Knobl.,402
3601,Penstemon,barbatus,3171570,,408
3602,Penstemon,serrulatus,7670508,,408
3603,Peritassa,laevigata,3793297,Peritassa compta,144
3604,Picconia,excelsa,5549937,,402
3605,Plakothira,parviflora,4021765,,347
3606,Presliophytum,malesherbioides,9619080,,347
3607,Psiadia,dentata,3119740,,423
3608,Bassecoia,hookeri,7613664,Pterocephalus hookeri,438
3609,Pterocephalus,perennis,8320238,,438
3610,Pterocephalus,pinardii,5929602,Pterocephalus pinardi,438
3611,Rauvolfia,grandiflora,3617992,,376
3612,Rauvolfia,serpentina,3169787,,376
3613,Scabiosa,japonica,7300977,,438
3614,Scaevola,floribunda,5569561,,427
3615,Scaevola,montana,7688921,,427
3616,Scaevola,racemigera,7836468,,427
3617,Simira,rubescens,5335279,,381
3618,Simira,tinctoria,5335253,,381
3619,Simira,williamsii,5335290,,381
3620,Stephania,viridiflavens,5592722,,116
3621,Strychnos,axillaris,5645864,Strychnos arborea,380
3622,Strychnos,ignatii,5645763,,380
3623,Strychnos,lucida,5645531,,380
3624,Strychnos,nux-blanda,5645162,,380
3625,Strychnos,parvifolia,5645831,,380
3626,Strychnos,psilosperma,5645697,,380
3627,Symphoricarpos,orbiculatus,2888636,,438
3628,Timonius,timon,2899947,,381
3629,Uncaria,cordata,5338120,,381
3630,Vitex,mollis,7309381,,396
3631,Weigela,coraeensis,3856535,,438
3632,Weigela,florida,2888730,,438
3633,Weigela,japonica,3856322,,438
3634,Weigela,middendorfiana,4934461,,438
3635,Crescentia,alata,5415080,cresentia alata,391
3636,Croton,macrostachyus,3059413,,166
3637,Abutilon,grandiflorum,3938621,,265
3638,Vachellia,pachyphloia,7302405,Acacia pachyphloia,193
3639,Acritopappus,heterolepis,3101596,,423
3640,Ageratum,houstonianum,5401760,,423
3641,Alchornea,latifolia,3055359,,166
3642,Aniba,parviflora,4180740,,25
3643,Anthemis,plutonia,3122480,,423
3644,Antidesma,ghaesembilla,3076438,,181
3645,Petroselinum,crispum,7224069,Apium petroselinum,439
3646,Arabidopsis,lyrata,7225570,Arabidopsis lyrata subsp. lyrata,273
3647,Ardisia,japonica,5558066,,362
3648,Argyranthemum,frutescens,3104491,,423
3649,Argyreia,nervosa,2928692,,385
3650,Argyreia,speciosa,7914815,,385
3651,Aspilia,paludosa,5396427,,423
3652,Aster,baccharoides,7894949,,423
3653,Tibetiodes,himalaica,10757826,Aster himalaicus,423
3654,Aster,koraiensis,5387457,,423
3655,Aster,tataricus,7751501,,423
3656,Astragalus,caprinus,5344548,,193
3657,Atalantia,wightii,5593696,,257
3658,Azara,microphylla,5604430,,187
3659,Baccharis,hutchisonii,3129773,,423
3660,Baccharis,obtusifolia,3129851,,423
3661,Baccharis,patagonica,3129400,,423
3662,Baccharis,thesioides,3129250,,423
3663,Baccharis,tricuneata,3129202,,423
3664,Balanops,australiana,4195617,,154
3665,Strobilanthes,cusia,8068041,Baphicacanthus cusia,390
3666,Begonia,malabarica,4158828,,216
3667,Berberis,lambertii,3981262,,112
3668,Betula,davurica,5669384,,207
3669,Bonnetia,paniculata,7330003,Bonnetia dinizii,155
3670,Acradenia,euodiiformis,3837428,Bosistoa euodiiformis,257
3671,Brassica,nigra,3042658,,273
3672,Guilandina,minax,11219613,Caesalpinia minax,193
3673,Calea,jamaicensis,3147667,,423
3674,Calea,prunifolia,3147673,,423
3675,Calophyllum,tomentosum,5556153,,156
3676,Carapa,procera,3851350,Carapa grandiflora,255
3677,Castanopsis,eyrei,5333175,,209
3678,Celastrus,vulcanicola,3790908,,144
3679,Celtis,gomphophylla,4159937,Celtis durandii,199
3680,Centipeda,cunninghamii,5391287,Centipeda cunninghami,423
3681,Ceratopetalum,apetalum,7333850,,149
3682,Chrysoma,pauciflosculosa,5388078,,423
3683,Cineraria,parvifolia,3141252,,423
3684,Cissus,quadrangularis,7130673,,190
3685,Clerodendrum,formicarum,3893266,,396
3686,Clusia,nemorosa,7330253,,160
3687,Combretum,imberbe,3699651,,231
3688,Cotylelobium,lanceolatum,4096772,,264
3689,Cratoxylum,arborescens,7330035,,170
3690,Cratoxylum,maingayi,3711990,,170
3691,Crocus,sieberi,2747530,,72
3692,Croton,insularis,3059994,,166
3693,Cuphea,appendiculata,7286216,,233
3694,Cuphea,carthagenensis,3188685,,233
3695,Cuphea,epilobiifolia,7286177,,233
3696,Cyanostegia,microphylla,3904916,,396
3697,Psorothamnus,emoryi,2940466,Dalea tinctoria,193
3698,Dendropanax,trifidus,8598984,,441
3699,Desmodium,incanum,2967060,,193
3700,Dimocarpus,longan,3190008,,258
3701,Dittrichia,viscosa,3101184,,423
3702,Drypetes,gossweileri,3075913,,184
3703,Drypetes,tessmanniana,3075767,,184
3704,Echinochloa,crus-galli,2702808,,102
3705,Elaeocarpus,chelonimorphus,4030952,,150
3706,Elaeocarpus,fuscoides,4031251,,150
3707,Elaeodendron,glaucum,3791886,,144
3708,Elephantopus,mollis,5395928,,423
3709,Elephantopus,scaber,5395925,,423
3710,Elephantopus,tomentosus,5395934,,423
3711,Elliottia,paniculata,7328332,,355
3712,Elymus,repens,5290299,,102
3713,Encelia,frutescens,3118762,,423
3714,Epaltes,mexicana,3125373,,423
3715,Paralychnophora,bicolor,9995401,Eremanthus bicolor,423
3716,Eugenia,myrcianthes,5418198,,235
3717,Euonymus,lucidus,3791652,,144
3718,Euphorbia,kopetdaghi,3063870,Euphorbia aellenii,166
3719,Euphorbia,leuconeura,3066177,,166
3720,Euphorbia,parviflora,3069046,,166
3721,Euphorbia,polygonifolia,3065669,,166
3722,Excoecaria,agallocha,3071702,,166
3723,Garcinia,spicata,8388862,,160
3724,Glochidion,puberum,3080488,,181
3725,Glycosmis,ovoidea,3832824,,257
3726,Gonzalezia,decurrens,8897104,,423
3727,Hakea,amplexicaulis,7287330,,121
3728,Hedeoma,pulegioides,2926704,,396
3729,Hyalis,argentea,5401028,,423
3730,Ilex,chinensis,7315909,Ilex oldhami,416
3731,Ipomoea,muelleri,4927185,,385
3732,Isocoma,pluriflora,3099269,,423
3733,Jacobaea,adonidifolia,5388631,,423
3734,Jacobaea,persoonii,5388608,,423
3735,Jatropha,grossidentata,3072827,,166
3736,Kickxia,elatine,3170819,,408
3737,Kyrsteniopsis,dibolii,4213978,Kyrsteniopsis dibollii,423
3738,Lavandula,dentata,7307829,,396
3739,Leucosyke,quadrinervia,4102178,,206
3740,Liabum,bourgeaui,3103487,,423
3741,Ligustrum,sinense,3172294,,402
3742,Liriope,spicata,3685256,,64
3743,Lolium,temulentum,2706242,Lolium cuneatum,102
3744,Mallotus,apelta,5378775,,166
3745,Malus,sylvestris,3001509,,204
3746,Leichhardtia,rostrata,11489904,Marsdenia rostrata,376
3747,Monteverdia,aquifolium,9675117,Maytenus aquifolium,144
3748,Gymnosporia,cassinoides,3791571,Maytenus canariensis,144
3749,Monteverdia,cuzcoina,9767268,Maytenus cuzcoina,144
3750,Meconopsis,horridula,8239441,,117
3751,Meliosma,lanceolata,7269669,,122
3752,Callerya,nitida,2952313,Millettia nitida,193
3753,Mitragyna,hirsuta,2900477,,381
3754,Montanoa,karwinskii,5694656,,423
3755,Monteverdia,macrocarpa,9772192,,144
3756,Monteverdia,rigida,9797964,,144
3757,Monteverdia,tetragona,9676001,,144
3758,Monteverdia,truncata,9646748,,144
3759,Myrovernix,scaber,3145337,,423
3760,Ocotea,acutangula,4178090,,25
3761,Ocotea,heterochroma,4180952,,25
3762,Odontites,vernus,8971475,,403
3763,Olearia,paniculata,5405261,,423
3764,Oreocnide,frutescens,7300629,,206
3765,Oxera,splendida,9505029,,396
3766,Pachysandra,terminalis,2984676,,124
3767,Paeonia,anomala,3614272,Paeonia veitchii,139
3768,Penstemon,richardsonii,7685875,,408
3769,Pentaclethra,eetveldeana,2943555,,193
3770,Pentaclethra,macroloba,2943558,,193
3771,Perymenium,hintonii,10460523,,423
3772,Petunia,hybr,6711718,,388
3773,Glochidion,lanceolarium,3080126,Phyllanthus lanceolarius,181
3774,Phyllanthus,reticulatus,5382478,,181
3775,Phyllanthus,watsonii,5381637,,181
3776,Plenckia,populnea,7265580,,144
3777,Pleuranthodium,racemigerum,2759636,,93
3778,Pluchea,sericea,3132675,,423
3779,Polygonum,bistorta,7395841,,333
3780,Polygonum,plebeium,5334440,,333
3781,Porophyllum,angustissimum,3103980,Porophyllum riedelii,423
3782,Pourouma,guianensis,7316407,,206
3783,Reissantia,indica,7265761,Pristimera indica,144
3784,Prunus,japonica,3020565,,204
3785,Psorospermum,glaberrimum,3714512,,170
3786,Prunus,arborea,3021668,Pygeum topengii,204
3787,Pyrus,ussuriensis,8017230,,204
3788,Quercus,glauca,2876873,,209
3789,Quercus,myrsinaefolia,3906460,,209
3790,Quercus,variabilis,2879787,,209
3791,Ranunculus,sceleratus,3033374,,118
3792,Raukaua,simplex,3037314,,441
3793,Galium,hypocarpium,2914207,Relbunium hypocarpium,381
3794,Rhododendron,anthopogon,7689788,,355
3795,Rhododendron,aureum,7644878,,355
3796,Rhododendron,caucasicum,4166808,,355
3797,Rolandra,fruticosa,3114266,,423
3798,Rotheca,serrata,3887135,,396
3799,Salix,matsudana,5372934,,187
3800,Salvia,infuscata,3899487,,396
3801,Santolina,oblongifolia,3125931,,423
3802,Saracha,punctata,3798410,,388
3803,Schotia,brachypetala,2959242,,193
3804,Scorzonera,laciniata,8286501,,423
3805,Dendrosenecio,kilimanjari,7223467,Senecio kilimanjari,423
3806,Senna,longiracemosa,2957369,,193
3807,Sideritis,caesarea,3892068,,396
3808,Sideritis,soluta,7307393,,396
3809,Sinocrassula,indica,7334032,,132
3810,Staphylea,bumalda,7326549,,244
3811,Stevia,lucida,3125620,,423
3812,Strychnos,decussata,5645363,,380
3813,Bobgunnia,madagascariensis,2981738,Swartzia madagascariensis,193
3814,Symphytum,asperum,2926066,,382
3815,Syncarpia,glomerulifera,9340216,Syncarpia laurifolia,235
3816,Syzygium,grande,7370452,,235
3817,Tanacetum,albipannosum,4234811,,423
3818,Tanacetum,heterotomum,3118511,,423
3819,Testulea,gabonensis,3694579,,177
3820,Thalictrum,strictum,8275059,,118
3821,Thryptomene,kochii,3177563,,235
3822,Thunbergia,grandiflora,5415456,,390
3823,Toxicopueraria,peduncularis,10790577,,193
3824,Tradescantia,pallida,2765221,,81
3825,Ulmus,davidiana,7141651,,205
3826,Ulmus,pumila,5361877,,205
3827,Uncaria,lancifolia,5338160,,381
3828,Ungernia,oligostroma,2858129,Ungernia minor,63
3829,Vaccinium,bracteatum,7136320,,355
3830,Valeriana,cardamines,4095901,,438
3831,Verbena,bonariensis,2925514,,415
3832,Vernonanthura,discolor,3124011,,423
3833,Veronica,chamaedrys,7874883,,408
3834,Vismia,japurensis,3714009,,170
3835,Vitex,pinnata,7309306,,396
3836,Zanthoxylum,syncarpum,3833922,,257
3837,Ferula,elaeochytris,5831957,,439
3838,Ferula,hezarlalehzarica,3638255,,439
3839,Ferula,kuhistanica,3637900,,439
3840,Ferula,nuratavica,3637204,,439
3841,Ferula,rubroarenosa,3636677,,439
3842,Ferula,soongarica,7682901,,439
3843,Ferula,tenuisecta,7693333,,439
3844,Aloe,microstigma,2777511,,65
3845,Arctomecon,californicum,3601459,Arctomecon californica,117
3846,Arctomecon,humile,3601441,,117
3847,Arctomecon,humilis,2888377,,117
3848,Argemone,mexicana,2888485,,117
3849,Bocconia,arborea,3603051,,117
3850,Bocconia,frutescens,2888374,,117
3851,Bocconia,integrifolia,7315074,,117
3852,Broussonetia,kazinoki,6358484,,202
3853,Canarina,canariensis,3161926,,426
3854,Ceratocapnos,claviculata,7315229,,117
3855,Ceratocapnos,heterocarpa,3603739,,117
3856,Chelidonium,majus,5334186,,117
3857,Chrozophora,plicata,3054448,Chrozophora prostrata,166
3858,Commiphora,erlangeriana,3993528,,253
3859,Coptis,japonica,7277312,,118
3860,Corydalis,balansae,5531399,,117
3861,Corydalis,bulbosa,7744116,,117
3862,Corydalis,solida,7314908,Corydalis bulbosa (L.) DC.,117
3863,Corydalis,bulleyana,7314947,,117
3864,Corydalis,bungeana,5531124,,117
3865,Corydalis,cava,5530881,,117
3866,Corydalis,gigantea,7315131,,117
3867,Corydalis,ledebouriana,5530940,,117
3868,Corydalis,meifolia,7314782,,117
3869,Corydalis,mucronifera,5530472,,117
3870,Corydalis,orthopoda,7594973,,117
3871,Corydalis,pallida,7315212,,117
3872,Corydalis,paniculigera,5531807,,117
3873,Corydalis,turtschaninovii,7314744,Corydalis remota Fisch.,117
3874,Corydalis,rutifolia,5531230,,117
3875,Corydalis,saxicola,5531204,,117
3876,Corydalis,thyrsiflora,5530666,,117
3877,Corydalis,uniflora,5530474,,117
3878,Corydalis,vaginans,5532071,,117
3879,Crambe,fruticosa,5373507,,273
3880,Aniba,canelilla,4181679,Cryptocarya canelilla,25
3881,Diabelia,spathulata,8421561,,438
3882,Dicentra,peregrina,7912153,,117
3883,Lamprocapnos,spectabilis,2888564,Dicentra spectabilis L.,117
3884,Zanthoxylum,leprieurii,3837127,Fagara angolensis,257
3885,Fumaria,agraria,5531376,,117
3886,Fumaria,macrosepala,8246116,,117
3887,Fumaria,officinalis,5334217,,117
3888,Fumaria,sepium,7315151,,117
3889,Fumaria,vaillantii,5334216,,117
3890,Garcinia,xanthochymus,8096611,,160
3891,Glaucium,fimbrilligerum,7315048,,117
3892,Glaucium,flavum,5334190,,117
3893,Hylomecon,hylomeconoides,7314925,,117
3894,Hypecoum,imberbe,2888557,,117
3895,Hypecoum,leptocarpum,3601702,,117
3896,Hypecoum,procumbens,8281444,,117
3897,Macleaya,microcarpa,5530747,,117
3898,Meconopsis,punicea,7315247,,117
3899,Nicotiana,plumbaginifolia,2928768,,388
3900,Orobanche,caerulescens,7462924,,403
3901,Papaver,bracteatum,2888435,,117
3902,Papaver,somniferum,2888439,,117
3903,Platycapnos,saxicola,7315279,,117
3904,Platycapnos,spicata,7390166,,117
3905,Pueraria,tuberosa,2977609,,193
3906,Romneya,coulteri,2888393,,117
3907,Rupicapnos,africana,8074424,,117
3908,Sarcocapnos,baetica,7314901,,117
3909,Sarcocapnos,crassifolia,7314899,,117
3910,Sarcocapnos,enneaphylla,7314894,,117
3911,Sarcocapnos,enneaphylla,3601775,Sarcocapnos saetabensis,117
3912,Zanthoxylum,asiaticum,10789822,Toddalia asiatica,257
3913,Wunderlichia,crulsiana,4226586,,423
3914,Zanthoxylum,rhetsa,3834800,Zanthoxylum budrunga,257
3915,Arctotis,stoechadifolia,5406226,Arctotis grandis,423
3916,Inga,spectabilis,5357491,,193
3917,Spathodea,campanulata,3172574,,391
3918,Suaeda,aegyptiaca,3757104,,306
3919,Symplocos,tinctoria,3032999,,368
3920,Acer,caesium,3768231,,258
3921,Aconitum,forrestii,3925306,Aconitum likiangense,118
3922,Ambrosia,artemisioides,8282038,,423
3923,Ambrosia,ilicifolia,3110622,,423
3924,Apalochlamys,spectabilis,7995568,,423
3925,Calomeria,amaranthoides,3091338,,423
3926,Carpolobia,alba,4049539,Carpolobia glabrescens,195
3927,Chaenorhinum,villosum,7332396,,408
3928,Chiliadenus,montanus,3089831,,423
3929,Conospermum,incurvum,3995271,,121
3930,Cratystylis,microphylla,3098628,,423
3931,Cronquistianthus,bishopii,3103567,,423
3932,Croton,lachnostachyus,3059670,Croton sarcopetalus,166
3933,Dimerostemma,lippioides,3130329,,423
3934,Dolomiaea,souliei,3086744,,423
3935,Fitchia,speciosa,5387281,,423
3936,Heracleum,maximum,3034826,,439
3937,Heterocoma,ekmaniana,8187438,,423
3938,Klasea,latifolia,4217467,,423
3939,Lupinus,caudatus,2964408,,193
3940,Machilus,wangchiana,4177784,,25
3941,Naucleopsis,stipularis,3767028,,202
3942,Ophryosporus,floribundus,3140075,,423
3943,Polygonatum,glaberrimum,2770317,,64
3944,Pulsatilla,cernua,8233588,Pulsatilla cernua var. koreana,118
3945,Rubus,ellipticus,2991314,Rubus pinfaensis,204
3946,Schistostephium,crataegifolium,3114955,,423
3947,Stevia,chamaedrys,3125690,,423
3948,Stevia,polyphylla,4241231,,423
3949,Breonia,chinensis,2911261,,381
3950,Campylotropis,hirtella,5349814,,193
3951,Ceropegia,dichotoma,7150773,,376
3952,Crinum,moorei,4928395,,63
3953,Crotalaria,candicans,2941855,,193
3954,Dendrobium,loddigesii,5317287,,75
3955,Distephanus,angulifolius,5400049,,423
3956,Dovyalis,abyssinica,2874133,,187
3957,Pinalia,japonica,7755415,Eria japonica,75
3958,Eriocephalus,africanus,3130137,,423
3959,Eucalyptus,cordata,3177181,,235
3960,Eucalyptus,globulus,3177003,Eucalyptus globulus subsp. bicostata,235
3961,Cyrtophyllum,fragrans,7863745,Fagraea fragrans,379
3962,Fritillaria,usuriensis,5662866,Fritillaria ussuriensis,57
3963,Glycosmis,macrophylla,7269042,,257
3964,Gypsophila,perfoliata,5384453,,313
3965,Hypericum,polyanthemum,3713047,,170
3966,Mentha,gracilis,7923052,Mentha cardiaca,396
3967,Nephelium,ramboutan-ake,5577841,Nephelium mutabile,258
3968,Ononis,spinosa,2977149,,193
3969,Pentaclethra,macrophylla,2943557,,193
3970,Rhodiola,semenovii,4199368,,132
3971,Salvia,sessei,3887736,,396
3972,Sonneratia,caseolaris,5635606,,233
3973,Stephania,zippeliana,5592717,,116
3974,Lophostemon,confertus,3188429,Tristania conferta,235
3975,Orbivestus,karaguensis,4254650,Vernonia cistifolia,423
3976,Veronica,polita,3172074,,408
3977,Reaumuria,hirtella,5535224,,341
3978,Tamarix,pakistanica,3613175,,341
3979,Tamarix,parviflora,2874706,,341
3980,Tamarix,tetrandra,2874707,,341
3981,Abelmoschus,esculentus,3152707,,265
3982,Abutilon,ramosum,7825205,,265
3983,Eleutherococcus,nodiflorus,3035388,Acanthopanax gracilistylus,441
3984,Acanthophyllum,elatius,8306087,,313
3985,Aconitum,contortum,3926225,,118
3986,Aconitum,fischeri,3033674,Aconitum kamtschaticum,118
3987,Aconitum,napellus,3033665,,118
3988,Aconitum,vilmorinianum,3930629,,118
3989,Actinidia,kolomikta,7270682,,349
3990,Aegiceras,corniculatum,3721362,,362
3991,Ajuga,integrifolia,9520699,Ajuga bracteosa,396
3992,Alchemilla,pentaphyllea,3028493,,204
3993,Alkanna,froedinii,5661251,,382
3994,Alkanna,orientalis,7295030,,382
3995,Allium,obliquum,2857444,,63
3996,Allium,schoenoprasum,2855860,,63
3997,Alpinia,oxyphylla,5302068,,93
3998,Alstonia,spectabilis,7316743,,376
3999,Amaranthus,dubius,8279930,,306
4000,Amaranthus,hybridus,5384364,,306
4001,Amaranthus,viridis,5384334,,306
4002,Amsinckia,lunaris,2925872,,382
4003,Amsinckia,menziesii,4273336,Amsinckia menziesii var. intermedia,382
4004,Amyris,marshii,5594864,,257
4005,Anacardium,occidentale,5421368,,251
4006,Lysimachia,arvensis,9631539,Anagallis arvensis,362
4007,Ananas,comosus,5288819,,94
4008,Anchusa,strigosa,8192155,,382
4009,Androsace,helvetica,4006455,,362
4010,Annona,cherimola,5407147,,15
4011,Arbutus,menziesii,2882802,,355
4012,Argyreia,cuneata,3679063,,385
4013,Armoracia,rusticana,3041022,,273
4014,Arnica,parryi,5406027,,423
4015,Artemisia,taurica,9644482,,423
4016,Artocarpus,altilis,2984573,,202
4017,Asparagus,officinalis,2768885,,64
4018,Astragalus,bisulcatus,5346343,,193
4019,Astragalus,danicus,5342838,,193
4020,Astragalus,mongholicus,5345341,,193
4021,Azadirachta,indica,3190474,,255
4022,Baccharoides,lasiopus,6064934,,423
4023,Rydingia,limbata,3886741,Ballota limbata,396
4024,Benincasa,hispida,2874524,,219
4025,Bertholletia,excelsa,3083180,,357
4026,Boenninghausenia,albiflora,7269004,,257
4027,Boronia,koniambiensis,8247034,Boronella koniambiensis,257
4028,Cyanothamnus,coerulescens,10714202,Boronia coerulescens,257
4029,Bothriocline,ripensis,3089689,,423
4030,Brachyglottis,bidwillii,3138485,,423
4031,Brachylaena,discolor,4231642,Brachylaena discolor var. transvaalensis,423
4032,Brunnera,orientalis,4062281,,382
4033,Bryonia,alba,2874497,,219
4034,Terminalia,tetraphylla,9307101,Buchenavia tetraphylla,231
4035,Buxus,hildebrandtii,3987952,,124
4036,Calea,lantanoides,3147512,,423
4037,Callicarpa,acuminata,8121164,,396
4038,Callistemon,coccineus,3173392,,235
4039,Campanula,rapunculus,5411920,,426
4040,Carex,capillifolia,9616382,,95
4041,Carex,myosuroides,2710326,,95
4042,Celastrus,paniculatus,7265565,,144
4043,Celosia,argentea,6429520,Celosia cristada,306
4044,Celtis,australis,2984492,,199
4045,Soehrensia,candicans,10968642,Cereus candicans,312
4046,Pilosocereus,chrysacanthus,8671592,Cereus chrysacanthus,312
4047,Cichorium,endivia,5392243,,423
4048,Cinnamosma,madagascariensis,3877809,,8
4049,Rorida,quinquenervia,9699006,Cleome dolichostyla,277
4050,Coffea,arabica,2895345,,381
4051,Colletia,spinosissima,6371450,,203
4052,Colocasia,esculenta,5330776,,32
4053,Corchorus,aestuans,3152092,,265
4054,Corchorus,olitorius,3152084,,265
4055,Coreopsis,grandiflora,3133927,,423
4056,Coronilla,cretica,5349969,,193
4057,Cotinus,coggygria,3190522,,251
4058,Croton,cortesianus,3059195,,166
4059,Croton,geayi,3058666,,166
4060,Croton,tiglium,3057656,,166
4061,Cucurbita,foetidissima,2874521,,219
4062,Cuscuta,campestris,3610757,,385
4063,Cyamopsis,tetragonoloba,2946183,,193
4064,Dalbergia,nitidula,2968896,,193
4065,Delphinium,consolida,3033836,,118
4066,Dioscorea,japonica,2755706,,46
4067,Dioscorea,oppositifolia,2754965,Dioscorea opposita,46
4068,Dioscorea,pentaphylla,2754423,,46
4069,Dipteronia,dyeriana,3768558,,258
4070,Dodonaea,polyandra,5577073,,258
4071,Drosera,indica,3190722,,316
4072,Drummondita,hassellii,7269312,,257
4073,Dysosma,pleiantha,3981386,Dysosma pleianthum,112
4074,Echinacea,purpurea,3150935,,423
4075,Echinacea,simulata,9923519,,423
4076,Echium,glomeratum,8304153,,382
4077,Elaeis,guineensis,2731882,,79
4078,Elaeodendron,alluaudianum,3792329,,144
4079,Epilobium,parviflorum,3189157,,236
4080,Epimedium,brevicornu,3981041,,112
4081,Eragrostis,tef,2705325,,102
4082,Eremurus,chinensis,2778797,,65
4083,Erigeron,alpinus,9074530,,423
4084,Eruca,sativa,7474861,,273
4085,Myrtillocactus,chiotilla,8659284,Escontria chiotilla,312
4086,Eucryphia,cordifolia,3920287,,149
4087,Eulobus,californicus,8109957,,236
4088,Euphorbia,glareosa,3065855,,166
4089,Euphorbia,niciciana,8286849,,166
4090,Fernandoa,adenophylla,4093859,,391
4091,Festuca,rubra,2704922,,102
4092,Ficus,carica,5361909,,202
4093,Fimbristylis,quinquangularis,2709171,,95
4094,Firmiana,fulgens,3668847,Firmiana pallens,265
4095,Flindersia,xanthoxyla,3835106,,257
4096,Fumaria,kralikii,7392213,Fumaria kraliki,117
4097,Galium,mollugo,9039392,,381
4098,Garcinia,binucao,3710915,,160
4099,Garcinia,macrophylla,7727026,,160
4100,Gardenia,imperialis,5335157,,381
4101,Geum,reptans,5369670,,204
4102,Gleditsia,triacanthos,2959443,,193
4103,Gomesa,radicans,5826459,,75
4104,Gouania,microcarpa,5602966,,203
4105,Gratiola,officinalis,3171915,,408
4106,Grindelia,scorzonerifolia,3146266,,423
4107,Gymnanthemum,amygdalinum,3130899,,423
4108,Gymnanthemum,myrianthum,3124059,,423
4109,Hackelia,floribunda,2925937,,382
4110,Helianthus,porteri,3119169,,423
4111,Helichrysum,nudifolium,3131736,,423
4112,Hirschfeldia,incana,3050595,,273
4113,Ornithogalum,nutans,2773281,Honorius nutans,64
4114,Hyoscyamus,muticus,2928977,,388
4115,Hypericum,reptans,3712281,,170
4116,Hypopitys,monotropa,2888342,,355
4117,Hypoxis,nyasica,2852961,,71
4118,Inezia,integrifolia,5390903,,423
4119,Jodina,rhombifolia,3789359,Iodina rhombifolia,300
4120,Ipomoea,batatas,2928551,,385
4121,Iryanthera,coriacea,3744083,,19
4122,Isoberlinia,angolensis,2976324,,193
4123,Jasminum,auriculatum,3682675,,402
4124,Johnstonella,grayi,8269660,,382
4125,Juglans,cinerea,3054352,,210
4126,Justicia,betonica,7418885,,390
4127,Nicoteba,trinervia,3781991,Justicia trinervia,390
4128,Lablab,purpureus,2952236,,193
4129,Lactuca,serriola,3140490,,423
4130,Lallemantia,iberica,5608183,,396
4131,Lallemantia,royleana,5608176,,396
4132,Lathraea,squamaria,3738478,,403
4133,Lawsonia,inermis,5420912,,233
4134,Lepidium,graminifolium,5376994,,273
4135,Lepidium,meyenii,5377042,,273
4136,Lepidonia,jonesii,3124123,,423
4137,Lessingianthus,compactiflorus,3117930,,423
4138,Ligularia,macrophylla,5395531,,423
4139,Ligustrum,lucidum,3172297,,402
4140,Lonchocarpus,atropurpureus,2969234,,193
4141,Luffa,acutangula,2874601,,219
4142,Lycium,barbarum,2928835,,388
4143,Macaranga,sinensis,3074287,,166
4144,Malvaviscus,arboreus,3152775,,265
4145,Manihot,catingae,3061079,,166
4146,Manihot,esculenta,3060998,,166
4147,Monteverdia,loeseneri,9763743,Maytenus loeseneri,144
4148,Gymnosporia,serrata,7265714,Maytenus serrata,144
4149,Mikania,goyazensis,5398577,,423
4150,Mikania,pohlii,5398463,,423
4151,Monodora,angolensis,3154072,,15
4152,Monotropa,uniflora,2888353,,355
4153,Murraya,kwangsiensis,7269468,,257
4154,Musa,paradisiaca,2762752,Musa X paradisiaca,91
4155,Musa,acuminata,2762680,,91
4156,Neolitsea,hiiranensis,4179851,,25
4157,Neolitsea,villosa,7972524,,25
4158,Nervilia,concolor,2836743,Nervilia aragoana,75
4159,Nervilia,plicata,2836663,,75
4160,Nonea,macrosperma,8191092,,382
4161,Nuphar,lutea,7551339,,4
4162,Odontites,vulgaris,5415024,Odontites rubra,403
4163,Oenothera,argillicola,3188802,,236
4164,Chylismia,claviformis,7223874,Oenothera clavaeformis,236
4165,Oenothera,villosa,6427623,Oenothera depressa,236
4166,Oenothera,drummondii,3188857,,236
4167,Oenothera,elata,3188829,,236
4168,Oenothera,glazioviana,3188894,Oenothera erythrosepala,236
4169,Oenothera,grandiflora,8106009,,236
4170,Oenothera,laciniata,3188867,,236
4171,Oenothera,macrocarpa,7223886,Oenothera missouriensis,236
4172,Oenothera,odorata,7808784,,236
4173,Oenothera,parviflora,8994150,,236
4174,Oenothera,rhombipetala,3188826,,236
4175,Oenothera,rosea,3188875,,236
4176,Oenothera,serrulata,3189369,,236
4177,Oenothera,striata,7322371,,236
4178,Oenothera,tetragona,6427785,,236
4179,Ononis,natrix,2977234,,193
4180,Ophiorrhiza,blumeana,5340990,,381
4181,Orobanche,crenata,3173273,,403
4182,Orobanche,variegata,3730307,,403
4183,Pachygone,dasycarpa,3830169,,116
4184,Panicum,miliaceum,2705090,,102
4185,Paranephelius,uniflorus,3096189,,423
4186,Passiflora,foetida,2874211,,179
4187,Pectocarya,platycarpa,2926122,,382
4188,Peperomia,bracteata,4187152,,13
4189,Peperomia,campylotropa,4186319,,13
4190,Acourtia,carpholepis,5388109,Perezia carpholepis,423
4191,Periploca,forrestii,5526327,,376
4192,Petunia,axillaris,7758192,Petunia nyctaginiflora,388
4193,Phalaenopsis,aphrodite,5311033,,75
4194,Physalis,solanacea,7796156,Physalis solanaceus,388
4195,Plantago,depressa,7303063,,408
4196,Plantago,ovata,3189723,,408
4197,Equilabium,molle,10604331,Plectranthus mollis,396
4198,Pouteria,sapota,2884162,,364
4199,Premna,microphylla,3896998,,396
4200,Primula,alpicola,5641124,,362
4201,Primula,florindae,5640518,,362
4202,Primula,pulverulenta,5641003,,362
4203,Primula,sikkimensis,7290470,,362
4204,Prosopis,ruscifolia,5358491,,193
4205,Psidium,cattleianum,5420641,,235
4206,Psychotria,bahiensis,2923066,,381
4207,Pteryxia,terebinthina,3034667,,439
4208,Ranunculus,glacialis,3033461,,118
4209,Raputia,praetermissa,3834202,,257
4210,Ceriops,tagal,3086518,Rhizophora tagal,186
4211,Ribes,alpinum,2986184,,135
4212,Ribes,cereum,7219280,Ribes cereum var. cereum,135
4213,Ribes,montigenum,10137876,,135
4214,Ribes,nigrum,2986192,,135
4215,Ribes,orientale,2986141,,135
4216,Ribes,uva-crispa,2986185,,135
4217,Rosa,canina,3002461,,204
4218,Rosa,platyacantha,3002728,,204
4219,Rubia,oncotricha,2892283,,381
4220,Rubus,laciniatus,2992543,,204
4221,Rumex,acetosa,2888951,,333
4222,Schoenocaulon,officinale,2742010,Sabadilla officinalis,58
4223,Salix,herbacea,5373083,,187
4224,Salix,reticulata,5372693,,187
4225,Salix,retusa,8119241,,187
4226,Salmea,scandens,3134233,,423
4227,Santalum,acuminatum,3789456,,298
4228,Saussurea,depressa,5404636,,423
4229,Schistostephium,rotundifolium,3114935,,423
4230,Scrophularia,canina,3170873,,411
4231,Scrophularia,alata,7642564,Scrophularia grayana,411
4232,Scrophularia,kakudensis,7332876,,411
4233,Scrophularia,lanceolata,3170878,,411
4234,Scrophularia,marilandica,3170885,,411
4235,Scrophularia,rubricaulis,3736110,,411
4236,Scurrula,atropurpurea,4001841,,294
4237,Senecio,isatideus,3108851,,423
4238,Senecio,subrubriflorus,3107918,,423
4239,Senegalia,mellifera,6710006,,193
4240,Serenoa,repens,2735055,,79
4241,Sesamum,orientale,8344965,,406
4242,Siparuna,pauciflora,3782356,,27
4243,Solanum,aethiopicum,2929847,,388
4244,Solanum,melongena,2930617,,388
4245,Solanum,virginianum,2929920,,388
4246,Sonneratia,alba,5406998,,233
4247,Spinacia,oleracea,3083647,,306
4248,Spirodela,polyrhiza,4097481,Spirodela polyrrhiza,32
4249,Stevia,amambayensis,3125544,,423
4250,Stilpnopappus,tomentosus,3098450,,423
4251,Strychnos,amazonica,5645104,,380
4252,Stuckenia,pectinata,7871428,,39
4253,Syzygium,aromaticum,3183002,,235
4254,Thalictrum,revolutum,3033127,,118
4255,Thlaspi,arvense,3052680,,273
4256,Treculia,africana,7895921,,202
4257,Trichodesma,zeylanicum,7294697,,382
4258,Trichosanthes,rosthornii,7317615,,219
4259,Trifolium,alexandrinum,5358907,,193
4260,Trigonella,foenum-graecum,5360475,,193
4261,Triticum,aestivum,2706403,Triticum spelta,102
4262,Triticum,turgidum,4932508,Triticum turanicum,102
4263,Typha,domingensis,5289534,,109
4264,Uncaria,africana,5338288,,381
4265,Uncaria,sterrophylla,5338119,,381
4266,Uvaria,lucida,3154227,,15
4267,Veltheimia,capensis,8179261,Veltheimia viridifolia,64
4268,Ventilago,denticulata,7273609,Ventilago calyculata,203
4269,Vepris,pilosa,8322934,,257
4270,Veratrum,shanense,2742091,Veratrum stenophyllum,58
4271,Vicia,amoena,8170633,,193
4272,Vicia,faba,2974832,,193
4273,Vigna,aconitifolia,2982794,,193
4274,Vigna,radiata,2982380,,193
4275,Vigna,unguiculata,2982583,,193
4276,Sidneya,pinnatilobata,9403293,Viguiera pinnatilobata,423
4277,Dolomiaea,souliei,4232432,Vladimiria muliensis,423
4278,Wedelia,acapulcensis,5699523,Wedelia acapulcensis var. hispida,423
4279,Wedelia,calycina,7987889,,423
4280,Xylopia,aethiopica,3157151,,15
4281,Zaleya,pentandra,7329156,,305
4282,Zanthoxylum,melanostictum,3836596,Zanthoxylum chiriquinum,257
4283,Tradescantia,zebrina,7227457,Zebrina pendula,81
4284,Ziziphora,pedicellata,3899083,,396
4285,Ziziphus,nummularia,3039427,,203
4286,Ziziphus,spina-christi,8228089,,203
4287,Frangula,alnus,3039454,Frangula alnus Mill.,203
4288,Atadinus,alpinus,3877063,Rhamnus alpina L.,203
4289,Rhamnus,cathartica,3039491,Rhamnus cathartica L.,203
4290,Rhamnus,prinoides,3875856,,203
4291,Atadinus,pumilus,9545979,Rhamnus pumila Turra,203
4292,Rhamnus,saxatilis,6371028,Rhamnus saxarilis Jacq.,203
4293,Sageretia,thea,3039516,,203
4294,Launaea,capitata,3144728,,423
4295,Quercus,coccifera,2879175,,209
4296,Quercus,suber,2879411,,209
4297,Commiphora,kua,7286744,,253
4298,Achillea,ageratum,3120391,,423
4299,Achyrospermum,africanum,3895779,,396
4300,Aconitum,japonicum,3924261,Aconitum subcuneatum,118
4301,Actinodaphne,acuminata,4178324,,25
4302,Annona,reticulata,5407123,,15
4303,Anthotroche,pannosa,3803085,Anthotroche blackii,388
4304,Aristolochia,birostris,3588625,,10
4305,Aristolochia,cymbifera,7313609,,10
4306,Aristolochia,debilis,3588727,,10
4307,Aristolochia,didyma,3588619,,10
4308,Aristolochia,gigantea,3589283,,10
4309,Aristolochia,macroura,7313636,,10
4310,Aristolochia,triangularis,7313743,,10
4311,Aristolochia,trilobata,8358388,,10
4312,Artabotrys,lastoursvillensis,3154893,,15
4313,Artemisia,vulgaris,3120946,,423
4314,Austromyrtus,dulcis,3177374,,235
4315,Baccharis,sarothroides,3129915,,423
4316,Boswellia,papyrifera,5421356,,253
4317,Bupleurum,falcatum,6027105,,439
4318,Bupleurum,gibraltaricum,3638706,,439
4319,Capparis,flavicans,7483483,,275
4320,Castanea,dentata,5333230,,209
4321,Commiphora,sphaerocarpa,3993213,,253
4322,Cota,saguramica,5831366,,423
4323,Cryptocarya,angulata,4178598,,25
4324,Curcuma,harmandii,2757599,,93
4325,Curcuma,mangga,2757639,,93
4326,Curcuma,trichosantha,2757657,,93
4327,Curcuma,xanthorrhiza,3990387,,93
4328,Cyathocline,purpurea,3142265,,423
4329,Cymbopogon,nervatus,4138622,,102
4330,Cyperus,conglomeratus,2714301,,95
4331,Cyperus,erectus,2718633,,95
4332,Cyperus,rotundus,2714818,,95
4333,Daniellia,oliveri,2948733,,193
4334,Daphne,composita,5523654,,270
4335,Entandrophragma,cylindricum,3850935,,255
4336,Eucalyptus,astringens,3176973,,235
4337,Ferula,ammoniacum,8628529,,439
4338,Helenium,autumnale,5401877,,423
4339,Helichrysum,harveyanum,3131874,,423
4340,Helichrysum,italicum,3131614,,423
4341,Helichrysum,stoechas,3131494,,423
4342,Hypericum,androsaemum,3189525,,170
4343,Inula,helenium,3148340,,423
4344,Inula,racemosa,4933624,,423
4345,Ipomoea,hederacea,2928538,,385
4346,Kleinia,pendula,5405697,,423
4347,Leucocarpus,perfoliatus,3737859,,407
4348,Liatris,elegans,3104323,,423
4349,Seseli,libanotis,7224121,Libanotis intermedia,439
4350,Linzia,glabra,4241144,,423
4351,Lippia,rehmannii,4084647,,415
4352,Machilus,japonica,7304354,,25
4353,Machilus,thunbergii,4177874,,25
4354,Malus,toringo,7848132,Malus sieboldii,204
4355,Melampodium,camphoratum,7872731,,423
4356,Mentha,insularis,3899850,,396
4357,Micranthes,stellaris,5567578,,142
4358,Myrcia,tricona,10693758,,235
4359,Damburneya,salicina,9582901,Nectandra salicina,25
4360,Neolitsea,aciculata,7304524,,25
4361,Nigella,damascena,5371702,,118
4362,Ocimum,campechianum,2927098,,396
4363,Ocimum,tenuiflorum,2927100,,396
4364,Ocotea,gomezii,4181265,,25
4365,Ophryosporus,charua,3140057,,423
4366,Oxytropis,pseudoglandulosa,5361379,,193
4367,Pectis,brevipedunculata,5405460,,423
4368,Pectis,elongata,5405440,Pectis elongata var. floribunda,423
4369,Pedicularis,plicata,3740166,,403
4370,Pelargonium,endlicherianum,3828799,,229
4371,Perezia,lactucoides,5391438,,423
4372,Perezia,pilifera,7384805,,423
4373,Perezia,recurvata,5391398,,423
4374,Lefebvrea,grantii,3628909,Peucedanum zenkeri,439
4375,Piper,arboreum,7304860,,13
4376,Piper,cernuum,7304919,,13
4377,Piper,fimbriulatum,4191134,,13
4378,Piper,gaudichaudianum,7450032,,13
4379,Pittosporum,viridiflorum,2986302,,445
4380,Plantago,hookeriana,3189719,,408
4381,Polyscias,fruticosa,3035652,,441
4382,Psiadia,altissima,3119725,,423
4383,Pterodon,emarginatus,5342608,,193
4384,Isodon,flexicaulis,5609021,Rabdosia flexicaulis,396
4385,Myrsine,melanophloeos,7899792,Rapanea neurophylla,362
4386,Rogeria,adenophylla,5527272,,406
4387,Salvia,ianthina,3899761,,396
4388,Solanum,habrochaites,2929599,Solanum agrimoniifolium,388
4389,Solanum,salicifolium,2932412,Solanum incisum,388
4390,Solanum,stuckertii,2929997,,388
4391,Sonchus,gummifer,3105664,,423
4392,Stemodia,maritima,3171747,,408
4393,Stephania,longa,5592802,Stephania hispidula,116
4394,Stephania,tetrandra,5592737,,116
4395,Tamarindus,indica,2975768,,193
4396,Tordylium,apulum,3034902,,439
4397,Petrorhagia,prolifera,3085619,Tunica prolifera,313
4398,Uvaria,narum,3154387,,15
4399,Gypsophila,vaccaria,8091998,Vaccaria hispanica,313
4400,Verbesina,diversifolia,3148059,,423
4401,Wedelia,scaberrima,7577394,,423
4402,Xylopia,parviflora,3157027,Xylopia holtzii,15
4403,Xylosalsola,richteri,3760130,,306
4404,Xyris,capensis,7227323,Xyris semifuscata,110
4405,Zanthoxylum,gardneri,3838225,,257
4406,Zanthoxylum,kauaense,3190096,,257
4407,Zingiber,mioga,2757086,,93
4408,Zinnia,elegans,3111754,,423
4409,Calendula,arvensis,9182765,,423
4410,Euphorbia,bupleuroides,3063927,,166
4411,Macaranga,schweinfurthii,3073948,,166
4412,Daphne,acutiloba,5524464,,270
4413,Daphne,oleoides,7311536,,270
4414,Thymelaea,hirsuta,5523602,,270
4415,Alchornea,cordifolia,3055371,,166
4416,Aframomum,daniellii,2758926,Amomum daniellii,93
4417,Coptis,chinensis,7277323,,118
4418,Coptis,deltoidea,4931397,,118
4419,Coptis,teeta,8332947,,118
4420,Corydalis,verticillaris,7315293,Corydalis persica,117
4421,Corynanthe,pachyceras,2901474,,381
4422,Cota,tinctoria,5390618,,423
4423,Cynoglossum,amabile,2925816,,382
4424,Fagaropsis,glabra,3835855,,257
4425,Garcinia,lucida,3713918,,160
4426,Glaucium,corniculatum,5334188,,117
4427,Glaucium,elegans,7315057,,117
4428,Glaucium,grandiflorum,7315030,,117
4429,Glycosmis,pseudoracemosa,3832657,,257
4430,Iphiona,grantioides,3125409,Inula grantioides,423
4431,Lathyrus,tingitanus,5356578,,193
4432,Myoporum,acuminatum,7335199,,411
4433,Peucedanum,oroselinum,7318776,,439
4434,Coleus,caninus,5605819,Plectranthus caninus,396
4435,Rauvolfia,salicifolia,7316798,,376
4436,Tetradium,glabrifolium,7269372,,257
4437,Xylocarpus,granatum,3190517,,255
4438,Zanthoxylum,gilletii,3838162,,257
4439,Zanthoxylum,madagascariense,3836837,,257
4440,Zanthoxylum,nitidum,7269365,,257
4441,Pontederia,crassipes,2765942,Eichhornia crassipes,85
4442,Monarda,punctata,5341413,,396
4443,Abrus,fruticulosus,5348700,,193
4444,Ambrosia,hispida,3110680,,423
4445,Ambrosia,maritima,7499720,,423
4446,Heterostemma,brownii,5733643,,376
4447,Lonas,annua,3110810,,423
4448,Parthenium,bipinnatifidum,3086791,,423
4449,Peronema,canescens,3889106,,396
4450,Rumex,bequaertii,4035992,,333
4451,Vitex,polygama,7309300,,396
4452,Coleus,grandidentatus,10940740,,396
4453,Coleus,sanguineus,10918349,,396
4454,Lepechinia,bullata,3889021,,396
4455,Salvia,blepharochlaena,3883549,,396
4456,Salvia,bracteata,8331181,,396
4457,Salvia,deserti,3904107,,396
4458,Salvia,eriophora,3903036,,396
4459,Salvia,hypargeia,3899840,,396
4460,Salvia,lavanduloides,7308690,,396
4461,Salvia,napifolia,8123758,,396
4462,Salvia,pachystachya,3893324,,396
4463,Salvia,pisidica,3891998,,396
4464,Salvia,reptans,3889656,,396
4465,Salvia,verbenaca,6409706,,396
4466,Salvia,wiedemannii,7378895,,396
4467,Stachys,mialhesii,3905753,,396
4468,Astragalus,pycnocephalus,5352763,Astragalus zahlbruckneri,193
4469,Pajanelia,longifolia,4094464,Pajanelia multijuga,391
4470,Picrasma,crenata,3708970,,260
4471,Solanum,aculeatissimum,2929394,,388
4472,Scabrethia,scabra,3129097,,423
4473,Adenocarpus,complicatus,7225406,Adenocarpus intermedius,193
4474,Albizia,julibrissin,2972983,,193
4475,Alcea,rosea,5406789,,265
4476,Alisma,plantago-aquatica,2865101,Alisma orienatale,30
4477,Aloe,ibitiensis,2778133,,65
4478,Alpinia,roxburghii,5302271,Alpinia blepharocalyx,93
4479,Semiaquilegia,adoxoides,7276576,Aquilegia adoxoides,118
4480,Isotrema,kaempferi,3589461,Aristolochia heterophylla,10
4481,Bauhinia,tarapotensis,2953235,,193
4482,Calocephalus,brownii,5406261,,423
4483,Chamaebatia,foliolosa,3000918,,204
4484,Doronicum,austriacum,7389416,,423
4485,Euonymus,tingens,3793460,,144
4486,Euphorbia,cornigera,3068190,,166
4487,Helianthus,occidentalis,3119248,,423
4488,Helichrysum,retrorsum,3131823,,423
4489,Ipomoea,purga,2928628,,385
4490,Kokoona,reflexa,3793245,,144
4491,Lippia,americana,7297612,,415
4492,Lotus,corniculatus,5357013,,193
4493,Lupinus,andersonii,2964568,Lupinus andersoni,193
4494,Maesa,ramentacea,7368771,,362
4495,Millettia,laurentii,5355672,,193
4496,Nectandra,gardneri,7304257,,25
4497,Olea,europaea,5830157,Olea europaea subsp. cuspidata,402
4498,Persea,lingue,7304571,,25
4499,Phonus,arborescens,3138372,,423
4500,Phyllanthus,virgatus,5382061,,181
4501,Pieris,japonica,2882631,,355
4502,Pycnarrhena,ozantha,3830708,,116
4503,Salacia,lehmbachii,7265796,,144
4504,Salvia,hypoleuca,3899789,,396
4505,Salvia,yosgadensis,3883610,,396
4506,Shorea,pinanga,4096198,,264
4507,Sideritis,brevibracteata,3892155,,396
4508,Sideroxylon,cubense,2887187,,364
4509,Stachys,annua,2927235,,396
4510,Taraxacum,formosanum,5394412,,423
4511,Trewia,nudiflora,8355753,,166
4512,Angelica,hirsutiflora,5537705,,439
4513,Artemisia,juncea,3120658,,423
4514,Cinchona,officinalis,2901250,,381
4515,Crinum,americanum,2853938,,63
4516,Crinum,asiaticum,2853830,Crinum asiaticum var. japonicum,63
4517,Crinum,amabile,2853821,Crinum augustum,63
4518,Crinum,bulbispermum,2853668,,63
4519,Crinum,kunthianum,2853695,,63
4520,Crinum,latifolium,2853901,,63
4521,Crinum,lorifolium,8266209,,63
4522,Crotalaria,crispata,2941818,,193
4523,Datura,wrightii,2928741,,388
4524,Elaeocarpus,sphaericus,10988361,,150
4525,Eupatorium,laevigatum,7917588,,423
4526,Scadoxus,multiflorus,7227603,Haemanthus kalbreyeri,63
4527,Haplopappus,deserticola,3100407,,423
4528,Helichrysum,asperum,3131766,,423
4529,Lophopetalum,javanicum,4938962,Lophopetalum toxicum,144
4530,Lupinus,holosericeus,7660230,,193
4531,Murraya,omphalocarpa,5594585,Murraya paniculata var. omphalocarpa,257
4532,Searsia,leptodictya,7321777,,251
4533,Ainsliaea,macrocephala,3133841,,423
4534,Pseudodictamnus,undulatus,10897717,Ballota undulata,396
4535,Boronia,ternata,7269287,,257
4536,Buxus,sempervirens,2984671,Buxus hyrcana,124
4537,Buxus,microphylla,2984672,,124
4538,Casearia,membranacea,6043509,,187
4539,Colchicum,robustum,2739713,,55
4540,Conospermum,teretifolium,3994586,,121
4541,Chamaecytisus,ratisbonensis,5354685,Cytisus ratisbonensis,193
4542,Dicoma,anomala,3103392,,423
4543,Epidendrum,rigidum,5319715,,75
4544,Galeopsis,tetrahit,5341300,,396
4545,Helichrysum,coriaceum,3132074,,423
4546,Luculia,pinceana,2900018,,381
4547,Marrubium,cylleneum,3881846,,396
4548,Marrubium,globosum,7579630,Marrubium globosum ssp. globosum,396
4549,Marrubium,trachyticum,3905718,,396
4550,Strychnos,camptoneura,7639566,,380
4551,Ardisia,mamillata,5557539,Tinus mamillata,362
4552,Uncaria,hirsuta,5338256,,381
4553,Vellozia,nivea,2863664,,52
4554,Amorpha,fruticosa,5357407,,193
4555,Derris,canarensis,5350242,,193
4556,Derris,cuneifolia,5350223,,193
4557,Eupatorium,riparium,7694888,,423
4558,Glycosmis,lanceolata,8274572,Glycosmis montana,257
4559,Millettia,brandisiana,5355870,,193
4560,Pedicularis,semitorta,3739117,,403
4561,Sarcolobus,globosus,7311731,,376
4562,Scopolia,japonica,7299219,,388
4563,Tephrosia,candida,5342186,,193
4564,Tephrosia,sinapou,5341992,,193
4565,Tephrosia,viridiflora,5612374,,193
4566,Teucrium,botrys,2926903,Teucrium botrys L.,396
4567,Teucrium,lucidum,8174892,,396
4568,Teucrium,microphyllum,3895242,,396
4569,Teucrium,montanum,7308294,Teucrium montanum L.,396
4570,Teucrium,scordium,7945074,Teucrium scordium L.,396
4571,Teucrium,scorodonia,2926901,Teucrium scorodonia L.,396
4572,Corydalis,solida,5334208,,117
4573,Fumaria,densiflora,5530883,,117
4574,Fumaria,muralis,7315286,,117
4575,Annona,glabra,5407100,,15
4576,Neocussonia,bojeri,3038673,,441
4577,Neocussonia,longipedicellata,10981167,,441
4578,Neocussonia,vantsilana,11066732,,441
4579,Pulicaria,crispa,7714405,,423
4580,Rubus,chingii,2999166,Rubus chingii var. suavissimus,204
4581,Pteranthus,dichotomus,3594086,,313
4582,Monanthotaxis,littoralis,3156016,,15
4583,Warburgia,ugandensis,5603221,,8
4584,Stuhlmannia,moavi,5351066,Stuhlmania moavi,193
4585,Alstonia,rostrata,5535575,,376
4586,Guarea,glabra,3190505,,255
4587,Liatris,pilosa,8073855,Liatris graminifolia,423
4588,Lupinus,macounii,2964004,,193
4589,Lychnophora,salicifolia,5399368,Lychnophora hakeaefolia,423
4590,Brugmansia,candida,9099468,Methysticodendron amesianum,388
4591,Piper,betle,4187904,,13
4592,Trigonostemon,flavidus,3063409,Trigonostemon heterophyllus,166
4593,Triphasia,trifolia,3190406,,257
4594,Swietenia,mahagoni,3190485,Swietenia mahogani,255
4595,Jacobaea,erucifolia,7222768,Senecio delphinifolius,423
4596,Wikstroemia,leuconeura,5524597,Daphne esquirolii,270
4597,Thymelaea,lythroides,5523592,,270
4598,Artemisia,oliveriana,9369378,,423
4599,Cichorium,glandulosum,5392272,,423
4600,Cleyera,japonica,3189627,,360
4601,Croomia,heterosepala,2863311,,50
4602,Delphinium,dictyocarpum,8281876,Delphinium dyctiocarpum,118
4603,Pinalia,amica,5314137,Eria confusa,75
4604,Fontainea,picrosperma,5377887,,166
4605,Helenium,donianum,5401909,,423
4606,Helenium,scorzonerifolium,5704698,Helenium scorzoneraefolia,423
4607,Hopea,chinensis,5669235,,264
4608,Horsfieldia,irya,5564667,,19
4609,Inula,hupehensis,3148438,,423
4610,Papaver,nudicaule,8144599,,117
4611,Peltophorum,africanum,2952780,,193
4612,Madia,anomala,3140906,,423
4613,Madia,sativa,3140910,Madia capitata,423
4614,Madia,citrigracilis,3140923,,423
4615,Madia,elegans,7745385,,423
4616,Madia,gracilis,8222011,,423
4617,Atalantia,monophylla,8708284,,257
4618,Limonia,acidissima,5421342,Feronia elephantum,257
4619,Ferula,communis,6307761,Ferula ferulago,439
4620,Mikania,congesta,5398554,,423
4621,Thulinella,chrysantha,9785756,Cleome chrysantha,277
4622,Arivela,viscosa,6370562,Cleome viscosa,277
4623,Erucaria,microcarpa,5377707,,273
4624,Lepidium,densiflorum,5377064,,273
4625,Pentadiplandra,brazzeana,3872545,,283
4626,Simicratea,welwitschii,3794285,,144
4627,Tropaeolum,majus,2889934,,290
4628,Acer,pictum,7262911,,258
4629,Litsea,coreana,7304244,Actinodaphne lancifolia,25
4630,Picrasma,excelsa,3190672,Aeschrion excelsa,260
4631,Agnorhiza,invenusta,3093473,,423
4632,Allagopappus,canariensis,3098637,Allagopappus dichotomus,423
4633,Allagopappus,viscosissimus,3098644,,423
4634,Ambrosia,bidentata,3110685,,423
4635,Ambrosia,psilostachya,3110686,,423
4636,Ambrosia,salsola,3110682,,423
4637,Annona,ambotay,5407112,,15
4638,Anthemis,auriculata,3122487,,423
4639,Aria,callophylla,5370200,,204
4640,Artemisia,xanthochloa,3120749,,423
4641,Astragalus,curvicarpus,5343038,,193
4642,Baccharis,linearifolia,7338714,,423
4643,Baccharis,reticularia,3129241,,423
4644,Baccharis,salicifolia,3129643,,423
4645,Bauhinia,purpurea,2953871,,193
4646,Berchemia,floribunda,3876453,,203
4647,Phymaspermum,montanum,3127304,Brachymeris montana,423
4648,Xerochrysum,subundulatum,3102854,Bracteantha acuminata,423
4649,Brucea,javanica,5555210,,260
4650,Camchaya,loloana,7336522,,423
4651,Castanea,vesca,10764243,,209
4652,Centaurea,spruneri,3128884,,423
4653,Centromadia,fitchii,3141050,,423
4654,Chromolaena,tyleri,3087870,,423
4655,Chrysanthemum,naktongense,3150791,,423
4656,Leucanthemella,serotina,3088405,Chrysanthemum uliginosum,423
4657,Cirsium,oligophyllum,3112645,,423
4658,Conyza,japonica,8821853,,423
4659,Conyza,pallidiflora,5397999,,423
4660,Corymbia,torelliana,5418406,,235
4661,Cota,altissima,5390611,,423
4662,Cota,palaestina,5390639,,423
4663,Cotula,cinerea,7414816,,423
4664,Crataegus,microphylla,3015544,,204
4665,Croton,steenkampianus,3058591,,166
4666,Cyclopia,sessiliflora,5341862,,193
4667,Cyperus,trigonellus,2714987,Cyperus pluribracteatus,95
4668,Genista,scorpius,7225007,Cytisus purgans,193
4669,Dalbergia,hupeana,2968584,,193
4670,Daphniphyllum,paxianum,4262048,,134
4671,Deinandra,greeneana,3106620,,423
4672,Deinandra,kelloggii,3145383,,423
4673,Deinandra,lobbii,3106627,,423
4674,Deinandra,minthornii,3106622,,423
4675,Deinandra,pentactis,3106616,,423
4676,Deinandra,streetsii,3106634,,423
4677,Dendrobium,moniliforme,5317412,Dendrobium candidum,75
4678,Dianthus,caryophyllus,3085420,,313
4679,Dipteryx,odorata,10779983,,193
4680,Dorstenia,dinklagei,7262628,,202
4681,Encelia,actoni,4223791,Encelia actonii,423
4682,Encelia,asperifolia,3118744,,423
4683,Encelia,laciniata,3118751,,423
4684,Encelia,stenophylla,3118745,,423
4685,Encelia,ventorum,3118774,,423
4686,Encelia,virginensis,3118764,,423
4687,Erysimum,siliculosum,3048349,,273
4688,Erythrina,sigmoidea,5349743,Erythrina eriotriocha,193
4689,Eupatorium,hyssopifolium,5403057,,423
4690,Eupatorium,rotundifolium,5403110,,423
4691,Eupatorium,serotinum,5402972,,423
4692,Euphrasia,stricta,3171980,,403
4693,Eutrochium,fistulosum,3138201,,423
4694,Eysenhardtia,subcoriacea,2964745,,193
4695,Flourensia,campestris,3094562,,423
4696,Gaillardia,tontalensis,5387868,,423
4697,Garcinia,conrauana,3715074,,160
4698,Garcinia,kola,3189563,,160
4699,Garcinia,volkensii,3712268,,160
4700,Genista,pichisermolliana,5627033,,193
4701,Gleditsia,japonica,2959514,,193
4702,Gleditsia,sinensis,2959509,,193
4703,Glycine,max,5359662,Glycine soja,193
4704,Haplopappus,remyanus,3100629,,423
4705,Hazardia,squarrosa,5389275,,423
4706,Xerochrysum,bracteatum,3102871,Helichrysum bracteatum (Vent.)Andr.,423
4707,Holocalyx,balansae,2943127,,193
4708,Hymenoxys,insignis,3150136,,423
4709,Hypericum,hircinum,6436603,,170
4710,Ilex,centrochinensis,5534527,,416
4711,Ilex,taubertiana,5533876,,416
4712,Ipomoea,muricata,8227635,,385
4713,Kaempferia,rotunda,5301445,,93
4714,Kalmia,latifolia,2883005,,355
4715,Limonium,aureum,7632211,,332
4716,Limonium,sinense,7298115,,332
4717,Luetkea,pectinata,3002138,,204
4718,Luffa,operculata,2874603,,219
4719,Lyonia,ovalifolia,7328514,,355
4720,Magnolia,laevifolia,3152898,,20
4721,Markhamia,stipulata,7298701,,391
4722,Mentha,longifolia,7510173,,396
4723,Millettia,duchesnei,5355755,,193
4724,Mimusops,caffra,2883714,,364
4725,Glinus,oppositifolius,7548362,Mollugo spergula,326
4726,Myrsine,capitellata,3722078,,362
4727,Nerine,bowdenii,5326845,,63
4728,Nicotiana,alata,2928761,Nicotiana affinis,388
4729,Oncosiphon,grandiflorus,3118646,Oncosiphon grandiflorum,423
4730,Ononis,angustissima,2977252,,193
4731,Onopordum,boissierianum,3094922,,423
4732,Onopordum,laconicum,4206084,,423
4733,Onopordum,myriacanthum,3094925,,423
4734,Osteospermum,fruticosum,3093582,,423
4735,Pandanus,tectorius,8023236,,49
4736,Panzerina,canescens,5607513,Panzeria canescens,396
4737,Paulownia,tomentosa,3170823,,405
4738,Peucephyllum,schottii,3151869,,423
4739,Phlomis,nissolii,3887069,,396
4740,Pimenta,racemosa,9629378,Pimenta acris,235
4741,Pogostemon,stellatus,7308820,,396
4742,Premna,resinosa,7308443,,396
4743,Primula,praenitens,5641211,Primula sinensis,362
4744,Prunus,campanulata,3021408,,204
4745,Prunus,itosakura,3021023,,204
4746,Prunus,leveilleana,3021284,,204
4747,Prunus,maximowiczii,3022725,,204
4748,Prunus,nipponica,3021357,,204
4749,Prunus,verecunda,11172458,,204
4750,Psorothamnus,polydenius,2940431,,193
4751,Rhamnus,disperma,3875579,,203
4752,Rhamnus,lycioides,6371380,,203
4753,Rhamnus,erythroxyloides,7273745,Rhamnus pallasii,203
4754,Rubus,phoenicolasius,2995149,,204
4755,Sapium,haematospermum,5379861,,166
4756,Sarcophyte,sanguinea,7309825,,293
4757,Searsia,retinorrhoea,5544230,,251
4758,Senecio,sandersonii,3106959,,423
4759,Sesbania,bispinosa,2970721,,193
4760,Sideritis,trojana,3888471,,396
4761,Smilax,corbularia,5295395,,62
4762,Solanum,hindsianum,2930012,,388
4763,Solidago,serotina,8293358,,423
4764,Sonchus,oleraceus,8228544,,423
4765,Sorbaria,sorbifolia,3012089,,204
4766,Spatholobus,suberectus,2977075,,193
4767,Stifftia,chrysantha,5405436,,423
4768,Strophanthus,kombe,3169614,,376
4769,Tessaria,dodonaeifolia,12219999,Tessaria dodoneifolia,423
4770,Thymus,herba-barona,7307315,,396
4771,Thymus,moroderi,5606217,,396
4772,Thymus,numidicus,7306910,,396
4773,Tilia,mandshurica,7311147,,265
4774,Toxicodendron,vernicifluum,3190612,,251
4775,Vellozia,glabra,2863612,,52
4776,Vernonia,syringifolia,5397577,,423
4777,Veronica,arvensis,3172048,,408
4778,Sidneya,tenuifolia,9292233,Viguiera stenoloba,423
4779,Vinca,minor,3169707,,376
4780,Wyethia,angustifolia,3091459,,423
4781,Wyethia,glabra,3091467,,423
4782,Xanthoceras,sorbifolia,7221300,,258
4783,Xanthoceras,sorbifolium,9479204,,102
4784,Phedimus,selskanianus,4201635,Aizopsis selskiana,132
4785,Albizia,myriophylla,2973009,,193
4786,Aloe,arborescens,2777537,,65
4787,Aloe,elgonica,2777367,,65
4788,Aloe,rivae,2778115,,65
4789,Aloe,rubroviolacea,2777946,,65
4790,Aloe,sinkatana,2777655,,65
4791,Aloe,succotrina,9520660,,65
4792,Amphorogyne,spicata,3789460,,299
4793,Anaphalis,lactea,3136927,,423
4794,Anchusa,azurea,5341198,,382
4795,Asphodelus,aestivus,2778509,,65
4796,Asphodelus,albus,2778457,,65
4797,Asphodelus,fistulosus,2778437,,65
4798,Asphodelus,ramosus,7069921,Asphodelus microcarpus,65
4799,Asphodelus,ramosus,2778478,,65
4800,Baccharis,sulcata,3129390,Baccharis potosina,423
4801,Balanophora,laxiflora,4195050,,293
4802,Bergenia,hissarica,5567682,,142
4803,Bulbine,annua,5304917,,65
4804,Bulbine,asphodeloides,5304851,,65
4805,Callisia,fragrans,5303453,,81
4806,Carduus,tenuiflorus,3114627,,423
4807,Carlina,diae,3105428,,423
4808,Senna,alata,2956947,Cassia alata,193
4809,Senna,alexandrina,7302622,Cassia angustifolia,193
4810,Cassia,grandis,5357158,,193
4811,Cassia,mimosoides,7649706,,193
4812,Senna,obtusifolia,2957408,Cassia obtusifolia,193
4813,Senna,occidentalis,2957966,Cassia occidentalis,193
4814,Senna,tora,2957728,Cassia tora,193
4815,Chaiturus,marrubiastrum,2927071,,396
4816,Chamaecrista,mimosoides,2949769,,193
4817,Cissus,rheifolia,4052988,,190
4818,Clibadium,sprucei,3104744,,423
4819,Commiphora,socotrana,3993248,,253
4820,Argyrolobium,uniflorum,2963595,Cytisus uniflorus,193
4821,Dalbergia,lanceolaria,2968398,Dalbergia lanceolaria subsp. paniculata,193
4822,Degenia,velebitica,3043200,,273
4823,Delphinium,nuttallianum,3033734,,118
4824,Delphinium,virgatum,7917142,,118
4825,Dillenia,indica,5383898,,128
4826,Dipsacus,azureus,4103178,,438
4827,Erythrophleum,ivorense,2971190,,193
4828,Euphorbia,polyacantha,3066982,,166
4829,Reynoutria,japonica,7128523,Fallopia japonica var. japonica,333
4830,Reynoutria,multiflora,4038333,Fallopia multiflora,333
4831,Frangula,purshiana,8286637,,203
4832,Fridericia,triplinervia,7418332,,391
4833,Garcinia,smeathmannii,7384904,Garcinia polyantha,160
4834,Grangea,maderaspatana,8028873,,423
4835,Helichrysum,chionosphaerum,3131443,,423
4836,Hemerocallis,fulva,2781074,,65
4837,Hymenoxys,lemmonii,3150141,Hymenoxys lemmoni,423
4838,Jacquemontia,paniculata,6135830,,385
4839,Kniphofia,ensifolia,5305139,,65
4840,Kniphofia,insignis,5305127,,65
4841,Kniphofia,isoetifolia,5305167,,65
4842,Kniphofia,schimperi,5305121,,65
4843,Leptocereus,quadricostatus,5383992,,312
4844,Lespedeza,tomentosa,2946298,,193
4845,Lupinus,argenteus,7225188,Lupinus corymbosus,193
4846,Maclura,tinctoria,2984583,,202
4847,Magnolia,figo,3152997,,20
4848,Nepeta,granatensis,5610478,,396
4849,Onobrychis,arenaria,2972841,,193
4850,Petunia,inflata,3803094,Petunia integrifolia subsp. inflata,388
4851,Picramnia,antidesma,7329570,,246
4852,Picramnia,hirsuta,3708969,,246
4853,Cryptochilus,strictus,10756396,Pinalia stricta,75
4854,Psidium,guineense,5420509,Psidium araca,235
4855,Quercus,rubra,2880539,,209
4856,Ravenia,spectabilis,7269095,,257
4857,Rhamnus,alaternus,6371424,,203
4858,Rhamnus,virgata,7273971,Rhamnus davurica,203
4859,Frangula,purshiana,6371409,Rhamnus purshiana,203
4860,Rheum,acuminatum,4038181,,333
4861,Rheum,alexandrae,4038174,,333
4862,Rheum,compactum,7435913,Rheum altaicum,333
4863,Rheum,australe,4038150,,333
4864,Rheum,delavayi,4038012,,333
4865,Rheum,hotaoense,4037905,,333
4866,Rheum,inopinatum,4037890,,333
4867,Rheum,kialense,4037884,,333
4868,Rheum,likiangense,4037838,,333
4869,Rheum,nobile,4037708,,333
4870,Rheum,pumilum,4037600,,333
4871,Rheum,racemiferum,4037584,,333
4872,Rheum,spiciforme,4037435,Rheum reticulatum,333
4873,Rheum,rhaponticum,2888866,,333
4874,Rheum,ribes,4037514,,333
4875,Rheum,subacaule,4037417,,333
4876,Rheum,tataricum,7619233,,333
4877,Rheum,uninerve,4035090,,333
4878,Rheum,webbianum,4928642,,333
4879,Rheum,wittrockii,4035122,,333
4880,Rheum,yunnanense,4037379,,333
4881,Rhododendron,dahuricum,4165412,,355
4882,Rosa,pomifera,7589991,,204
4883,Rumex,acetosella,6709300,Rumex acetosella L. s.l. (R. acetosella L. s.str. and R.acetosella subsp. Pyrenaicus (Lapeyr.) Akeroyd),333
4884,Rumex,scutatus,7291657,Rumex alpestris Jacq.,333
4885,Rumex,alpinus,2888948,Rumex alpinus L.,333
4886,Rumex,aquaticus,2888992,Rumex aquaticus L.,333
4887,Rumex,bucephalophorus,2888993,,333
4888,Rumex,conglomeratus,2888963,Rumex conglomeratus Murray,333
4889,Rumex,crispus,8195144,Rumex crispus L.,333
4890,Rumex,cristatus,2889010,,333
4891,Rumex,hydrolapathum,7291247,Rumex hydrolapathum Huds.,333
4892,Rumex,longifolius,2888946,Rumex longifolius DC.,333
4893,Rumex,nivalis,4037955,Rumex nivalis Hegetschw.,333
4894,Rumex,obtusifolius,2889011,Rumex obtusifolius L.,333
4895,Rumex,patientia,2889019,,333
4896,Rumex,paulsenianus,4037414,,333
4897,Rumex,pulcher,2888978,Rumex pulcher L.,333
4898,Rumex,sanguineus,2888960,Rumex sanguineus L.,333
4899,Rumex,scutatus,2888961,,333
4900,Rumex,thyrsiflorus,6391417,Rumex thyrsiflorus Fingerh.,333
4901,Salvia,greggii,2927038,,396
4902,Senecio,behnii,3108426,,423
4903,Senna,garrettiana,2958015,,193
4904,Senna,reticulata,2957303,,193
4905,Siphonostegia,chinensis,3732295,,403
4906,Stevia,berlandieri,3125738,,423
4907,Stevia,ovata,3125509,,423
4908,Tagetes,filifolia,3088506,,423
4909,Tanacetum,coccineum,3118616,,423
4910,Taraxacum,kok-saghyz,5394473,,423
4911,Tectona,grandis,2925649,,396
4912,Xanthorrhoea,australis,2779447,,65
4913,Xanthorrhoea,preissii,2779434,,65
4914,Xanthorrhoea,resinosa,2779415,,65
4915,Rumex,acetosa,4037309,rumex plants,333
4916,Aconitum,liangshanicum,3923549,Aconitum pseudohuiliense,118
4917,Aconitum,sachalinense,7276652,,118
4918,Alstonia,deplanchei,7316855,,376
4919,Baccharis,megapotamica,7909615,,423
4920,Gynura,bicolor,3139958,Cacalia bicolor,423
4921,Centrosema,pascuorum,2964984,,193
4922,Eremocitrus,glauca,3190423,Citrus glauca,257
4923,Critonia,quadrangularis,5385790,,423
4924,Erigeron,bonariensis,3146717,Erigeron crispus,423
4925,Ficus,simplicissima,5570563,,202
4926,Flemingia,macrophylla,5359866,Flemingia congesta,193
4927,Haplophyllum,dauricum,5834556,,257
4928,Marrubium,supinum,8030513,,396
4929,Metalasia,capitata,3095230,Metalasia bolusii,423
4930,Orthosphenia,mexicana,3793934,,144
4931,Oxyanthus,speciosus,2901539,,381
4932,Quercus,dentata,2879353,,209
4933,Rhynchopsidium,pumilum,3098532,Relhania pumila,423
4934,Salacia,chinensis,5414293,Salacia prinoides,144
4935,Senecio,latifolius,8329580,,423
4936,Solanum,elaeagnifolium,2929892,,388
4937,Stevia,mercedensis,6064778,,423
4938,Strychnos,panamensis,7289427,Strychnos tabascana,380
4939,Styrax,hookeri,5541194,Styrax perkinsiae,367
4940,Swinglea,glutinosa,3837155,,257
4941,Theobroma,cacao,3152205,,265
4942,Verbesina,rupestris,3148091,,423
4943,Aconitum,volubile,7503031,,118
4944,Acronychia,baeuerlenii,3837226,,257
4945,Acronychia,pedunculata,3836457,Acronychia laurifolia,257
4946,Acronychia,pubescens,3836417,,257
4947,Aeollanthus,buchnerianus,3889884,,396
4948,Allium,ramosum,2857449,,63
4949,Balfourodendron,riedelianum,3833515,,257
4950,Senna,singueana,2957182,Cassia singueana,193
4951,Choisya,ternata,3833284,,257
4952,Clausena,dunniana,7269472,,257
4953,Cynoglossum,viridiflorum,8278544,,382
4954,Daphne,tangutica,7311461,,270
4955,Derris,montana,5350229,Derris malaccensis,193
4956,Echium,plantagineum,2925895,,382
4957,Erigeron,acris,3147080,,423
4958,Ertela,trifolia,3832240,,257
4959,Esenbeckia,febrifuga,8354126,,257
4960,Esenbeckia,leiocarpa,5592987,,257
4961,Esenbeckia,pilocarpoides,7269624,,257
4962,Flindersia,collina,3835529,,257
4963,Flindersia,maculosa,7445784,,257
4964,Flindersia,schottiana,7374217,,257
4965,Glycosmis,angustifolia,8223593,,257
4966,Glycosmis,cochinchinensis,7365146,,257
4967,Glycosmis,cyanocarpa,7269072,,257
4968,Glycosmis,pentaphylla,8241662,,257
4969,Halfordia,kendack,3832180,,257
4970,Haplophyllum,buxbaumii,7754513,,257
4971,Haplophyllum,obtusifolium,5834558,,257
4972,Haplophyllum,suaveolens,7569876,,257
4973,Haplophyllum,thesioides,8154292,,257
4974,Haplophyllum,vulcanicum,7789216,,257
4975,Helianthus,niveus,3093621,,423
4976,Helietta,apiculata,7802673,,257
4977,Hernandia,sonora,3034104,,24
4978,Ilex,oblonga,5534183,,416
4979,Leionema,nudum,3836032,,257
4980,Leptospermum,recurvum,3181744,,235
4981,Limonium,bicolor,4090155,,332
4982,Maclurodendron,oligophlebium,3834679,,257
4983,Melicope,frutescens,8636362,Melicope confusa,257
4984,Melicope,erromangensis,3833301,,257
4985,Melicope,leptococca,3832688,,257
4986,Melicope,semecarpifolia,3831500,,257
4987,Vepris,suaveolens,3834018,Oricia suaveolens,257
4988,Pachysandra,axillaris,7286008,,124
4989,Pitaviaster,haplophyllus,3836868,,257
4990,Ptelea,aptera,3836034,,257
4991,Raputiarana,heptaphylla,8074722,,257
4992,Ruta,chalepensis,3190381,,257
4993,Sarcomelicope,glauca,3831837,,257
4994,Strychnos,potatorum,7725922,,380
4995,Vepris,nobilis,3834246,Teclea nobilis,257
4996,Vepris,simplicifolia,3834051,Teclea simplicifolia,257
4997,Tinospora,crispa,8298918,,116
4998,Tinospora,malabarica,7848454,,116
4999,Tinospora,sinensis,3830295,,116
5000,Vepris,afzelii,3834804,,257
5001,Vepris,ampody,3834778,,257
5002,Vepris,oubanguensis,7467420,,257
5003,Vepris,renieri,3834118,,257
5004,Vepris,verdoorniana,3833931,,257
5005,Aglaia,crassinervia,5597818,,255
5006,Alternanthera,philoxeroides,3084923,,306
5007,Amorphophallus,konjac,2871520,,32
5008,Blumea,aromatica,5395607,,423
5009,Boltonia,asteroides,5393593,,423
5010,Commelina,communis,2764179,,81
5011,Derris,ovalifolia,5350243,,193
5012,Euphorbia,hirsuta,3065548,,166
5013,Euphorbia,lagascae,3065594,,166
5014,Gossypium,arboreum,3152663,,265
5015,Piscidia,piscipula,2956069,Ichthyomethia piscipula,193
5016,Macropidia,fuliginosa,2765828,,82
5017,Monodora,undulata,3648846,Monodora brevipes,15
5018,Ophryosporus,lorentzii,3140073,,423
5019,Phalaris,aquatica,5289746,,102
5020,Phaseolus,mungo,8305376,,193
5021,Sesamum,indicum,3172622,,406
5022,Tephrosia,purpurea,5342239,,193
5023,Artemisia,glauca,7774067,,423
5024,Artemisia,monosperma,3121634,,423
5025,Glebionis,segetum,3141101,,423
5026,Uvaria,lucida,3154233,Uvaria lucida ssp. lucida,15
5027,Antiaris,toxicaria,7262663,,202
5028,Albizia,odoratissima,2973031,,193
5029,Grevillea,banksii,2891792,,121
5030,Randonia,africana,3916683,,284
5031,Caroxylon,imbricatum,7889407,,306
5032,Sanchezia,oblonga,3778854,Sanchezia nobilis,390
5033,Euphorbia,quinquecostata,3064663,,166
5034,Blepharis,edulis,5575687,,390
5035,Capparis,decidua,7782352,,275
5036,Mallotus,nudiflorus,5378648,,166
5037,Acaciella,lemmonii,3794830,Acacia lemmoni,193
5038,Achillea,pratensis,3120104,,423
5039,Aconitum,kongboense,7277142,,118
5040,Adenocaulon,himalaicum,3092973,Adenocaulon adhaerescens,423
5041,Alcea,nudiflora,5930754,,265
5042,Artemisia,minor,3121555,,423
5043,Alocasia,montana,5329908,Arum montanum,32
5044,Atractylodes,macrocephala,3122454,,423
5045,Berberis,darwinii,3033905,,112
5046,Bistorta,amplexicaulis,7291264,,333
5047,Boronia,lanceolata,3837267,,257
5048,Campanula,pendula,5410178,,426
5049,Camptotheca,acuminata,3082210,,348
5050,Colicodendron,scabridum,3871842,Capparis angulata,275
5051,Carissa,spinarum,5536282,,376
5052,Chloranthus,holostegius,8199152,,28
5053,Cichorium,pumilum,5392270,,423
5054,Clerodendrum,infortunatum,3892486,,396
5055,Corydalis,crystallina,7816762,,117
5056,Epicharis,densiflora,5597549,Dysoxylum densiflorum,255
5057,Euphorbia,cattimandoo,3070323,,166
5058,Helichrysum,arenarium,3131809,,423
5059,Hemiphragma,heterophyllum,5559314,,408
5060,Incarvillea,delavayi,4091345,,391
5061,Incarvillea,mairei,7298303,,391
5062,Incarvillea,himalayensis,4091249,Incarvillea mairei var. grandiflora,391
5063,Ipomoea,purpurea,2928576,,385
5064,Klaseopsis,chinensis,4217313,,423
5065,Lasianthus,attenuatus,7507298,Lasianthus wallichii,381
5066,Leptolobium,bijugum,5358423,,193
5067,Ligularia,fischeri,5395398,,423
5068,Ligularia,nelumbifolia,5395549,,423
5069,Lomandra,hastilis,2770940,,64
5070,Mercurialis,leiocarpa,3062960,,166
5071,Microtoena,praineana,8351314,Microtoena prainiana,396
5072,Mycelis,muralis,3139040,,423
5073,Notholirion,bulbuliferum,2752055,Notholirion hyacinthinum,57
5074,Ochradenus,baccatus,7275957,,284
5075,Primula,denticulata,5641274,,362
5076,Prunus,serrulata,3022609,,204
5077,Prunus,yedoensis,3021335,,204
5078,Salvia,guaranitica,7486599,,396
5079,Saussurea,laniceps,5404639,,423
5080,Smilax,china,5295472,,62
5081,Solanum,campaniforme,2931667,,388
5082,Solanum,nigrum,9150405,,388
5083,Teucrium,cossonii,7308597,,396
5084,Thelocactus,bicolor,3084405,,312
5085,Tillandsia,recurvata,2695588,,94
5086,Tocoyena,formosa,2898239,,381
5087,Vincetoxicum,shaanxiense,10804902,,376
5088,Ziziphora,clinopodioides,7308799,,396
5089,Aconitum,polyschistum,3921888,,118
5090,Adenocarpus,foliolosus,2951641,,193
5091,Aegiphila,verticillata,3890115,,396
5092,Aerva,tomentosa,8000594,,306
5093,Aldama,aspilioides,7492356,,423
5094,Aldama,atacamensis,9541619,,423
5095,Aldama,canescens,9328447,,423
5096,Aldama,helianthoides,9392518,,423
5097,Aldama,lanceolata,9389961,,423
5098,Aldama,latibracteata,9330939,,423
5099,Aldama,linearis,9396503,,423
5100,Aldama,robusta,7666394,,423
5101,Aldama,tucumanensis,9296436,,423
5102,Alepidea,amatymbica,3633432,,439
5103,Alepidea,comosa,3633320,,439
5104,Alepidea,galpinii,3633238,,439
5105,Alepidea,insculpta,3633206,,439
5106,Alepidea,longifolia,7483342,,439
5107,Alepidea,natalensis,3633094,,439
5108,Alepidea,peduncularis,3633063,,439
5109,Alepidea,serrata,3632981,,439
5110,Alepidea,thodei,3632925,,439
5111,Alepidea,woodii,3632904,,439
5112,Alpinia,javanica,5302006,,93
5113,Alstonia,angustiloba,5535765,,376
5114,Anisocycla,cymosa,5592603,,116
5115,Annona,bullata,5407122,,15
5116,Annona,senegalensis,5407251,,15
5117,Anthoxanthum,nitens,2703346,,102
5118,Aralia,cordata,3037015,,441
5119,Aralia,racemosa,3036958,,441
5120,Aristolochia,constricta,3589090,,10
5121,Artemisia,kaschgarica,3121576,,423
5122,Artemisia,pectinata,8426320,,423
5123,Aspilia,jolyana,5396421,,423
5124,Aspilia,mossambicensis,5396229,,423
5125,Wedelia,silphioides,5396297,Aspilia silphioides,423
5126,Astragalus,falcatus,5347276,,193
5127,Baccharis,grandicapitulata,3129194,,423
5128,Baccharis,intermixta,3129929,,423
5129,Baccharis,lateralis,3129272,,423
5130,Baccharis,minutiflora,3129169,,423
5131,Baccharis,phylicoides,3129314,,423
5132,Baccharis,polyphylla,8127527,,423
5133,Baccharis,retusa,3129911,,423
5134,Bahia,ambrosioides,3095499,,423
5135,Barleria,prionitis,3173129,,390
5136,Bedfordia,arborescens,5386071,,423
5137,Beesia,calthifolia,3927581,,118
5138,Betula,glandulosa,5331640,Betula exilis,207
5139,Beyeria,calycina,5380386,,166
5140,Boschniakia,rossica,3173325,,403
5141,Bursera,kerberi,3993515,,253
5142,Calanticaria,greggii,3109176,,423
5143,Calocephalus,knappii,5388800,,423
5144,Casearia,corymbosa,5603969,,187
5145,Stenocereus,dumortieri,3960644,Cereus dumortieri,312
5146,Selenicereus,ocamponis,10754082,Cereus ocamponis,312
5147,Chrozophora,oblongifolia,3054429,,166
5148,Cicer,bijugum,2947306,,193
5149,Clerodendrum,brachyanthum,3895010,,396
5150,Clerodendrum,trichotomum,2925366,,396
5151,Clethra,macrophylla,3718126,,351
5152,Clibadium,eggersii,3104790,,423
5153,Clinacanthus,nutans,3774284,,390
5154,Coffea,liberica,2895394,Coffea liberica var. dewevrei,381
5155,Copaifera,langsdorffii,2978171,,193
5156,Cordyla,africana,5358326,,193
5157,Craspedia,glauca,5389177,,423
5158,Critonia,hebebotrya,5385734,,423
5159,Crotalaria,barbata,2942030,,193
5160,Crotalaria,stolzii,2942124,,193
5161,Croton,oblongifolius,8056545,,166
5162,Crypteronia,paniculata,8173081,,232
5163,Delphinium,confusum,3922043,,118
5164,Delphinium,giraldii,8213492,,118
5165,Dendroviguiera,insignis,9267147,,423
5166,Dendroviguiera,sylvatica,7663549,,423
5167,Diospyros,mafiensis,4069991,,354
5168,Disynaphia,multicrenulata,3142805,,423
5169,Duroia,hirsuta,2892105,,381
5170,Thapsia,asclepium,5538837,Elaeoselinum asclepium,439
5171,Eleutherococcus,trifoliatus,3035456,,441
5172,Espeletia,guacharaca,4207763,,423
5173,Espeletia,semiglobulata,3105091,,423
5174,Espeletia,spectabilis,3091946,,423
5175,Eucalyptus,albens,7908015,,235
5176,Euonymus,fortunei,3169137,,144
5177,Ageratina,pichinchensis,5400249,Eupatorium aschenbornianum,423
5178,Eupatorium,petiolare,7526969,,423
5179,Filago,congesta,3115828,,423
5180,Gnaphalium,liebmannii,7578136,,423
5181,Gnaphalium,oxyphyllum,7985070,,423
5182,Gonzalezia,hypargyrea,9022510,,423
5183,Goyazianthus,tetrastichus,3094728,,423
5184,Guizotia,scabra,3088623,,423
5185,Gutierrezia,dracunculoides,7522544,,423
5186,Hedysarum,gmelinii,2960885,Hedysarum gmelini,193
5187,Helenium,integrifolium,5401819,,423
5188,Helianthus,heterophyllus,3119234,,423
5189,Helianthus,petiolaris,3119225,,423
5190,Helianthus,simulans,3119222,,423
5191,Helichrysum,aureum,3131596,,423
5192,Helichrysum,cameroonense,3131701,,423
5193,Helichrysum,fulvum,3131557,,423
5194,Helichrysum,graveolens,3131479,,423
5195,Helichrysum,kraussii,3131274,,423
5196,Helichrysum,moeserianum,3131687,,423
5197,Helichrysum,reflexum,3131181,,423
5198,Ichthyothere,connata,3125438,,423
5199,Ichthyothere,terminalis,7979224,,423
5200,Indocypraea,montana,9519487,,423
5201,Iostephane,heterophylla,3094872,,423
5202,Iostephane,madrensis,3094869,,423
5203,Iris,halophila,5298443,,72
5204,Knema,furfuracea,3743567,,19
5205,Lasianthaea,podocephala,3134321,,423
5206,Lasianthaea,fruticosa,3134333,Lasianthea fruticosa,423
5207,Espeletia,banksiifolia,10712744,Libanothamnus banksiifolius,423
5208,Melampodium,leucanthum,3139009,,423
5209,Microglossa,pyrrhopappa,5698296,,423
5210,Mikania,banisteriae,5398786,,423
5211,Mikania,glomerata,7337157,,423
5212,Mikania,lindbergii,5398711,,423
5213,Mikania,monagasensis,5696702,,423
5214,Mikania,vitifolia,5398743,,423
5215,Mitrephora,celebica,3155036,,15
5216,Mitrephora,macrocarpa,6308387,,15
5217,Mitrephora,tomentosa,3155068,,15
5218,Montanoa,frutescens,5406099,,423
5219,Montanoa,gigas,5694688,,423
5220,Montanoa,laskowskii,10342877,,423
5221,Montanoa,leucantha,5406128,,423
5222,Montanoa,speciosa,5406073,,423
5223,Montanoa,tomentosa,5406080,,423
5224,Morella,pensylvanica,3169001,,211
5225,Nassauvia,darwinii,3099054,,423
5226,Atadinus,fallax,9581355,Oreoherzogia fallax,203
5227,Ouratea,semiserrata,7326844,,177
5228,Oyedaea,verbesinoides,3086681,,423
5229,Ozothamnus,adnatus,3111876,,423
5230,Ozothamnus,bilobus,3111959,,423
5231,Panax,trifoliatus,5529412,,441
5232,Papaver,canescens,3602674,Papaver pseudocanescens,117
5233,Pappobolus,matthewsii,3093658,,423
5234,Pappobolus,stuebelii,3093666,,423
5235,Parinari,sprucei,2984995,,159
5236,Pascalia,glauca,3126654,,423
5237,Patrinia,intermedia,7483384,,438
5238,Pellacalyx,axillaris,3874287,,186
5239,Perymeniopsis,ovalifolia,3146338,,423
5240,Perymenium,discolor,3132179,,423
5241,Perymenium,featherstonei,4239106,,423
5242,Perymenium,klattianum,3132153,,423
5243,Rhadinothamnus,rudis,7269048,Phebalium rude,257
5244,Phlomis,crinita,7307299,,396
5245,Piper,taboganum,7305006,,13
5246,Piptocarpha,poeppigiana,5406592,Piptocarpha chontalensis,423
5247,Pleurothyrium,cinereum,5685828,,25
5248,Polygala,reinii,7293435,,195
5249,Premna,oligotricha,3896693,,396
5250,Pseudognaphalium,cheiranthifolium,3103113,,423
5251,Pseudognaphalium,gayanum,3103318,Pseudognaphalium heterotrichum,423
5252,Pseudognaphalium,schraderi,3101022,,423
5253,Pseudognaphalium,viravira,3103311,,423
5254,Pseudognaphalium,viscosum,8042156,,423
5255,Psidium,acutangulum,5420626,,235
5256,Psychotria,calocarpa,2922502,,381
5257,Isodon,interruptus,5608996,Rabdosia kunmingensis,396
5258,Renealmia,alpinia,5302606,,93
5259,Retama,raetam,3961566,Retama duriaei,193
5260,Rubia,schumanniana,2892296,,381
5261,Rubus,constrictus,2999327,Rubus vestii,204
5262,Sabal,causiarum,2732493,,79
5263,Sagittaria,trifolia,5328972,,30
5264,Sanango,racemosum,4055793,,395
5265,Senecio,asperulus,3108075,,423
5266,Tephroseris,palustris,7363445,Senecio congestus,423
5267,Senecio,portalesianus,3108697,,423
5268,Senecio,variabilis,7451098,,423
5269,Sideritis,dasygnaphala,3891646,,396
5270,Smallanthus,macvaughii,3145298,,423
5271,Smallanthus,sonchifolius,3145311,,423
5272,Solidago,missouriensis,5389117,,423
5273,Solidago,nemoralis,5389028,,423
5274,Steiractinia,sodiroi,3120458,,423
5275,Stellaria,media,5384604,,313
5276,Stevia,monardifolia,3125667,,423
5277,Stevia,yaconensis,6064716,,423
5278,Steyermarkina,dispalata,3105548,,423
5279,Tephroseris,kirilowii,3131094,,423
5280,Tersonia,brevipes,3718345,,279
5281,Tetrachyron,orizabaensis,3130072,,423
5282,Thapsia,foetida,5538797,,439
5283,Tithonia,longiradiata,5396548,,423
5284,Tridax,trilobata,3149443,,423
5285,Tugarinovia,mongolica,3100296,,423
5286,Turraea,holstii,3849756,,255
5287,Ulmus,laevis,7303616,,205
5288,Viguiera,dentata,5389737,,423
5289,Viguiera,maculata,5389728,,423
5290,Wedelia,angustifolia,7787247,,423
5291,Wedelia,foliacea,5699229,,423
5292,Wedelia,subalpestris,7534800,Wedelia hispidantha,423
5293,Wedelia,hookeriana,5386545,,423
5294,Wedelia,laevissima,8037550,,423
5295,Wedelia,montevidensis,5698931,,423
5296,Wedelia,ovalifolia,5698915,,423
5297,Wedelia,riedellii,5396320,,423
5298,Lipoblepharis,urticifolia,9285830,Wedelia urticifolia,423
5299,Wollastonia,biflora,5386813,,423
5300,Werneria,ciliolata,5402732,Xenophyllum ciliolatum,423
5301,Werneria,decora,5698629,Xenophyllum decorum,423
5302,Xylopia,brasiliensis,3157181,,15
5303,Xylopia,emarginata,3157276,,15
5304,Xylopia,frutescens,3157107,,15
5305,Abrus,pulchellus,7727173,,193
5306,Achillea,asiatica,3120173,,423
5307,Achillea,cuneatiloba,3120372,,423
5308,Achillea,wilhelmsii,6063711,,423
5309,Ocotea,insularis,4180552,Aiouea costaricensis,25
5310,Allium,victorialis,2857132,,63
5311,Alpinia,carinata,5302238,,93
5312,Angelica,biserrata,5537846,Angelica pubescens f.biserrata,439
5313,Arnebia,guttata,7295244,,382
5314,Artemisia,alba,3121088,,423
5315,Artemisia,arbuscula,3120855,,423
5316,Artemisia,jacutica,3120801,,423
5317,Artemisia,lagocephala,7670909,,423
5318,Artemisia,macrocephala,3120977,,423
5319,Artemisia,molinieri,3121278,,423
5320,Artemisia,rubripes,3121474,,423
5321,Artemisia,santonicum,3120981,,423
5322,Haloxylon,griffithii,7068840,Arthrophytum leptocladum,306
5323,Aucoumea,klaineana,3992751,,253
5324,Blepharis,scindica,5575318,Blepharis sindica,390
5325,Boronia,latipinna,3837167,,257
5326,Boswellia,frereana,5421351,,253
5327,Caesulia,axillaris,3094956,,423
5328,Clinopodium,brevifolium,10836902,Calamintha incana,396
5329,Casimiroa,greggii,3833911,,257
5330,Centaurea,benedicta,3127691,,423
5331,Centratherum,punctatum,3090864,,423
5332,Chaerophyllum,macrospermum,3641529,,439
5333,Dysphania,multifida,5568361,Chenopodium multifidum,306
5334,Leiocarpa,semicalva,7065850,Chrysocephalum ambiguum,423
5335,Cinnamomum,impressinervium,4183197,,25
5336,Cinnamomum,tamala,9128079,,25
5337,Clinopodium,brownei,2926921,,396
5338,Clinopodium,gilliesii,3887220,,396
5339,Clinopodium,suaveolens,3885574,,396
5340,Coleus,amboinicus,5341313,,396
5341,Commiphora,quadricincta,3993713,,253
5342,Conobea,scoparioides,3729435,,408
5343,Conyza,incana,7836644,,423
5344,Crateva,religiosa,3054263,,275
5345,Cryptotaenia,japonica,3034432,,439
5346,Cyclotrichium,niveum,5610842,,396
5347,Dendrobium,chrysanthum,5315454,,75
5348,Echinophora,chrysantha,5538781,,439
5349,Echinophora,lamondiana,8324385,,439
5350,Echinophora,orientalis,5538735,,439
5351,Echinophora,tournefortii,5538695,,439
5352,Elsholtzia,blanda,8002762,,396
5353,Eschweilera,coriacea,3083231,,357
5354,Eucalyptus,approximans,3176484,,235
5355,Eucalyptus,burgessiana,3176544,,235
5356,Eucalyptus,deglupta,3176325,,235
5357,Eucalyptus,dendromorpha,3176461,,235
5358,Eucalyptus,fraxinoides,3176541,,235
5359,Eucalyptus,macarthurii,3176477,,235
5360,Eucalyptus,mitchelli,3716258,,235
5361,Eucalyptus,paliformis,3176294,,235
5362,Eucalyptus,pellita,3176665,,235
5363,Eucalyptus,polybractea,3176242,,235
5364,Eucalyptus,stenostoma,3177284,,235
5365,Eucalyptus,triflora,3176727,,235
5366,Falcaria,vulgaris,5371782,,439
5367,Ferula,fukanensis,3638579,,439
5368,Ferula,jaeschkeana,3638132,,439
5369,Ferula,sinkiangensis,3636475,,439
5370,Ferulago,contracta,3635742,,439
5371,Gastrolobium,callistachys,5350176,,193
5372,Geum,heterocarpum,5369961,,204
5373,Guatteria,hispida,3648262,,15
5374,Helichrysum,ambiguum,7579450,,423
5375,Hesperozygis,rhododon,3885158,,396
5376,Heterocondylus,didymus,9544742,,423
5377,Hypericum,heterophyllum,3711859,,170
5378,Kunzea,salina,6306352,,235
5379,Lantana,indica,7486285,,415
5380,Lanxangia,tsao-ko,10966714,,93
5381,Latua,pubiflora,3800827,,388
5382,Limnophila,repens,7370121,,408
5383,Lindera,pulcherrima,5685549,Lindera pulcherrima var. hemsleyana,25
5384,Lippia,chevalieri,8153018,,415
5385,Melaleuca,dissitiflora,5415840,,235
5386,Mentha,canadensis,2927198,Mentha haplocalyx,396
5387,Mikania,cordifolia,5398689,,423
5388,Mikania,parviflora,5398483,,423
5389,Molopospermum,peloponnesiacum,6026454,,439
5390,Myrciaria,rupestris,9445145,,235
5391,Nepeta,nepetella,7309064,,396
5392,Nepeta,trachonitica,5609543,,396
5393,Nidorella,resedifolia,3117464,,423
5394,Nigella,sativa,7430837,Nigella glandulifera,118
5395,Mespilodaphne,veraguensis,10960347,Ocotea veraguensis,25
5396,Oenanthe,aquatica,5371888,,439
5397,Parthenium,confertum,3086797,,423
5398,Parthenium,fruticosum,3086796,,423
5399,Parthenium,hysterophorus,3086784,,423
5400,Parthenium,incanum,3086793,,423
5401,Parthenium,schottii,3086801,,423
5402,Parthenium,tomentosum,3086795,,423
5403,Pelargonium,graveolens,2891608,,229
5404,Pelargonium,ternifolium,3826911,,229
5405,Pelargonium,vitifolium,2891610,,229
5406,Hyptis,comaroides,7893306,Peltodon longipes,396
5407,Periploca,graeca,5414545,,376
5408,Leionema,gracile,3836103,Phebalium gracile,257
5409,Piper,gibbilimbum,4189286,,13
5410,Piper,regnellii,7305320,,13
5411,Piper,vitaceum,7305436,,13
5412,Pittosporum,balfourii,4161754,,445
5413,Poliomintha,incana,2926891,,396
5414,Prangos,uechtritzii,3630124,,439
5415,Prostanthera,ovalifolia,7308187,,396
5416,Prunus,armenica,3022698,,204
5417,Psidium,salutare,5420440,Psidium salutare var. pohlianum,235
5418,Pteronia,incana,5394765,,423
5419,Pycnanthemum,floridanum,2927344,,396
5420,Remijia,pedunculata,7457298,,381
5421,Rhanterium,epapposum,3110118,,423
5422,Rhododendron,tomentosum,6400569,,355
5423,Rudbeckia,hirta,3114225,,423
5424,Ruta,angustifolia,3832875,,257
5425,Salvadora,persica,5580727,,287
5426,Salvia,aurea,3884533,,396
5427,Saracha,viscosa,7565731,,388
5428,Satureja,parnassica,7309367,,396
5429,Scalesia,affinis,3147704,,423
5430,Scalesia,baurii,3147716,,423
5431,Scalesia,cordata,4248856,,423
5432,Scalesia,crockeri,4248847,,423
5433,Scalesia,helleri,3147703,,423
5434,Scalesia,incisa,3147712,,423
5435,Scalesia,microcephala,6065040,,423
5436,Scalesia,pedunculata,3147698,,423
5437,Scalesia,stewartii,3147702,,423
5438,Scalesia,villosa,3147711,,423
5439,Sideritis,perfoliata,3889407,Sideritis athoa,396
5440,Sideritis,condensata,3891804,,396
5441,Sideritis,congesta,3891788,,396
5442,Siparuna,thecaphora,3782358,,27
5443,Sium,latifolium,3034530,,439
5444,Solanecio,biafrae,3090974,,423
5445,Solanum,stramonifolium,2930283,Solanum toxicarum,388
5446,Solidago,gigantea,5389017,,423
5447,Tambourissa,leptophylla,3782281,,26
5448,Tanacetum,millefolium,3118349,,423
5449,Tessaria,fastigiata,3114917,,423
5450,Thymus,baeticus,8363061,,396
5451,Thymus,cariensis,5607508,,396
5452,Thymus,cilicicus,5607463,,396
5453,Thymus,quinquecostatus,7686490,Thymus magnus,396
5454,Thymus,sipyleus,7306634,,396
5455,Thymus,villosus,7593115,,396
5456,Trichostema,lanceolatum,2926654,,396
5457,Trifolium,repens,5358748,Trifolium repens L.,193
5458,Urolepis,hecatantha,5403036,,423
5459,Vaccinium,angustifolium,2882868,,355
5460,Vepris,boiviniana,3834697,,257
5461,Xanthium,orientale,3089146,,423
5462,Urospermum,picroides,3096624,,423
5463,Artemisia,reptans,8623188,,423
5464,Swietenia,macrophylla,3190484,,255
5465,Abeliophyllum,distichum,7326165,,402
5466,Acacia,kempeana,2980901,,193
5467,Vachellia,lasiopetala,8182473,Acacia lasiopetala,193
5468,Acanthus,ebracteatus,5415454,,390
5469,Aconitum,racemulosum,7276693,,118
5470,Adonis,aleppica,5616541,,118
5471,Aeginetia,indica,3173321,,403
5472,Aegiphila,obducta,3891369,,396
5473,Aframomum,sulcatum,2758909,,93
5474,Ajuga,incisa,3887333,,396
5475,Ajuga,japonica,3887276,,396
5476,Ajuga,nipponensis,7307111,,396
5477,Alhagi,pseudalhagi,2945104,Alhagi persarum,193
5478,Allium,stipitatum,2856593,,63
5479,Alnus,mandshurica,2876499,,207
5480,Tonduzia,longifolia,5536063,Alstonia pittieri,376
5481,Alysicarpus,bupleurifolius,2948656,,193
5482,Amphilophium,paniculatum,3172589,,391
5483,Anemone,glaucifolia,3926253,Anemoclema glaucifolium,118
5484,Aniba,hostmanniana,4181158,Aniba gigantifolia,25
5485,Antirrhinum,majus,3172001,,408
5486,Arctotheca,calendula,3114986,,423
5487,Arisaema,triphyllum,2867316,,32
5488,Artemisia,frigida,3121436,,423
5489,Asphodeline,damascena,2777081,,65
5490,Asystasia,intrusa,7468660,,390
5491,Avicennia,germinans,2925400,,390
5492,Avicennia,marina,2925403,,390
5493,Bacopa,crenata,3731342,,408
5494,Bacopa,monnieri,3171169,,408
5495,Badilloa,salicina,3110836,,423
5496,Baillonella,toxisperma,2886261,,364
5497,Ballota,nigra,2926894,,396
5498,Barleria,lupulina,3173126,,390
5499,Barleria,strigosa,3770457,,390
5500,Bartsia,alpina,3170807,,403
5501,Vitellaria,paradoxa,7065379,Bassia parkii,364
5502,Betonica,macrantha,3905825,,396
5503,Myoporum,bontioides,3745841,Bontia bontioides,411
5504,Brandisia,hancei,3732880,,403
5505,Brodiaea,californica,8044825,,64
5506,Buddleja,globosa,6387494,,411
5507,Buddleja,officinalis,3173336,,411
5508,Buddleja,parviflora,4055780,,411
5509,Buddleja,salviifolia,4055797,,411
5510,Buddleja,yunnanensis,4055815,,411
5511,Byblis,liniflora,5635103,,392
5512,Calceolaria,adscendens,3730660,,393
5513,Calceolaria,andina,3730459,,393
5514,Calceolaria,biflora,3729930,,393
5515,Calceolaria,corymbosa,3729134,,393
5516,Calceolaria,glandulosa,8366834,,393
5517,Calceolaria,hypericina,8095625,,393
5518,Calceolaria,integrifolia,3726586,,393
5519,Calceolaria,plectranthifolia,7571263,,393
5520,Calceolaria,purpurea,7844490,,393
5521,Calceolaria,thyrsiflora,7506680,,393
5522,Calea,morii,3147636,,423
5523,Callicarpa,dichotoma,5341132,,396
5524,Callicarpa,kwangtungensis,7308844,,396
5525,Callicarpa,nudiflora,5609427,,396
5526,Callitriche,stagnalis,5372487,,408
5527,Carex,distachya,2724954,,95
5528,Carpinus,laxiflora,2875910,,207
5529,Caryopteris,incana,7308640,,396
5530,Cassinopsis,madagascariensis,3596651,,371
5531,Cassytha,filiformis,3033999,,25
5532,Castanopsis,cuspidata,5333089,,209
5533,Castilleja,angustifolia,3739213,Castilleja angustifolia var. dubia,403
5534,Castilleja,attenuata,3170723,,403
5535,Castilleja,indivisa,3170612,,403
5536,Castilleja,integra,3170569,,403
5537,Castilleja,linariifolia,3170636,Castilleja linariaefolia,403
5538,Castilleja,minor,3170711,,403
5539,Castilleja,minor,3736564,Castilleja minor var. exilis,403
5540,Castilleja,purpurea,3170619,,403
5541,Castilleja,sessiliflora,3170616,,403
5542,Castilleja,wightii,3170633,,403
5543,Centaurea,triumfettii,8410641,Centaurea cana,423
5544,Trichocereus,macrogonus,11093098,Cereus pachanoi,312
5545,Stenocereus,stellatus,7284680,Cereus stellatus,312
5546,Chelone,obliqua,5414932,,408
5547,Cinchona,pubescens,2901294,Cinchona succirubra,381
5548,Cistanche,deserticola,3730700,,403
5549,Cistanche,laxiflora,12264491,Cistanche mongolica,403
5550,Cistanche,phelypaea,7332229,,403
5551,Cistanche,tubulosa,7332217,,403
5552,Clerodendrum,bungei,2925351,,396
5553,Comanthosphace,japonica,7946150,,396
5554,Connarus,paniculatus,7326614,,148
5555,Crepis,capillaris,5403304,,423
5556,Crotalaria,lachnosema,2942265,,193
5557,Cyathula,tomentosa,5548492,,306
5558,Danae,racemosa,5303891,,64
5559,Daphniphyllum,calycinum,4261959,,134
5560,Decaisnea,insignis,5686494,Decaisnea fargesii,115
5561,Dendrobium,crepidatum,5317107,,75
5562,Dendrobium,thyrsiflorum,8288918,,75
5563,Deplanchea,speciosa,4092824,,391
5564,Digitalis,purpurea,5414995,,408
5565,Diospyros,buxifolia,4070235,,354
5566,Dolichandrone,heterophylla,4091141,,391
5567,Dolichandrone,serrulata,4091062,,391
5568,Stephanotis,volubilis,12202584,Dregea volubilis,376
5569,Echinacea,angustifolia,3150933,,423
5570,Echinacea,pallida,3150919,,423
5571,Eremophila,clarkei,8386543,,411
5572,Eremophila,decipiens,7604594,,411
5573,Eremophila,denticulata,8245588,,411
5574,Eremophila,drummondii,8352502,,411
5575,Eremophila,forrestii,8359560,,411
5576,Eremophila,gilesii,6034552,,411
5577,Eremophila,glabra,6034547,,411
5578,Eremophila,viscida,8286307,,411
5579,Eucalyptus,kitsoniana,3176533,,235
5580,Eulophia,ochreata,5311540,,75
5581,Tetradium,ruticarpum,5594365,Euodia bodinieri,257
5582,Euonymus,japonicus,7102937,,144
5583,Euphorbia,murielii,3066043,Euphorbia calycina,166
5584,Euphrasia,rubra,3736655,,403
5585,Exochorda,racemosa,6287856,Exochorda giraldii,204
5586,Fagraea,ceilanica,7289420,,379
5587,Fontanesia,fortunei,3683625,,402
5588,Forsythia,europaea,5549548,,402
5589,Forsythia,giraldiana,7325954,,402
5590,Forsythia,koreana,7325949,,402
5591,Forsythia,ovata,5415055,,402
5592,Fraxinus,angustifolia,7325877,,402
5593,Fraxinus,excelsior,3172358,,402
5594,Fraxinus,griffithii,6433113,Fraxinus formosana,402
5595,Fraxinus,malacophylla,7325983,,402
5596,Fraxinus,uhdei,3172371,,402
5597,Gardenia,carinata,5334934,,381
5598,Globularia,bisnagarica,5578472,,408
5599,Globularia,dumulosa,5578444,,408
5600,Globularia,orientalis,5578471,,408
5601,Globularia,trichosantha,7265180,,408
5602,Guatteria,subsessilis,3155757,,15
5603,Scadoxus,puniceus,2860719,Haemanthus natalensis,63
5604,Halleria,lucida,5560356,,412
5605,Helenium,elegans,5401824,,423
5606,Himantoglossum,hircinum,5324951,,75
5607,Hippuris,vulgaris,5372503,,408
5608,Hordeum,vulgare,9775845,Hordeum vulgare var. distichon,102
5609,Hygrophila,erecta,5575565,,390
5610,Hymenaea,courbaril,2950750,,193
5611,Hymenocardia,acida,3082045,,181
5612,Incarvillea,diffusa,4091340,Incarvillea arguta,391
5613,Isodon,pleiophyllus,7308560,,396
5614,Ixora,undulata,10986690,,381
5615,Jacaranda,caucana,7298785,,391
5616,Jacaranda,mimosifolia,3172499,,391
5617,Jasminum,amplexicaule,7722901,,402
5618,Jasminum,elongatum,3172264,,402
5619,Jasminum,mesnyi,3172272,,402
5620,Jasminum,nudiflorum,3172266,,402
5621,Jasminum,polyanthum,3682631,,402
5622,Jasminum,sambac,7587215,,402
5623,Kigelia,africana,7298549,Kigelia pinnata,391
5624,Laburnum,watereri,5356351,,193
5625,Lagotis,brevituba,7707612,,408
5626,Lagotis,stolonifera,8014974,,408
5627,Lamium,garganicum,7308042,,396
5628,Lamium,purpureum,2926682,,396
5629,Lancea,tibetica,7469425,,401
5630,Lantana,fucata,2925328,,415
5631,Lantana,radula,7297276,,415
5632,Lantana,trifolia,2925321,,415
5633,Leonotis,ocymifolia,7307635,Leonotis leonitis,396
5634,Leonotis,nepetifolia,4924659,,396
5635,Leonurus,cardiaca,5341389,,396
5636,Lepidophorum,repandum,3091325,,423
5637,Ligustrum,expansum,3683349,,402
5638,Ligustrum,japonicum,3172301,Ligustrum japonicus,402
5639,Ligustrum,robustum,6432960,,402
5640,Lindera,sericea,7304439,,25
5641,Lippia,alba,2925385,,415
5642,Lippia,rubella,4084396,,415
5643,Littorella,uniflora,5421111,,408
5644,Lupinus,mutabilis,2964711,,193
5645,Lysionotus,pauciflorus,6365649,,395
5646,Markhamia,lutea,5668625,,391
5647,Marrubium,alysson,3882151,,396
5648,Melampodium,argophyllum,3138971,,423
5649,Mitraria,coccinea,5591192,,395
5650,Monochasma,savatieri,8052261,,403
5651,Montanoa,guatemalensis,5406123,,423
5652,Myristica,malabarica,5564291,,19
5653,Nepeta,ucranica,7308802,,396
5654,Newbouldia,laevis,4091370,,391
5655,Orobanche,amethystea,7519710,,403
5656,Orobanche,coerulescens,8195627,,403
5657,Orobanche,hederae,3733128,,403
5658,Orobanche,rapum-genistae,3731346,,403
5659,Osmanthus,fragrans,3172278,,402
5660,Osmanthus,fortunei,3172279,Osmanthus × fortunei,402
5661,Oxera,morierei,8123364,Oxera morieri,396
5662,Ozothamnus,obcordatus,3112015,,423
5663,Paliurus,spina-christi,5372457,,203
5664,Panzerina,lanata,7307640,,396
5665,Pedicularis,artselaeri,3726456,,403
5666,Pedicularis,condensata,3725264,,403
5667,Pedicularis,densispica,3724780,,403
5668,Pedicularis,lasiophrys,3741693,,403
5669,Pedicularis,longiflora,7333286,,403
5670,Pedicularis,nordmanniana,3740715,,403
5671,Pedicularis,rex,7333098,,403
5672,Pedicularis,sibthorpii,7333033,,403
5673,Pedicularis,spicata,7333007,,403
5674,Pedicularis,striata,3738801,,403
5675,Pedicularis,torta,3738334,,403
5676,Pedicularis,verticillata,3171697,,403
5677,Pedicularis,wilhelmsiana,3737961,,403
5678,Penstemon,albidus,3171339,,408
5679,Penstemon,ambiguus,3171442,,408
5680,Penstemon,auriberbis,3171565,,408
5681,Penstemon,crandallii,7957697,,408
5682,Penstemon,cyathophorus,3171450,,408
5683,Penstemon,gentianoides,3734628,,408
5684,Penstemon,hirsutus,3171613,,408
5685,Penstemon,linarioides,3171477,,408
5686,Penstemon,nitidus,3171434,,408
5687,Penstemon,roseus,3730926,,408
5688,Penstemon,rydbergii,3171536,,408
5689,Penstemon,secundiflorus,3171504,,408
5690,Peumus,boldus,3034108,,26
5691,Phillyrea,latifolia,7325923,,402
5692,Phlomis,armeniaca,3888624,,396
5693,Phlomis,aurea,3888595,,396
5694,Phlomis,brunneogaleata,3888419,,396
5695,Phlomis,grandiflora,7307247,,396
5696,Phlomis,herba-venti,7307235,,396
5697,Phlomis,samia,3886466,,396
5698,Phlomoides,tuberosa,3884879,,396
5699,Phtheirospermum,japonicum,3727799,,403
5700,Phyla,nodiflora,7455425,Phyla nodiflora minor,415
5701,Pinguicula,moranensis,7297919,,398
5702,Plantago,afra,7303104,,408
5703,Plantago,alpina,7303060,,408
5704,Plantago,altissima,3189738,,408
5705,Plantago,arborescens,7303029,,408
5706,Plantago,atrata,8083357,,408
5707,Plantago,australis,3189718,,408
5708,Plantago,bellardii,4156114,,408
5709,Plantago,coronopus,3189739,,408
5710,Plantago,crassifolia,7989044,,408
5711,Plantago,cretica,4156116,,408
5712,Plantago,lagopus,8022932,,408
5713,Plantago,myosuros,7303024,,408
5714,Plantago,nivalis,7836192,,408
5715,Plantago,patagonica,3189704,,408
5716,Plantago,raoulii,4155299,,408
5717,Plantago,reniformis,4156504,,408
5718,Plantago,sempervirens,7303117,,408
5719,Plantago,serraria,4155863,,408
5720,Plantago,subspathulata,4155439,,408
5721,Plantago,subulata,8067043,,408
5722,Plantago,unibracteata,4155890,,408
5723,Plantago,webbii,4155514,,408
5724,Coleus,lanuginosus,8424843,Plectranthus lanuginosus,396
5725,Plectranthus,parviflorus,8007957,,396
5726,Polygonatum,stenophyllum,2770000,,64
5727,Premna,corymbosa,7713954,,396
5728,Prostanthera,melissifolia,7308198,,396
5729,Pseudoxandra,cuspidata,3158203,,15
5730,Psydrax,lividus,2893112,Psydrax livida,381
5731,Quercus,pedunculata,7576075,,209
5732,Recordia,reitzii,7350939,,415
5733,Retzia,capensis,5611068,,412
5734,Rhodanthe,maryonii,3137684,,423
5735,Rhododendron,campylocarpum,7327914,,355
5736,Rhytidophyllum,onacaense,5590617,,395
5737,Annona,dolabripetala,5407565,Rollinia dolabripetala,15
5738,Rosa,rugosa,3003979,,204
5739,Ruellia,patula,5573538,,390
5740,Rzedowskia,tolantonguensis,10917999,,144
5741,Salsola,foetida,7551811,,306
5742,Salvia,ballotiflora,2927043,,396
5743,Salvia,recognita,3889886,,396
5744,Yucca,carnerosana,2775604,Samuela carnerosana,64
5745,Santisukia,kerrii,4091165,,391
5746,Scabiosa,comosa,7301113,,438
5747,Scrophularia,cryptophila,7934337,,411
5748,Scrophularia,scopolii,8345868,,411
5749,Scrophularia,scorodonia,7477038,,411
5750,Scutellaria,orientalis,7308451,,396
5751,Scutellaria,pekinensis,7308362,Scutellaria pekinensis var. pekinensis,396
5752,Scutellaria,prostrata,5608452,,396
5753,Scutellaria,repens,5608396,,396
5754,Scutellaria,salviifolia,8199730,,396
5755,Senecio,ilicifolius,7440636,,423
5756,Senecio,magnificus,3108557,,423
5757,Sesamum,angolense,3585206,,406
5758,Sideritis,ozturkii,3889525,,396
5759,Solanum,dasyphyllum,2929147,,388
5760,Spergula,japonica,3813895,,313
5761,Stachys,albens,2927234,,396
5762,Stachys,byzantina,2927230,,396
5763,Stachys,lavandulifolia,7306428,,396
5764,Stachys,officinalis,7777194,,396
5765,Stachys,palaestina,3905206,,396
5766,Stachys,riederi,7463009,,396
5767,Stachys,rigida,2927236,,396
5768,Stachys,inflata,3882270,Stachys schtschegleevii,396
5769,Stephania,aculeata,5592617,,116
5770,Lessertia,frutescens,5633333,Sutherlandia frutescens,193
5771,Swartzia,langsdorffii,5351887,,193
5772,Syringa,josikaea,7636833,,402
5773,Syringa,reticulata,5415038,,402
5774,Syringa,vulgaris,5415039,,402
5775,Syringa,tomentella,5549591,Syringa yunnanensis,402
5776,Tecoma,fulva,7298537,,391
5777,Tecoma,stans,4094465,Tecoma stans var. sambucifolia,391
5778,Tecoma,stans,4094454,Tecoma stans var. velutina,391
5779,Tetrachondra,hamiltonii,7658296,,413
5780,Teucrium,lanigerum,7308375,,396
5781,Trillium,erectum,2742342,,58
5782,Tynanthus,panurensis,4093064,,391
5783,Verbascum,macrurum,3737947,,411
5784,Verbascum,phlomoides,3171948,,411
5785,Verbascum,pseudonobile,3736840,,411
5786,Verbascum,spinosum,3735884,,411
5787,Verbascum,undulatum,7914708,,411
5788,Verbascum,wiedemannianum,3738718,,411
5789,Verbena,brasiliensis,2925518,,415
5790,Verbena,litoralis,2925494,,415
5791,Verbena,officinalis,2925529,,415
5792,Veronica,austriaca,3172099,,408
5793,Veronica,persica,3172077,,408
5794,Xylosalsola,arbuscula,3760150,,306
5795,Asystasia,gangetica,3173254,,390
5796,Chrysosplenium,grayanum,5567424,,142
5797,Epilobium,hirsutum,3189172,,236
5798,Tagetes,erecta,3088488,,423
5799,Foveolina,dichotoma,3121745,,423
5800,Bothriospermum,secundum,4063492,,382
5801,Bowdichia,nitida,2975478,,193
5802,Caryocar,glabrum,3826026,,157
5803,Elaeagnus,umbellata,3039267,,201
5804,Gaultheria,mucronata,7418599,,355
5805,Kuloa,usambarensis,10804941,,25
5806,Sassafras,randaiense,4178502,,25
5807,Tephrosia,crassifolia,5342232,,193
5808,Salvia,argentea,2927065,,396
5809,Ammocharis,tinneana,5325622,,63
5810,Boophone,disticha,2854664,,63
5811,Brunsvigia,josephinae,4013911,,63
5812,Brunsvigia,orientalis,2853381,,63
5813,Crinum,angustum,4014189,,63
5814,Crossyne,flava,2853222,,63
5815,Galanthus,elwesii,2855398,,63
5816,Jasminum,laurifolium,7559642,Jasminum laurifolium f. nitidum,402
5817,Rorida,droserifolia,9785180,Cleome droserifolia,277
5818,Diplotaxis,acris,5376378,,273
5819,Albizia,gummifera,8343428,,193
5820,Sideritis,antiatlantica,3892509,,396
5821,Sideritis,briquetiana,3892122,,396
5822,Sideritis,cossoniana,3891782,,396
5823,Sideritis,grandiflora,7307732,,396
5824,Sideritis,guyoniana,3890908,,396
5825,Sideritis,imbricata,7979046,,396
5826,Sideritis,maireana,3890020,,396
5827,Sideritis,maura,8077121,,396
5828,Sideritis,subatlantica,7414109,,396
5829,Hyoscyamus,niger,2928978,Hyoscyamus niger L.,388
5830,Solanum,aculeastrum,11828043,Solanum sodomaeum,388
5831,Persicaria,senegalensis,7291212,Polygonum senegalense,333
5832,Abelmoschus,manihot,3152706,,265
5833,Acaena,magellanica,5370832,,204
5834,Acalypha,australis,3056835,,166
5835,Acalypha,indica,3056259,,166
5836,Acanthospermum,glabratum,3100376,,423
5837,Acer,barbinerve,7263093,,258
5838,Acer,mandshuricum,7263103,,258
5839,Achillea,pseudopectinata,3120058,,423
5840,Vassobia,breviflora,3801366,Acnistus breviflorus,388
5841,Aconitum,seravschanicum,3920962,,118
5842,Aconitum,violaceum,7278196,,118
5843,Actinidia,chinensis,6550091,Actinidia chinensis var. deliciosa,349
5844,Adansonia,grandidieri,5663154,,265
5845,Adenothamnus,validus,3098996,,423
5846,Aesculus,chinensis,7323139,,258
5847,Aganosma,heynei,8281471,,376
5848,Agarista,salicifolia,5684694,,355
5849,Ageratina,saltillensis,5400428,,423
5850,Aglaia,australiensis,5597949,,255
5851,Agrimonia,eupatoria,3001956,,204
5852,Alangium,chinense,7326263,,342
5853,Albizia,inundata,2973063,,193
5854,Allium,myrianthum,2856605,,63
5855,Allium,neapolitanum,2856348,,63
5856,Allium,rosenorum,2856516,,63
5857,Amaranthus,hypochondriacus,9080185,,306
5858,Ambrosia,tenuifolia,3110580,,423
5859,Ammoides,pusilla,6026523,,439
5860,Anaphalis,sinica,3136953,,423
5861,Anaxagorea,dolichocarpa,3156852,,15
5862,Ancistrocladus,abbreviatus,7321386,,308
5863,Anigozanthos,pulcherrimus,2765855,,82
5864,Anigozanthos,rufus,2765833,,82
5865,Anthemis,retusa,3102784,Anthemis cairica,423
5866,Anthocleista,procera,4019060,,379
5867,Anthyllis,onobrychoides,5352326,,193
5868,Aphyllocladus,denticulatus,3137363,,423
5869,Ardisia,complanata,5557215,,362
5870,Argemone,platyceras,2888478,,117
5871,Argemone,polyanthemos,2888477,,117
5872,Arnica,viscosa,5405992,,423
5873,Aronia,melanocarpa,5363627,,204
5874,Artemisia,armeniaca,8366310,,423
5875,Artemisia,lactiflora,3121137,,423
5876,Artemisia,lerchiana,7383780,,423
5877,Arum,cylindraceum,8123083,Arum alpinum,32
5878,Aruncus,dioicus,5362136,,204
5879,Aster,spathulifolius,5387539,Aster oharai,423
5880,Galatella,sedifolia,7066336,Aster sedifolius,423
5881,Astragalus,arguricus,5345873,,193
5882,Astragalus,asper,5346540,,193
5883,Astragalus,bungeanus,5343364,,193
5884,Astragalus,captiosus,5345916,,193
5885,Astragalus,cicer,5343253,,193
5886,Astragalus,ciceroides,5345971,,193
5887,Astragalus,circassicus,5342637,,193
5888,Astragalus,dissectus,5352830,,193
5889,Astragalus,onobrychis,5342618,Astragalus goktschaicus,193
5890,Astragalus,lagopoides,5347155,,193
5891,Astragalus,laguroides,5343172,,193
5892,Astragalus,muelleri,5344490,,193
5893,Astragalus,pterocephalus,5352780,Astragalus pycnanthus,193
5894,Astragalus,saganlugensis,5343312,,193
5895,Astragalus,sevangensis,5345129,,193
5896,Astragalus,spinosus,5345329,,193
5897,Astragalus,varius,5343402,,193
5898,Atraphaxis,frutescens,7540338,,333
5899,Attalea,phalerata,2732758,Attalea excelsa,79
5900,Atuna,excelsa,10823602,Atuna racemosa,159
5901,Baccharis,angustifolia,3129195,,423
5902,Baccharis,ochracea,3129610,,423
5903,Baccharis,linearis,8137629,Baccharis rosmarinifolia,423
5904,Barleria,buxifolia,3773640,,390
5905,Bassia,muricata,5568143,,306
5906,Berberis,floribunda,7971566,,112
5907,Mahonia,repens,3033850,Berberis repens,112
5908,Berberis,vulgaris,3033894,,112
5909,Berlandiera,pumila,3148277,,423
5910,Isoberlinia,tomentosa,2976326,Berlinia tomentosa,193
5911,Betula,alnoides,5331519,,207
5912,Bidens,bipinnata,5389402,,423
5913,Ochrosia,vitiensis,3617419,Bleekeria vitiensis,376
5914,Bonamia,spectabilis,5549340,,385
5915,Brickellia,cylindracea,5388379,,423
5916,Buphthalmum,salicifolium,5391074,,423
5917,Byrsonima,crassifolia,3191361,,176
5918,Caesalpinia,pulcherrima,2958715,,193
5919,Calocephalus,citreus,5388804,,423
5920,Calycanthus,chinensis,8428060,,22
5921,Campanula,barbata,5409958,,426
5922,Campanula,raddeana,5411714,Campanula kemulariae,426
5923,Campanula,kolenatiana,5409837,,426
5924,Campanula,persicifolia,5411475,,426
5925,Capnoides,sempervirens,2888522,,117
5926,Capuronianthus,mahafalensis,3851665,,255
5927,Caragana,alaica,2943222,,193
5928,Caragana,arborescens,2943190,,193
5929,Cardiospermum,grandiflorum,3189935,Cardiospermum hirsutum,258
5930,Carthamus,lanatus,3138230,,423
5931,Castanopsis,fissa,5332934,,209
5932,Catalpa,ovata,3172613,,391
5933,Catunaregam,spinosa,2910886,,381
5934,Cedrela,fissilis,7107974,,255
5935,Celosia,argentea,3085191,,306
5936,Centaurea,sinaica,3128637,,423
5937,Selenicereus,monacanthus,9953409,Cereus polyrhizus,312
5938,Chenopodiastrum,murale,8149099,Chenopodium murale,306
5939,Chisocheton,ceramicus,3849638,,255
5940,Chrysophyllum,cainito,2885828,,364
5941,Cinnamomum,philippinense,4181118,,25
5942,Cissus,discolor,4054691,,190
5943,Citrus,rugulosa,3837940,,257
5944,Tarenaya,spinosa,3872451,Cleome pungens,277
5945,Coleogyne,ramosissima,3032187,,204
5946,Laennecia,filaginoides,3126133,Conyza filaginoides,423
5947,Cordyline,neocaledonica,2766402,,64
5948,Cornus,mas,3082263,,342
5949,Corydalis,ochotensis,5531980,,117
5950,Cosmos,sulphureus,3098951,,423
5951,Coutarea,latifolia,3847598,,381
5952,Crassocephalum,crepidioides,3115443,,423
5953,Crepidiastrum,sonchifolium,3145185,,423
5954,Crotalaria,lachnophora,2942754,,193
5955,Crotalaria,medicaginea,2942291,,193
5956,Crotalaria,novae-hollandiae,2942409,,193
5957,Cryptocarya,lividula,4175795,,25
5958,Cryptocarya,moschata,7304739,,25
5959,Cuscuta,chinensis,3610749,,385
5960,Cyclamen,persicum,3169317,,362
5961,Cymodocea,nodosa,5328492,,34
5962,Dalbergia,sissoo,2968532,,193
5963,Daphniphyllum,angustifolium,4262042,,134
5964,Delphinium,shawurense,7277679,,118
5965,Dendriopoterium,menendezii,3025521,,204
5966,Grona,styracifolia,10722283,Desmodium styracifolium,193
5967,Dimerostemma,brasilianum,3130315,,423
5968,Dioscorea,bulbifera,2755489,,46
5969,Diospyros,cathayensis,7295789,,354
5970,Diplacus,longiflorus,5414636,,407
5971,Diptychocarpus,strictus,3052559,,273
5972,Dodonaea,viscosa,5421144,,258
5973,Mammillaria,longimamma,7284614,Dolichothele uberiformis,312
5974,Lotus,dorycnium,5632022,Dorycnium suffruticosum,193
5975,Draba,nemorosa,3049685,,273
5976,Dracocephalum,ruyschiana,3901967,,396
5977,Duguetia,calycina,3157484,,15
5978,Saracha,nigribaccata,10330766,Dunalia solanacea,388
5979,Epicharis,cumingiana,5597559,Dysoxylum cumingianum,255
5980,Dysphania,botrys,5568428,,306
5981,Echium,pininana,4068166,,382
5982,Elaeodendron,paniculatum,3791326,,144
5983,Eleusine,indica,2705953,,102
5984,Enceliopsis,argophylla,3132446,,423
5985,Epimedium,grandiflorum,7300218,,112
5986,Epimedium,koreanum,3982248,,112
5987,Epimedium,pubescens,3982020,,112
5988,Epimedium,sagittatum,7300394,,112
5989,Epimedium,sempervirens,8603093,,112
5990,Epimedium,wushanense,3981784,,112
5991,Pinalia,leucantha,5314101,Eria alba,75
5992,Pinalia,floribunda,5314129,Eria floribunda,75
5993,Trichotosia,mollis,2789390,Eria mollis,75
5994,Erica,cinerea,5333411,,355
5995,Philotheca,spicata,3838061,Eriostemon spicatus,257
5996,Philotheca,tomentella,3838019,Eriostemon tomentellus,257
5997,Erodium,arborescens,3828733,,229
5998,Erodium,chium,3828217,,229
5999,Erodium,cicutarium,9485490,,229
6000,Erodium,crassifolium,9530810,,229
6001,Erodium,glaucophyllum,8627725,,229
6002,Erodium,laciniatum,2891619,,229
6003,Erodium,malacoides,9297163,,229
6004,Erodium,moschatum,9419993,,229
6005,Erodium,neuradifolium,7268511,,229
6006,Erodium,oxyrrhynchum,3826496,,229
6007,Erodium,stephanianum,3829143,,229
6008,Erodium,tunetanum,3828851,,229
6009,Erythrospermum,zeylanicum,3879749,,153
6010,Erythroxylum,passerinum,7284890,,165
6011,Esenbeckia,hartmanii,5593016,,257
6012,Eucalyptus,dalrympleana,3177157,,235
6013,Eucalyptus,staigeriana,3176229,,235
6014,Eucalyptus,viminalis,3177112,,235
6015,Euphorbia,humifusa,3067054,,166
6016,Euphorbia,pannonica,3065833,,166
6017,Euphorbia,pekinensis,3067750,,166
6018,Euphorbia,watanabei,3065690,,166
6019,Evolvulus,alsinoides,2928673,,385
6020,Fadogia,ancylantha,2892881,,381
6021,Fagonia,indica,6384811,,192
6022,Fagonia,paulayana,3987305,,192
6023,Fagopyrum,tataricum,2889378,,333
6024,Reynoutria,ciliinervis,7360278,Fallopia multiflora var. ciliinervis,333
6025,Ficus,grossularioides,7262575,Ficus alba,202
6026,Ficus,auriculata,5571773,,202
6027,Ficus,ruficaulis,7262634,,202
6028,Flacourtia,jangomas,5331164,,187
6029,Fraxinus,ornus,3172347,,402
6030,Fritillaria,stenanthera,5300562,,57
6031,Garcinia,pyrifera,3713035,,160
6032,Garcinia,xipshuanbannaensis,3712174,,160
6033,Ceriscoides,turgida,2893419,Gardenia turgida,381
6034,Garrya,elliptica,3033013,,375
6035,Genista,tricuspidata,5347804,,193
6036,Genista,tridentata,5347807,,193
6037,Geranium,carolinianum,2890623,,229
6038,Geranium,dissectum,2890040,,229
6039,Geranium,saxatile,2890565,,229
6040,Geranium,thunbergii,2891266,,229
6041,Geranium,tuberosum,2890791,,229
6042,Geranium,wilfordii,2889962,,229
6043,Gerbera,ambigua,5388721,,423
6044,Glebionis,coronaria,7627205,,423
6045,Glinus,lotoides,3084616,,326
6046,Pseudognaphalium,oligandrum,3101017,Gnaphalium oligandrum,423
6047,Goniothalamus,giganteus,3154661,,15
6048,Greenwayodendron,oliveri,3156188,,15
6049,Grewia,villosa,4259732,,265
6050,Gutierrezia,microcephala,5385099,Gutierrezia lucida,423
6051,Habenaria,petalodes,2829428,,75
6052,Habropetalum,dawei,4161359,,315
6053,Haematoxylum,campechianum,2950903,,193
6054,Halocnemum,strobilaceum,3760350,,306
6055,Halostachys,caspica,7941967,Halostachys belangeriana,306
6056,Haloxylon,persicum,7673414,,306
6057,Heimia,salicifolia,5420914,,233
6058,Helicteres,angustifolia,5547507,,265
6059,Heterophyllaea,pustulata,2903405,,381
6060,Hibiscus,sabdariffa,3152582,,265
6061,Hippeastrum,papilio,2854382,,63
6062,Stauntonia,angustifolia,4191668,Holboellia fargesi,115
6063,Hydrangea,serrata,7319016,,345
6064,Hymenothrix,wislizeni,3095894,Hymenothrix wislizenii,423
6065,Hypericum,richeri,7611086,,170
6066,Hypericum,sikokumontanum,3711643,,170
6067,Hypericum,thasium,3715326,,170
6068,Hypoxis,multiceps,2852833,,71
6069,Hyptis,brevipes,7306536,,396
6070,Iberis,amara,5377163,,273
6071,Ilex,intermedia,8090911,Ilex dunniana,416
6072,Ilex,hainanensis,5534541,,416
6073,Impatiens,balsamina,2891773,,350
6074,Iochroma,gesnerioides,7300028,,388
6075,Ipomopsis,polycladon,2927972,,361
6076,Iris,florentina,5298079,,72
6077,Iryanthera,paraensis,3743809,,19
6078,Crepidiastrum,denticulatum,7704398,Ixeris denticulata,423
6079,Ixeris,tamagawaensis,3115518,,423
6080,Jaborosa,kurtzii,3801948,,388
6081,Justicia,secunda,3173080,,390
6082,Kandelia,candel,3874179,,186
6083,Kitaibela,vitifolia,4939668,Kitaibelia vitifolia,265
6084,Knautia,tatarica,8278292,Knautia montana,438
6085,Kopsia,teoi,5535882,,376
6086,Krameria,lappacea,5687593,,191
6087,Krascheninnikovia,ceratoides,3083570,,306
6088,Lactuca,indica,3140510,,423
6089,Lathyrus,nissolia,5356542,,193
6090,Lavandula,angustifolia,3891897,Lavandula vera,396
6091,Lemna,trisulca,2867579,,32
6092,Leonurus,persicus,5607221,,396
6093,Lepidosperma,ustulatum,2731207,,95
6094,Licania,pittieri,2985537,,159
6095,Licaria,armeniaca,4183187,,25
6096,Limnocharis,flava,5328736,,30
6097,Lotus,ucrainicus,5356830,,193
6098,Lysimachia,christinae,7290577,,362
6099,Macadamia,ternifolia,8406703,,121
6100,Magnolia,pterocarpa,3153709,,20
6101,Magnolia,sieboldii,3152959,,20
6102,Mahonia,simonsii,3980979,,112
6103,Mammillaria,magnimamma,7284530,,312
6104,Marcetella,moquiniana,3024898,,204
6105,Mayaca,fluviatilis,2707865,,101
6106,Meconopsis,quintuplinervia,7315243,,117
6107,Meiogyne,virgata,3158371,,15
6108,Melilotus,sulcatus,2971112,,193
6109,Melochia,corchorifolia,3152125,,265
6110,Miconia,cabucu,3858005,,234
6111,Mikania,mendocina,5398502,,423
6112,Mikania,parodii,5398640,,423
6113,Miliusa,sinensis,3156594,,15
6114,Miliusa,velutina,3156618,,15
6115,Millettia,ferruginea,5355770,,193
6116,Mitragyna,speciosa,7461054,,381
6117,Mitrephora,diversifolia,3155025,,15
6118,Monochaetum,multiflorum,3858307,,234
6119,Paratrophis,insignis,11137754,Morus insignis,202
6120,Munronia,pinnata,3849681,Munronia delavayi,255
6121,Myrsine,africana,7331120,,362
6122,Narcissus,cuneiflorus,2858431,Narcissus asturiensis,63
6123,Nassauvia,cumingii,3099038,,423
6124,Nymphaea,ampla,2882432,,4
6125,Nymphaea,maculata,8004446,,4
6126,Nymphaea,nouchali,3697635,Nymphaea nouchali var. caerulea,4
6127,Ochna,obtusata,7326708,,177
6128,Ocotea,minarum,7304327,,25
6129,Onobrychis,cyri,2972675,,193
6130,Ononis,pubescens,2977281,,193
6131,Onopordum,alexandrinum,3094920,,423
6132,Ormosia,balansae,5355550,,193
6133,Ostryopsis,davidiana,2876094,,207
6134,Osyris,abyssinica,7714951,,298
6135,Oxalis,purpurea,2891764,,152
6136,Panopsis,rubescens,8216378,,121
6137,Papaver,tatricum,7314904,,117
6138,Payena,lucida,2883605,,364
6139,Pedicularis,procera,3171709,,403
6140,Peltogyne,floribunda,2952688,Peltogyne porphyrocardia,193
6141,Peltogyne,paniculata,2952730,Peltogyne pubescens,193
6142,Peperomia,proctorii,4185707,,13
6143,Persicaria,decipiens,4036197,,333
6144,Persicaria,lapathifolia,2889262,,333
6145,Persicaria,salicifolia,7585543,,333
6146,Phalaenopsis,schilleriana,5310908,,75
6147,Phalaris,canariensis,5289744,,102
6148,Phedimus,stoloniferus,4201585,,132
6149,Philadelphus,coronarius,2986045,,345
6150,Phlomis,spinidens,3886303,,396
6151,Phoenix,canariensis,7445284,,79
6152,Phyllanthus,amarus,5382589,,181
6153,Picris,conyzoides,3093348,,423
6154,Piptocarpha,oblonga,5406569,,423
6155,Planchonella,obovata,5334135,,364
6156,Planchonia,careya,5383741,,357
6157,Plectocephalus,chilensis,4226590,,423
6158,Plumbagella,micrantha,4090414,,332
6159,Poacynum,venetum,9621888,,376
6160,Polyalthia,barnesii,3156418,,15
6161,Polyalthia,longifolia,3156422,,15
6162,Polygonatum,orientale,2770309,,64
6163,Polygonum,salicifolium,8653696,,333
6164,Potentilla,discolor,5367251,,204
6165,Prunus,salicina,3021120,,204
6166,Psychotria,stachyoides,2921630,,381
6167,Achillea,ptarmicifolia,3120245,Ptarmica ptarmicifolia,423
6168,Pulicaria,arabica,3095531,,423
6169,Pulsatilla,campanella,8144876,,118
6170,Pyrola,elliptica,2888293,,355
6171,Quercus,petraea,2880130,,209
6172,Ranunculus,peltatus,8365713,,118
6173,Ratibida,mexicana,3087171,,423
6174,Rhodiola,coccinea,7334424,,132
6175,Rhododendron,decorum,7327660,,355
6176,Rhododendron,luteum,7135755,,355
6177,Rhododendron,moulmainense,7328295,,355
6178,Rhododendron,spinuliferum,7327584,,355
6179,Ripariosida,hermaphrodita,9296871,,265
6180,Rivina,humilis,3084027,,331
6181,Rosa,gallica,3002530,,204
6182,Rosa,damascena,7390572,Rosa × damascena,204
6183,Rostellularia,procumbens,7264292,,390
6184,Rubus,adenotrichos,7272169,,204
6185,Rubus,adenotrichus,2991605,,204
6186,Rubus,chamaemorus,2998290,,204
6187,Rubus,glaucus,2989746,,204
6188,Rubus,subcrataegifolius,9499508,Rubus koehneanus,204
6189,Rubus,lambertianus,2995055,,204
6190,Rubus,loganobaccus,2990630,,204
6191,Rubus,rigidus,8846087,,204
6192,Rudbeckia,fulgida,7344766,,423
6193,Salix,pantosericea,5583687,,187
6194,Salsola,collina,3083953,,306
6195,Salta,triflora,8003370,,333
6196,Salvia,polystachya,7953778,,396
6197,Samadera,indica,3190660,,260
6198,Sanguisorba,officinalis,3029627,,204
6199,Scandosorbus,intermedia,10071055,,204
6200,Merwilla,dracomontana,2768150,Scilla dracomontana,64
6201,Sclerocarya,birrea,7160810,,251
6202,Securidaca,diversifolia,5421445,,195
6203,Sedum,acre,5362007,,132
6204,Sedum,litoreum,7334047,,132
6205,Sedum,sarmentosum,5362004,,132
6206,Jacobaea,ambracea,5695667,Senecio ambraceus,423
6207,Senecio,hoggariensis,3108738,,423
6208,Senecio,subdentatus,7491431,,423
6209,Senecio,vira-vira,3107244,Senecio viravira,423
6210,Serratula,coronata,7222509,Serratula wolffii,423
6211,Sibiraea,angustata,3032449,,204
6212,Sidastrum,burrerense,3939813,,265
6213,Smilax,glyciphylla,11070389,,62
6214,Solanum,giganteum,2930578,,388
6215,Solanum,incanum,2929691,,388
6216,Solanum,villosum,2929505,Solanum olgae,388
6217,Solidago,altissima,5389058,,423
6218,Sonchus,erzincanicus,4250257,,423
6219,Spiraea,canescens,3027138,,204
6220,Spiraea,formosa,3853683,,204
6221,Stachys,palustris,2927245,,396
6222,Stachyurus,himalaicus,3701709,,243
6223,Stereospermum,cylindricum,4092275,,391
6224,Striga,lutea,3171162,,403
6225,Strychnos,guianensis,7289425,,380
6226,Swertia,decussata,5596262,,379
6227,Tamarix,aphylla,2874704,,341
6228,Tanacetum,partheniifolium,3118514,Tanacetum parthenifolium,423
6229,Tetraena,mongolica,3987052,,192
6230,Tetragonia,tetragonioides,5384307,,305
6231,Teucrium,yemense,3892388,,396
6232,Thalictrum,foetidum,7277908,,118
6233,Tilia,miqueliana,7311132,,265
6234,Tipuana,tipu,5352512,,193
6235,Toricellia,angulata,4938291,,342
6236,Torminalis,glaberrima,9410160,,204
6237,Trachelospermum,jasminoides,3169713,,376
6238,Tribulus,terrestris,5421116,,192
6239,Trichilia,hirta,3190494,,255
6240,Trifolium,echinatum,5359345,,193
6241,Trifolium,montanum,5359047,,193
6242,Osteospermum,vaillantii,3126622,Tripteris vaillantii,423
6243,Tulipa,gesneriana,5299675,,57
6244,Umbilicus,rupestris,7334368,,132
6245,Uncaria,sinensis,5338113,,381
6246,Urena,lobata,3152253,,265
6247,Vaccinium,hirtum,4172301,Vaccinium hirtum var. koreanum,355
6248,Vahlia,capensis,7299120,,384
6249,Vauquelinia,corymbosa,3001748,,204
6250,Veratrum,dahuricum,2742151,,58
6251,Crystallopollen,angustifolium,3125287,Vernonia steetziana,423
6252,Vicia,amurensis,2975174,,193
6253,Vicia,subvillosa,2975303,,193
6254,Vigna,radiata,6592576,Vigna radiata var. radiata,193
6255,Vitex,quinata,8276186,,396
6256,Vitis,aestivalis,5372400,,190
6257,Vitis,cinerea,5372379,,190
6258,Vitis,riparia,5372385,,190
6259,Vitis,vulpina,5372401,,190
6260,Geum,fragarioides,5370015,Waldsteinia fragarioides,204
6261,Walsura,trifoliolata,7271384,Walsura piscidia,255
6262,Warburgia,stuhlmannii,5603222,,8
6263,Woodfordia,uniflora,5635520,,233
6264,Wulfenia,orientalis,7333371,,408
6265,Wyethia,mollis,3091461,,423
6266,Xanthosoma,sagittifolium,5330901,Xanthosoma violaceum,32
6267,Xylonagra,arborea,7322420,,236
6268,Yucca,gloriosa,2775683,Yucca recurvifolia,64
6269,Byrsonima,coccolobifolia,3191363,byrsonima coccolobifolia,176
6270,Artemisia,huguetii,3120818,Artemisia hugueti,423
6271,Breynia,disticha,5383031,Phyllanthus atropurpureus,181
6272,Rhodopentas,parvifolia,3845988,Pentas parvifolia,381
6273,Rubia,argyi,8656446,Rubia akane,381
6274,Anemonastrum,tetrasepalum,3929472,,118
6275,Eriocapitella,hupehensis,9677963,Anemone hupehensis,118
6276,Hopea,brevipetiolaris,5669272,Balanocarpus zeylanicus,264
6277,Bidens,frondosa,5392174,,423
6278,Caltha,palustris,8428176,Caltha polypetala,118
6279,Caulophyllum,robustum,3981432,,112
6280,Caulophyllum,thalictroides,3033920,,112
6281,Clematis,chinensis,7474713,,118
6282,Clematis,orientalis,3033532,,118
6283,Clematis,tibetana,7277649,,118
6284,Diospyros,dendo,4070466,,354
6285,Diphylleia,grayi,5634432,,112
6286,Fatsia,japonica,3039046,,441
6287,Hedera,canariensis,3036170,,441
6288,Hedera,colchica,3036033,,441
6289,Hedera,nepalensis,3036051,,441
6290,Hedysarum,alpinum,2949263,,193
6291,Heptapleurum,heptaphyllum,11047823,,441
6292,Kalopanax,septemlobus,7065345,Kalopanax pictus,441
6293,Kalopanax,septemlobus,3036366,,441
6294,Lobelia,chinensis,5409093,Lobelia radicans,426
6295,Mentha,javanica,3899681,,396
6296,Meryta,lanceolata,3036417,,441
6297,Narcissus,cantabricus,2858679,,63
6298,Rohdea,japonica,5304302,Orontium japonicum,64
6299,Pulsatilla,cernua,7278021,,118
6300,Pulsatilla,dahurica,7278006,,118
6301,Ranunculus,fluitans,7277865,,118
6302,Stauntonia,hexaphylla,4191611,,115
6303,Symphytum,officinale,7558421,,382
6304,Ammodaucus,leucotrichus,6026529,,439
6305,Aralia,bipinnata,3037063,,441
6306,Cicer,judaicum,2947339,,193
6307,Discaria,americana,5602906,,203
6308,Agave,virginica,7607891,Manfreda tigrina,64
6309,Microdesmis,keayana,3075530,,178
6310,Primula,deorum,5641253,,362
6311,Ryania,speciosa,7342747,,187
6312,Schizanthus,hookeri,7299359,,388
6313,Aloe,calidophila,2777224,,65
6314,Aloe,microdonta,2777575,,65
6315,Aloe,percrassa,2777760,,65
6316,Aesculus,glabra,3189806,,258
6317,Parasenecio,petasitoides,3090413,,423
6318,Salvia,mexicana,8104661,,396
6319,Synaptolepis,kirkii,7785789,,270
6320,Achlys,triphylla,5371714,,112
6321,Alhagi,maurorum,2945092,,193
6322,Anaxagorea,luzonensis,3156868,,15
6323,Dalbergia,inundata,2968892,,193
6324,Dalbergia,paniculata,2968403,,193
6325,Deguelia,scandens,2960243,,193
6326,Iris,pseudacorus,5298231,,72
6327,Ferula,ovina,3637104,,439
6328,Micromeria,sinaica,5606083,,396
6329,Anadenanthera,colubrina,2952829,Piptadenia macrocarpa,193
6330,Prosopis,juliflora,5358460,,193
6331,Datura,metel,2928747,,388
6332,Adenium,obesum,7155887,,376
6333,Ageratina,gilbertii,5400524,,423
6334,Albizia,schimperiana,2973120,Albizia schimperana,193
6335,Asparagus,cochinchinensis,2768772,,64
6336,Berkheya,radula,3115316,,423
6337,Borassus,flabellifer,2733934,,79
6338,Buxus,rolfei,3987963,,124
6339,Calamus,insignis,5294263,,79
6340,Calophyllum,lanigerum,6032564,,156
6341,Canarium,muelleri,5636141,,253
6342,Capsicum,baccatum,2932938,,388
6343,Chamaerops,humilis,2736625,,79
6344,Clintonia,udensis,2753567,,57
6345,Corethrodendron,scoparium,2961120,,193
6346,Costus,afer,2756876,,87
6347,Hellenia,speciosa,7584507,Costus speciosus,87
6348,Croton,megistocarpus,3059563,,166
6349,Paris,polyphylla,5295929,Daiswa polyphylla,58
6350,Daphniphyllum,subverticillatum,4261966,,134
6351,Dioscorea,althaeoides,2755779,,46
6352,Dioscorea,collettii,4937226,,46
6353,Dioscorea,communis,2755063,,46
6354,Dioscorea,composita,2755005,,46
6355,Dioscorea,deltoidea,2755586,,46
6356,Dioscorea,futschauensis,2755142,,46
6357,Dioscorea,gracillima,2754645,,46
6358,Dioscorea,mexicana,2754517,,46
6359,Dioscorea,nipponica,2754586,,46
6360,Dioscorea,panthaica,2755151,,46
6361,Dioscorea,pseudojaponica,2755711,,46
6362,Dioscorea,saxatilis,2755368,,46
6363,Dioscorea,septemloba,2754473,,46
6364,Dioscorea,sinoparviflora,2755342,,46
6365,Dioscorea,spongiosa,2755763,,46
6366,Dioscorea,tokoro,2755730,,46
6367,Dioscorea,villosa,2754553,,46
6368,Dioscorea,zingiberensis,2754595,,46
6369,Dracaena,cambodiana,5304576,,64
6370,Dracaena,cochinchinensis,5304529,,64
6371,Dracaena,concinna,5304516,,64
6372,Dracaena,draco,5304469,,64
6373,Dracaena,hanningtonii,5303896,,64
6374,Fagopyrum,cymosum,4036310,,333
6375,Garcinia,latissima,3714043,,160
6376,Genista,lusitanica,7864700,,193
6377,Geranium,sibiricum,2891583,,229
6378,Halimium,umbellatum,7331332,,262
6379,Hellenia,lacera,9255629,,87
6380,Helonias,orientalis,5295787,Heloniopsis orientalis,58
6381,Hydrangea,chinensis,7319010,,345
6382,Lagerstroemia,indica,3188725,,233
6383,Lepidium,campestre,7703116,,273
6384,Maianthemum,atropurpureum,2769445,,64
6385,Melilotus,tauricus,2971103,,193
6386,Mikania,oblongifolia,5398606,,423
6387,Hypertelis,cerviana,9397635,Mollugo cerviana,326
6388,Neoboutonia,mannii,3070681,Neoboutonia glabrescens,166
6389,Paris,chinensis,5295940,Paris polyphylla var. chinensis,58
6390,Paris,quadrifolia,5295911,Paris quadrifolia L.,58
6391,Parkia,javanica,5348865,,193
6392,Paullinia,pinnata,3189950,,258
6393,Machilus,japonica,4178810,Persea kusanoi,25
6394,Piper,puberulum,4185006,,13
6395,Polygonatum,kingianum,2770124,,64
6396,Polygonatum,multiflorum,2770022,Polygonatum multiflorum (L.) All.,64
6397,Polygonatum,odoratum,2770228,Polygonatum odoratum (Mill.) Druce,64
6398,Polygonatum,verticillatum,2770004,Polygonatum verticillatum (L.) All.,64
6399,Polygonatum,zanlanscianense,2770298,,64
6400,Ranunculus,bulbosus,3033329,,118
6401,Reseda,suffruticosa,7275941,,284
6402,Rhapis,excelsa,2736747,,79
6403,Rhapis,humilis,2736737,,79
6404,Salvia,viridis,3883959,Salvia horminum,396
6405,Sarcococca,hookeriana,3988140,,124
6406,Conioselinum,tataricum,3634934,Selinum papyraceum,439
6407,Shorea,leprosula,4097193,Shorea maranti,264
6408,Smilax,lebrunii,5295322,,62
6409,Smilax,menispermoidea,5295209,,62
6410,Solanum,asperum,2930051,,388
6411,Tephrosia,bracteolata,5341974,,193
6412,Tephrosia,odorata,5341922,,193
6413,Trillium,grandiflorum,2742283,,58
6414,Triteleia,hyacinthina,5304183,,64
6415,Urochloa,eminii,4150772,Urochloa decumbens,102
6416,Acacia,acuminata,2979180,,193
6417,Acacia,salicina,2978548,,193
6418,Acanthospermum,australe,3100364,,423
6419,Acer,rubrum,3189883,,258
6420,Acicarpha,tribuloides,3170562,,425
6421,Aconitum,japonicum,7462730,,118
6422,Aconitum,palmatum,3922197,,118
6423,Aconitum,rotundifolium,8377905,Aconitum tianschanicum,118
6424,Acritopappus,longifolius,3101606,,423
6425,Adansonia,digitata,5406695,,265
6426,Adenocarpus,hispanicus,2951633,,193
6427,Adenopeltis,colliguaya,8157409,,166
6428,Aframomum,zambesiacum,2758800,,93
6429,Aglaia,elaeagnoidea,5597755,,255
6430,Albertisia,papuana,5592685,,116
6431,Albizia,versicolor,2973017,,193
6432,Alnus,cordata,2876607,,207
6433,Alnus,alnobetula,8175012,Alnus viridis ssp. viridis,207
6434,Aloe,deltoideodonta,2777527,,65
6435,Alphitonia,excelsa,3039494,,203
6436,Alphitonia,petriei,3877387,,203
6437,Alphitonia,whitei,3877311,,203
6438,Alphitonia,zizyphoides,3877300,,203
6439,Alpinia,calcarata,5302054,,93
6440,Alyxia,buxifolia,7316726,,376
6441,Amanoa,oblongifolia,3080043,,181
6442,Ampelozizyphus,amazonicus,3877225,,203
6443,Amsonia,grandiflora,3169686,,376
6444,Ancistrocladus,heyneanus,3658991,,308
6445,Anemone,raddeana,7277070,,118
6446,Aniba,rosaeodora,7304518,,25
6447,Anthocercis,intricata,3803243,,388
6448,Anthocercis,littorea,8115093,,388
6449,Aquilegia,moorcroftiana,7278134,Aquilegia microphylla,118
6450,Ariocarpus,fissuratus,3084097,,312
6451,Artemisia,tournefortiana,3121228,,423
6452,Artocarpus,integer,2984566,,202
6453,Artocarpus,rigidus,2984576,,202
6454,Arum,maculatum,5330580,Arum maculatum L.,32
6455,Asparagus,africanus,2768551,,64
6456,Astragalus,altaicola,5347269,,193
6457,Astragalus,gummifer,5352898,,193
6458,Baccharis,calvescens,3129516,,423
6459,Backhousia,angustifolia,3185102,,235
6460,Barbarea,verna,5374672,,273
6461,Barringtonia,racemosa,3082727,,357
6462,Beilschmiedia,zenkeri,4182489,,25
6463,Berberis,brandisiana,3981304,,112
6464,Berberis,koreana,7138865,,112
6465,Berberis,stolonifera,3981662,,112
6466,Bergenia,stracheyi,5567649,,142
6467,Berlinia,grandiflora,2971333,,193
6468,Betula,ermanii,5332231,,207
6469,Betula,lenta,5331709,,207
6470,Betula,maximowicziana,5332256,,207
6471,Betula,utilis,5332157,,207
6472,Biancaea,decapetala,3974372,,193
6473,Bidens,tripartita,5391862,,423
6474,Bituminaria,bituminosa,2952882,,193
6475,Blighia,welwitschii,3788154,,258
6476,Blitum,virgatum,5383969,,306
6477,Boehmeria,excelsa,4099109,,206
6478,Breynia,fruticosa,5383016,,181
6479,Breynia,vitis-idaea,5382985,,181
6480,Buxus,wallichiana,3988068,,124
6481,Hasteola,robusta,3151875,Cacalia robusta,423
6482,Calliandra,haematocephala,2982155,,193
6483,Calophyllum,gracilipes,8148634,,156
6484,Calophyllum,macrocarpum,5556376,,156
6485,Calophyllum,teysmannii,6032514,,156
6486,Caraipa,densifolia,7330101,,156
6487,Cardiospermum,halicacabum,3189939,,258
6488,Carpesium,faberi,3094845,,423
6489,Cassinia,laevis,8298979,,423
6490,Ceanothus,americanus,3039318,,203
6491,Cheirolophus,arbutifolius,3097103,Centaurea arbutifolia,423
6492,Centaurea,musimomum,3128809,,423
6493,Centaurea,nigrescens,3128228,,423
6494,Centaurea,seridis,3128032,,423
6495,Pachycereus,weberi,3960339,Cereus weberi,312
6496,Chamaecrista,greggii,2949719,,193
6497,Clematoclethra,scandens,7270797,,349
6498,Clermontia,fauriei,5407693,,426
6499,Clerodendrum,mandarinorum,3891594,,396
6500,Clinopodium,laxiflorum,7307058,,396
6501,Clinopodium,umbrosum,7656634,,396
6502,Clusia,paralicola,5556143,,160
6503,Coccoloba,tenuifolia,2888830,Coccoloba excoriata,333
6504,Codonopsis,cordifolioidea,5412910,,426
6505,Colchicum,doerfleri,2739930,,55
6506,Coleus,garckeanus,5605652,,396
6507,Colubrina,greggii,5372469,,203
6508,Colubrina,retusa,7273891,,203
6509,Combretum,indicum,12203608,,231
6510,Combretum,malabaricum,7866256,,231
6511,Combretum,quadrangulare,3698705,,231
6512,Condea,albida,8143157,,396
6513,Delphinium,ajacis,3033833,Consolida ajacis,118
6514,Convolvulus,scammonia,2928397,,385
6515,Coreopsis,fasciculata,3134008,,423
6516,Cornus,capitata,7161042,,342
6517,Cornus,florida,3082240,,342
6518,Cornus,kousa,3082274,,342
6519,Cornus,walteri,7322020,,342
6520,Corydalis,sewerzowii,8093267,Corydalis sewerzowi,117
6521,Cosmos,pringlei,3098993,,423
6522,Couepia,polyandra,2984785,,159
6523,Couepia,ulei,2984861,,159
6524,Coussarea,paniculata,2898203,,381
6525,Cratoxylum,sumatranum,3711894,,170
6526,Crepis,foetida,5403470,,423
6527,Crinum,defixum,2853967,,63
6528,Crossopteryx,febrifuga,2898652,,381
6529,Crotalaria,trifoliastrum,2942289,,193
6530,Croton,discolor,3058967,,166
6531,Cussonia,bancoensis,3035238,,441
6532,Cyclolepis,genistoides,5386353,,423
6533,Cylicodiscus,gabunensis,2977092,,193
6534,Dahlstedtia,araripensis,8234184,,193
6535,Dahlstedtia,pentaphylla,2960232,,193
6536,Dalbergia,stipulacea,2968852,,193
6537,Daphnopsis,macrophylla,3567688,Daphne lancifolia,270
6538,Datura,innoxia,2928755,Datura inoxia,388
6539,Decarya,madagascariensis,4194207,,314
6540,Dialium,excelsum,2970947,,193
6541,Dichapetalum,gelonioides,7309891,,163
6542,Dillenia,papuana,5681136,,128
6543,Dillenia,serrata,5680974,,128
6544,Dioscoreophyllum,volkensii,5592892,Dioscoreophyllum cumminsii,116
6545,Diospyros,abyssinica,6056984,,354
6546,Diospyros,alboflavescens,4070100,,354
6547,Diospyros,bipindensis,4070555,,354
6548,Diospyros,bussei,4070242,,354
6549,Diospyros,canaliculata,4070005,,354
6550,Diospyros,candolleana,4069970,Diospyros candalleana,354
6551,Diospyros,castanea,4069805,,354
6552,Diospyros,cauliflora,4069752,,354
6553,Diospyros,celebica,4071419,,354
6554,Diospyros,chevalieri,4071357,,354
6555,Diospyros,chloroxylon,7295868,,354
6556,Diospyros,cinnabarina,7910926,,354
6557,Diospyros,consolatae,4071043,,354
6558,Diospyros,curranii,7295825,,354
6559,Diospyros,decandra,4070543,,354
6560,Diospyros,diepenhorstii,4070383,,354
6561,Diospyros,ehretioides,7491124,,354
6562,Diospyros,elliptifolia,4069879,,354
6563,Diospyros,embryopteris,7466003,,354
6564,Diospyros,evena,4071469,,354
6565,Diospyros,exsculpta,7655706,,354
6566,Diospyros,fragrans,4071072,,354
6567,Diospyros,gabunensis,4070970,,354
6568,Diospyros,gilletii,6306833,Diospyros gilleti,354
6569,Diospyros,gracilescens,4070614,,354
6570,Diospyros,greenwayi,4070544,Diospyros greeniway,354
6571,Diospyros,guianensis,6056977,,354
6572,Diospyros,hirsuta,8255478,,354
6573,Diospyros,hoyleana,6056961,,354
6574,Diospyros,kamerunensis,4071285,,354
6575,Diospyros,leucomelas,4070653,,354
6576,Diospyros,longiflora,4070460,,354
6577,Diospyros,malabarica,7295796,,354
6578,Diospyros,mannii,4069801,,354
6579,Diospyros,maritima,3032994,,354
6580,Diospyros,mcphersonii,8386556,,354
6581,Diospyros,mespiliformis,4071204,,354
6582,Diospyros,monbuttensis,4070905,,354
6583,Diospyros,montana,4070768,,354
6584,Diospyros,moonii,4070740,,354
6585,Diospyros,morrisiana,9249842,,354
6586,Diospyros,natalensis,4070538,,354
6587,Diospyros,obliquifolia,4070185,,354
6588,Diospyros,palmeri,4071466,,354
6589,Diospyros,paniculata,4071425,,354
6590,Diospyros,areolata,4071167,Diospyros pseudo-malabarica,354
6591,Diospyros,quaesita,4070217,,354
6592,Diospyros,rhodocalyx,7870059,,354
6593,Diospyros,sanza-minika,4071156,,354
6594,Diospyros,siderophylla,4070770,,354
6595,Diospyros,sylvatica,8321948,,354
6596,Diospyros,thwaitesii,4071456,,354
6597,Diospyros,virginiana,3032986,,354
6598,Diospyros,walkeri,4070479,,354
6599,Diospyros,zenkeri,4070132,,354
6600,Achillea,maritima,3120356,Diotis maritima,423
6601,Doliocarpus,dentatus,7303933,,128
6602,Doliocarpus,schottianus,4163140,,128
6603,Doliocarpus,verruculosus,4162991,,128
6604,Dorstenia,convexa,7262659,,202
6605,Dorstenia,lindeniana,3764379,,202
6606,Dracocephalum,forrestii,3902894,,396
6607,Dracocephalum,peregrinum,3902181,,396
6608,Dryobalanops,oblongifolia,7299042,,264
6609,Duboscia,macrocarpa,4261717,,265
6610,Echinops,echinatus,5392787,,423
6611,Elaeagnus,commutata,3039274,,201
6612,Eleocharis,sellowiana,2717665,,95
6613,Magnolia,tsiampacca,7222004,Elmerrillia papuana,20
6614,Epigaea,asiatica,4169508,,355
6615,Aeridostachya,robusta,2815295,Eria robusta,75
6616,Fagopyrum,megacarpum,4036063,Eskemukerjea megacarpum,333
6617,Eucalyptus,camaldulensis,7505467,Eucalyptus camaldulensis var.obtusa,235
6618,Eucalyptus,flocktoniae,3177069,,235
6619,Eugenia,modesta,5416622,,235
6620,Eugenia,moraviana,5417892,,235
6621,Eugenia,sandwicensis,7390455,,235
6622,Euphorbia,segetalis,3066495,,166
6623,Euptelea,polyandra,3915940,,114
6624,Eurya,japonica,7152601,,360
6625,Eysenhardtia,platycarpa,2964755,,193
6626,Zanthoxylum,scandens,3834419,Fagara cuspidata,257
6627,Fagus,taurica,2882270,Fagus × taurica,209
6628,Ficus,conraui,5570148,,202
6629,Ficus,salicifolia,5571063,Ficus cordata subsp. salicifolia,202
6630,Ficus,polita,5569755,,202
6631,Flindersia,brayleyana,8175271,,257
6632,Fragaria,chiloensis,7738624,,204
6633,Frasera,caroliniensis,3169980,,379
6634,Garcinia,hanburyi,3189558,,160
6635,Gardenia,saxatilis,5335147,,381
6636,Gardneria,nutans,4020356,Gardneria insularis,380
6637,Genista,sessilifolia,5347744,,193
6638,Piloselloides,hirsuta,3097405,Gerbera piloselloides,423
6639,Gliricidia,sepium,8082978,,193
6640,Glycyrrhiza,lepidota,2965778,,193
6641,Gomphostemma,microdon,3890441,,396
6642,Gomphostemma,parviflorum,7685212,,396
6643,Gouania,ulmifolia,5602873,,203
6644,Grammosolen,odgersii,10721060,,388
6645,Gustavia,hexapetala,5383835,,357
6646,Gypsophila,struthium,7979021,,313
6647,Harpalyce,brasiliana,5350025,,193
6648,Harungana,madagascariensis,3711847,,170
6649,Helenium,argentinum,5401886,,423
6650,Helichrysum,candolleanum,3131298,,423
6651,Helicteres,isora,5546922,,265
6652,Henriettea,fascicularis,8949959,,234
6653,Hippobroma,longiflora,3168943,,426
6654,Hydnocarpus,pentandrus,3877971,,153
6655,Hypericum,geminiflorum,7330063,,170
6656,Hypericum,patulum,3713491,,170
6657,Hypericum,prolificum,3189471,,170
6658,Hypericum,wightianum,8263863,,170
6659,Ilex,macropoda,5534182,,416
6660,Inga,punctata,5357665,,193
6661,Isolona,campanulata,3158235,,15
6662,Jasminum,lanceolaria,7326085,Jasminum lanceolarium,402
6663,Kalanchoe,blossfeldiana,2985944,,132
6664,Phalaenopsis,taenialis,5310895,Kingiella taenialis,75
6665,Kummerowia,striata,5352523,,193
6666,Lafoensia,glyptocarpa,3989710,,233
6667,Lantana,viburnoides,7297138,Lantana viburnoides sp viburnoides var kisi,415
6668,Lathraea,clandestina,3738544,,403
6669,Lavandula,spica,9023955,,396
6670,Leitneria,floridana,5361951,,260
6671,Coreopsis,bigelovii,8354997,Leptosyne bigelovii,423
6672,Leucothoe,grayana,7328839,,355
6673,Libidibia,paraguariensis,3978152,,193
6674,Licania,heteromorpha,11124642,,159
6675,Licaria,guianensis,4182465,Licaria aritu,25
6676,Limnophila,geoffrayi,6711389,,408
6677,Liparis,nakaharae,5323269,Liparis nakaharai,75
6678,Lonchocarpus,parviflorus,2969079,Lonchocarpus orotinus,193
6679,Luisia,brachystachys,5305849,,75
6680,Luisia,volucris,5305845,,75
6681,Lumnitzera,racemosa,6435171,,231
6682,Luxemburgia,octandra,3695100,,177
6683,Machaerium,nyctitans,5355130,Machaerium kuhlmannii,193
6684,Stenocereus,eruca,3960636,Machaerocereus eruca,312
6685,Marila,laxiflora,7656893,,156
6686,Mascarenhasia,arborescens,7316625,,376
6687,Meconopsis,napaulensis,7315290,,117
6688,Melaleuca,ericifolia,5415723,,235
6689,Melaleuca,decora,5415728,Melaleuca genistifolia,235
6690,Melaleuca,lanceolata,5415775,,235
6691,Melaleuca,rhaphiophylla,5415755,,235
6692,Melaleuca,viminea,5415846,,235
6693,Melochia,chamaedrys,7650964,,265
6694,Merremia,umbellata,11378775,,385
6695,Kayea,beccariana,3714486,Mesua beccariana,156
6696,Microtropis,fokienensis,5579860,,144
6697,Millettia,extensa,5355773,Millettia auriculata,193
6698,Millettia,conraui,5355847,,193
6699,Mitrephora,heyneana,3155029,,15
6700,Moldenhawera,nutans,3932210,Moldenhavera nutans,193
6701,Parinariopsis,licaniiflora,9968101,Moquilea licaniaeflora,159
6702,Moquilea,tomentosa,2985500,,159
6703,Uncaria,scandens,11069453,Nauclea pilosa,381
6704,Nerine,krigei,5326850,,63
6705,Nuytsia,floribunda,4004137,,294
6706,Oedera,calycina,9704581,,423
6707,Oedera,fruticosa,9813768,,423
6708,Oedera,genistifolia,5385205,,423
6709,Onoseris,alata,3143138,,423
6710,Oplopanax,horridus,3036356,,441
6711,Origanum,compactum,7308270,,396
6712,Ormosia,flava,5355485,,193
6713,Ormosia,panamensis,5355604,,193
6714,Osmanthus,armatus,7326088,,402
6715,Osmitopsis,afra,3110745,Osmites hirsuta,423
6716,Osteophloeum,platyspermum,7333716,,19
6717,Ozoroa,insignis,7321499,,251
6718,Ozothamnus,ledifolius,4933616,,423
6719,Paeonia,emodi,7632597,,139
6720,Paeonia,suffruticosa,7155259,,139
6721,Palafoxia,rosea,3121719,,423
6722,Paliurus,hemsleyanus,5603100,,203
6723,Paliurus,ramosissimus,5603062,,203
6724,Parastrephia,lepidophylla,3098753,,423
6725,Penstemon,newberryi,3171445,,408
6726,Peperomia,humilis,3086370,,13
6727,Peperomia,leptostachya,3086371,,13
6728,Laphamia,vaseyi,12231594,Perityle vaseyi,423
6729,Perrottetia,arisanensis,8201816,,247
6730,Perrottetia,multiflora,7429495,,247
6731,Phedimus,kamtschaticus,4201688,,132
6732,Phlogacanthus,thyrsiformis,3775560,Phlogacanthus thyrsiflorus,390
6733,Phoebe,formosana,5685124,,25
6734,Phyllogeiton,zeyheri,3874536,,203
6735,Apatelantha,viscida,12261831,Physopsis viscida,396
6736,Phytolacca,acinosa,3084022,,331
6737,Picrasma,javanica,3708935,,260
6738,Piper,acutifolium,7843387,,13
6739,Piper,khasianum,4191405,Piper falconeri,13
6740,Piper,suipigua,4185573,Piper nepalense,13
6741,Platanus,occidentalis,3152820,,120
6742,Potentilla,chinensis,5365665,,204
6743,Pouzolzia,occidentalis,2984385,,206
6744,Psorospermum,aurantiacum,3714729,,170
6745,Psychotria,adenophylla,2923698,,381
6746,Pyracantha,coccinea,2988188,,204
6747,Quercus,mongolica,2879685,,209
6748,Oedera,calycina,9696504,Relhania calycina,423
6749,Retanilla,trinervia,3875478,,203
6750,Rhododendron,arboreum,7328114,,355
6751,Rhododendron,maximum,2883094,,355
6752,Rhododendron,ovatum,7328085,,355
6753,Rosa,multiflora,3003244,,204
6754,Rotala,floribunda,3989481,,233
6755,Ruscus,hypoglossum,2769775,,64
6756,Ruta,microcarpa,9516357,,257
6757,Salix,babylonica,5372639,,187
6758,Salvia,aegyptiaca,10667710,,396
6759,Salvia,coulteri,3904927,,396
6760,Salvia,longistyla,2927011,,396
6761,Salvia,roborowskii,3889312,,396
6762,Salvia,thymoides,3885746,,396
6763,Salvia,xalapensis,7306668,,396
6764,Sarcandra,glabra,7339073,,28
6765,Sarcomphalus,joazeiro,8910944,,203
6766,Sarcopyramis,bodinieri,3859693,,234
6767,Scabiosa,pyrenaica,7910869,,438
6768,Schima,wallichii,7493943,Schima wallichi,370
6769,Schleichera,oleosa,3189945,,258
6770,Drimia,maritima,2776790,Scilla maritima,64
6771,Scoparia,dulcis,3171787,Scoparia dulcis L.,408
6772,Scrophularia,glabrata,8044991,,411
6773,Senecio,flavus,3107479,,423
6774,Culcitium,oligocephalum,3107889,Senecio zoellneri,423
6775,Senna,lindheimeriana,2957348,,193
6776,Sida,cordifolia,5406755,,265
6777,Sidastrum,multiflorum,3152800,Sidastrum acuminatum,265
6778,Smilax,medica,8192298,,62
6779,Solanum,aviculare,2930210,,388
6780,Solanum,chilense,2931761,,388
6781,Solanum,sisymbriifolium,2932184,,388
6782,Sonchus,neriifolius,9487300,,423
6783,Cormus,domestica,3013215,Sorbus domestica,204
6784,Sorocea,bonplandii,3763071,,202
6785,Hirtellina,fruticosa,3111706,Staehelina fruticosa,423
6786,Stemodia,foliosa,3731160,,408
6787,Stemodia,trifoliata,3730104,,408
6788,Strobilanthes,dimorphotricha,3781184,,390
6789,Strobilanthes,dimorphotricha,7522558,Strobilanthes psilostachys,390
6790,Strychnos,vanprukii,7289431,,380
6791,Swartzia,arborescens,5352087,,193
6792,Syncarpia,glomulifera,3185932,,235
6793,Syncolostemon,parviflorus,7308919,,396
6794,Syzygium,claviflorum,3183120,Syzigium claviflorum,235
6795,Syzygium,corticosum,3184320,,235
6796,Syzygium,formosanum,3182768,,235
6797,Syzygium,sandwicense,7491254,,235
6798,Ajania,nubigena,3112210,Tanacetum nubigenum,423
6799,Taraxacum,bicorne,5394106,,423
6800,Terminalia,brachystemma,7327085,,231
6801,Terminalia,superba,3189393,,231
6802,Ternstroemia,cherryi,7990255,,360
6803,Ternstroemia,merrilliana,3591156,,360
6804,Tetracentron,sinense,5529117,,123
6805,Tetracera,boiviniana,5680727,,128
6806,Teucrium,chamaedrys,7515974,Teucrium nuchense,396
6807,Thermopsis,mollis,5360247,,193
6808,Tovomita,brevistaminea,3711807,,160
6809,Tovomita,choisyana,3711736,,160
6810,Toxicodendron,radicans,3190628,,251
6811,Trapa,bicornis,7534069,,233
6812,Triadenum,japonicum,3715016,,170
6813,Trichilia,claussenii,8059494,,255
6814,Heynea,trijuga,3852273,Trichilia connaroides,255
6815,Triglochin,maritima,2865368,,36
6816,Trigonia,nivea,5687658,Trigonia nivea var. fasciculata,188
6817,Triphyophyllum,peltatum,4161362,,315
6818,Turraeanthus,mannii,3852138,,255
6819,Uapaca,acuminata,3079856,,181
6820,Uapaca,guineensis,3079878,,181
6821,Uapaca,mole,3079885,,181
6822,Uapaca,nitida,3079822,,181
6823,Urtica,triangularis,7300514,,206
6824,Vachellia,farnesiana,7266121,Vachellia farnesiana var. farnesiana,193
6825,Valeriana,fedtschenkoi,4095850,,438
6826,Valeriana,laxiflora,7298947,,438
6827,Vellozia,declinans,2863683,,52
6828,Vellozia,stipitata,2863681,,52
6829,Vellozia,streptophylla,2863665,,52
6830,Vinca,herbacea,3169710,,376
6831,Viola,odorata,5331181,,189
6832,Bicuiba,oleifera,7447552,Virola oleifera,19
6833,Vismia,baccifera,8113584,,170
6834,Vismia,cayennensis,3189576,,170
6835,Vismia,martiana,3713772,,170
6836,Vismia,parviflora,3713691,,170
6837,Vochysia,divergens,4030794,,238
6838,Wrightia,coccinea,5535400,,376
6839,Xyris,indica,2692701,,110
6840,Zanthoxylum,brachyacanthum,3832686,,257
6841,Zanthoxylum,schreberi,7792749,Zanthoxylum monophyllum,257
6842,Ziziphus,cambodiana,7809440,,203
6843,Ziziphus,jujuba,6709285,Ziziphus jujuba mill. var. inermis (bge.) rehd.,203
6844,Ziziphus,jujuba,4928539,Ziziphus jujuba var.spinosa,203
6845,Ziziphus,mauritiana,3039424,,203
6846,Ziziphus,xylopyrus,7524561,Ziziphus xylopyra,203
6847,Platanus,hispanica,7400250,platanus hispanica,120
6848,Drosera,whittakeri,3190887,,316
6849,Pachyrhizus,erosus,2974683,,193
6850,Chenopodium,fremontii,6448032,,306
6851,Campuloclinium,macrocephalum,3142398,Eupatorium macrocephalum,423
6852,Glaucidium,palmatum,5579436,,118
6853,Allium,ursinum,2857601,,63
6854,Arcangelisia,gusanlung,3830307,,116
6855,Brickellia,pendula,5388288,,423
6856,Cladanthus,scariosus,3110792,Chamaemelum scariosum,423
6857,Cleidion,brevipetiolatum,3073727,,166
6858,Crotalaria,spectabilis,2942727,Crotalaria lechnaultii,193
6859,Escallonia,philippiana,3932676,,433
6860,Ficus,maxima,5571386,,202
6861,Rhodanthe,stricta,3137686,Helipterum strictum,423
6862,Lathyrus,linifolius,5356393,Lathyrus macrorrhizus,193
6863,Machaerium,mucronulatum,5354956,,193
6864,Magnolia,acuminata,3153837,,20
6865,Plumbago,europaea,4090052,,332
6866,Senecio,erraticus,7666490,,423
6867,Simmondsia,chinensis,5361949,,338
6868,Tanacetum,santolina,7778369,,423
6869,Timonius,kaniensis,2899785,,381
6870,Artemisia,campestris,3121461,,423
6871,Verbena,supina,2925492,,415
6872,Diospyros,heterotricha,4070173,,354
6873,Elaeocarpus,dolichostylus,7291031,,150
6874,Lilium,medeoloides,2753445,,57
6875,Naringi,crenulata,3836590,Limonia crenulata,257
6876,Pseudowintera,colorata,4020812,,9
6877,Anthemis,pseudocotula,3122622,,423
6878,Artemisia,rupestris,7934845,,423
6879,Buddleja,asiatica,3173333,,411
6880,Buddleja,curviflora,4055799,,411
6881,Buddleja,fallowiana,4055570,,411
6882,Buddleja,lindleyana,7863236,,411
6883,Chrysanthemum,lavandulifolium,6064513,,423
6884,Cirsium,oleraceum,3113650,,423
6885,Cirsium,rhinoceros,3113491,,423
6886,Clinopodium,acinos,2927118,,396
6887,Chrysanthemum,zawadzkii,11063166,Dendranthema zawadzkii,423
6888,Hedysarum,setigerum,2960882,,193
6889,Hemistepta,lyrata,3088595,,423
6890,Hortia,longifolia,5594675,,257
6891,Kniphofia,pumila,5305100,,65
6892,Ledebouria,floribunda,2773770,,64
6893,Linaria,japonica,5562391,,408
6894,Linaria,kokanica,8349541,,408
6895,Linaria,kurdica,8199606,,408
6896,Linaria,sessilis,8211637,,408
6897,Linaria,vulgaris,5415020,,408
6898,Micromeria,cristata,7307169,,396
6899,Monarda,didyma,5341407,,396
6900,Myrtopsis,novae-caledoniae,5594529,,257
6901,Ophryosporus,heptanthus,3140080,,423
6902,Pachyrhizus,tuberosus,2974678,,193
6903,Picnomon,acarna,3146150,,423
6904,Pratia,nummularia,8612978,,426
6905,Satureja,kitaibelii,3905380,,396
6906,Scutellaria,caucasica,5609813,,396
6907,Silene,firma,7268167,,313
6908,Teucrium,parvifolium,9429654,Teucridium parvifolium,396
6909,Thalictrum,simplex,7931051,,118
6910,Turpinia,arguta,7326538,,244
6911,Juncus,acutus,2701632,,100
6912,Sida,spinosa,5406741,,265
6913,Sonchus,macrocarpus,3105653,,423
6914,Acanthospermum,hispidum,3100375,,423
6915,Clinopodium,alpinum,7307319,Acinos alpinus,396
6916,Aconitum,coreanum,8121969,,118
6917,Acritopappus,morii,3101595,,423
6918,Acritopappus,prunifolius,3101611,,423
6919,Acritopappus,teixeirae,3101613,,423
6920,Agastache,foeniculum,2926406,,396
6921,Ageratina,bustamenta,5400345,Ageratina ixiocladon,423
6922,Ageratina,tristis,5400423,,423
6923,Ageratum,fastigiatum,5401745,,423
6924,Aglaia,lawii,7271334,,255
6925,Alstonia,mairei,5535619,,376
6926,Amaioua,guianensis,2901121,,381
6927,Andryala,ragusina,3105533,,423
6928,Annona,macroprophyllata,5407193,Annona diversifolia,15
6929,Annona,spinescens,5407303,,15
6930,Antennaria,howellii,5702295,Antennaria canadensis,423
6931,Antidesma,laciniatum,3076773,,181
6932,Aristeguietia,buddleaefolia,6300427,,423
6933,Aristeguietia,glutinosa,3110154,,423
6934,Aristolochia,odoratissima,2874003,,10
6935,Arnica,sachalinensis,5405969,,423
6936,Artemisia,filifolia,3120820,,423
6937,Artemisia,inculta,7827280,,423
6938,Artemisia,moorcroftiana,8124113,,423
6939,Artemisia,palustris,3121149,,423
6940,Artemisia,sieversiana,3121562,Artemisia siversiana,423
6941,Asanthus,solidaginifolius,3144061,,423
6942,Asclepias,eriocarpa,3170253,,376
6943,Aspilia,africana,5396273,,423
6944,Austrobrickellia,patens,3122061,,423
6945,Austroeupatorium,chaparense,3095339,,423
6946,Austroeupatorium,inulaefolium,5831200,,423
6947,Ayapana,amygdalina,3126538,,423
6948,Baccharis,alaternoides,3129393,,423
6949,Baccharis,bolivensis,9390605,,423
6950,Baccharis,trinervis,3129535,Baccharis eggersii,423
6951,Baccharis,gnidiifolia,3129580,,423
6952,Baccharis,halimifolia,3129663,,423
6953,Baccharis,heterophylla,7418178,,423
6954,Baccharis,kingii,3129704,,423
6955,Baccharis,microcephala,3129655,,423
6956,Baccharis,neglecta,3129188,,423
6957,Baccharis,tola,4246957,Baccharis santelicis,423
6958,Baccharis,scoparia,3129309,,423
6959,Bejaranoa,balansae,3142864,,423
6960,Bidens,cynapiifolia,5391763,,423
6961,Gevuina,bleasdalei,3996020,Bleasdalea bleasdalei,121
6962,Blepharispermum,zanguebaricum,3141632,,423
6963,Cyanothamnus,bipinnatus,10791190,Boronia bipinnata,257
6964,Brickellia,californica,5388317,,423
6965,Brickellia,diffusa,7356182,,423
6966,Brickellia,laciniata,5388401,,423
6967,Brickellia,lemmonii,5388396,,423
6968,Brickellia,veronicaefolia,6297711,,423
6969,Byrsonima,microphylla,3985273,,176
6970,Calanthe,arisanensis,2795019,,75
6971,Calea,clematidea,3147473,,423
6972,Calea,harleyi,3147533,,423
6973,Calea,triantha,3147617,Calea hispida,423
6974,Calea,rotundifolia,7521994,,423
6975,Calea,sickii,3147583,,423
6976,Callilepis,laureola,5393466,,423
6977,Callilepis,salicifolia,5393471,,423
6978,Campuloclinium,megacephalum,3142848,,423
6979,Capillipedium,parviflorum,4106001,,102
6980,Caputia,tomentosa,9390174,,423
6981,Cassipourea,guianensis,3086520,,186
6982,Chamaemelum,nobile,5391599,,423
6983,Choisya,arizonica,3833423,,257
6984,Chromolaena,connivens,3142459,,423
6985,Chromolaena,tunariensis,3142551,,423
6986,Chrysocoma,cernua,7945325,,423
6987,Chrysosplenium,oppositifolium,7526486,,142
6988,Cirsium,microspicatum,3113080,,423
6989,Clibadium,armanii,3104785,,423
6990,Clinopodium,troodi,7306879,,396
6991,Clitoria,macrophylla,2946571,,193
6992,Conocliniopsis,grossedentata,12234152,Conocliniopsis prasiifolia,423
6993,Microglossa,pyrifolia,5396042,Conyza pyrifolia,423
6994,Conyza,schimperi,5398130,,423
6995,Cronquistianthus,trianae,3103569,,423
6996,Crotalaria,madurensis,2941739,,193
6997,Croton,smithianus,3060181,,166
6998,Daphne,odora,7670260,,270
6999,Davilanthus,hypargyreus,9251517,,423
7000,Diplostephium,ericoides,3090590,,423
7001,Dracaena,fragrans,5304583,Dracaena deisteliana,64
7002,Duboisia,myoporoides,5341761,,388
7003,Duguetia,flagellaris,3157546,,15
7004,Ekimia,bornmuelleri,3635201,,439
7005,Eremanthus,brasiliensis,10239146,,423
7006,Eremanthus,capitatus,9840938,,423
7007,Eremanthus,crotonoides,3133594,,423
7008,Eremanthus,glomerulatus,3133638,,423
7009,Eremanthus,mollis,3133605,,423
7010,Ericameria,parryi,7223537,Ericameria parryi var. parryi,423
7011,Erigeron,annuus,3117449,,423
7012,Erigeron,sumatrensis,3146683,,423
7013,Eriogonum,nudum,2889434,,333
7014,Erythrina,sandwicensis,5349515,,193
7015,Eucalyptus,agglomerata,3176546,,235
7016,Eupatorium,chinense,5403117,,423
7017,Euphorbia,balsamifera,3069871,,166
7018,Euphorbia,sessiliflora,3069465,,166
7019,Ferulago,trachycarpa,3635166,,439
7020,Fleischmannia,pratensis,5399582,,423
7021,Flourensia,heterolepis,3094579,,423
7022,Flourensia,macrophylla,4233530,,423
7023,Geigeria,aspera,3119865,,423
7024,Geigeria,brevifolia,3119840,,423
7025,Geigeria,burkei,3119883,,423
7026,Geigeria,burkei,7223412,Geigeria burkei var. burkei,423
7027,Gentiana,asclepiadea,7270381,,379
7028,Gnidia,subcordata,5524019,,270
7029,Grindelia,nuda,4216586,Grindelia aphanactis,423
7030,Grindelia,chiloensis,3146198,,423
7031,Grindelia,squarrosa,3146219,,423
7032,Guarea,macrophylla,3851406,Guarea macrophylla ssp.tuberculata,255
7033,Gutierrezia,espinosae,5385053,,423
7034,Gutierrezia,gilliesii,5385104,,423
7035,Gutierrezia,sarothrae,5385067,,423
7036,Gymnanthemum,corymbosum,3112544,,423
7037,Gynoxys,acostae,3138782,,423
7038,Gynoxys,dielsiana,3138828,,423
7039,Gynoxys,nitida,3138752,,423
7040,Haplopappus,glutinosus,3100503,,423
7041,Haplopappus,grindelioides,3100391,Haplopappus marginalis,423
7042,Haplopappus,paucidentatus,3100514,,423
7043,Hartwrightia,floridana,3137986,,423
7044,Hebeclinium,macrophyllum,3139425,,423
7045,Hedyosmum,bonplandianum,3750489,,28
7046,Hedyosmum,costaricense,3750566,,28
7047,Helichrysum,drakensbergense,3131759,,423
7048,Helichrysum,glomeratum,8044751,,423
7049,Helichrysum,herbaceum,3131147,,423
7050,Helichrysum,splendidum,3131768,,423
7051,Heliopsis,buphthalmoides,5396481,,423
7052,Heracleum,antasiaticum,3630614,,439
7053,Hertia,pallens,3098881,,423
7054,Heteromma,decurrens,12188149,,423
7055,Hilliardiella,aristata,3124276,,423
7056,Hyacinthoides,hispanica,5304257,,64
7057,Hygrophila,polysperma,5415355,,390
7058,Hymenocrater,incanus,3884325,,396
7059,Hymenopappus,scabiosaeus,3110174,,423
7060,Hypericum,australe,3715162,,170
7061,Hypericum,humifusum,3189543,,170
7062,Hypericum,pulchrum,3712747,,170
7063,Hypericum,rumeliacum,7330016,,170
7064,Hypericum,undulatum,7330383,,170
7065,Incarvillea,emodi,4091298,,391
7066,Inulanthera,tridens,3144403,,423
7067,Iris,potaninii,5299024,,72
7068,Iris,tectorum,5298774,,72
7069,Isocoma,veneta,3099253,,423
7070,Iva,annua,5402627,,423
7071,Jeffreycia,zanzibarensis,9626739,,423
7072,Jurinea,suffruticosa,5392492,,423
7073,Kadsura,japonica,7724877,,6
7074,Kleinia,petraea,5405661,,423
7075,Koanophyllon,albicaule,8333378,,423
7076,Lallemantia,peltata,5341502,,396
7077,Lantana,xenica,4086667,,415
7078,Lasiolaena,morii,3089489,,423
7079,Lepidium,virginicum,5376648,,273
7080,Liabum,floribundum,4244543,,423
7081,Liatris,squarrosa,3104295,,423
7082,Vickifunkia,thyrsoidea,11165505,Ligularia thyrsoidea,423
7083,Lilium,elegans,2753069,,57
7084,Linum,capitatum,8165087,,174
7085,Lomatia,silaifolia,7287007,,121
7086,Loxothysanus,sinuatus,3094588,,423
7087,Macaranga,indica,3074272,,166
7088,Magnolia,balansae,7631076,,20
7089,Magnolia,stellata,3153912,,20
7090,Malus,toringoides,3001587,,204
7091,Marrubium,parviflorum,7309601,,396
7092,Mattfeldanthus,andrade-limae,3112445,,423
7093,Mcneillia,graminifolia,7618303,,313
7094,Melampyrum,arvense,7331741,,403
7095,Mentha,longifolia,6838604,Mentha longifolia var. asiatica,396
7096,Metopium,brownei,7321731,,251
7097,Micromeria,cremnophila,7307179,,396
7098,Mikania,arrojadoi,5398444,,423
7099,Mikania,hookeriana,5398839,,423
7100,Mikania,laevigata,5398847,,423
7101,Mikania,purpurascens,5398782,,423
7102,Milleria,quinqueflora,5387249,,423
7103,Montanoa,hibiscifolia,8318356,,423
7104,Monticalia,firmipes,4219101,,423
7105,Morina,persica,5569005,,438
7106,Moringa,peregrina,3752342,Moringa aptera,282
7107,Mucuna,sloanei,2951571,,193
7108,Mutisia,retrorsa,7973116,,423
7109,Nassauvia,aculeata,7336447,,423
7110,Neomirandea,angularis,3090096,,423
7111,Neomirandea,arthodes,4213252,,423
7112,Nepeta,caesarea,5610692,,396
7113,Nervilia,fordii,2836625,,75
7114,Nidorella,auriculata,3117469,,423
7115,Nidorella,hottentotica,3117468,,423
7116,Nidorella,podocephala,9485625,,423
7117,Nidorella,welwitschii,3126170,,423
7118,Mammea,odorata,5555960,Ochrocarpos odoratus,156
7119,Ocotea,holdridgeana,7928563,Ocotea holdrigeana,25
7120,Ocotea,meziana,4178639,,25
7121,Ocotea,sinuata,4182511,,25
7122,Ocotea,valerioana,7762727,Ocotea valeriana,25
7123,Oedera,squarrosa,5385199,,423
7124,Olearia,phlogopappa,5405402,,423
7125,Ophiorrhiza,acuminata,5340927,,381
7126,Parthenium,integrifolium,3086802,,423
7127,Pegolettia,senegalensis,3139179,,423
7128,Persicaria,minor,6391150,,333
7129,Macroptilium,atropurpureum,2945047,Phaseolus atropurpureus,193
7130,Phyllanthus,fraternus,5381498,,181
7131,Picradeniopsis,multiflora,9433727,,423
7132,Piper,anisum,7853069,,13
7133,Piper,guineense,3086326,Piper clusii,13
7134,Piper,corcovadense,7305873,,13
7135,Pistacia,lentiscus,3190583,,251
7136,Pittosporum,tobira,8677924,,445
7137,Plagius,flosculosus,5393702,,423
7138,Planaltoa,lychnophoroides,3104579,,423
7139,Plocama,calabrica,3846360,,381
7140,Polemannia,montana,5537908,,439
7141,Polygonatum,falcatum,2770285,,64
7142,Polymnia,canadensis,5385137,,423
7143,Porcelia,macrocarpa,3156220,,15
7144,Premna,schimperi,3896144,,396
7145,Pseudocedrela,kotschyi,3851982,,255
7146,Pseudopegolettia,tenella,9415735,,423
7147,Pteronia,camphorata,5394756,,423
7148,Raulinoa,echinata,3833912,,257
7149,Garcinia,benthamiana,8168790,Rheedia benthamiana,160
7150,Rhus,coriaria,3190563,,251
7151,Rothmannia,urcelliformis,2906263,,381
7152,Salvia,circinnata,3905939,Salvia amarissima Ortega,396
7153,Salvia,iodantha,3899292,,396
7154,Salvia,reuteriana,3889612,,396
7155,Santolina,rosmarinifolia,3125944,,423
7156,Sarcococca,coriacea,3988179,,124
7157,Scaligeria,lazica,5539695,,439
7158,Scandix,australis,6027018,,439
7159,Schinus,lentiscifolia,4928871,,251
7160,Schkuhria,schkuhrioides,3101259,,423
7161,Senecio,bergii,3107132,,423
7162,Packera,coahuilensis,3114086,Senecio coahuilensis,423
7163,Senecio,coronatus,3107937,,423
7164,Senecio,digitalifolius,3108494,,423
7165,Senecio,lanceus,3107134,,423
7166,Senecio,lydenburgensis,3106938,,423
7167,Senecio,ruwenzoriensis,3107757,Senecio othonniformis,423
7168,Senecio,oxyriifolius,3106967,,423
7169,Senecio,pachyphyllos,3107151,,423
7170,Senecio,philippicus,3107733,,423
7171,Senecio,polyanthemoides,3108136,,423
7172,Senecio,richii,7336781,,423
7173,Senecio,subsessilis,3106974,,423
7174,Senecio,subumbellatus,3108734,,423
7175,Senecio,venosus,3107109,,423
7176,Klasea,erucifolia,3091267,Serratula xeranthemoides,423
7177,Sideritis,brevidens,3892138,,396
7178,Sideritis,romana,8105911,Sideritis curvidens,396
7179,Sideritis,montana,2926688,,396
7180,Sideritis,rubriflora,3888923,,396
7181,Solidago,drummondii,5388887,,423
7182,Solidago,flexicaulis,5389012,,423
7183,Solidago,leavenworthii,5389074,,423
7184,Spermacoce,stricta,7371294,,381
7185,Spiranthera,odoratissima,7269510,,257
7186,Stachys,obliqua,3905441,,396
7187,Stemodia,viscosa,7332168,,408
7188,Stephania,micrantha,5592792,,116
7189,Stevia,andina,4243152,,423
7190,Stevia,aristata,3125629,,423
7191,Stevia,eupatoria,3125566,,423
7192,Stevia,philippiana,3125728,,423
7193,Stevia,porphyrea,9872715,,423
7194,Stevia,samaipatensis,4240893,,423
7195,Stevia,sarensis,6064738,,423
7196,Stevia,stricta,4240626,,423
7197,Stevia,viscida,3125670,,423
7198,Stilpnopappus,glomeratus,3098471,,423
7199,Stilpnopappus,trichospiroides,3098457,,423
7200,Swertia,decora,5596266,,379
7201,Symphyopappus,reticulatus,3146477,,423
7202,Syncretocarpus,sericeus,3151359,,423
7203,Synedrella,nodiflora,5404991,,423
7204,Syneilesis,aconitifolia,3092759,,423
7205,Talinum,paniculatum,3084672,,340
7206,Tamaulipa,azurea,3134596,,423
7207,Tanacetum,sibiricum,7845521,,423
7208,Taraxacum,udum,5694743,,423
7209,Teucrium,melissoides,3895299,,396
7210,Teucrium,sandrasicum,3893397,,396
7211,Thecocarpus,carvifolius,5538449,,439
7212,Thymus,eriocalyx,5607119,,396
7213,Thymus,subcollinus,5605244,,396
7214,Trichogonia,grazielae,5387738,,423
7215,Trichogonia,salviaefolia,6290600,,423
7216,Trichogonia,villosa,5387729,,423
7217,Trifolium,medium,5358812,,193
7218,Tripleurospermum,inodorum,3104179,,423
7219,Trixis,divaricata,7336042,Trixis antimenorrhoea,423
7220,Trixis,pterocaulis,5398957,,423
7221,Ursinia,abrotanifolia,3089054,,423
7222,Ursinia,nudicaulis,3089084,,423
7223,Ursinia,serrata,3088995,,423
7224,Arctotis,hirsuta,7722783,Venidium hirsutum,423
7225,Veratrum,viride,2742170,Veratrum eschscholtzii,58
7226,Veratrum,fimbriatum,2742107,,58
7227,Verbesina,glabrata,3148205,,423
7228,Verbesina,persicifolia,3147805,,423
7229,Verbesina,sordescens,3148005,,423
7230,Verbesina,subcordata,3148157,,423
7231,Vernonia,colorata,5396914,,423
7232,Vernonia,holstii,5396877,,423
7233,Veronica,alpina,3172050,,408
7234,Pentanema,divaricatum,3146524,Vicoa vestita,423
7235,Viguiera,grammatoglossa,5389783,,423
7236,Vitex,lucens,3904526,,396
7237,Vitis,heyneana,8049561,,190
7238,Webera,corymbosa,8106918,,381
7239,Wedelia,regis,5386555,,423
7240,Wunderlichia,mirabilis,3090114,,423
7241,Xylopia,phloiodora,3157207,,15
7242,Zemisia,discolor,3088754,,423
7243,Zinnia,peruviana,9193953,,423
7244,Aloe,peglerae,7920572,,65
7245,Dalbergia,odorifera,2968813,,193
7246,Deguelia,amazonica,2969015,Derris amazonica,193
7247,Hertia,cheirifolia,3098871,,423
7248,Ditaxis,heterantha,5380319,,166
7249,Glebionis,carinata,3091999,,423
7250,Cyphostemma,crotalarioides,4052519,,190
7251,Rheum,nanum,7375714,,333
7252,Volutaria,lippii,7374461,Amberboa lippi,423
7253,Aloe,claviflora,2777226,,65
7254,Aloe,littoralis,2777738,,65
7255,Artemisia,sacrorum,8382575,,423
7256,Bletilla,formosana,2808775,,75
7257,Blumea,balsamifera,5395786,,423
7258,Bulbophyllum,wendlandianum,2843564,,75
7259,Centipeda,minima,5391292,,423
7260,Collinsonia,japonica,3882470,,396
7261,Coreopsis,lanceolata,3133938,,423
7262,Corydalis,curvisiliqua,5530547,Corydalis montana,117
7263,Leucostele,terscheckii,11023348,Echinopsis terscheckii,312
7264,Garcinia,ovalifolia,7396822,,160
7265,Gastrodia,elata,2813351,,75
7266,Hydnophytum,formicarum,2895700,,381
7267,Joannesia,princeps,3075087,,166
7268,Magnolia,crassipes,3153024,,20
7269,Melilotus,officinalis,8193111,,193
7270,Menispermum,dauricum,3830405,,116
7271,Orobanche,pycnostachya,3731428,,403
7272,Pemphis,acidula,3188706,,233
7273,Persicaria,perfoliata,4033648,,333
7274,Jungia,revoluta,7952924,Pleocarphus revolutus,423
7275,Pluchea,indica,3132728,,423
7276,Populus,ciliata,7266620,,187
7277,Populus,euphratica,3804846,,187
7278,Pyrus,calleryana,5363119,,204
7279,Rumex,chalepensis,4035494,,333
7280,Rumex,japonicus,7291214,,333
7281,Salvia,chinensis,3881607,,396
7282,Salvia,przewalskii,7307728,,396
7283,Cytisus,striatus,7274808,Sarothamnus patens,193
7284,Euphorbia,pereskiifolia,3065907,Synadenium pereskiifolium,166
7285,Virola,multinervia,3743027,,19
7286,Visnea,mocanera,7793182,,360
7287,Munronia,unifoliolata,3849625,,255
7288,Halimione,portulacoides,3756031,,306
7289,Hagenia,abyssinica,5370415,,204
7290,Teucrium,maghrebinum,3895501,,396
7291,Anthocleista,grandiflora,4019317,,379
7292,Carpobrotus,edulis,3084842,,305
7293,Castanea,crenata,5333249,,209
7294,Centrolobium,tomentosum,2945575,,193
7295,Ceratophyllum,submersum,2882404,,111
7296,Conchocarpus,heterophyllus,3835541,,257
7297,Helleborus,orientalis,7277069,Helleborus caucasicus,118
7298,Hemerocallis,minor,2781064,,65
7299,Hypoestes,serpens,12224345,,390
7300,Ilex,rotunda,7154501,,416
7301,Lespedeza,homoloba,2955727,,193
7302,Lippia,carviodora,4085453,,415
7303,Lolium,perenne,2706241,,102
7304,Morella,nana,3745083,Myrica nana,211
7305,Phoenix,dactylifera,6109699,,79
7306,Pimelea,decora,3568547,,270
7307,Pimelea,simplex,7311399,,270
7308,Primula,farinosa,7931979,,362
7309,Psilostrophe,cooperi,3087648,,423
7310,Solanum,jamaicense,2931492,,388
7311,Swertia,hickinii,5596099,,379
7312,Acer,negundo,3189866,,258
7313,Actinidia,arguta,3189693,,349
7314,Actinidia,hemsleyana,7270703,,349
7315,Adesmia,bicolor,5356174,,193
7316,Adesmia,incana,5356166,,193
7317,Agave,vivipara,2766811,,64
7318,Allium,suworowii,2857219,,63
7319,Alstroemeria,revoluta,2753768,,53
7320,Anoectochilus,formosanus,5308604,,75
7321,Aristolochia,pubescens,3588582,,10
7322,Arnica,montana,5405976,,423
7323,Astragalus,hamosus,5342681,,193
7324,Castela,tortuosa,3708858,Castela texana,260
7325,Centaurium,quadrifolium,7270617,,379
7326,Centrosema,pubescens,2964904,,193
7327,Ceratonia,siliqua,5356354,,193
7328,Colchicum,schimperi,2740005,,55
7329,Desmodium,intortum,2967846,,193
7330,Desmodium,uncinatum,2967319,Desmodium sandwicense,193
7331,Flacourtia,indica,5331162,,187
7332,Gentiana,orbicularis,3839551,,379
7333,Gentianella,campestris,7270427,,379
7334,Gentianella,serotina,3840114,,379
7335,Gentianopsis,barbata,7270652,,379
7336,Gentianopsis,barbellata,3169923,,379
7337,Gentianopsis,ciliata,7270648,,379
7338,Gentianopsis,crinita,3169917,,379
7339,Gentianopsis,detonsa,3169899,,379
7340,Gentianopsis,grandis,3844962,,379
7341,Gentianopsis,lanceolata,3844919,,379
7342,Gentianopsis,paludosa,7270601,,379
7343,Gentianopsis,simplex,3169926,,379
7344,Gentianopsis,thermalis,3169892,,379
7345,Gloriosa,superba,2740024,,55
7346,Hovenia,dulcis,3039410,,203
7347,Hoya,carnosa,8658195,,376
7348,Jacaranda,acutifolia,3172500,,391
7349,Koenigia,coriaria,8976401,,333
7350,Leucaena,leucocephala,2970418,,193
7351,Listia,bainesii,6710076,,193
7352,Macroptilium,lathyroides,2945063,,193
7353,Medicago,lupulina,2965201,,193
7354,Medicago,polymorpha,2965531,,193
7355,Medicago,scutellata,2965397,,193
7356,Mikania,rimachii,5398414,,423
7357,Momordica,cochinchinensis,2874580,,219
7358,Neustanthus,phaseoloides,2977687,,193
7359,Oligomeris,linifolia,3040257,,284
7360,Osmanthus,heterophyllus,3172276,,402
7361,Osmanthus,ilicifolius,8331152,,402
7362,Paeonia,peregrina,7416939,,139
7363,Passiflora,oerstedii,7313512,,179
7364,Phaseolus,lunatus,5350438,,193
7365,Phyllostachys,edulis,5290168,,102
7366,Planchonella,vitiensis,5334053,,364
7367,Pleiogynium,timoriense,3661589,Pleiogynium timorense,251
7368,Polygonatum,sewerzowii,2770197,,64
7369,Poraqueiba,guianensis,3597495,,373
7370,Pyrus,bourgaeana,5362630,,204
7371,Pyrus,pyraster,5362445,,204
7372,Rhus,chinensis,3190553,,251
7373,Rosa,pulverulenta,3003781,Rosa nisami,204
7374,Salacia,oblonga,8192619,,144
7375,Sapium,glandulosum,5379918,,166
7376,Sapium,laurifolium,5379846,,166
7377,Siraitia,grosvenorii,3623059,,219
7378,Stylosanthes,guianensis,2975693,,193
7379,Stylosanthes,humilis,2975730,,193
7380,Swertia,pubescens,5595509,,379
7381,Telekia,speciosa,5389173,,423
7382,Tetrapleura,tetraptera,5347354,,193
7383,Thalictrum,aquilegiifolium,6376340,Thalictrum aquilegifolium,118
7384,Thymus,transcaucasicus,5605119,,396
7385,Tillandsia,usneoides,2695149,,94
7386,Tragopogon,orientalis,5386903,,423
7387,Tragopogon,pratensis,5386897,,423
7388,Trifolium,burchellianum,5359439,,193
7389,Tulipa,turkestanica,5299547,,57
7390,Anethum,sowa,3631014,,439
7391,Aniba,ferrea,4181409,,25
7392,Artemisia,dracunculus,3121581,,423
7393,Astilbe,grandis,3755082,Astilbe koreana,142
7394,Boronia,muelleri,3836807,,257
7395,Elwendia,persica,8187284,Bunium persicum,439
7396,Senna,spectabilis,7225443,Cassia carnaval,193
7397,Colchicum,macedonicum,2740003,,55
7398,Coprosma,acerosa,2911375,,381
7399,Daucus,carota,9753074,Daucus carota subsp. maritimus,439
7400,Dicliptera,riparia,5575125,,390
7401,Erigeron,conyzoides,3146628,,423
7402,Euphorbia,splendens,3067182,,166
7403,Ficus,elastica,7835333,,202
7404,Hypericum,papuanum,3713595,,170
7405,Ilex,kaushue,5533846,,416
7406,Inula,thapsoides,8229654,,423
7407,Kaunia,longipetiolata,3140612,Kaunia arbuscularis,423
7408,Lomatium,multifidum,9711727,Leptotaenia multifida,439
7409,Ligusticum,scothicum,7318597,,439
7410,Ligusticum,scoticum,9199378,,439
7411,Limeum,pterocarpum,3783554,,322
7412,Lunasia,amara,7269250,Lunasia costulata,257
7413,Lupinus,formosus,2964078,,193
7414,Mespilodaphne,cymbarum,10913611,,25
7415,Ocotea,aciphylla,7304296,,25
7416,Oxandra,xylopioides,3154746,,15
7417,Palicourea,alpina,2898879,,381
7418,Peperomia,pellucida,3086412,,13
7419,Persicaria,thunbergii,7291143,,333
7420,Piper,hederaceum,7305388,Piper novae-hollandiae,13
7421,Posoqueria,latifolia,2893899,,381
7422,Rhodomyrtus,tomentosa,3179997,,235
7423,Rudbeckia,speciosa,6065200,,423
7424,Salix,sieboldiana,7266357,,187
7425,Scrophularia,smithii,7332696,,411
7426,Vincetoxicum,indicum,9983899,Tylophora flava,376
7427,Zilla,spinosa,5376128,,273
7428,Acacia,myrtifolia,2979799,,193
7429,Aconitum,japonicum,3924296,Aconitum ibukiense,118
7430,Anacardium,humile,8178693,,251
7431,Aniba,firmula,3034089,,25
7432,Betula,fruticosa,5332101,Betula divaricata,207
7433,Campylospermum,flavum,5552819,,177
7434,Clerodendrum,tomentosum,7297322,,396
7435,Coleus,barbatus,8030165,,396
7436,Crepis,zacintha,5403284,,423
7437,Decachaeta,ovatifolia,3095691,,423
7438,Deguelia,hatschbachii,3910752,,193
7439,Delphinium,cyphoplectrum,3921836,,118
7440,Didymocheton,lenticellaris,11765372,Dysoxylum lenticellare,255
7441,Edgeworthia,chrysantha,5420855,,270
7442,Aeridostachya,macrophylla,7632981,Eria macrophylla,75
7443,Fevillea,trilobata,7317799,,219
7444,Fraxinus,mandshurica,6433032,Fraxinus mandschurica,402
7445,Fuerstia,africana,3896330,,396
7446,Glaucium,oxylobum,7315004,,117
7447,Hedyotis,acutangula,2912262,,381
7448,Herniaria,fontanesii,7314286,,313
7449,Inula,royleana,7468408,,423
7450,Koelpinia,linearis,3144493,,423
7451,Liatris,tenuifolia,3104337,,423
7452,Lysimachia,candida,4005921,,362
7453,Fissistigma,oldhamii,3157344,Melodorum oldhamii,15
7454,Premna,herbacea,3897506,,396
7455,Premna,serratifolia,6411486,,396
7456,Rhaphiolepis,umbellata,7480375,,204
7457,Salvia,apiana,2927016,,396
7458,Salvia,broussonetii,3883093,,396
7459,Salvia,ceratophylla,7702993,,396
7460,Salvia,cilicica,3906023,,396
7461,Salvia,jaminiana,3898985,,396
7462,Salvia,kronenburgii,3898658,,396
7463,Salvia,lanigera,3898293,,396
7464,Salvia,microstegia,3895821,,396
7465,Salvia,staminea,7770962,,396
7466,Salvia,tiliifolia,2927066,Salvia tiliaefolia,396
7467,Salvia,yunnanensis,3883594,,396
7468,Echinopsis,lageniformis,5622588,Trichocereus bridgesii,312
7469,Uvaria,klaineana,3154263,,15
7470,Vicia,sativa,2975014,,193
7471,Euphrosyne,nevadensis,5388561,Iva nevadensis,423
7472,Artemisia,tridentata,9396703,,423
7473,Clausena,heptaphylla,7906628,,257
7474,Senegalia,caffra,3796193,,193
7475,Stemona,japonica,2863343,,50
7476,Adenocarpus,artemisiifolius,2951629,Adenocarpus artemisifolius,193
7477,Adenocarpus,decorticans,2951626,,193
7478,Dermatophyllum,arizonicum,7906494,,193
7479,Brachypterum,robustum,2947483,Derris robusta,193
7480,Erythrina,senegalensis,5349683,,193
7481,Ficus,nymphaeifolia,5570630,,202
7482,Ulex,jussiaei,2952010,,193
7483,Lepidium,didymum,5377060,Coronopus didymus,273
7484,Osmorhiza,longistylis,3034155,,439
7485,Pulicaria,undulata,3095567,,423
7486,Baccharis,nitida,8323251,,423
7487,Daphne,sericea,7311478,,270
7488,Euchresta,horsfieldii,2951871,,193
7489,Euphorbia,bungei,3068890,,166
7490,Leuzea,longifolia,3142177,,423
7491,Mallotus,resinosus,5378500,,166
7492,Orbexilum,onobrychis,2944123,,193
7493,Rhodopentas,bussei,3845991,Pentas bussei,381
7494,Ammocharis,coranica,5325614,,63
7495,Hippeastrum,vittatum,2854588,Hippeastrum vittatum L.'Herr.,63
7496,Laguncularia,racemosa,3189382,,231
7497,Rhabdodendron,macrophyllum,3880536,,335
7498,Terminalia,ivorensis,3189389,,231
7499,Volkameria,eriophylla,8003495,Clerodendrum eriophyllum,396
7500,Salvia,austriaca,3902835,,396
7501,Salvia,dumetorum,7749625,,396
7502,Salvia,fulgens,7309092,,396
7503,Salvia,garedjii,3901688,,396
7504,Salvia,grandiflora,8363338,,396
7505,Salvia,jurisicii,3898838,,396
7506,Salvia,kuznetzovii,3898617,,396
7507,Salvia,nutans,2926984,,396
7508,Salvia,phlomoides,7819681,,396
7509,Salvia,regla,2927054,,396
7510,Achillea,atrata,3120203,,423
7511,Artemisia,barrelieri,3120786,,423
7512,Tanacetopsis,mucronata,3091005,,423
7513,Acronychia,aberrans,3837352,,257
7514,Acronychia,acronychioides,3837315,,257
7515,Acronychia,acuminata,3837296,,257
7516,Acronychia,crassipetala,3837124,,257
7517,Acronychia,eungellensis,3836986,,257
7518,Acronychia,imperforata,3836884,,257
7519,Acronychia,laevis,7269458,,257
7520,Acronychia,littoralis,3836721,,257
7521,Acronychia,oblongifolia,3836579,,257
7522,Acronychia,octandra,3836550,,257
7523,Acronychia,parviflora,3836480,,257
7524,Acronychia,pauciflora,3836466,,257
7525,Acronychia,suberosa,3836212,,257
7526,Acronychia,vestita,3836130,,257
7527,Acronychia,wilcoxiana,3836079,,257
7528,Lippia,javanica,4086664,,415
7529,Ursinia,sericea,3089060,,423
7530,Artemisia,ifranensis,3120694,,423
7531,Cotyledon,orbiculata,5361969,,132
7532,Crudia,amazonica,2974634,,193
7533,Doryanthes,palmeri,8004821,,70
7534,Rhodanthe,corymbiflora,3137626,Helipterum corymbiflorum,423
7535,Hopea,parviflora,5669214,,264
7536,Gnidia,glauca,5523137,Lasiosiphon eriocephalus,270
7537,Matricaria,occidentalis,3103758,,423
7538,Nidema,boothii,2838625,,75
7539,Paubrasilia,echinata,9119360,,193
7540,Piper,wrightii,4187069,,13
7541,Poranthera,corymbosa,5383329,,181
7542,Sixalix,atropurpurea,7301011,Scabiosa atropurpurea,438
7543,Stevia,sanguinea,3125735,,423
7544,Yucca,aloifolia,2775744,,64
7545,Bellium,bellidioides,7879148,,423
7546,Centaurea,calcitrapa,3128483,,423
7547,Coleus,parishii,11023326,Coleus esquirolii,396
7548,Delphinium,hohenackeri,3931004,Consolida hohenackeri,118
7549,Elegia,deusta,5290731,,105
7550,Erica,glauca,5684964,,355
7551,Garcinia,intermedia,3714243,,160
7552,Kielmeyera,coriacea,7330272,,156
7553,Leucas,neuflizeana,7307054,Leucas neufliseana,396
7554,Lithospermum,officinale,2926086,,382
7555,Matricaria,suffruticosa,8041181,,423
7556,Platonia,insignis,5421063,,160
7557,Sida,cordata,5406739,Sida veronicaefolia,265
7558,Tabebuia,heterophylla,3172526,Tecoma pentaphylla,391
7559,Trachelospermum,lucidum,7317017,,376
7560,Ulmus,americana,5361872,,205
7561,Melanthera,prostrata,3092303,Wedelia prostrata,423
7562,Peniocereus,viperinus,10889076,Wilcoxia viperina,312
7563,Teucrium,ramosissimum,3893774,,396
7564,Dolichopentas,longiflora,3845474,Pentas longiflora,381
7565,Ruta,montana,8019513,,257
7566,Andrographis,neesiana,7868389,,390
7567,Coreopsis,tinctoria,3133950,,423
7568,Magnolia,ovata,3153276,,20
7569,Phlogacanthus,curviflorus,3775834,,390
7570,Streptoglossa,odora,3127351,Pluchea odora,423
7571,Solanum,cleistogamum,2930476,,388
7572,Uvaria,afzelii,3154397,,15
7573,Ethulia,gracilis,3091115,,423
7574,Aegopodium,podagraria,3034620,,439
7575,Nepeta,glomerulosa,7309240,,396
7576,Teucrium,bidentatum,3898334,,396
7577,Teucrium,polium,7308180,Teucrium polium subsp. polium,396
7578,Artemisia,baldshuanica,3121570,,423
7579,Basella,alba,3083504,,311
7580,Gonopterodendron,sarmientoi,10172515,Bulnesia sarmienti,192
7581,Echinops,grijsii,5392789,,423
7582,Eugenia,dysenterica,5417055,,235
7583,Hypoestes,phyllostachya,3173196,,390
7584,Peucedanum,ruthenicum,8388124,,439
7585,Rugelia,nudicaulis,3134546,,423
7586,Notylia,microchila,2850693,,75
7587,Tanacetum,cinerariifolium,3118284,Tanacetum cinerariifolium (Trevir.) Sch. Bip.,423
7588,Tanacetum,corymbosum,3118216,Tanacetum corybosum (L.) Sch. Bip.,423
7589,Centaurea,maroccana,3128509,,423
7590,Anodendron,affine,7316804,,376
7591,Antonia,ovata,7289298,,380
7592,Baccharis,gaudichaudiana,3129528,,423
7593,Cedrela,salvadorensis,3850230,,255
7594,Corylus,avellana,2875979,,207
7595,Dichrocephala,bicolor,8068050,,423
7596,Ilex,argentina,5534369,,416
7597,Ilex,dumosa,7315916,,416
7598,Ilex,microdonta,5533729,,416
7599,Ilex,pseudobuxus,7315902,,416
7600,Ilex,theezans,7315737,,416
7601,Ipomoea,pes-caprae,7999386,,385
7602,Leontodon,autumnalis,8058115,,423
7603,Licaria,chrysophylla,4182812,,25
7604,Lonicera,villosa,5598900,Lonicera somolis,438
7605,Neurolaena,lobata,7545076,,423
7606,Ormosia,hosiei,5355490,,193
7607,Ornithoglossum,viride,8016454,,55
7608,Phagnalon,rupestre,3150037,,423
7609,Psydrax,schimperianus,2893075,Psydrax schimperiana,381
7610,Pulicaria,wightiana,3095557,,423
7611,Galium,latoramosum,2913255,Rubia tetragona,381
7612,Schizanthus,litoralis,10711966,Schizanthus tricolor,388
7613,Scorzoneroides,autumnalis,3133512,,423
7614,Solidago,virgaurea,6291263,Solidago virgaaurea var. gigantea,423
7615,Sphaeranthus,confertifolius,3094656,,423
7616,Suaeda,glauca,7339791,,306
7617,Takhtajaniantha,austriaca,10808731,,423
7618,Vaccinium,arctostaphylos,4164146,,355
7619,Rockhausenia,nubigena,12174355,Werneria nubigena,423
7620,Youngia,japonica,5387974,,423
7621,Ceropegia,mixta,9534856,,376
7622,Ceropegia,variegata,3572872,,376
7623,Verbascum,dentifolium,3740197,,411
7624,Cynara,cornigera,3112362,,423
7625,Amyris,texana,5421189,,257
7626,Angelica,keiskei,6026372,,439
7627,Bunias,orientalis,3050364,,273
7628,Callistemon,lanceolatus,3173453,,235
7629,Calluna,vulgaris,2882482,,355
7630,Cissus,verticillata,3039173,,190
7631,Empetrum,hermaphroditum,6387994,,355
7632,Eucalyptus,alba,3176384,,235
7633,Eucalyptus,cypellocarpa,3176481,,235
7634,Euodia,rutaecarpa,5594200,,257
7635,Falconeria,insignis,3063740,,166
7636,Globularia,davisiana,5578451,,408
7637,Hypericum,brasiliense,7330346,,170
7638,Myrcia,multiflora,3175074,,235
7639,Phanera,japonica,10860221,,193
7640,Polygonum,equisetiforme,5652784,,333
7641,Quercus,laurifolia,2877708,,209
7642,Vaccinium,ovalifolium,2882894,,355
7643,Chrozophora,tinctoria,3054465,,166
7644,Curio,articulatus,8649560,,423
7645,Helichrysum,taenari,4244075,,423
7646,Vachellia,farnesiana,2979265,Acacia farnesiana,193
7647,Achillea,lycaonica,3120332,,423
7648,Aframomum,cereum,2758942,,93
7649,Afzelia,bella,5358289,,193
7650,Afzelia,bipindensis,5358291,,193
7651,Agnorhiza,elata,3093479,,423
7652,Aldina,heterophylla,5360773,,193
7653,Ampelopsis,brevipedunculata,7422642,,190
7654,Ampelopsis,glandulosa,4052825,Ampelopsis glandulosa var. brevipedunculata,190
7655,Andira,inermis,2952214,,193
7656,Aristotelia,australasica,5651090,,150
7657,Bagassa,guianensis,3763926,,202
7658,Balsamorhiza,hookeri,3137227,,423
7659,Berchemia,formosana,3876448,,203
7660,Calea,subcordata,3147452,,423
7661,Carpesium,macrocephalum,3094826,,423
7662,Cercidiphyllum,japonicum,8060423,,131
7663,Platyosprion,platycarpum,2945511,Cladrastis platycarpa,193
7664,Coprosma,areolata,2911412,,381
7665,Elephantopus,hirtiflorus,5395915,,423
7666,Eremanthus,elaeagnus,3133662,Eremanthus seidelii,423
7667,Euonymus,alatus,3169120,,144
7668,Euphorbia,amygdaloides,3065239,,166
7669,Euterpe,oleracea,5293398,,79
7670,Flindersia,australis,7827465,,257
7671,Flourensia,ilicifolia,3094559,,423
7672,Gardenia,resinifera,5334965,Gardenia lucida,381
7673,Gmelina,asiatica,5341168,,396
7674,Helichrysum,cephaloideum,3131606,,423
7675,Hesperis,matronalis,3042291,,273
7676,Selenicereus,undatus,10334868,Hylocereus undatus,312
7677,Hypericum,balearicum,3715063,,170
7678,Jatropha,macrorhiza,3072735,,166
7679,Leucanthemopsis,pallida,3122044,,423
7680,Ligularia,anoleuca,5395435,,423
7681,Ligularia,cymbulifera,5395446,,423
7682,Magnolia,montana,3153381,,20
7683,Mandevilla,hirsuta,7913328,,376
7684,Millettia,thonningii,5355788,,193
7685,Nekemias,grossedentata,9474674,,190
7686,Nematolepis,phebalioides,3836470,,257
7687,Nothofagus,dombeyi,2874895,,212
7688,Opuntia,humifusa,5384047,,312
7689,Oxylobus,oaxacanus,5393425,,423
7690,Pangium,edule,9796769,,153
7691,Pedicularis,decora,3724830,,403
7692,Protea,roupelliae,7287206,,121
7693,Prunus,amygdalus,3020980,,204
7694,Prunus,davidiana,8324181,,204
7695,Prunus,prostrata,3021265,,204
7696,Prunus,triloba,3023130,,204
7697,Rhodiola,fastigiata,7334395,,132
7698,Searsia,pyroides,7321717,Rhus vulgaris,251
7699,Salix,caprea,5372952,,187
7700,Sapindus,emarginatus,8086757,,258
7701,Sedum,yvesii,8037431,Sedum obtuso-lineare,132
7702,Senecio,adenophyllus,3108780,,423
7703,Siphonochilus,aethiopicus,2757671,,93
7704,Sterculia,foetida,5406675,,265
7705,Mucuna,pruriens,7732339,Stizolobium deeringianum,193
7706,Trollius,chinensis,7276979,,118
7707,Urospermum,dalechampii,3096622,,423
7708,Vatica,albiramis,5669241,,264
7709,Ventilago,leiocarpa,7274033,,203
7710,Veronica,orientalis,7555620,,408
7711,Leucas,lavandulifolia,7307152,Leucas linifolia,396
7712,Rhododendron,micranthum,4170281,,355
7713,Clavija,procera,3585576,,362
7714,Isodon,flavidus,5609022,,396
7715,Isodon,glutinosus,5609013,,396
7716,Lavandula,multifida,3891203,,396
7717,Guatteria,sagotiana,3155928,,15
7718,Haloxylon,scoparium,3758941,,306
7719,Juncus,inflexus,2701841,,100
7720,Juncus,roemerianus,2701817,,100
7721,Kopsia,flavida,5536027,,376
7722,Ampelopsis,japonica,7394232,Paullinia japonica,190
7723,Rhynchosia,minima,5350585,,193
7724,Eremanthus,erythropappus,9888756,Vanillosmopsis erythropappa,423
7725,Didymocarpus,albicalyx,6070197,,395
7726,Didymocarpus,pedicellatus,6070199,Didymocarpus pedicellata,395
7727,Lindera,erythrocarpa,7304557,,25
7728,Persicaria,ferruginea,4035927,,333
7729,Uvaria,scheffleri,3154338,,15
7730,Aeollanthus,parvifolius,3889413,,396
7731,Alpinia,flabellata,5302102,,93
7732,Amyris,elemifera,5421193,,257
7733,Baccharis,aliena,3089214,,423
7734,Baccharis,truncata,3129215,,423
7735,Chloranthus,fortunei,3750608,,28
7736,Chuquiraga,erinacea,7544794,,423
7737,Cuphea,hyssopifolia,3188698,,233
7738,Dolichorrhiza,persica,3095733,,423
7739,Eremophila,dalyana,7705362,,411
7740,Eucalyptus,amplifolia,3177077,,235
7741,Eucalyptus,oblonga,3176731,,235
7742,Euphorbia,palustris,3064056,,166
7743,Euphorbia,pithyusa,3068684,,166
7744,Flourensia,cernua,3094540,,423
7745,Fouquieria,diguetii,3874338,,356
7746,Hedycarya,angustifolia,3783053,,26
7747,Holarrhena,floribunda,3169751,,376
7748,Lathyrus,latifolius,5356517,,193
7749,Leplaea,cedrata,8279917,,255
7750,Magnolia,officinalis,3153831,Magnolia biloba,20
7751,Oenanthe,javanica,5371886,,439
7752,Ononis,viscosa,2977105,,193
7753,Pegolettia,oxyodonta,3139182,,423
7754,Piper,lhotzkyanum,11106961,,13
7755,Pterocarpus,erinaceus,5349317,,193
7756,Rhododendron,calostrotum,7327925,,355
7757,Rhododendron,concinnum,4165894,,355
7758,Rhododendron,cuneatum,4165532,,355
7759,Rhododendron,dasypetalum,4165322,,355
7760,Rhododendron,edgeworthii,4164667,,355
7761,Rhododendron,glaucophyllum,7328934,,355
7762,Rhododendron,hippophaeoides,7328818,,355
7763,Rhododendron,impeditum,4173598,,355
7764,Rhododendron,intricatum,4173445,,355
7765,Rhododendron,keiskei,7328632,,355
7766,Rhododendron,lepidotum,7328521,,355
7767,Rhododendron,lutescens,7328444,,355
7768,Rhododendron,moupinense,4169843,,355
7769,Rhododendron,polycladum,4167698,,355
7770,Rhododendron,virgatum,7328863,,355
7771,Rhododendron,cinnabarinum,4166176,Rhododendron xanthocodon,355
7772,Salvia,cinnabarina,7309594,,396
7773,Sandoricum,koetjape,3850843,,255
7774,Triunia,erythrocarpa,3999146,,121
7775,Abutilon,indicum,3152634,,265
7776,Acanthophyllum,sordidum,5585920,,313
7777,Acer,nikoense,11048317,,258
7778,Achillea,millefolium,4274084,Achillea millefolium var. millefolium,423
7779,Aconitum,habaense,3924921,,118
7780,Aconitum,tanguticum,3931303,,118
7781,Adesmia,boronioides,5356147,,193
7782,Aeonium,cuneatum,4198315,,132
7783,Agave,deserti,2767087,,64
7784,Agave,salmiana,2766660,,64
7785,Aglaia,odorata,5597349,,255
7786,Aglaia,silvestris,5597971,Aglaia pyramidata,255
7787,Ailanthus,altissima,3190653,,260
7788,Ailanthus,integrifolia,8164726,,260
7789,Ajuga,australis,7307280,,396
7790,Ajuga,decumbens,8292939,,396
7791,Ajuga,lupulina,3887158,,396
7792,Ajuga,taiwanensis,3886504,,396
7793,Albizia,procera,2973167,,193
7794,Alchemilla,tianschanica,3028975,,204
7795,Allium,fistulosum,2856504,,63
7796,Alseodaphnopsis,hainanensis,10766653,,25
7797,Amburana,cearensis,2945821,,193
7798,Parthenocissus,quinquefolia,3039194,Ampelopsis quinquefolia,190
7799,Andrographis,viscosula,3769284,,390
7800,Anemarrhena,asphodeloides,2771077,,64
7801,Cyphanthera,albicans,7299689,Anthocercis albicans,388
7802,Aphelandra,chamissoniana,7264303,,390
7803,Aralidium,pinnatifidum,3838835,,446
7804,Arenaria,oreophila,5584984,,313
7805,Aristolochia,contorta,3589079,,10
7806,Isotrema,cucurbitifolium,10900093,Aristolochia cucurbitifolia,10
7807,Aristolochia,manshuriensis,12243856,,10
7808,Artemisia,porrecta,3121001,,423
7809,Asclepias,subulata,3170301,,376
7810,Asteriscus,aquaticus,5393689,,423
7811,Balanites,aegyptiaca,5421115,,192
7812,Sarcomelicope,simplicifolia,3831738,Bauerella simplicifolia,257
7813,Bersama,swinnyi,3845297,,226
7814,Bhesa,paniculata,3793929,,158
7815,Blainvillea,acmella,5385687,Blainvillea latifolia,423
7816,Gomphrena,portulacoides,10855938,Blutaparon portulacoides,306
7817,Bougainvillea,glabra,5384862,,329
7818,Brachystemma,calycinum,3815492,,313
7819,Bulbophyllum,protractum,2845198,,75
7820,Bupleurum,sibiricum,8166443,,439
7821,Protium,tonkinense,3992962,Bursera tonkinensis,253
7822,Callicarpa,integerrima,7308875,,396
7823,Callistemon,speciosus,3173421,,235
7824,Calystegia,pubescens,2928439,,385
7825,Capparis,spinosa,8143341,Capparis ovata,275
7826,Carthamus,oxyacanthus,3138332,Carthamus oxyacantha,423
7827,Carya,ovata,3054296,,210
7828,Elaeodendron,croceum,3792084,Cassine papillosa,144
7829,Castanea,sativa,5333294,,209
7830,Celastrus,monospermus,3792919,,144
7831,Centaurea,regia,3128875,,423
7832,Cephalaria,leucantha,4104323,,438
7833,Ceratostigma,willmottianum,4089798,,332
7834,Cestrum,nocturnum,2928791,,388
7835,Charpentiera,obovata,5384317,,306
7836,Chenopodium,giganteum,3756077,Chenopodium formosanum,306
7837,Cinnamomum,reticulatum,4180681,,25
7838,Cinnamomum,subavenium,4179952,,25
7839,Acalypha,spiciflora,7456824,Cleidion spiciflorum (Burm. f.) Merr.,166
7840,Clematis,hexapetala,7990221,,118
7841,Clematis,terniflora,4931431,Clematis manshurica,118
7842,Colchicum,kotschyi,2739861,,55
7843,Colchicum,kurdicum,2739826,,55
7844,Colchicum,manissadjianii,2739989,,55
7845,Colchicum,soboliferum,2739852,,55
7846,Orthosiphon,wulfenioides,3891621,Coleus wulfenioides,396
7847,Colubrina,faralaotra,5603148,,203
7848,Colubrina,faralaotra,7642986,Colubrina faralaotra subsp.trichocarpa.,203
7849,Conium,maculatum,3034807,,439
7850,Corchorus,capsularis,3152082,,265
7851,Corydalis,pseudoadunca,5531646,,117
7852,Corylus,americana,2876060,,207
7853,Cremastra,appendiculata,2789676,,75
7854,Croton,gratissimus,3058727,,166
7855,Croton,montevidensis,3060466,,166
7856,Croton,ruizianus,3059319,,166
7857,Cryptocarya,infectoria,4176284,,25
7858,Curcuma,parviflora,2757649,,93
7859,Cypripedium,calceolus,2820517,,75
7860,Datisca,glomerata,2874726,,220
7861,Delphinium,denudatum,7276704,,118
7862,Dendrobium,chrysotoxum,5317521,,75
7863,Dendrobium,nobile,5317489,,75
7864,Dendrobium,williamsonii,5316585,,75
7865,Diabelia,serrata,7852181,,438
7866,Dioscorea,olfersiana,2755078,,46
7867,Diospyros,japonica,4927713,Diospyros glaucifolia,354
7868,Diplacus,aurantiacus,5414628,,407
7869,Dipteryx,alata,2947141,,193
7870,Drimia,altissima,8295156,,64
7871,Drimia,delagoensis,2776829,,64
7872,Drimia,elata,11038477,,64
7873,Drimia,fugax,2776643,,64
7874,Durio,oxleyanus,4073067,,265
7875,Dysosma,aurantiocaulis,3981234,,112
7876,Dysosma,versipellis,8336561,,112
7877,Ecballium,elaterium,2874680,,219
7878,Elaeagnus,pungens,3039270,,201
7879,Eleusine,coracana,2705957,,102
7880,Ericameria,laricifolia,3103039,,423
7881,Eriocaulon,buergerianum,2690931,,97
7882,Eriocaulon,cinereum,2691022,Eriocaulon sieboldianum,97
7883,Erycibe,hainanensis,3679652,,385
7884,Erythrina,americana,5349751,,193
7885,Etlingera,philippinensis,2760139,,93
7886,Euclea,crispa,6056988,,354
7887,Stevia,rebaudiana,3125557,Eupatorium rebaudianum,423
7888,Euphorbia,laurifolia,3067842,Euphorbia latazi,166
7889,Eurycoma,longifolia,3709190,,260
7890,Eutrochium,purpureum,3138192,,423
7891,Nothofagus,fusca,2874959,Fagus fusca,212
7892,Festuca,ovina,2704951,,102
7893,Fibraurea,tinctoria,5371724,,116
7894,Ficus,erecta,5834128,Ficus beecheyana,202
7895,Flemingia,grahamiana,5359839,Flemingia rhodocarpa,193
7896,Flueggea,virosa,9660177,Flueggea microcarpa,181
7897,Galinsoga,quadriradiata,8298495,Galinsoga ciliata,423
7898,Gardenia,sootepensis,5335111,,381
7899,Geigeria,schinzii,3119884,,423
7900,Gentianella,amarella,3844822,Gentiana strictiflora,379
7901,Gomphrena,celosioides,3084911,,306
7902,Goniothalamus,undulatus,3154555,,15
7903,Gossypium,hirsutum,3152661,Gossypium mexicanum,265
7904,Halocharis,hispida,6035919,,306
7905,Handroanthus,impetiginosum,4092242,,391
7906,Haplophyllum,cappadocicum,8165501,,257
7907,Haplophyllum,telephioides,7623624,,257
7908,Hedysarum,polybotrys,2961062,,193
7909,Helichrysum,angustifolium,7968420,,423
7910,Helichrysum,auriceps,3131784,,423
7911,Helichrysum,sutherlandii,3131593,,423
7912,Hortonia,floribunda,5576439,,26
7913,Hosta,sieboldiana,5303933,,64
7914,Hubertia,tomentosa,6064423,,423
7915,Hydrangea,febrifuga,8682693,,345
7916,Inula,salsoloides,3148428,,423
7917,Iris,ensata,5298900,,72
7918,Iris,lactea,5298562,,72
7919,Iris,lactea,9555848,Iris triflora,72
7920,Eriosyce,islayensis,7280231,Islaya minor,312
7921,Jacobaea,cannabifolia,5388606,,423
7922,Jasione,montana,8366345,,426
7923,Jurinea,maxima,5392467,,423
7924,Kadsura,verrucosa,3745285,,6
7925,Lagenaria,breviflora,3623452,,219
7926,Lampranthus,sociorum,3704811,,305
7927,Lavandula,pedunculata,7307760,,396
7928,Gymnospermium,kiangnanensis,3981711,Leontice kiangnanensis,112
7929,Xerochlamys,diospyroidea,8397237,Leptolaena diospyroidea,268
7930,Leptolaena,pauciflora,3783199,,268
7931,Ligustrum,obtusifolium,3172296,,402
7932,Lindera,glauca,7304540,,25
7933,Lithospermum,canescens,2926090,,382
7934,Marginatocereus,marginatus,7281746,Lophocereus marginatus,312
7935,Machilus,odoratissimus,7469276,Machilus odoratissima,25
7936,Machilus,zuihoensis,4177730,,25
7937,Campanula,medium,5411453,Medium grandiflorum,426
7938,Mentha,longifolia,7308759,Mentha incana,396
7939,Microtropis,japonica,8378552,,144
7940,Morinda,coreia,5339862,,381
7941,Morus,macroura,7262379,,202
7942,Mucuna,birdwoodiana,2951398,,193
7943,Mucuna,membranacea,2951412,,193
7944,Mycetia,nutans,9358626,,381
7945,Myriactis,humilis,5391564,,423
7946,Myristica,cagayanensis,5564579,,19
7947,Uncaria,rhynchophylla,8104601,Nauclea rhynchophylla,381
7948,Nemuaron,vieillardii,8019164,Nemuaron humboldtii,21
7949,Neopringlea,integrifolia,3880044,,187
7950,Kleinia,grandiflora,5405655,Notonia grandiflora,423
7951,Nymphaea,alba,2882437,,4
7952,Oenothera,suaveolens,8302634,,236
7953,Onopordum,macrocanthum,7765865,,423
7954,Opuntia,dillenii,6378623,Opunitia dillenii HAW.,312
7955,Opuntia,subgen,9502688,Opuntia Dillenii,312
7956,Origanum,majoricum,3894423,,396
7957,Ormosia,fordiana,5355460,,193
7958,Odontites,luteus,7855120,Orthantha lutea,403
7959,Oxytropis,muricata,5361284,,193
7960,Pachycereus,pringlei,7282285,,312
7961,Paeonia,obovata,7316524,,139
7962,Paeonia,tenuifolia,7316533,,139
7963,Papaver,radicatum,8348125,,117
7964,Parmentiera,cereifera,5415088,,391
7965,Parthenocissus,tricuspidata,3039209,,190
7966,Passiflora,morifolia,2874201,,179
7967,Peperomia,heyneana,4190658,Peperomia duclouxii C. DC.,13
7968,Peperomia,tetraphylla,3086448,,13
7969,Persicaria,capitata,2889304,,333
7970,Persicaria,nepalensis,4034001,,333
7971,Perymenium,mendezii,3132174,,423
7972,Petiveria,alliacea,3084012,Petiveria alliaceae,331
7973,Leionema,dentatum,3836178,Phebalium dentatum,257
7974,Phragmites,australis,7226752,Phragmites communis,102
7975,Phyllanthus,niruri,5381945,,181
7976,Phyllanthus,oligospermus,5382328,,181
7977,Phyllanthus,tenellus,5381097,,181
7978,Pilocarpus,grandiflorus,7269562,,257
7979,Plantago,media,3189747,,408
7980,Platostoma,palustre,3881888,,396
7981,Pleione,bulbocodioides,5321422,,75
7982,Pleione,yunnanensis,5321380,,75
7983,Pluchea,arguta,3132610,,423
7984,Polanisia,trachysperma,3871569,,277
7985,Trivalvaria,costata,7951385,Polyalthia nemoralis,15
7986,Polyalthia,stenopetala,3155170,,15
7987,Polygonum,cognatum,7291308,,333
7988,Pometia,pinnata,8390122,Pometia eximia,258
7989,Populus,lasiocarpa,7266360,,187
7990,Populus,pseudosimonii,7266708,,187
7991,Premna,fulva,3897681,,396
7992,Prosopis,kuntzei,7455269,,193
7993,Prunus,padus,3021037,,204
7994,Psiadia,anchusifolia,4217210,,423
7995,Quercus,faginea,2881480,,209
7996,Quercus,humboldtii,2880642,,209
7997,Quercus,imbricaria,2881106,,209
7998,Quercus,pyrenaica,2878826,,209
7999,Quercus,robur,2878688,,209
8000,Ranunculus,peltatus,3929630,Ranunculus baudotii,118
8001,Raphanus,raphanistrum,3040983,,273
8002,Rhinacanthus,nasutus,7263230,,390
8003,Rhizophora,mangle,3086528,,186
8004,Roemeria,refracta,5334191,,117
8005,Rorippa,indica,3053472,,273
8006,Rorippa,sylvestris,3053376,,273
8007,Rubia,yunnanensis,2892261,,381
8008,Sarcolaena,multiflora,3783164,Sarcolaeana multiflora,268
8009,Sargentodoxa,cuneata,3782041,,115
8010,Saussurea,eriostemon,5404474,,423
8011,Schisandra,sphaerandra,3745213,,6
8012,Schrebera,swietenoides,5549814,,402
8013,Scrophularia,frutescens,8132017,,411
8014,Scrophularia,koelzii,3737389,,411
8015,Scutellaria,ramosissima,5608400,,396
8016,Tephroseris,flammea,3131052,Senecio flammeus,423
8017,Senecio,gilliesii,7497522,Senecio gilliesi,423
8018,Senna,spectabilis,2957438,,193
8019,Simaba,orinocensis,3709147,,260
8020,Solanum,americanum,2930222,,388
8021,Solanum,scabrum,2929032,Solanum boerhaavii,388
8022,Solanum,lyratum,2930006,,388
8023,Solanum,spirale,2930705,,388
8024,Solidago,virgaurea,6446462,,423
8025,Sparganium,stoloniferum,2702355,,109
8026,Spilanthes,acmella,7367845,,423
8027,Spiracantha,cornifolia,3088979,,423
8028,Spiraea,japonica,3026755,Spiraea formosana,204
8029,Stenocereus,thurberi,3084384,,312
8030,Strophanthus,hispidus,3169609,,376
8031,Strychnos,henningsii,5645835,,380
8032,Synsepalum,dulcificum,2886039,,364
8033,Talipariti,tiliaceum,7115794,,265
8034,Tephrosia,bidwillii,5342392,Tephrosia bidwilli,193
8035,Teucrium,lusitanicum,8085091,,396
8036,Teucrium,pernyi,3894602,,396
8037,Thea,sasanqua,8699790,,370
8038,Tiliacora,acuminata,7796912,Tiliacora racemosa,116
8039,Trichosanthes,bracteata,3625151,,219
8040,Trichosanthes,cucumeroides,8135150,,219
8041,Vincetoxicum,tanakae,5525292,Tylophora tanakae,376
8042,Uncaria,lanosa,5338207,Uruparia lanosa,381
8043,Vachellia,karroo,3974754,,193
8044,Vanilla,planifolia,2803398,,75
8045,Verbascum,chaixii,7649762,Verbascum laxum,411
8046,Lepidaploa,lilacina,3099663,Vernonia lilacina,423
8047,Veronica,peregrina,3172104,Veronica peregrina L.,408
8048,Vincetoxicum,mukdenense,5525495,Vincetoxicum pycnostelma,376
8049,Wurmbea,deserticola,5294911,,55
8050,Wurmbea,dioica,5294914,,55
8051,Wurmbea,inframediana,5294868,,55
8052,Wurmbea,tenella,5294845,,55
8053,Zanthoxylum,beecheyanum,3832851,,257
8054,Zanthoxylum,caribaeum,7777615,Zanthoxylum chiloperone,257
8055,Zanthoxylum,lemairei,3837230,,257
8056,Zostera,marina,2863967,,43
8057,Lettowianthus,stellatus,3158226,,15
8058,Crotalaria,pallida,8260433,,193
8059,Dahlstedtia,pinnata,2960230,,193
8060,Millettia,pulchra,5355677,,193
8061,Pongamia,glabra,11377893,,193
8062,Tephrosia,carrollii,5612598,,193
8063,Tephrosia,elata,5342410,,193
8064,Tephrosia,obovata,5341880,,193
8065,Arenaria,filicaulis,7267675,,313
8066,Juglans,ailantifolia,3054366,Juglans ailanthifolia,210
8067,Polyspora,axillaris,7313778,,370
8068,Betonica,alopecuros,7306396,Stachys alopecuros,396
8069,Brickellia,microphylla,5388392,,423
8070,Abelia,chinensis,5599251,,438
8071,Asimina,parviflora,3158051,,15
8072,Atraphaxis,spinosa,7291381,,333
8073,Chondrodendron,tomentosum,3033958,,116
8074,Brachypterum,eriocarpum,11371334,Derris eriocarpa,193
8075,Embelia,parviflora,7799958,,362
8076,Pinalia,anomala,10704198,Eria anomala,75
8077,Erysimum,leptophyllum,3048329,,273
8078,Erythrina,melanacantha,5349649,,193
8079,Erythrina,vespertilio,5349709,,193
8080,Faramea,multiflora,8295089,Faramea salicifolia,381
8081,Gymnocalycium,schickendantzii,7282308,,312
8082,Hypericum,styphelioides,3711146,,170
8083,Pachycereus,eichlamii,11017232,Lemaireocereus longispinus,312
8084,Millettia,pachycarpa,5355731,,193
8085,Monsonia,senegalensis,3827412,,229
8086,Pancratium,sickenbergeri,2853247,,63
8087,Planchonia,grandis,5383735,,357
8088,Plathymenia,reticulata,5355647,,193
8089,Simarouba,glauca,3190669,,260
8090,Syzygium,polycephaloides,3182236,,235
8091,Ulex,parviflorus,3975149,Ulex airensis,193
8092,Vellozia,nanuzae,2863575,,52
8093,Vernonanthura,fagifolia,3110498,Vernonia fagifolia,423
8094,Ulex,europaeus,2951990,ulex europaeus ssp. europaeus,193
8095,Zephyranthes,minuta,2859919,Amaryllis minuta,63
8096,Brassica,napobrassica,7631278,,273
8097,Senna,hirsuta,2958100,Cassia hirsuta,193
8098,Celastrus,hypoleucus,3793659,,144
8099,Coleus,scutellarioides,5341492,Coleus rehneltianus,396
8100,Cynomorium,coccineum,3585717,Cynomorium songaricum,133
8101,Delphinium,fissum,7276601,,118
8102,Delphinium,schmalhausenii,7277698,,118
8103,Eremophila,oppositifolia,6034500,Eremophila oppositifolia subsp. Angustifolia,411
8104,Philotheca,trachyphylla,3838009,Eriostemon trachyphyllus,257
8105,Geniostoma,antherotrichum,7289405,,380
8106,Phlomis,amanica,3888696,,396
8107,Ceodes,umbellifera,3086267,Pisonia umbellifera,329
8108,Pringlea,antiscorbutica,7613516,,273
8109,Rumex,abyssinicus,4035195,,333
8110,Cyclospermum,leptophyllum,8350395,Apium leptophyllum,439
8111,Artemisia,ludoviciana,3120950,,423
8112,Oxandra,espintana,3154751,,15
8113,Lobelia,laxiflora,5408996,,426
8114,Aconitum,japonicum,7277191,Aconitum hakusanense,118
8115,Anchusa,officinalis,5341201,,382
8116,Asparagus,aethiopicus,2768763,,64
8117,Calophyllum,brasiliense,5421069,,156
8118,Capsella,bursa-pastoris,5375388,,273
8119,Caryopteris,mongholica,3897666,,396
8120,Choerospondias,axillaris,3661517,,251
8121,Cirsium,carolinianum,3112872,,423
8122,Senecio,serratifolius,3108855,Culcitium serratifolium,423
8123,Dalbergia,rubiginosa,2968938,,193
8124,Dendrobium,fuscescens,5314693,,75
8125,Dipentodon,sinicus,4160294,,247
8126,Dolichandrone,falcata,4091174,,391
8127,Erucastrum,gallicum,5375547,,273
8128,Excoecaria,cochinchinensis,3071716,,166
8129,Hypericum,beanii,3714996,,170
8130,Hypericum,monogynum,3714489,,170
8131,Hypericum,oblongifolium,3713869,,170
8132,Illicium,majus,3592300,,6
8133,Illicium,angustisepalum,3592331,Illicium minwanense,6
8134,Leptecophylla,parvifolia,10758429,Leucopogon parviflorus,355
8135,Ligularia,dictyoneura,5395444,,423
8136,Lycopus,virginicus,5341476,,396
8137,Magnolia,arcabucoana,3153767,,20
8138,Nothapodytes,nimmoniana,3596916,Mappia foetida,371
8139,Maytenus,boaria,3790726,,144
8140,Mesembryanthemum,tortuosum,7750120,,305
8141,Neoshirakia,japonica,3070784,,166
8142,Panax,stipuleanatus,5372237,,441
8143,Pelargonium,sidoides,3827581,,229
8144,Pericome,caudata,3095519,,423
8145,Piper,lanceifolium,4190447,,13
8146,Satureja,atropatana,3883115,,396
8147,Senecio,ovatus,3107361,,423
8148,Stenostomum,acreanum,6288508,,381
8149,Toxicodendron,succedaneum,3190624,,251
8150,Toxicodendron,sylvestre,4928886,,251
8151,Vaccinium,dunalianum,4173549,,355
8152,Alocasia,macrorrhizos,5329904,,32
8153,Aloe,castanea,8355770,,65
8154,Asterolasia,phebalioides,8409846,,257
8155,Casimiroa,pubescens,3833853,,257
8156,Chloroxylon,swietenia,5593556,,257
8157,Cnidium,japonicum,3638188,,439
8158,Cullen,drupaceum,2948954,,193
8159,Dinosperma,melanophloia,3831275,Dinosperma melanophloium,257
8160,Dorstenia,cayapia,3765586,Dorstenia asaroides,202
8161,Dorstenia,barnimiana,7262729,,202
8162,Dorstenia,contrajerva,2984541,,202
8163,Dorstenia,drakena,7777272,,202
8164,Dorstenia,excentrica,3764991,Dorstenia excentria,202
8165,Dorstenia,foetida,7262610,,202
8166,Dorstenia,psilurus,3763387,,202
8167,Esenbeckia,almawillia,5593208,,257
8168,Zanthoxylum,mayu,3836655,Fagara mayu,257
8169,Flindersia,bennettii,7526198,Flindersia bennettiana,257
8170,Heracleum,grandiflorum,3629701,,439
8171,Heracleum,lehmannianum,3629361,,439
8172,Heracleum,leskovii,6026350,,439
8173,Tetrataenium,nepalense,3635652,Heracleum nepalense,439
8174,Heracleum,pyrenaicum,7557598,,439
8175,Heracleum,stevenii,7958192,,439
8176,Heracleum,vicinum,3642146,,439
8177,Tetrataenium,wallichii,3635581,Heracleum wallichii,439
8178,Heracleum,wolongense,3642075,,439
8179,Heracleum,yungningense,3642037,,439
8180,Hortia,superba,5594639,,257
8181,Leionema,ambiens,3836266,,257
8182,Melicope,denhamii,3833431,,257
8183,Peucedanum,officinale,6026255,,439
8184,Pimpinella,major,5371874,Pimpinella major (L.) Huds.,439
8185,Pimpinella,nigra,5539078,Pimpinella nigra Mill.,439
8186,Pimpinella,peregrina,5538946,Pimpinella peregrina L.,439
8187,Deverra,triradiata,7224043,Pituranthos triradiatus,439
8188,Platypodium,elegans,2977383,,193
8189,Pterocyclus,angelicoides,5540677,Pleurospermum angelicoides,439
8190,Psilopeganum,sinense,3836169,,257
8191,Rhadinothamnus,anceps,3833085,,257
8192,Ruta,corsica,3832726,,257
8193,Seseli,elatum,7361803,,439
8194,Seseli,gouanii,3631115,,439
8195,Seseli,longifolium,6026439,,439
8196,Silene,gallica,5384848,,313
8197,Acmella,oleracea,5386764,Spilanthes oleracea,423
8198,Stellera,chamaejasme,7311593,,270
8199,Tetradium,daniellii,5594382,,257
8200,Thamnosma,montana,3190417,,257
8201,Trichocline,incana,3125968,,423
8202,Xanthogalum,sachokianum,3639889,,439
8203,Zanthoxylum,ekmanii,3831433,Zanthoxylum belizense,257
8204,Zanthoxylum,ovalifolium,7269328,,257
8205,Aspilia,eenii,5396283,,423
8206,Espeletia,weddelii,3105087,,423
8207,Helianthus,grosseserratus,3119189,,423
8208,Cheiloclinium,cognatum,3790743,,144
8209,Elaeodendron,balae,7643571,,144
8210,Elaeodendron,schlechterianum,3791140,Elaeodendron schlechteranum,144
8211,Euonymus,sclerocarpus,3793963,Glyptopetalum sclerocarpum,144
8212,Monteverdia,krukovii,9716196,,144
8213,Monteverdia,laevis,9672576,,144
8214,Peritassa,campestris,8501730,,144
8215,Tithonia,fruticosa,5396542,,423
8216,Psoralea,fruticans,2978009,Trifolium fruticosa,193
8217,Wedelia,asperrima,7901975,,423
8218,Centaurea,furfuracea,3127532,,423
8219,Centaurea,raphanina,7914874,,423
8220,Centaurea,urvillei,3128333,,423
8221,Eriocaulon,ligulatum,2690712,,97
8222,Iris,domestica,5298546,,72
8223,Helichrysum,luteoalbum,3131229,Pseudognaphalium luteoalbum,423
8224,Pallenis,spinosa,5385215,,423
8225,Fritillaria,verticillata,5300495,,57
8226,Senecio,glaucus,4233868,Senecio desfontainei,423
8227,Aloe,rabaiensis,2777836,,65
8228,Amsinckia,carinata,2925873,,382
8229,Amsinckia,eastwoodae,4059594,,382
8230,Amsinckia,lycopsioides,4058646,,382
8231,Amsinckia,spectabilis,2925881,,382
8232,Amsinckia,vernicosa,2925871,,382
8233,Anchusa,milleri,8429279,,382
8234,Cryptantha,clevelandii,2926233,,382
8235,Oreocarya,virginiensis,7520423,Cryptantha virginensis,382
8236,Cynoglossum,creticum,4064467,,382
8237,Cynoglossum,officinale,2925815,,382
8238,Eupatorium,japonicum,5403118,,423
8239,Gastrocotyle,hispida,5660777,,382
8240,Lappula,spinocarpos,8091625,,382
8241,Oreocarya,insolita,4066058,,382
8242,Paracaryum,intermedium,7295206,,382
8243,Praxelis,clematidea,4221673,,423
8244,Anopterus,glandulosus,3932837,,433
8245,Aquilaria,agallocha,5524192,Aquilaria agallochum,270
8246,Arctostaphylos,patula,2882612,,355
8247,Betula,pubescens,8286127,Betula pubescens litwinowii,207
8248,Sinapis,alba,7225693,Brassica hirta,273
8249,Bridelia,balansae,3076230,,181
8250,Casearia,ilicifolia,7998202,,187
8251,Chromolaena,opadoclinia,3087824,,423
8252,Clusia,spiritu-sanctensis,5555953,,160
8253,Vincetoxicum,stauntonii,5525315,Cynanchum stauntoni,376
8254,Dendrobium,draconis,5317540,,75
8255,Diplotaxis,harra,5376405,,273
8256,Euphorbia,lactiflua,3069801,,166
8257,Gomphrena,globosa,3084908,,306
8258,Jaborosa,odonelliana,3801875,,388
8259,Lilium,pumilum,7675947,,57
8260,Lilium,tenuifolium,7728498,,57
8261,Lysimachia,fordiana,4005024,,362
8262,Matayba,oppositifolia,3784095,,258
8263,Melodinus,insulae-pinorum,7317386,,376
8264,Myrcianthes,pungens,3188295,,235
8265,Ormosia,jamaicensis,5355446,,193
8266,Paris,tetraphylla,5295869,,58
8267,Ocotea,porosa,7427554,Phoebe porosa,25
8268,Populus,grandidentata,3040210,,187
8269,Populus,tomentosa,3040195,,187
8270,Rosa,centifolia,3002410,Rosa × centifolia,204
8271,Stenocarpus,sinuatus,2891789,,121
8272,Stizolophus,balsamita,8703870,,423
8273,Teucrium,lepicephalum,4931003,,396
8274,Tilia,platyphyllos,4260081,Tilia rubra,265
8275,Typha,angustifolia,5289461,,109
8276,Vanilla,madagascariensis,2803350,,75
8277,Vincetoxicum,glaucescens,5525657,,376
8278,Hebenstretia,dentata,3725947,,411
8279,Lamium,amplexicaule,2926679,,396
8280,Lamium,eriocephalum,7308076,,396
8281,Penstemon,centranthifolius,3171556,,408
8282,Phlomis,linearis,3887429,,396
8283,Phlomis,sintenisii,3886342,,396
8284,Stachytarpheta,jamaicensis,2925463,,415
8285,Stachytarpheta,mutabilis,2925462,,415
8286,Stachytarpheta,urticifolia,2925457,Stachytarpheta urticaefolia,415
8287,Ophrys,sphegodes,2793334,,75
8288,Ferula,kokanica,3637959,,439
8289,Ferula,szowitsiana,4928247,Ferula microloba,439
8290,Centaurea,hyssopifolia,3127628,,423
8291,Klasea,centauroides,7932816,Serratula strangulata,423
8292,Harpephyllum,caffrum,7410371,,251
8293,Euphorbia,prostrata,3067891,,166
8294,Aniba,megaphylla,4180892,,25
8295,Aralia,fargesii,3037047,,441
8296,Backhousia,citriodora,3185109,,235
8297,Berberis,integerrima,7484666,,112
8298,Boesenbergia,rotunda,2758480,,93
8299,Corydalis,delavayi,5532070,,117
8300,Cymbopogon,distans,4139405,,102
8301,Cymbopogon,khasianus,4138855,,102
8302,Cymbopogon,winterianus,2705273,,102
8303,Dracocephalum,moldavica,2927222,,396
8304,Dracocephalum,moldavicum,3902450,,396
8305,Orthopappus,angustifolius,3119658,Elephantopus angustifolius,423
8306,Elionurus,muticus,4114608,,102
8307,Elsholtzia,eriostachya,3900670,,396
8308,Gaillardia,coahuilensis,5387879,,423
8309,Digitalis,sceptrum,7674580,Isoplexis sceptrum,408
8310,Lindera,citriodora,5685728,,25
8311,Scurrula,parasitica,7287927,Loranthus parasiticus,294
8312,Nauclea,latifolia,5336165,,381
8313,Omphacomeria,acerba,7265247,,298
8314,Simaba,maiana,3709273,,260
8315,Licaria,macrophylla,4182303,,25
8316,Lindera,benzoin,5371740,,25
8317,Maprounea,guianensis,3054658,,166
8318,Melaleuca,viridiflora,5416109,,235
8319,Myrocarpus,fastigiatus,2945758,,193
8320,Eleutherococcus,divaricatus,3035440,,441
8321,Hyoscyamus,albus,2928979,,388
8322,Ferula,tatarica,3636296,,439
8323,Lonchocarpus,heptaphyllus,2969089,,193
8324,Millettia,xylocarpa,5355719,Millettia hemsleyana,193
8325,Millettia,peguensis,5355687,,193
8326,Millettia,sanagana,5355875,,193
8327,Millettia,xylocarpia,5355710,,193
8328,Pongamia,pinnata,7275516,Pongamia pinnata var. pinnata,193
8329,Tephrosia,falciformis,5342074,,193
8330,Livistona,australis,2733456,,79
8331,Euphorbia,plumerioides,3067726,,166
8332,Arctomecon,merriamii,2888376,Arctomecon merrianii,117
8333,Argemone,aenea,2888482,,117
8334,Argemone,alba,10895838,,117
8335,Argemone,albiflora,2888493,,117
8336,Argemone,grandiflora,7314760,,117
8337,Argemone,munita,2888498,,117
8338,Argemone,ochroleuca,2888490,,117
8339,Argemone,subfusiformis,7315184,Argemone subfusiformia,117
8340,Artabotrys,maingayi,3154892,,15
8341,Astilbe,japonica,3032696,,142
8342,Berberis,microphylla,7300375,Berberis buxifolia,112
8343,Berberis,chitria,7752154,,112
8344,Berberis,empetrifolia,7300424,,112
8345,Berberis,laurina,7300280,,112
8346,Caltha,palustris,5371685,,118
8347,Centaurea,sclerolepis,3128903,,423
8348,Pachycereus,pecten-aboriginum,7282300,Cereus pecten-aboriginum,312
8349,Hylomecon,japonicum,7404520,Chelidonium japonicum,117
8350,Coccoloba,mollis,4037525,Coccoloba dugandiana,333
8351,Corydalis,adunca,7315134,,117
8352,Pseudofumaria,alba,7315064,Corydalis alba (Mill.) Mansf.,117
8353,Corydalis,ambigua,7315083,,117
8354,Corydalis,fumariifolia,7315156,Corydalis ambigua var.amurensis,117
8355,Corydalis,calliantha,5531084,,117
8356,Corydalis,campulicarpa,5531053,,117
8357,Corydalis,caucasica,7439301,Corydalis caucasia,117
8358,Corydalis,cheilanthifolia,5530829,,117
8359,Corydalis,decumbens,7314730,,117
8360,Corydalis,esquirolii,8003037,,117
8361,Corydalis,glaucescens,7315123,,117
8362,Corydalis,gortschakovii,7315112,,117
8363,Corydalis,govaniana,7315106,,117
8364,Corydalis,platycarpa,5531715,Corydalis heterocarpa var. japonica,117
8365,Corydalis,incisa,7314981,,117
8366,Corydalis,integra,5531233,,117
8367,Corydalis,intermedia,5531229,,117
8368,Corydalis,longicalcarata,7314849,,117
8369,Pseudofumaria,lutea,2888513,Corydalis lutea (L.) DC.,117
8370,Corydalis,nobilis,5531997,,117
8371,Corydalis,omeiana,5531953,Corydalis omeiensis,117
8372,Corydalis,ophiocarpa,5531941,,117
8373,Corydalis,racemosa,7842364,,117
8374,Corydalis,repens,7315006,,117
8375,Corydalis,sheareri,5531081,,117
8376,Corydalis,speciosa,7314897,,117
8377,Corydalis,turtschaninovii,7314740,,117
8378,Corydalis,yanhusuo,8252990,,117
8379,Critonia,daleoides,5385795,,423
8380,Curculigo,breviscapa,2853019,,71
8381,Cyclea,atjehensis,3830093,,116
8382,Cyperus,nipponicus,2713508,,95
8383,Dactylicapnos,torulosa,3603361,,117
8384,Dendrobium,amplum,5314663,,75
8385,Dendrolobium,lanceolatum,2946825,,193
8386,Dicentra,formosa,2888553,,117
8387,Dicranostigma,lactucoides,3602317,,117
8388,Eomecon,chionantha,8014968,,117
8389,Albertisia,mangenotii,5592688,Epinetrum mangenotii,116
8390,Eriocephalus,giessii,3130104,,423
8391,Erythrophleum,suaveolens,2971196,,193
8392,Fumaria,asepala,5531266,,117
8393,Fumaria,bastardii,9228111,,117
8394,Fumaria,bracteosa,5531131,,117
8395,Fumaria,gaillardotii,7417141,,117
8396,Fumaria,indica,5530680,,117
8397,Fumaria,judaica,7314795,,117
8398,Fumaria,petteri,8165465,,117
8399,Fumaria,rostellata,5531762,,117
8400,Fumaria,schleicheri,7315160,,117
8401,Galanthus,trojanus,2855373,,63
8402,Gentianella,amarella,8196434,,379
8403,Glaucium,arabicum,5531544,,117
8404,Glaucium,squamigerum,5531226,,117
8405,Horsfieldia,glabra,7333714,,19
8406,Hunnemannia,fumariifolia,2888505,Hunnemannia fumariaefolia Sweet.,117
8407,Hypecoum,erectum,3601784,,117
8408,Hypecoum,lactiflorum,3601711,,117
8409,Hypecoum,pendulum,2888559,,117
8410,Hypecoum,trilobum,3601507,,117
8411,Karwinskia,johnstonii,3875101,,203
8412,Lappula,squarrosa,2925756,Lappula echinata,382
8413,Ligularia,sagitta,5395546,,423
8414,Papaver,cambricum,3602683,Meconopsis cambrica,117
8415,Meconopsis,robusta,3603757,,117
8416,Mezzettia,parviflora,3156522,Mezzettia leptopoda,15
8417,Magnolia,figo,7069177,Michelia fuscata,20
8418,Nandina,domestica,5371712,,112
8419,Nuxia,sphaerocephala,4055556,,412
8420,Othonna,obtusiloba,3094368,,423
8421,Papaver,albiflorum,7315162,,117
8422,Roemeria,argemone,5531435,Papaver argemone,117
8423,Papaver,armeniacum,7655704,,117
8424,Papaver,atlanticum,7315072,,117
8425,Papaver,californicum,2888432,,117
8426,Papaver,confine,3602397,,117
8427,Papaver,croceum,2888458,Papaver croceum Ledeb.,117
8428,Papaver,curviscapum,3602239,,117
8429,Papaver,radicatum,3602852,Papaver dahlianum,117
8430,Papaver,dubium,2888464,,117
8431,Papaver,armeniacum,7315078,Papaver fugax,117
8432,Papaver,glaucum,2888434,,117
8433,Papaver,guerlekense,3601607,,117
8434,Stylomecon,heterophylla,2888511,Papaver heterophyllum,117
8435,Papaver,alpinum,7315140,Papaver kerneri,117
8436,Papaver,laestadianum,3601124,,117
8437,Papaver,lapponicum,2888452,,117
8438,Papaver,lateritium,7153494,,117
8439,Papaver,macrostomum,7315294,,117
8440,Papaver,oreophilum,3603367,,117
8441,Papaver,orientale,2888437,,117
8442,Papaver,pavoninum,10920214,,117
8443,Papaver,pinnatifidum,3603136,,117
8444,Papaver,pseudo-orientale,7670059,,117
8445,Papaver,rhoeas,7315015,Papaver rhoeas chelidonides,117
8446,Papaver,setigerum,3602227,,117
8447,Papaver,dubium,3601981,Papaver stevenianum,117
8448,Papaver,strigosum,2888461,,117
8449,Paronychia,argentea,5528747,,313
8450,Platystemon,californicus,2888397,,117
8451,Prunus,humilis,3020755,,204
8452,Psacalium,peltatum,3097618,,423
8453,Ranunculus,serbicus,3925238,,118
8454,Rosa,hybr,6712151,,204
8455,Petrosedum,sediforme,11206887,Sedum altissimum,132
8456,Stachys,plumosa,3904658,,396
8457,Stylophorum,diphyllum,2888466,,117
8458,Stylophorum,lasiocarpum,3601539,,117
8459,Swertia,mussotii,7270272,,379
8460,Teucrium,carolipaui,7308668,,396
8461,Thalictrum,atriplex,3930698,,118
8462,Thalictrum,dasycarpum,3033160,,118
8463,Thalictrum,delavayi,7278040,,118
8464,Thalictrum,faberi,7958698,,118
8465,Thalictrum,flavum,7509607,,118
8466,Thalictrum,foliolosum,8317447,,118
8467,Thalictrum,glandulosissimum,7277885,Thalictrum gladulosissimum,118
8468,Thalictrum,isopyroides,3928466,,118
8469,Thalictrum,lucidum,7277720,,118
8470,Thalictrum,microgynum,3927609,Thalictrum microgyum,118
8471,Thalictrum,minus,3033129,,118
8472,Thalictrum,petaloideum,3926484,,118
8473,Thalictrum,minus,3927362,Thalictrum thunbergii,118
8474,Thalictrum,triternatum,3924320,,118
8475,Zanthoxylum,vitiense,3833188,,257
8476,Hexalobus,monopetalus,3155101,,15
8477,Isolona,congolana,3158247,,15
8478,Dichrocephala,integrifolia,3115588,,423
8479,Anaphalis,busua,7910835,,423
8480,Annona,purpurea,5407091,,15
8481,Calea,pinnatifida,3147483,,423
8482,Chromolaena,subscandens,3087821,,423
8483,Croton,draco,3058297,,166
8484,Cyathobasis,fruticulosa,3758853,,306
8485,Distemonanthus,benthamianus,2964857,,193
8486,Ferula,latipinna,3637808,,439
8487,Limnophila,rugosa,5563114,,408
8488,Lysionotus,denticulosus,3823596,,395
8489,Neolitsea,acuminatissima,4180432,,25
8490,Packera,bellidifolia,3113900,,423
8491,Palicourea,coriacea,2898753,,381
8492,Piper,kwashoense,4191002,,13
8493,Piper,philippinum,4184104,,13
8494,Pulicaria,gnaphalodes,3095546,,423
8495,Pulicaria,paludosa,7414345,,423
8496,Rostrinucula,dependens,3887596,,396
8497,Soroseris,hookeriana,3137744,,423
8498,Trianthema,portulacastrum,3084848,,305
8499,Vanilla,pompona,2803463,,75
8500,Vanilla,tahitensis,2803401,,75
8501,Acacia,leptostachya,2978381,,193
8502,Acanthosyris,spinescens,3789479,,300
8503,Alstonia,lanceolifera,7316830,,376
8504,Alstroemeria,aurea,2753786,Alstroemeria aurantiaca,53
8505,Annona,coriacea,5407300,,15
8506,Arabis,purpurea,5375090,,273
8507,Artemisia,caerulescens,3121347,,423
8508,Capparis,masakai,5601882,Capparis masaikai,275
8509,Cichorium,spinosum,5392268,,423
8510,Crotalaria,podocarpa,2942954,,193
8511,Crotalaria,trichotoma,2941939,,193
8512,Echinops,spinosissimus,5392840,,423
8513,Eminium,spiculatum,2867716,,32
8514,Eucalyptus,bakeri,3176444,,235
8515,Euphorbia,grandicornis,7858737,,166
8516,Euphorbia,nivulia,3064863,,166
8517,Flyriella,parryi,3114494,,423
8518,Fraxinus,chinensis,3684429,Fraxinus chinensis subsp. rhynchophylla,402
8519,Fritillaria,pallidiflora,7881874,,57
8520,Gmelina,leichhardtii,5607665,,396
8521,Hyalosperma,glutinosum,3130630,Helipterum venustum,423
8522,Mirabilis,alipes,3086167,Hermidium alipes,329
8523,Hernandia,ovigera,8282016,,24
8524,Humboldtia,laurifolia,2962731,,193
8525,Hydnocarpus,castaneus,3878251,Hydnocarpus anthelminthicus,153
8526,Kalanchoe,daigremontiana,2985936,,132
8527,Kalanchoe,marmorata,2985938,,132
8528,Kalanchoe,petitiana,4199124,,132
8529,Koelreuteria,paniculata,5421180,,258
8530,Lagenaria,siceraria,2874672,,219
8531,Lappula,intermedia,4068059,,382
8532,Luffa,aegyptiaca,2874599,,219
8533,Lycium,cestroides,7299347,,388
8534,Macaranga,sampsonii,3074145,,166
8535,Macrotyloma,uniflorum,2976931,,193
8536,Mentzelia,incisa,5331409,,347
8537,Nectandra,pichurim,7304702,,25
8538,Nicotiana,benthamiana,3800423,,388
8539,Paepalanthus,hilairei,5287427,,97
8540,Pieris,formosa,5333350,,355
8541,Hebecarpa,macradenia,7525630,Polygala macradenia,195
8542,Psacalium,paucicapitatum,3097637,,423
8543,Pterocaulon,alopecuroides,7638788,,423
8544,Quercus,cerris,2880580,,209
8545,Rhabdodendron,amazonicum,3880543,,335
8546,Rhododendron,makinoi,8193511,,355
8547,Rothmannia,macrophylla,10901104,,381
8548,Schlumbergera,russeliana,5620092,Schlumbergera bridgesii,312
8549,Schlumbergera,truncata,5383983,,312
8550,Sideritis,linearifolia,7935746,,396
8551,Sloanea,zuliaensis,5651096,,150
8552,Solanum,arundo,2931643,,388
8553,Tetracera,rosiflora,5681001,,128
8554,Tillandsia,fragrans,2695631,,94
8555,Tripterospermum,trinervium,8469853,Tripterospermum japonicum,379
8556,Trixis,praestans,5399008,,423
8557,Uvariopsis,tripetala,3157442,,15
8558,Zanthoxylum,petiolare,3835408,,257
8559,Cynoglossum,australe,7295198,,382
8560,Cynoglossum,germanicum,7295106,,382
8561,Cynoglossum,montanum,4063280,,382
8562,Cynoglossum,zeylanicum,2925813,,382
8563,Echium,vulgare,2925892,,382
8564,Hypoestes,floribunda,7264072,,390
8565,Myosotis,alpestris,5341187,Myosotis alpestris F. W. Schmidt,382
8566,Myosotis,arvensis,5341170,Myosotis arvensis Hill,382
8567,Myosotis,laxa,7807285,Myosotis cespitosa Schultz,382
8568,Myosotis,decumbens,7295092,Myosotis decumbens Host,382
8569,Myosotis,discolor,5341177,Myosotis discolor Pers.,382
8570,Myosotis,nemorosa,7730039,Myosotis nemorosa Besser,382
8571,Myosotis,ramosissima,7589756,Myosotis ramosissima Rochel,382
8572,Myosotis,rehsteineri,7930390,Myosotis rehsteineri Wartm.,382
8573,Myosotis,stricta,5341190,Myosotis stricta Roem. & Schult.,382
8574,Myosotis,sylvatica,5341175,Myosotis sylvatica Hoffm.,382
8575,Paracaryum,rugulosum,7295182,,382
8576,Rochelia,zeylanica,5660142,Paracynoglossum furcatum,382
8577,Asteriscus,sericeus,5393680,,423
8578,Austromyrtus,tenuifolia,3177355,,235
8579,Bouchardatia,neurococca,3831416,,257
8580,Peltoboykinia,tellimoides,3755021,Boykinia tellimoides,142
8581,Bupleurum,acutifolium,3640554,,439
8582,Cassinia,longifolia,5390391,,423
8583,Cassinia,uncata,8411350,,423
8584,Chimonanthus,praecox,7275851,,22
8585,Chromolaena,morii,3087703,,423
8586,Croton,hemiargyreus,3060012,,166
8587,Cryptocarya,cunninghamii,4177609,,25
8588,Cyperus,alopecuroides,2715045,,95
8589,Duguetia,confinis,3157560,,15
8590,Euryops,arabicus,5394972,,423
8591,Ferula,flabelliloba,3638663,,439
8592,Hypericum,coris,3713724,,170
8593,Isocoma,coronopifolia,3099238,,423
8594,Lepechinia,urbani,3888351,,396
8595,Minuria,leptophylla,3095324,,423
8596,Monardella,hypoleuca,2926511,,396
8597,Mucuna,pruriens,2951499,Mucuna prurita,193
8598,Mespilodaphne,opifera,4183107,Ocotea longifolia,25
8599,Phlomis,lanata,3887518,,396
8600,Pilocarpus,microphyllus,7269244,,257
8601,Pterocarpus,dalbergioides,5349241,,193
8602,Senecio,nutans,3108749,,423
8603,Sideritis,argyrea,3892392,,396
8604,Sideritis,pungens,7307469,Sideritis javalambrensis,396
8605,Sideritis,tragoriganum,12191890,Sideritis reverchonii,396
8606,Sigesbeckia,orientalis,3125901,Siegesbeckia orientalis,423
8607,Stachys,atherocalyx,3885185,,396
8608,Teucrium,stocksianum,7308003,,396
8609,Thalictrum,sachalinense,3925470,,118
8610,Vicia,cracca,2975287,,193
8611,Ziziphora,hispanica,3899231,,396
8612,Frankenia,thymifolia,3873783,,318
8613,Acrotrema,uniflorum,5680885,,128
8614,Ageratina,calophylla,9213124,,423
8615,Artemisia,albida,8216652,,423
8616,Artemisia,leucodes,3120921,,423
8617,Artemisia,ludoviciana,7393338,Artemisia ludoviciana var. mexicana,423
8618,Artemisia,nitida,3120815,,423
8619,Artemisia,nitrosa,3121196,,423
8620,Artemisia,santolina,3121315,,423
8621,Artemisia,verlotiorum,3120790,,423
8622,Centaurea,cineraria,3128305,,423
8623,Centaurea,derventana,3127714,,423
8624,Centaurea,kerneriana,3127953,Centaurea kernerana,423
8625,Centaurea,sulphurea,3128151,,423
8626,Centaurea,tougourensis,3127944,,423
8627,Eriocephalus,punctulatus,3130102,,423
8628,Glaucium,vitellinum,5531194,,117
8629,Helianthus,mollis,7937401,,423
8630,Hypericum,henryi,7329996,,170
8631,Layia,hieracioides,5392996,,423
8632,Othonna,coronopifolia,8027766,,423
8633,Pandanus,amaryllifolius,9296315,,49
8634,Salvia,cardiophylla,3882372,,396
8635,Sideritis,gomeraea,7307750,,396
8636,Sium,suave,3034526,Sium lineare,439
8637,Stevia,vaga,3125640,,423
8638,Tanacetum,polycephalum,3118540,,423
8639,Thymus,leptophyllus,5606565,Thymus godayanus,396
8640,Acacia,pycnantha,2978604,,193
8641,Acacia,terminalis,2978771,,193
8642,Acer,carpinifolium,3768602,,258
8643,Acer,oblongum,7262960,,258
8644,Adonis,mongolica,5616459,,118
8645,Aeonium,glutinosum,7414630,,132
8646,Aeonium,leucoblepharum,4197898,,132
8647,Aeonium,lindleyi,7334043,,132
8648,Aframomum,limbatum,2758841,Aframomum amaniense,93
8649,Agave,americana,2767031,,64
8650,Ageratina,havanensis,5400768,,423
8651,Ajuga,genevensis,2927079,,396
8652,Alangium,longiflorum,3701872,,342
8653,Alangium,salviifolium,3701897,,342
8654,Alectra,parasitica,7331604,,403
8655,Allium,ericetorum,2855733,,63
8656,Allium,odorum,9067948,,63
8657,Alphitonia,macrocarpa,3877471,,203
8658,Alpinia,nigra,5302041,Alpinia allughas,93
8659,Amelanchier,ovalis,7272307,Amelanchier vulgaris,204
8660,Ampelocera,edentula,4160141,,199
8661,Anaphalis,contorta,4933534,,423
8662,Cymbopogon,iwarancusa,9233596,Andropogon jwarancusa,102
8663,Androsace,septentrionalis,3169326,,362
8664,Anisodus,tanguticus,7300202,,388
8665,Anthemis,cotula,8035698,,423
8666,Anthyllis,onobrychioides,5627364,,193
8667,Anthyllis,vulneraria,5352367,,193
8668,Apium,graveolens,8381154,Apium graveolens var. dulce,439
8669,Ardisia,colorata,8338666,,362
8670,Arisarum,vulgare,2867495,,32
8671,Aristea,alata,2744923,,72
8672,Aristea,compressa,2744949,,72
8673,Aristea,ensifolia,2744953,,72
8674,Aristea,lugens,8040331,,72
8675,Aristea,singularis,2744929,,72
8676,Aristolochia,zollingeriana,5836315,,10
8677,Armeria,maritima,8930531,,332
8678,Arnica,acaulis,5405994,,423
8679,Aronia,arbutifolia,5363629,,204
8680,Artabotrys,blumei,3154925,,15
8681,Artemisia,nova,3121254,,423
8682,Artocarpus,tonkinensis,3764001,,202
8683,Ascarina,lucida,3750413,,28
8684,Askidiosperma,andreaeanum,2707598,,105
8685,Askidiosperma,chartaceum,2707591,,105
8686,Askidiosperma,paniculatum,2707604,,105
8687,Aster,ageratoides,5387639,,423
8688,Asterogyne,martiana,7406563,,79
8689,Astragalus,aegobromus,5344462,,193
8690,Astragalus,angustifolius,5346048,,193
8691,Astragalus,babatagi,5345877,,193
8692,Astragalus,bornmuellerianus,5342830,,193
8693,Astragalus,brachycarpus,5346315,,193
8694,Astragalus,chinensis,7600717,,193
8695,Astragalus,coluteocarpus,5343422,,193
8696,Astragalus,eupeplus,5346041,,193
8697,Astragalus,eximius,5343932,,193
8698,Astragalus,floccosifolius,5344936,,193
8699,Astragalus,galegiformis,5347136,,193
8700,Astragalus,kabadianus,5343357,,193
8701,Astragalus,leptostachys,5344580,Astragalus macropterus,193
8702,Astragalus,oleifolius,5352774,,193
8703,Astragalus,quisqualis,5344607,,193
8704,Astragalus,robustus,5343199,,193
8705,Astragalus,sieberi,5345479,,193
8706,Astragalus,trimestris,5343332,,193
8707,Astrantia,major,3034915,,439
8708,Baccharis,magellanica,3129566,,423
8709,Baccharis,pteronioides,3129826,,423
8710,Baccharis,vaccinioides,7450721,,423
8711,Balanophora,involucrata,4195176,,293
8712,Baphia,pubescens,5352626,Baphia bancoensis,193
8713,Schnella,splendens,2953351,Bauhinia splendens,193
8714,Bauhinia,variegata,2953251,,193
8715,Beilschmiedia,anacardioides,4178472,,25
8716,Beilschmiedia,volckii,4182621,,25
8717,Berberis,valdiviana,7300235,,112
8718,Bergenia,crassifolia,5567694,Bergenia cordifolia,142
8719,Berkheya,zeyheri,3115183,,423
8720,Berteroa,incana,3053522,,273
8721,Bidens,parviflora,5391777,,423
8722,Brassica,cretica,7068741,Brassica oleracea var. botrytis,273
8723,Brickellia,cavanillesii,5388281,,423
8724,Brickellia,coulteri,5388368,,423
8725,Brickellia,eupatorioides,5388438,,423
8726,Brownea,ariza,2970445,,193
8727,Buchanania,cochinchinensis,5544043,,251
8728,Arnoglossum,floridanum,5390089,Cacalia floridana,423
8729,Caesalpinia,tinctoria,10780944,,193
8730,Calceolaria,petiolaris,3724185,,393
8731,Calea,pilosa,3147590,,423
8732,Callerya,cinerea,2952284,,193
8733,Camellia,semiserrata,7313933,,370
8734,Campanula,glomerata,5409969,Campanula oblongifolia,426
8735,Campanula,zangezura,5411364,,426
8736,Capparicordis,tweediana,3872382,,275
8737,Capparis,spinosa,7656935,Capparis himalayensis,275
8738,Caragana,frutex,2943316,,193
8739,Caragana,spinosa,8351322,,193
8740,Carlina,acanthifolia,3105419,,423
8741,Carlina,acaulis,3105433,,423
8742,Carpha,glomerata,2711653,,95
8743,Cassia,nodosa,7967590,,193
8744,Cassia,javanica,8408169,Cassia renigera,193
8745,Casuarina,cunninghamiana,2891932,,208
8746,Casuarina,junghuhniana,2891934,Casuarina junghaniana,208
8747,Allocasuarina,rigida,3796721,Casuarina rigida,208
8748,Albizia,altissima,2972999,Cathormion altissimum,193
8749,Centaurea,cyanus,3089561,,423
8750,Cercis,chinensis,5353599,,193
8751,Cerinthe,minor,7294722,,382
8752,Chengiopanax,sciadophylloides,3037361,,441
8753,Chenopodiastrum,hybridum,7551162,Chenopodium hybridum,306
8754,Chenopodiastrum,simplex,7407436,Chenopodium simplex,306
8755,Chrysosplenium,echinus,5567462,,142
8756,Chuquiraga,straminea,3109523,,423
8757,Cicer,flexuosum,2947334,,193
8758,Cicer,tragacanthoides,2947346,Cicer kopetdaghense,193
8759,Cicer,mogoltavicum,2947293,,193
8760,Lactuca,plumieri,3140260,Cicerbita plumieri,423
8761,Cineraria,geifolia,8210943,,423
8762,Cirsium,nipponicum,4220545,Cirsium tanakae,423
8763,Cleistanthus,indochinensis,3081684,,181
8764,Cleistopholis,staudtii,3154007,,15
8765,Clibadium,sodiroi,3104743,Clibadium mexiae,423
8766,Combretum,apiculatum,3698502,,231
8767,Delphinium,oliverianum,3929249,Consolida oliveriana,118
8768,Coriaria,japonica,7323109,,217
8769,Coronilla,varia,5350005,,193
8770,Cosmos,diversifolius,3098971,,423
8771,Craibiodendron,henryi,4174940,,355
8772,Craspidospermum,verticillatum,8116531,,376
8773,Crataegus,monogyna,3013898,Crataegus oxyacantha L. (1753),204
8774,Crataegus,tanacetifolia,3014356,,204
8775,Crepis,divaricata,10451999,,423
8776,Crepis,pygmaea,5403377,,423
8777,Crepis,rubra,5403562,,423
8778,Crescentia,cujete,5415081,,391
8779,Croton,nitens,3058147,,166
8780,Cryptocarya,alba,4178741,,25
8781,Cryptocarya,liebertiana,4175837,,25
8782,Cryptocarya,oblata,4182757,,25
8783,Curcuma,caesia,2757606,,93
8784,Cuscuta,australis,7154776,,385
8785,Cuscuta,japonica,2927548,,385
8786,Cuscuta,lupuliformis,3678256,,385
8787,Cuscuta,micrantha,7324080,,385
8788,Cuscuta,platyloba,7323955,,385
8789,Cyanostegia,angustifolia,3904995,,396
8790,Cyclachaena,xanthiifolia,3141890,Cyclachaena xanthifolia,423
8791,Cyclamen,purpurascens,3169315,,362
8792,Cyperus,sesquiflorus,3583416,,95
8793,Cyperus,sphaeroideus,2714539,,95
8794,Cyperus,trinervis,2715801,,95
8795,Podocytisus,caramanicus,2981476,Cytisus caramanicus,193
8796,Dactylorhiza,viridis,2810284,,75
8797,Dalbergia,nigra,2968672,,193
8798,Dalbergia,sissoides,2968637,,193
8799,Doryphora,aromatica,7630372,Daphnandra aromatica,21
8800,Wikstroemia,aurantiaca,5523338,Daphne aurantiaca,270
8801,Daphne,giraldii,5523453,,270
8802,Wikstroemia,holosericea,5524698,Daphne holosericea,270
8803,Daphne,laureola,5420853,,270
8804,Darmera,peltata,3032611,,142
8805,Davidsonia,pruriens,8103811,,149
8806,Debregeasia,orientalis,4099273,,206
8807,Decachaeta,thieleana,3095689,,423
8808,Delphinium,cashmerianum,3922357,,118
8809,Delphinium,formosum,3033762,,118
8810,Delphinium,semibarbartum,6070984,,118
8811,Delphinium,semibarbatum,7553349,,118
8812,Delphinium,thamarae,3926843,,118
8813,Delphinium,venulosum,3926274,,118
8814,Dimorphotheca,sinuata,5402350,,423
8815,Dioscorea,antaly,2754458,,46
8816,Diphylleia,sinensis,5634431,,112
8817,Diplotaxis,muralis,5376337,,273
8818,Diplotaxis,tenuifolia,5376426,,273
8819,Diplotaxis,viminea,5376357,,273
8820,Discaria,serratifolia,7273739,,203
8821,Dischidia,formosana,3582573,,376
8822,Diuranthera,major,2768069,,64
8823,Dodonaea,angustifolia,5577690,,258
8824,Doronicum,grandiflorum,3142996,,423
8825,Drosera,rotundifolia,3191030,,316
8826,Elateriospermum,tapos,3071462,,166
8827,Elegia,microcarpa,6312123,,105
8828,Eleocharis,pallens,2717189,,95
8829,Elsholtzia,rugulosa,3899997,,396
8830,Embelia,madagascariensis,3720338,Embelia barbeyana,362
8831,Epimedium,acuminatum,3981102,,112
8832,Epimedium,dolichostemon,3980882,Epimedium dolichostemen,112
8833,Epimedium,fargesii,3980829,,112
8834,Epimedium,franchetii,3980820,,112
8835,Epimedium,leptorrhizum,3982226,,112
8836,Epimedium,myrianthum,3982138,,112
8837,Epimedium,pauciflorum,3982093,,112
8838,Epimedium,stellulatum,3981851,Epimedium stellatum,112
8839,Epimedium,zhushanense,3981770,,112
8840,Croton,setiger,4930695,Eremocarpus setiger,166
8841,Phlomoides,molucelloides,7861501,Eremostachys moluccelloides,396
8842,Gundlachia,diffusa,5386279,Ericameria diffusa,423
8843,Eriocephalus,pauperrimus,3130146,,423
8844,Philotheca,thryptomenoides,3838029,Eriostemon thryptomenoides,257
8845,Eryngium,campestre,3034426,,439
8846,Erysimum,canescens,3048673,,273
8847,Erythrina,pallida,5349619,,193
8848,Erythrophleum,couminga,2971188,,193
8849,Erythroxylum,microphyllum,7284886,,165
8850,Eucalyptus,radiata,7330454,Eucalyptus australiana,235
8851,Eucalyptus,resinifera,3176649,,235
8852,Eucalyptus,sieberi,3177330,Eucalyptus sieberiana,235
8853,Eugenia,doubledayi,5417412,,235
8854,Eugenia,hirta,5417018,,235
8855,Eugenia,selloi,5418007,,235
8856,Eumorphia,sericea,5393790,,423
8857,Eupatorium,cannabinum,7222852,Eupatorium birmanicum,423
8858,Eupatorium,lindleyanum,5402831,,423
8859,Euphorbia,altotibetica,3066126,,166
8860,Euphorbia,chamaesyce,3067869,,166
8861,Euphorbia,dracunculoides,3070194,,166
8862,Euphorbia,franchetii,3064619,,166
8863,Euphorbia,geniculata,7639899,,166
8864,Euphorbia,heteradena,3064807,,166
8865,Euphorbia,esula,7225893,Euphorbia lunulata,166
8866,Euphorbia,maculata,3067119,,166
8867,Euphorbia,smirnovii,3067654,,166
8868,Euphorbia,virgata,7402123,,166
8869,Euphrasia,nana,7958564,Euphrasia genargentea,403
8870,Eurycoma,harmandiana,3709202,,260
8871,Euterpe,precatoria,5293425,,79
8872,Fabiana,densa,7299187,,388
8873,Fagonia,mollis,6384908,,192
8874,Farsetia,aegyptia,3047968,,273
8875,Fimbristylis,tetragona,2708425,,95
8876,Flemingia,chappar,5359863,,193
8877,Flindersia,dissosperma,3835511,,257
8878,Fouquieria,splendens,2927459,,356
8879,Fraxinus,raibocarpa,3684520,,402
8880,Fuirena,ciliaris,2719118,,95
8881,Fuirena,incrassata,2719111,,95
8882,Galium,rubioides,2913315,Galium dasypodum,381
8883,Gentiana,manshurica,3841132,,379
8884,Gentiana,rigescens,7964499,,379
8885,Gentiana,thunbergii,3840095,,379
8886,Gentiana,triflora,7269845,,379
8887,Geranium,pusillum,2890212,,229
8888,Geranium,rectum,2890426,,229
8889,Geranium,robertianum,2890668,,229
8890,Geranium,sanguineum,2890920,,229
8891,Sinningia,cardinalis,3818456,Gesneria cardinalis,395
8892,Geum,rivale,5369701,,204
8893,Glochidion,sphaerogynum,3080312,,181
8894,Glossocalyx,brevipes,7264496,,27
8895,Glycine,canescens,5359650,,193
8896,Glycine,tabacina,5359681,,193
8897,Glycyrrhiza,pallidiflora,2965741,,193
8898,Guiera,senegalensis,3699789,,231
8899,Gutierrezia,dunalii,5385064,Gutierrezia alamanii,423
8900,Gutierrezia,wrightii,5385061,,423
8901,Gynostemma,cardiospermum,8141711,,219
8902,Gynura,divaricata,3139895,,423
8903,Havardia,albicans,2933859,,193
8904,Hedeoma,multiflora,3888088,,396
8905,Hedysarum,caucasicum,2961116,,193
8906,Sulla,coronaria,5928735,Hedysarum coronarium,193
8907,Helianthus,divaricatus,3119249,,423
8908,Helichrysum,armenium,3131754,,423
8909,Lawrencella,davenportii,5385015,Helichrysum davenportii,423
8910,Helichrysum,lepidissimum,3131788,,423
8911,Helleborus,dumetorum,6710445,Helleborus atrorubens,118
8912,Helleborus,multifidus,7277089,,118
8913,Herniaria,mauritanica,3594286,,313
8914,Heuchera,cylindrica,3032670,,142
8915,Semialarium,mexicanum,3794448,Hippocratea excelsa,144
8916,Bequaertia,mucronata,5580304,Hippocratea mucronata,144
8917,Hopea,utilis,5669004,,264
8918,Hunteria,zeylanica,5536465,,376
8919,Hydrangea,arborescens,2985986,,345
8920,Hydrangea,aspera,3645663,,345
8921,Hydrangea,heteromalla,3645102,,345
8922,Hydrangea,integrifolia,3645710,,345
8923,Hydrangea,paniculata,2985995,,345
8924,Hydrangea,seemannii,3645601,,345
8925,Hylotelephium,ewersii,4202057,,132
8926,Hyoseris,radiata,3134555,,423
8927,Hypericum,elegans,8212814,,170
8928,Hypericum,revolutum,7330049,,170
8929,Ichnocarpus,frutescens,7778424,,376
8930,Ilex,ambigua,7412408,,416
8931,Ilex,amelanchier,5414275,,416
8932,Ilex,amplifolia,5534705,,416
8933,Ilex,boliviana,7315790,,416
8934,Ilex,brasiliensis,7315767,,416
8935,Ilex,canariensis,7315701,,416
8936,Ilex,cassine,5414255,,416
8937,Ilex,chamaedryfolia,7315927,,416
8938,Ilex,colchica,7315866,,416
8939,Ilex,conocarpa,7315846,,416
8940,Ilex,crenata,5414239,,416
8941,Ilex,decidua,5414259,,416
8942,Ilex,discolor,7315967,,416
8943,Ilex,diuretica,5534612,,416
8944,Ilex,ficoidea,7315806,,416
8945,Ilex,glabra,5414266,,416
8946,Ilex,guianensis,5414246,,416
8947,Ilex,integerrima,7315839,,416
8948,Ilex,krugiana,8174484,,416
8949,Ilex,laevigata,5414226,,416
8950,Ilex,leucoclada,5534683,,416
8951,Ilex,maximowicziana,7315786,,416
8952,Ilex,mitis,5533588,,416
8953,Ilex,montana,5414241,,416
8954,Ilex,nitida,5414274,,416
8955,Ilex,ovalis,5533880,,416
8956,Ilex,pseudovaccinium,7315870,,416
8957,Ilex,quercetorum,5534060,,416
8958,Ilex,sideroxyloides,5414251,,416
8959,Ilex,teratopis,5533799,,416
8960,Ilex,vitis-idaea,5534126,,416
8961,Impatiens,capensis,2891774,,350
8962,Impatiens,pallida,2891767,,350
8963,Indigofera,linnaei,2971499,,193
8964,Indigofera,spicata,2971635,,193
8965,Inga,velutina,5357985,,193
8966,Eriolarynx,australis,10214759,Iochroma australe,388
8967,Ipomoea,aquatica,2928525,,385
8968,Ixeris,stolonifera,3115540,,423
8969,Jasminum,multiflorum,3172267,,402
8970,Jatropha,variegata,3072816,,166
8971,Sempervivum,heuffelii,2985707,Jovibarba heuffelii,132
8972,Juglans,mandshurica,4205640,Juglans sieboldiana,210
8973,Justicia,hayatai,3778873,,390
8974,Justicia,paniculata,8369345,,390
8975,Kalanchoe,ceratophylla,7334418,,132
8976,Kalanchoe,laciniata,2985933,,132
8977,Khaya,ivorensis,3852012,,255
8978,Klattia,partita,5296634,,72
8979,Knautia,drymeia,7301053,Knautia silvatica,438
8980,Koanophyllon,simillimum,4215635,,423
8981,Koelreuteria,elegans,7870645,Koelreuteria henryi,258
8982,Kopsia,hainanensis,5536013,,376
8983,Lagochilus,leiacanthus,5608293,,396
8984,Lagochilus,platycalyx,5608257,,396
8985,Larrea,divaricata,6384921,,192
8986,Larrea,tridentata,7568403,,192
8987,Gnidia,kraussiana,7311584,Lasiosiphon kraussianus,270
8988,Lathyrus,amphicarpos,5356486,,193
8989,Lathyrus,angulatus,5356429,,193
8990,Lathyrus,aphaca,5356649,,193
8991,Lathyrus,articulatus,5356409,,193
8992,Lathyrus,bauhini,5356666,Lathyrus bauhinii,193
8993,Lathyrus,cicera,5356481,,193
8994,Lathyrus,clymenum,5356407,,193
8995,Lathyrus,filiformis,5356627,,193
8996,Lathyrus,gmelinii,5356703,,193
8997,Lathyrus,grandiflorus,7571428,,193
8998,Lathyrus,heterophyllus,5356541,,193
8999,Lathyrus,hierosolymitanus,5356478,,193
9000,Lathyrus,incurvus,5356392,,193
9001,Lathyrus,niger,5356662,,193
9002,Lathyrus,ochrus,5356441,,193
9003,Lathyrus,palustris,5356412,,193
9004,Lathyrus,setifolius,5356363,,193
9005,Lathyrus,sphaericus,5356680,,193
9006,Lathyrus,transsylvanicus,5356553,Lathyrus transsilvanicus,193
9007,Lathyrus,tremolsianus,5356570,,193
9008,Lathyrus,tuberosus,5356522,,193
9009,Lathyrus,venosus,5356511,,193
9010,Lathyrus,vernus,5356704,,193
9011,Miconia,lacunosa,10752499,Leandra lacunosa,234
9012,Leea,guineensis,4160417,Leea guineense,190
9013,Lepidosperma,costale,2731169,,95
9014,Lepidosperma,laterale,2731137,,95
9015,Lespedeza,virgata,2955629,,193
9016,Leuzea,centauroides,3142232,,423
9017,Liatris,gracilis,3104338,,423
9018,Ligularia,lamarum,7913848,,423
9019,Lilium,brownii,2753253,,57
9020,Lilium,lancifolium,2753380,,57
9021,Limonium,axillare,4090344,,332
9022,Lippia,mexicana,4085886,,415
9023,Litsea,pedunculata,7304615,,25
9024,Litsea,rubescens,7304561,,25
9025,Litsea,salicifolia,4180775,,25
9026,Lotus,herbaceus,7815140,,193
9027,Lotus,japonicus,5357027,,193
9028,Lotus,polyphyllos,5357003,,193
9029,Lotus,tenuis,7515045,,193
9030,Lupinus,multiflorus,2964241,,193
9031,Lupinus,sericeus,2964333,,193
9032,Lupinus,verbasciformis,2964310,,193
9033,Lysimachia,capillipes,4005914,,362
9034,Lysimachia,heterogenea,7392473,,362
9035,Lysimachia,japonica,3169390,,362
9036,Mandevilla,martiana,7316870,,376
9037,Mandevilla,pavonii,3616796,,376
9038,Gymnosporia,oxyphylla,8252264,Maytenus hookeri,144
9039,Cathcartia,betonicifolia,3603883,Meconopsis betonicifolia,117
9040,Medicago,arabica,2965527,,193
9041,Medicago,blancheana,2965473,,193
9042,Medicago,cancellata,2965376,,193
9043,Medicago,cretacea,2965500,,193
9044,Medicago,falcata,2965354,,193
9045,Medicago,glutinosa,11155779,,193
9046,Medicago,hybrida,2965316,,193
9047,Medicago,intertexta,2965405,,193
9048,Medicago,laciniata,2965221,,193
9049,Medicago,monantha,2965226,,193
9050,Medicago,monspeliaca,2965434,,193
9051,Medicago,murex,2965209,,193
9052,Medicago,nigra,10711810,,193
9053,Medicago,orbicularis,2965299,,193
9054,Medicago,orthoceras,2965471,,193
9055,Medicago,polyceratia,2965450,,193
9056,Medicago,radiata,2965388,,193
9057,Medicago,rotata,2965314,,193
9058,Medicago,turbinata,2965461,,193
9059,Melicope,durifolia,3833351,Melicope sarcococca,257
9060,Melilotus,indicus,2971016,,193
9061,Melilotus,italicus,2971064,,193
9062,Melilotus,wolgicus,2971068,,193
9063,Mesembryanthemum,expansum,8367102,,305
9064,Mesomelaena,preissii,5291383,,95
9065,Mesomelaena,stygia,5291378,,95
9066,Micromelum,compressum,3837694,Micromelum tephrocarpum,257
9067,Microtea,debilis,6412855,,325
9068,Mikania,hoehnei,5398628,,423
9069,Minthostachys,mollis,7306779,Minthostachys tomentosa,396
9070,Mirabilis,viscosa,3700642,,329
9071,Trigastrotheca,pentaphylla,9381433,Mollugo pentaphylla,326
9072,Monosis,travancorica,7998173,,423
9073,Morinda,morindoides,5339914,,381
9074,Morus,rubra,5361886,,202
9075,Mussaenda,parviflora,2892619,,381
9076,Narcissus,obesus,2858709,,63
9077,Nasturtium,officinale,7701037,,273
9078,Nectandra,hihua,5371733,,25
9079,Nepenthes,gracilis,3702049,,328
9080,Nephelium,lappaceum,5421126,,258
9081,Neurolaena,venturana,3096767,,423
9082,Nicotiana,forsteri,3800011,Nicotiana debneyi,388
9083,Nigella,arvensis,7278276,,118
9084,Nivenia,fruticosa,5296578,,72
9085,Notobasis,syriaca,3122323,,423
9086,Nymphoides,cordata,5341505,,428
9087,Nymphoides,crenata,5592348,,428
9088,Nymphoides,hydrophylla,5592249,Nymphoides cristata,428
9089,Nymphoides,fallax,5592239,,428
9090,Nymphoides,geminata,5592338,,428
9091,Nymphoides,grayanum,7416682,Nymphoides grayana,428
9092,Nymphoides,indica,5341503,,428
9093,Ochna,gamblei,3696518,Ochna beddomei,177
9094,Ocimum,africanum,3898584,Ocimum pilosum,396
9095,Mespilodaphne,pulchella,7304710,Ocotea pulchella,25
9096,Onobrychis,michauxii,2972862,,193
9097,Onobrychis,vassilczenkoi,2972659,Onobrychis vassiltschenkoi,193
9098,Onobrychis,viciifolia,2972595,,193
9099,Ononis,arvensis,2977171,,193
9100,Ononis,spinosa,2977151,Ononis leiosperma,193
9101,Ophiopogon,japonicus,2774158,Ophiopogon chekiangensis,64
9102,Ornduffia,reniformis,8162309,,428
9103,Osbeckia,chinensis,3866460,,234
9104,Oxytropis,falcata,5360815,,193
9105,Oxytropis,oxyphylla,8233969,,193
9106,Oxytropis,sylvatica,5360820,,193
9107,Oxytropis,trichophysa,5361259,,193
9108,Oxytropis,turczaninovii,5361467,,193
9109,Roemeria,hispida,9587676,Papaver hybridum,117
9110,Paracalyx,scariosus,2947098,,193
9111,Paronychia,kapela,7314246,,313
9112,Patersonia,fragilis,2747036,,72
9113,Patersonia,occidentalis,2746968,,72
9114,Persicaria,glabra,6391450,,333
9115,Persicaria,orientalis,2889229,,333
9116,Persicaria,pensylvanica,2889198,,333
9117,Petrorhagia,dubia,3085625,,313
9118,Petrosimonia,monandra,3757677,,306
9119,Phaenocoma,prolifera,3104261,,423
9120,Phelline,lucida,4196465,,430
9121,Margaritaria,discoidea,5383225,Phyllanthus discoideus,181
9122,Phyllanthus,urinaria,5382780,,181
9123,Pilocarpus,spicatus,7269470,,257
9124,Pinguicula,vulgaris,5415065,,398
9125,Piper,sanctum,4183934,,13
9126,Plantago,bellardi,8288510,,408
9127,Plectranthus,purpuratus,7309146,,396
9128,Plinia,edulis,5415646,,235
9129,Pluchea,sagittalis,3132634,Pluchea suaveolens,423
9130,Podophyllum,peltatum,3033839,,112
9131,Pojarkovia,pojarkovae,3096119,Pojarkovia stenocephala,423
9132,Polygala,nyikensis,4050327,,195
9133,Pongamiopsis,pervilleana,2971320,,193
9134,Populus,angustifolia,3040196,,187
9135,Primula,integrifolia,7631456,,362
9136,Prunus,lusitanica,3020871,,204
9137,Prunus,mahaleb,3022789,,204
9138,Prunus,spinosa,3023221,,204
9139,Pseudognaphalium,affine,3100918,,423
9140,Psychotria,serpens,2923582,,381
9141,Pterolobium,hexapetalum,5357454,,193
9142,Pterospermum,lanceifolium,7932810,Pterospermum lanceaefolium,265
9143,Pycnandra,acuminata,7593000,,364
9144,Pyrostegia,venusta,3172569,,391
9145,Quercus,gilva,2879999,,209
9146,Quercus,salicina,2879582,,209
9147,Radermachera,xylocarpa,4092103,,391
9148,Ranunculus,acris,3033363,,118
9149,Ranunculus,asiaticus,7721054,,118
9150,Raphanus,sativus,7225597,Raphanus sativus var. sativus,273
9151,Reaumuria,vermiculata,5535223,Reaumuria mucronata,341
9152,Reedia,spathacea,5292835,,95
9153,Cyperus,pedunculatus,2731082,Remirea maritima,95
9154,Reseda,muricata,7275919,,284
9155,Rhagadiolus,stellatus,5399550,,423
9156,Atadinus,libanoticus,9561769,Rhamnus libanotica,203
9157,Rhamnus,nakaharae,5733727,,203
9158,Rhamnus,taquetii,8309428,Rhamnus taquetii (H.Lév. & Vaniot) H.Lév.,203
9159,Rhamnus,thymifolia,3877573,,203
9160,Rheum,moorcroftianum,4037741,,333
9161,Rhodiola,heterodonta,7521501,,132
9162,Rhodiola,quadrifida,4199694,,132
9163,Rhododendron,abietifolium,4167144,,355
9164,Rhododendron,acuminatum,4167110,,355
9165,Rhododendron,aurigeranum,7328052,,355
9166,Rhododendron,bagobonum,4168178,,355
9167,Rhododendron,beyerinckianum,4167994,,355
9168,Rhododendron,javanicum,4173114,Rhododendron brookeanum,355
9169,Rhododendron,buxifolium,4167459,,355
9170,Rhododendron,christi,4166367,,355
9171,Rhododendron,christianae,4166362,,355
9172,Rhododendron,crassifolium,7327746,,355
9173,Rhododendron,culminicola,4936848,,355
9174,Rhododendron,dianthosmum,4164985,,355
9175,Rhododendron,durionifolium,7327580,,355
9176,Rhododendron,gracilentum,4174753,,355
9177,Rhododendron,hooglandii,4173931,,355
9178,Rhododendron,inconspicuum,4173551,,355
9179,Rhododendron,intranervatum,4173452,,355
9180,Rhododendron,irroratum,7328704,,355
9181,Rhododendron,jasminiflorum,7328678,,355
9182,Rhododendron,javanicum,7328657,,355
9183,Rhododendron,kawakamii,4172742,,355
9184,Rhododendron,konori,7135930,,355
9185,Rhododendron,laetum,4172271,,355
9186,Rhododendron,lanceolatum,4172145,,355
9187,Rhododendron,leptanthum,8415478,,355
9188,Rhododendron,leucogigas,4171662,,355
9189,Rhododendron,macgregoriae,4170968,,355
9190,Rhododendron,meijeri,4170448,,355
9191,Rhododendron,micromalayanum,4170260,,355
9192,Rhododendron,mucronatum,4169836,,355
9193,Rhododendron,nervulosum,7908504,,355
9194,Rhododendron,nieuwenhuisii,4169450,,355
9195,Rhododendron,orbiculatum,4168692,,355
9196,Rhododendron,planecostatum,4167872,,355
9197,Rhododendron,edanoi,4164691,Rhododendron pneumonanthum,355
9198,Rhododendron,polyanthemum,4167707,,355
9199,Rhododendron,praetervisum,4167523,,355
9200,Rhododendron,rarum,4166821,,355
9201,Rhododendron,retusum,7327847,,355
9202,Rhododendron,robinsonii,4166414,,355
9203,Rhododendron,rugosum,7327770,,355
9204,Rhododendron,searleanum,4165485,,355
9205,Rhododendron,stapfianum,4164699,,355
9206,Rhododendron,stenophyllum,7327567,,355
9207,Rhododendron,suaveolens,7327551,,355
9208,Rhododendron,superbum,7327533,,355
9209,Rhododendron,ungernii,4174805,Rhododendron ungerni,355
9210,Rhododendron,vitis-idaea,4174102,Rhododendron vandeursenii,355
9211,Rhododendron,womersleyi,4173777,,355
9212,Rhododendron,wrightianum,4173751,,355
9213,Rhododendron,yelliottii,4173534,,355
9214,Rhododendron,zoelleri,4173384,,355
9215,Searsia,parviflora,5544265,Rhus parviflora,251
9216,Rhus,wallichii,3662241,Rhus wallichi,251
9217,Rhynchosia,rufescens,5350953,,193
9218,Rosa,agrestis,3002394,,204
9219,Rothmaleria,granatensis,3099975,,423
9220,Rubus,arcticus,2992051,,204
9221,Rubus,corchorifolius,8108495,,204
9222,Rumex,lanceolatus,4032729,,333
9223,Ruta,oreojasme,3832323,,257
9224,Salacia,elliptica,8599572,,144
9225,Salix,lindleyana,7625788,,187
9226,Salvia,digitaloides,3903995,,396
9227,Salvia,fominii,8076837,Salvia folium,396
9228,Poterium,sanguisorba,7220805,Sanguisorba minor,204
9229,Sarcandra,glabra,3750576,Sarcandra hainanensis,28
9230,Sasa,senanensis,4129057,Sasa paniculata,102
9231,Saxifraga,arizogii,11128997,Saxifraga azizoon,142
9232,Succisa,pratensis,2888811,Scabiosa succisa,438
9233,Heptapleurum,capitatum,3038897,Schefflera capitata,441
9234,Schisandra,lancifolia,7335138,,6
9235,Schoenoplectus,tabernaemontani,2711157,,95
9236,Scleria,mackaviensis,2712732,,95
9237,Scleria,tricuspidata,2712730,,95
9238,Scolymus,hispanicus,5403742,,423
9239,Scolymus,maculatus,5403743,,423
9240,Scorzonera,austriaca,8015854,,423
9241,Scorzonera,graminifolia,7770051,,423
9242,Scorzonera,humilis,3111049,,423
9243,Candollea,mollis,11698924,Scorzonera mollis,423
9244,Bocquetia,pseudolanata,11524403,Scorzonera pseudolanata,423
9245,Takhtajaniantha,pusilla,3137350,Scorzonera pusilla,423
9246,Searsia,dregeana,5544367,,251
9247,Searsia,lancea,5421370,,251
9248,Sedum,alpestre,7334006,,132
9249,Sedum,anglicum,5687974,,132
9250,Sedum,borissovae,5690657,,132
9251,Sedum,brissemoretii,7670884,Sedum brissemoreti,132
9252,Sedum,euxinum,5689052,,132
9253,Sedum,farinosum,8232777,,132
9254,Petrosedum,pruinatum,4201855,Sedum forsteri,132
9255,Sedum,grisebachii,7334182,,132
9256,Sedum,melanantherum,5690624,,132
9257,Sedum,tuberosum,5690696,,132
9258,Sedum,ursi,5690608,,132
9259,Semecarpus,vitiensis,7815565,,251
9260,Sempervivum,altum,4201770,,132
9261,Sempervivum,arachnoideum,4201709,,132
9262,Sempervivum,armenum,4201681,,132
9263,Sempervivum,atlanticum,11066039,,132
9264,Sempervivum,borissovae,4201441,,132
9265,Sempervivum,calcareum,4201278,,132
9266,Sempervivum,vicentei,7554620,Sempervivum cantabricum,132
9267,Sempervivum,caucasicum,7334504,,132
9268,Sempervivum,charadzeae,4201085,,132
9269,Sempervivum,ciliosum,7334480,,132
9270,Sempervivum,dzhavachischvilii,4200694,,132
9271,Sempervivum,davisii,8269200,Sempervivum furseorum,132
9272,Sempervivum,grandiflorum,4200323,,132
9273,Sempervivum,ingwersenii,4200041,,132
9274,Sempervivum,leucanthum,4199819,Sempervivum kindingeri,132
9275,Sempervivum,kosaninii,4199947,,132
9276,Sempervivum,marmoreum,7334271,Sempervivum macedonicum,132
9277,Sempervivum,marmoreum,7334270,,132
9278,Sempervivum,montanum,8164781,,132
9279,Sempervivum,minutum,7334257,Sempervivum nevadense,132
9280,Sempervivum,ossetiense,4199301,,132
9281,Sempervivum,pumilum,4199009,,132
9282,Sempervivum,ruthenicum,8099425,,132
9283,Sempervivum,tectorum,2985949,,132
9284,Sempervivum,thompsonianum,4198301,,132
9285,Sempervivum,transcaucasicum,7334098,,132
9286,Roldana,mexicana,3141755,Senecio mexicanus,423
9287,Senecio,rupestris,6063943,,423
9288,Senecio,speciosus,3107637,,423
9289,Senna,polyantha,2957851,,193
9290,Sextonia,rubra,5685352,,25
9291,Sigesbeckia,pubescens,6063463,Siegesbeckia pubescens,423
9292,Sigesbeckia,glabrescens,3125899,,423
9293,Silene,tatarica,5588145,,313
9294,Simsia,foetida,5402134,,423
9295,Justicia,hilsenbeckii,3778600,Siphonoglossa mexicana,390
9296,Smilax,bockii,7424162,,62
9297,Smilax,sieboldii,5295247,Smilax sieboldi,62
9298,Smyrnium,creticum,3638884,,439
9299,Smyrnium,perfoliatum,6027089,,439
9300,Smyrnium,perfoliatum,7612759,Smyrnium rotundifolium,439
9301,Solanum,crinitum,2932686,,388
9302,Solanum,lanceolatum,2929230,,388
9303,Solanum,pubescens,2929764,,388
9304,Solidago,virgaurea,7262093,Solidago virga-aurea,423
9305,Sonchus,pustulatus,3105824,,423
9306,Sophora,moorcroftiana,2958962,,193
9307,Sporobolus,cynosuroides,9531396,,102
9308,Stenomesson,miniatum,2859433,,63
9309,Stephania,delavayi,5592626,Stephania epigaea,116
9310,Stevia,connata,3125636,,423
9311,Eriocoma,robusta,10537405,Stipa vaseyi,102
9312,Strychnos,tricalysioides,11097992,,380
9313,Strychnos,madagascariensis,5645507,Strychnos vacacoua,380
9314,Swartzia,apetala,5351925,,193
9315,Swertia,paniculata,5595701,,379
9316,Symphyotrichum,bracteolatum,3151784,,423
9317,Tagetes,tenuifolia,7497356,,423
9318,Tamarix,chinensis,2874696,,341
9319,Tephrosia,platycarpa,5342137,,193
9320,Tephrosia,pumila,5342490,,193
9321,Tetraneuris,linearifolia,3112417,,423
9322,Thalictrum,cultratum,3929860,,118
9323,Thalictrum,filamentosum,3929276,,118
9324,Thaminophyllum,multiflorum,3151296,,423
9325,Theobroma,grandiflorum,3152208,,265
9326,Thermopsis,alpina,5360210,,193
9327,Tiarella,trifoliata,5371609,,142
9328,Tilia,cordata,3152047,,265
9329,Toona,sinensis,7271504,,255
9330,Toxicodendron,wallichii,7321601,,251
9331,Tragopogon,crocifolius,5386974,,423
9332,Tragopogon,hybridus,5386894,,423
9333,Tragopogon,coelesyriacus,5693363,Tragopogon longirostris,423
9334,Tragopogon,porrifolius,5386938,,423
9335,Trichodesma,incanum,8170797,,382
9336,Trifolium,polyphyllum,7690676,,193
9337,Trigonella,balansae,5360384,,193
9338,Trigonella,caerulea,5360498,,193
9339,Trigonella,calliceras,7428448,,193
9340,Trigonella,corniculata,8405343,,193
9341,Trigonella,cretica,5360460,,193
9342,Typha,orientalis,5289521,,109
9343,Uncaria,guianensis,5338243,,381
9344,Uncaria,laevigata,5338199,,381
9345,Uncaria,macrophylla,5338193,,381
9346,Ungernia,sewerzowii,2858133,Ungernia sewerzowi,63
9347,Uvaria,littoralis,3154314,,15
9348,Vaccinium,deliciosum,2882961,,355
9349,Vaccinium,ovatum,2882838,,355
9350,Vaccinium,parvifolium,2882910,,355
9351,Valeriana,amurensis,4095377,,438
9352,Valeriana,eriophylla,8270703,,438
9353,Vellozia,candida,2863678,,52
9354,Vellozia,scoparia,2863610,,52
9355,Verbascum,fruticulosum,3739566,,411
9356,Distephanus,anisochaetoides,5400075,Vernonia anisochaetoides,423
9357,Vernonia,pachyclada,5397148,,423
9358,Vicia,articulata,2975371,,193
9359,Vicia,benghalensis,2975384,,193
9360,Vicia,hirsuta,2975328,,193
9361,Vicia,monantha,2975416,,193
9362,Vicia,peregrina,2975262,,193
9363,Vicia,pisiformis,2974988,,193
9364,Vicia,sylvatica,2974793,,193
9365,Vicia,tenuifolia,2975188,,193
9366,Vicia,tetrasperma,2975083,,193
9367,Vicia,villosa,9182154,,193
9368,Villarsia,capensis,5592310,,428
9369,Vinca,erecta,3616629,,376
9370,Silene,viscosa,8436140,Viscaria viscosa,313
9371,Walsura,tubulata,3851247,,255
9372,Wikstroemia,indica,5524676,Wikstroemia viridiflora,270
9373,Wisteria,floribunda,2977323,,193
9374,Xanthium,occidentale,3089178,Xanthium pungens,423
9375,Xanthorhiza,simplicissima,3033662,,118
9376,Fridericia,samydoides,7896472,Arrabidaea samydoides,391
9377,Baccharis,concava,3129538,,423
9378,Baccharis,conferta,3129932,,423
9379,Baccharis,intermedia,3129734,,423
9380,Baccharis,macraei,3129149,,423
9381,Baccharis,pedunculata,3129861,,423
9382,Baccharis,rhomboidalis,3129381,,423
9383,Canna,generalis,9442731,Canna x generalis,86
9384,Celastrus,kusanoi,3793526,,144
9385,Chuquiraga,atacamensis,3109514,,423
9386,Coccinia,grandis,2874564,,219
9387,Drypetes,molunduana,3075646,,184
9388,Erysimum,cheiranthoides,3048266,,273
9389,Gambeya,africana,2885895,,364
9390,Gambeya,boukokoensis,2885721,,364
9391,Nahuatlea,hypoleuca,9598402,Gochnatia hypoleuca,423
9392,Lessingia,glandulifera,6065051,,423
9393,Neolamarckia,cadamba,2896888,,381
9394,Pistacia,terebinthus,3190580,,251
9395,Sideritis,macrostachyos,3890043,,396
9396,Spermacoce,articularis,2918203,,381
9397,Stenocereus,pruinosus,3960437,,312
9398,Styrax,camporum,7319990,,367
9399,Uvaria,grandiflora,3154445,,15
9400,Artemisia,schimperi,3121302,,423
9401,Cajanus,trinervius,2960338,Atylosia trinervia,193
9402,Curio,talinoides,6064795,,423
9403,Dalbergia,sericea,2933901,,193
9404,Dorstenia,bornimiana,3765876,,202
9405,Erythrophleum,fordii,2971186,,193
9406,Euphorbia,portlandica,3065081,,166
9407,Euryops,algoensis,5395032,,423
9408,Garcinia,cantleyana,7330405,,160
9409,Gomortega,keule,7720784,,23
9410,Litsea,pungens,4181112,,25
9411,Petasites,hybridus,6300536,Petasites georgicus,423
9412,Phoenix,loureiroi,5293119,,79
9413,Salvia,parryi,2927012,,396
9414,Thalictrum,longistylum,3927992,,118
9415,Turpinia,ternata,5550192,,244
9416,Uvaria,concava,3154255,,15
9417,Uvaria,hookeri,3154440,,15
9418,Xyris,pterygoblephara,2692750,,110
9419,Vernonia,brachycalyx,5397634,,423
9420,Centaurea,linifolia,3128058,,423
9421,Cheirolophus,sventenii,6076929,Centaurea sventenii,423
9422,Cheirolophus,falcisectus,3097036,,423
9423,Gustavia,superba,5383848,,357
9424,Aconitum,barbatum,7277579,,118
9425,Aconitum,lamarckii,7599644,,118
9426,Aconitum,orientale,7276821,,118
9427,Aconitum,variegatum,8090449,,118
9428,Aconitum,lycoctonum,3923253,Aconitum vulparia,118
9429,Delphinium,pubescens,8201351,Consolida pubescens,118
9430,Delphinium,consolida,10763835,Consolida regalis Gray,118
9431,Delphinium,barbeyi,3033713,,118
9432,Delphinium,brunonianum,7276933,,118
9433,Delphinium,caeruleum,8107618,,118
9434,Delphinium,leroyi,3930376,,118
9435,Delphinium,macrocentrum,7400071,,118
9436,Delphinium,majus,3930064,,118
9437,Delphinium,menziesii,3033775,,118
9438,Delphinium,occidentale,8135497,,118
9439,Delphinium,sclerocladum,3927754,,118
9440,Strychnos,cocculoides,5645506,,380
9441,Centaurea,acaulis,3128245,,423
9442,Orbivestus,leopoldii,8129815,,423
9443,Strobocalyx,arborea,3125210,,423
9444,Zaluzania,angusta,8381911,,423
9445,Zaluzania,triloba,3101713,,423
9446,Gymnanthemum,auriculiferum,4214031,Vernonia auriculifera,423
9447,Eucalyptus,blakelyi,3176932,,235
9448,Pteronia,paniculata,5394753,,423
9449,Aloe,nyeriensis,2778182,,65
9450,Salvia,vermifolia,3884111,,396
9451,Zieria,furfuracea,7269002,,257
9452,Zieria,granulata,7598662,,257
9453,Astragalus,armatus,5345597,,193
9454,Blumea,lacera,5395639,,423
9455,Galega,officinalis,2975667,,193
9456,Lysimachia,fortunei,4005004,,362
9457,Hugonia,busseana,5657994,,174
9458,Endopappus,macrocarpus,7065962,Chrysanthemum macrocarpum,423
9459,Neoboutonia,macrocalyx,3070688,,166
9460,Acacia,confusa,2978466,,193
9461,Bixa,orellana,2874863,,261
9462,Erica,arborea,5333410,,355
9463,Corymbia,calophylla,5418394,Eucalyptus calophylla,235
9464,Geum,urbanum,5369652,,204
9465,Gunnera,perpensa,3723634,,126
9466,Isodon,lihsienensis,5608959,,396
9467,Phoebe,forbesii,5685125,Phoebe clemensii,25
9468,Quercus,palustris,8313153,Quercus palustris Muencch.,209
9469,Quercus,pubescens,2881283,Quercus pubescens Willd.,209
9470,Rubia,cordifolia,2892192,,381
9471,Acacia,aneura,2979331,,193
9472,Acacia,ixiophylla,2979965,,193
9473,Acamptopappus,shockleyi,3113876,,423
9474,Aegialitis,annulata,4089490,,332
9475,Agave,xylonacantha,2766491,,64
9476,Aloe,speciosa,2777618,,65
9477,Anarrhinum,forskahlii,3742512,,408
9478,Angophora,costata,3177431,,235
9479,Angophora,floribunda,3177412,,235
9480,Angophora,subvelutina,3177418,,235
9481,Aniba,riparia,4180474,,25
9482,Aniba,santalodora,4180380,,25
9483,Anthemis,cretica,7839493,,423
9484,Antiphiona,pinnatisecta,3139418,,423
9485,Artemisia,diffusa,3121174,,423
9486,Artemisia,pontica,8195160,,423
9487,Baccharis,crispa,3129960,,423
9488,Baccharis,tola,7338486,,423
9489,Beilschmiedia,madang,4176422,,25
9490,Bethencourtia,palmensis,3142336,,423
9491,Betula,nigra,5331532,,207
9492,Bombax,anceps,4073690,,265
9493,Bonellia,macrocarpa,7151936,,362
9494,Boswellia,ovalifoliolata,5636103,,253
9495,Calea,crocinervosa,3147493,,423
9496,Calea,ternifolia,8388990,,423
9497,Callicarpa,americana,5341129,,396
9498,Campanula,bayerniana,5411780,Campanula choziatowskyi,426
9499,Centaurea,sonchifolia,8406548,,423
9500,Cistus,clusii,7331346,,262
9501,Colchicum,filifolium,2739964,,55
9502,Croton,trinitatis,3058861,,166
9503,Cunila,angustifolia,5610975,,396
9504,Lindelofia,anchusoides,7295382,Cynoglossum macrostylum,382
9505,Dorystoechas,hastata,11132112,,396
9506,Drymaria,cordata,5384509,,313
9507,Enicosanthum,cupulare,3155233,,15
9508,Eremophila,homoplastica,8404305,,411
9509,Erythrina,subumbrans,5349636,Erythrina hypaphorus,193
9510,Escallonia,pulverulenta,7278596,,433
9511,Euphorbia,hylonoma,3066347,,166
9512,Vangueria,agrestis,2917833,Fadogia agrestis,381
9513,Garcinia,gaudichaudii,3714561,,160
9514,Geigeria,ornativa,4228555,Geigeria filifolia,423
9515,Gentiana,makinoi,8225259,,379
9516,Hardenbergia,violacea,2948698,,193
9517,Helleborus,macranthus,8288987,,118
9518,Hieracium,amplexicaule,3136320,,423
9519,Hypericum,elodes,3713039,,170
9520,Kaempferia,parviflora,5301424,,93
9521,Ravenia,spectabilis,7269099,Lemonia spectabilis,257
9522,Leucas,cephalotes,5606847,,396
9523,Litsea,monopetala,4182444,,25
9524,Lonchocarpus,chiricanus,2969069,,193
9525,Oncosiphon,sabulosus,3118672,Matricaria sabulosa,423
9526,Mentzelia,decapetala,5331485,,347
9527,Mimosa,pigra,2969431,,193
9528,Mucuna,holtonii,2951483,,193
9529,Ocimum,basilicum,8254455,Ocimum minimum L.,396
9530,Ostrya,carpinifolia,5332305,,207
9531,Petunia,axillaris,3803244,Petunia axillaris subsp. parodii,388
9532,Piper,peepuloides,4185920,,13
9533,Pterocaulon,serrulatum,5392224,,423
9534,Pulsatilla,chinensis,7278009,,118
9535,Quercus,marilandica,2881630,,209
9536,Salix,rosmarinifolia,7104059,,187
9537,Salvia,bucharica,3883069,,396
9538,Salvia,patens,3892852,,396
9539,Salvia,carnea,7306512,Salvia sapinae,396
9540,Salvia,texana,2926988,,396
9541,Sarcococca,saligna,3988022,,124
9542,Caucasalia,pontica,3093390,Senecio platyphylloides,423
9543,Sideritis,marmorea,3889964,,396
9544,Stephania,dielsiana,5592611,,116
9545,Striga,asiatica,3171161,,403
9546,Teucrium,marum,7308317,,396
9547,Camellia,hiemalis,3590342,Camellia X hiemalis,370
9548,Hyacinthus,orientalis,2772666,,64
9549,Magnolia,alba,3987892,Michelia alba,20
9550,Scleromitrion,diffusum,9264048,Oldenlandia diffusa,381
9551,Vachellia,rigidula,3795417,,193
9552,Blepharocarya,depauperata,3660773,,251
9553,Campylospermum,sulcatum,5552722,,177
9554,Canarium,australianum,8354961,,253
9555,Canarium,manii,5636174,,253
9556,Cenostigma,pyramidale,9462202,,193
9557,Orthopterygium,huaucui,3659728,,251
9558,Rhus,punjabensis,3661835,,251
9559,Schinus,areira,3661832,,251
9560,Schinus,terebinthifolia,3660419,Schinus terebinthifolius,251
9561,Isolona,cauliflora,3158252,,15
9562,Plumeria,alba,3169673,,376
9563,Orobanche,caryophyllacea,3734492,,403
9564,Teucrium,mideltense,3895229,,396
9565,Toussaintia,orientalis,3156633,,15
9566,Clematis,tashiroi,3927757,,118
9567,Coussarea,hydrangeifolia,2904825,,381
9568,Moricandia,arvensis,5376035,,273
9569,Baptisia,alba,7629935,,193
9570,Baptisia,arachnifera,2976108,,193
9571,Baptisia,australis,2976091,,193
9572,Baptisia,bracteata,2976059,Baptisia bracteata var. laevicaulis,193
9573,Baptisia,cinerea,2976143,,193
9574,Baptisia,alba,2976077,Baptisia lactea var. lactea,193
9575,Baptisia,lanceolata,2976122,,193
9576,Baptisia,megacarpa,2976151,,193
9577,Baptisia,nuttalliana,2976116,,193
9578,Baptisia,perfoliata,2976109,,193
9579,Baptisia,simplicifolia,2976145,,193
9580,Baptisia,sphaerocarpa,2976070,,193
9581,Genista,burdurensis,5347677,,193
9582,Genista,depressa,5347667,,193
9583,Lupinus,kingii,2964123,,193
9584,Flaveria,bidentis,3086861,,423
9585,Flaveria,chlorifolia,3086859,Flaveria chloraefolia,423
9586,Oenanthe,crocata,6027319,,439
9587,Solanecio,mannii,3090935,,423
9588,Millettia,dura,5355670,,193
9589,Vachellia,sutherlandii,3974710,Acacia sutherlandii,193
9590,Ambrosia,eriocentra,3110691,,423
9591,Amelanchier,alnifolia,8168485,,204
9592,Anisocycla,jollyana,5592594,,116
9593,Berberis,oblonga,3981005,Berberis heterobotrys,112
9594,Derris,brevipes,5350326,,193
9595,Didymocheton,mollissimus,11629708,Dysoxylum hainanense,255
9596,Eirmocephala,megaphylla,3124217,,423
9597,Gentiana,kurroo,7270259,,379
9598,Grindelia,inuloides,3146190,Grindelia spathulata,423
9599,Helenium,microcephalum,5401883,,423
9600,Isodon,macrophyllus,5608936,,396
9601,Magnolia,soulangeana,7925303,Magnolia x soulangiana,20
9602,Piper,capense,7864360,,13
9603,Pyrus,betulifolia,7653491,,204
9604,Rhododendron,columbianum,4165978,,355
9605,Sideritis,ibanezii,8139235,,396
9606,Solanum,grandiflorum,2929153,,388
9607,Tanacetum,tanacetoides,3118481,,423
9608,Zieria,aspalathoides,7269024,,257
9609,Senna,multiglandulosa,2957656,,193
9610,Senna,septemtrionalis,2957529,,193
9611,Cyphanthera,myosotidea,3800044,,388
9612,Fagonia,glutinosa,6384835,,192
9613,Fagonia,scabra,3987269,,192
9614,Monanthotaxis,buchananii,3156152,,15
9615,Ardisia,polysticta,7331083,Ardisia virens,362
9616,Ancistrocladus,korupensis,3659006,,308
9617,Ancistrocladus,robertsoniorum,3658997,,308
9618,Embelia,angustifolia,3721111,,362
9619,Embelia,ribes,7330952,,362
9620,Maesa,lanceolata,7330870,,362
9621,Turraea,robusta,3852582,,255
9622,Acacia,cambagei,2980690,,193
9623,Achillea,aspleniifolia,7491603,,423
9624,Achillea,virescens,3120197,,423
9625,Achyranthes,aspera,3672715,Achyranthes obtusifolia,306
9626,Achyrocline,tomentosa,3139543,,423
9627,Actinidia,callosa,4940354,Actinidia callosa var.henryi,349
9628,Actinidia,chrysantha,3644863,,349
9629,Actinidia,eriantha,7270743,,349
9630,Actinidia,fortunatii,4940350,Actinidia glaucophylla,349
9631,Actinidia,latifolia,8246677,,349
9632,Actinidia,rubricaulis,7270767,Actinidia rubricaulis var.coriacea,349
9633,Adenostoma,fasciculatum,3030227,,204
9634,Aethusa,cynapium,5371825,,439
9635,Allium,angulosum,2855717,,63
9636,Aloe,debrana,2777816,Aloe berhana,65
9637,Amomum,kravanh,7963176,,93
9638,Andrographis,elongata,3769562,,390
9639,Thalictrum,thalictroides,3033114,Anemone thalictroides,118
9640,Aster,alpinus,5387396,,423
9641,Baccharis,neaei,3129461,Baccharis solieri,423
9642,Badilloa,steetzii,3110824,,423
9643,Berberis,crataegina,3981411,,112
9644,Brosimum,acutifolium,7262461,Brosimopsis acutifolium,202
9645,Bulbophyllum,vaginatum,2846303,,75
9646,Bupleurum,montanum,3637643,,439
9647,Calophyllum,polyanthum,5556276,,156
9648,Calophyllum,thwaitesii,5556155,,156
9649,Camellia,pitardii,7313983,,370
9650,Cecropia,hololeuca,4013377,,206
9651,Ceiba,speciosa,8688929,,265
9652,Celastrus,flagellaris,3793992,,144
9653,Centaurea,bracteata,10799932,,423
9654,Centaurea,jacea,6076300,Centaurea bracteata Scop.,423
9655,Centaurea,pseudoscabiosa,3127593,,423
9656,Centaurea,pseudoscabiosa,7223274,Centaurea pseudoscabiosa subsp.pseudoscabiosa Boiss.et aBuhse,423
9657,Centaurea,salonitana,3128910,,423
9658,Chondrilla,juncea,8537667,,423
9659,Chrysanthemum,maximum,7764351,,423
9660,Chrysanthemum,segetum,7638492,,423
9661,Cinnamomum,iners,8028551,,25
9662,Cinnamomum,pachyphyllum,4181488,,25
9663,Clusia,sandiensis,5556013,,160
9664,Colchicum,szovitsii,2739959,Colchicum brachyphyllum,55
9665,Coptis,trifolia,6449715,Coptis trifolia subsp. groenlandica,118
9666,Corydalis,conspersa,5530726,,117
9667,Cota,samuelssonii,5390617,,423
9668,Crataegus,azarolus,3013775,Crataegus pontica,204
9669,Crataegus,rhipidophylla,9047268,,204
9670,Cryptolepis,sinensis,6021960,,376
9671,Curculigo,crassifolia,2852582,,71
9672,Cyanthillium,patulum,3125201,,423
9673,Dalbergia,assamica,2968625,,193
9674,Desmodium,gangeticum,11440699,,193
9675,Phyllodium,pulchellum,2948568,Desmodium pulchellu,193
9676,Diospyros,multiflora,7843571,,354
9677,Ruellia,prostrata,5415375,Dipteracanthus prostratus,390
9678,Echinocystis,lobata,5331404,,219
9679,Echinops,transiliensis,5392763,,423
9680,Eleutherococcus,giraldii,3035478,,441
9681,Chamaenerion,prantlii,12191298,Epilobium prantlii,236
9682,Erythrophleum,chlorostachys,2971187,,193
9683,Erythroxylum,macrophyllum,7870294,,165
9684,Erythroxylum,moonii,3694242,,165
9685,Euphorbia,soongarica,3067106,,166
9686,Felicia,amelloides,7668873,,423
9687,Ficaria,verna,9094061,,118
9688,Fraxinus,angustifolia,6432925,Fraxinus angustifolia subsp. oxycarpa,402
9689,Fumaria,barnolae,7314976,,117
9690,Galatella,sedifolia,3091620,,423
9691,Garcinia,cowa,3715021,,160
9692,Garcinia,gummi-gutta,7330311,,160
9693,Garcinia,portoricensis,3189559,,160
9694,Geum,aleppicum,5369685,,204
9695,Gillenia,stipulata,7557273,,204
9696,Goniothalamus,dolichocarpus,3154667,,15
9697,Haemanthus,amarylloides,2855172,,63
9698,Hedera,hibernica,8168344,,441
9699,Hedysarum,theinum,2960861,,193
9700,Helenium,quadridentatum,5401827,,423
9701,Helianthemum,lippii,3596007,Helianthemum sessiliflorum,262
9702,Helicia,nilagirica,5637355,,121
9703,Helminthotheca,echioides,3141855,,423
9704,Cachrys,cristata,3635084,Hippomarathrum cristatum,439
9705,Hydnora,abyssinica,3646094,,11
9706,Hylotelephium,mingjinianum,4201994,,132
9707,Hypochoeris,radicata,7605771,,423
9708,Ilex,cornuta,5414258,,416
9709,Kalanchoe,delagoensis,2985940,,132
9710,Lecythis,minor,3082392,Lecythis elliptica,357
9711,Leontodon,taraxacoides,7975952,,423
9712,Lepidaploa,remotiflora,3125182,,423
9713,Lepisanthes,rubiginosa,3784961,,258
9714,Ligustrum,ovalifolium,3172291,,402
9715,Lilium,brownii,7070878,Lilium brownii f. e. brown var. colchesteri wils,57
9716,Lithraea,molleoides,3660239,,251
9717,Lobelia,inflata,5408737,,426
9718,Lolium,arundinaceum,2706231,,102
9719,Lolium,pratense,2706237,,102
9720,Lonicera,microphylla,5598646,,438
9721,Malus,doumeri,3001252,Malus doumeri varl formosana,204
9722,Mespilus,germanica,3031774,,204
9723,Mikania,luetzelburgii,5398525,,423
9724,Curculigo,capitulata,2852556,Molineria capitulata,71
9725,Moonia,heterophylla,5406038,,423
9726,Muscari,botryoides,2772094,,64
9727,Nectandra,grandiflora,7304229,,25
9728,Olearia,pimeleoides,5405073,,423
9729,Ormosia,macrophylla,5355598,,193
9730,Paramignya,scandens,3835401,Paramignya griffithii,257
9731,Bistorta,officinalis,7291159,Persicaria bistorta,333
9732,Phaleria,macrocarpa,5524327,,270
9733,Phlomoides,medicinalis,3885294,,396
9734,Phyllanthus,robustus,5381926,Phyllanthus klotzschianus,181
9735,Pittosporum,brevicalyx,4161596,,445
9736,Pleurolobus,gangeticus,10781752,,193
9737,Polygonum,arenastrum,5334294,,333
9738,Polygonum,persicaria,7600308,,333
9739,Protea,obtusifolia,8142107,,121
9740,Prunus,angustifolia,3021368,,204
9741,Prunus,cerasifera,3021730,,204
9742,Pulicaria,insignis,3095625,,423
9743,Pyrola,calliantha,7328485,,355
9744,Ranunculus,cantoniensis,7276807,,118
9745,Ranunculus,chinensis,3921535,,118
9746,Ranunculus,sieboldii,7277274,,118
9747,Rhododendron,simsii,7327627,,355
9748,Rosa,roxburghii,3008635,,204
9749,Rudbeckia,laciniata,3114229,,423
9750,Salvia,bowleyana,7306631,,396
9751,Salvia,bulleyana,3883019,,396
9752,Salvia,castanea,3882150,,396
9753,Salvia,sinica,7307173,,396
9754,Salvia,sonchifolia,3887217,,396
9755,Shirakiopsis,indica,3061423,Sapium indicum,166
9756,Schisandra,arisanensis,7335140,,6
9757,Scolochloa,festucacea,5289769,,102
9758,Senecio,callosus,3107698,,423
9759,Senecio,polyodon,3107213,,423
9760,Senecio,suaveolens,7533557,,423
9761,Silphium,integrifolium,3092564,,423
9762,Solanum,euacanthum,2929706,,388
9763,Solanum,paludosum,2929289,,388
9764,Sparganium,eurycarpum,2702394,,109
9765,Spatholobus,harmandii,2977087,,193
9766,Spatholobus,sinensis,2977089,,193
9767,Rabelera,holostea,11071158,Stellaria holostea,313
9768,Taxillus,levinei,4000889,,294
9769,Vepris,gerrardii,10329959,Teclea gerrardii,257
9770,Tecomella,undulata,4093643,Tecoma undulata,391
9771,Trichilia,monadelpha,3852768,Trichilia heudelotii,255
9772,Tristaniopsis,calobuxus,7879295,,235
9773,Ungernia,victoris,2858137,,63
9774,Valeriana,rossica,4094805,,438
9775,Viola,philippica,7296732,,189
9776,Viola,philippica,12217049,Viola yedoensis,189
9777,Ophrypetalum,odoratum,3154868,,15
9778,Erechtites,hieraciifolius,3132457,,423
9779,Leplaea,thompsonii,7717275,,255
9780,Lupinus,mexicanus,2963859,,193
9781,Magnolia,coco,3153695,,20
9782,Pistia,stratiotes,2870583,,32
9783,Thalictrum,wangii,3923845,,118
9784,Sabal,yapa,2732498,Sabal peregrina,79
9785,Aesculus,turbinata,3189819,,258
9786,Agathosma,recurvifolia,3833056,,257
9787,Ajania,przewalskii,3150749,,423
9788,Arracacia,tolucensis,6026885,,439
9789,Buxus,sinica,7285992,Buxus microphylla var. sinica,124
9790,Chloranthus,japonicus,3750475,,28
9791,Chloranthus,serratus,7339068,,28
9792,Cnidoscolus,texanus,3073704,,166
9793,Coronilla,elegans,5349997,,193
9794,Dysoxylum,ficiforme,3850345,Dysoxylum binectariferum,255
9795,Ferula,communis,8205771,Ferula linkii,439
9796,Fraxinus,chinensis,3172325,,402
9797,Fraxinus,pallisiae,4938348,,402
9798,Fraxinus,stylosa,3683999,,402
9799,Fraxinus,chinensis,7326160,Fraxinus szaboana,402
9800,Guarea,rhopalocarpa,3850402,,255
9801,Gundelia,tournefortii,3087520,,423
9802,Haplophyllum,bungei,7479291,,257
9803,Helichrysum,maracandicum,7437905,,423
9804,Isodon,gesneroides,5609018,,396
9805,Ligularia,subspicata,5395540,,423
9806,Mentzelia,scabra,7289742,Mentzelia cordifolia,347
9807,Olea,capensis,7475694,,402
9808,Quercus,acuta,2876863,,209
9809,Rubus,thibetanus,2991485,,204
9810,Saussurea,macrota,5404518,,423
9811,Saussurea,parviflora,5404641,,423
9812,Viola,mandshurica,7296405,,189
9813,Virola,sebifera,3152846,,19
9814,Zanthoxylum,integrifoliolum,3837579,,257
9815,Tribulus,parvispinus,6384910,,192
9816,Machaerium,opacum,5355028,,193
9817,Mitragyna,diversifolia,2900469,,381
9818,Mitragyna,parvifolia,2900488,Mitragyna javanica Koord.et Val.var.microphylla Craib,381
9819,Jacobaea,aquatica,8340600,,423
9820,Jacobaea,alpina,8733419,Senecio alpinus (L.) Scop.,423
9821,Senecio,aquaticus,7908427,,423
9822,Jacobaea,aquatica,9457180,Senecio aquaticus Hill,423
9823,Senecio,cinerarius,4239159,,423
9824,Senecio,hercynicus,3107060,Senecio hercynicus Herborg,423
9825,Senecio,vulgaris,3108983,,423
9826,Terminalia,brownii,3698977,,231
9827,Chrozophora,brocchiana,10963294,,166
9828,Chrozophora,rottleri,3054492,,166
9829,Digitalis,ciliata,7747863,,408
9830,Dioclea,lasiophylla,5359614,,193
9831,Dracocephalum,thymiflorum,2927224,,396
9832,Ferula,varia,3636032,,439
9833,Veronica,parviflora,7331981,Hebe parviflora,408
9834,Hypericum,veronense,8123778,Hypericum perforatum var.angustifolium,170
9835,Lathyrus,pratensis,5356701,,193
9836,Oxytropis,campestris,5361536,,193
9837,Saussurea,hieracioides,5404654,,423
9838,Saussurea,superba,5404655,,423
9839,Trifolium,trichocephalum,5359182,,193
9840,Laser,trilobum,3630948,,439
9841,Mentha,gentilis,8053703,,396
9842,Prostanthera,aspalathoides,3895469,,396
9843,Gnidia,involucrata,5524722,,270
9844,Agave,macroacantha,2766974,,64
9845,Acacia,longifolia,2978730,,193
9846,Angelica,anomala,6026462,,439
9847,Astragalus,canadensis,5345439,,193
9848,Melica,uniflora,4116392,,102
9849,Mutisia,friesiana,3144153,,423
9850,Parkia,speciosa,5348811,,193
9851,Prunus,armeniaca,3023454,Prunus armeniaca var. ansu,204
9852,Salix,fragilis,5372829,,187
9853,Aglaia,tenuicaulis,7271473,,255
9854,Tanacetum,tatsienense,3118510,Chrysanthemum tatsienense,423
9855,Machaerium,incorruptibile,5355071,,193
9856,Isodon,longitubus,5608957,Rabdosia longituba,396
9857,Neostenanthera,gabonensis,3156505,Stenanthera gabonensis,15
9858,Ferula,diversivittata,3638866,,439
9859,Ferula,incisoserrata,6307762,Ferula inciso-serrata,439
9860,Ferula,kelifi,3638030,,439
9861,Ferula,korshinskyi,3637928,,439
9862,Ferula,latiloba,3637818,,439
9863,Ferula,litwinowiana,3637695,,439
9864,Ferula,pallida,3637052,,439
9865,Ferula,tingitana,3636208,,439
9866,Heptaptera,anatolica,3630900,,439
9867,Heptaptera,anisoptera,3630881,,439
9868,Bistorta,elliptica,4033054,,333
9869,Eleutherococcus,japonicus,3035328,Acanthopanax japonicus,441
9870,Gypsophila,capillaris,7858325,,313
9871,Psammosilene,tunicoides,3815763,,313
9872,Saponaria,ocymoides,3085357,Saponaria ocymoides L.,313
9873,Saponaria,officinalis,3085360,Saponaria officinalis L.,313
9874,Silene,vulgaris,9172281,,313
9875,Asclepias,asperula,8683730,,376
9876,Asclepias,tuberosa,3170305,,376
9877,Asclepias,vestita,3170336,,376
9878,Asclepias,viridis,3170294,,376
9879,Vicia,abbreviata,2975091,,193
9880,Aconitum,bulleyanum,3926740,,118
9881,Beaumontia,murtonii,5535526,,376
9882,Bidens,subalternans,5391882,,423
9883,Burkea,africana,5348890,,193
9884,Durio,carinatus,4073183,,265
9885,Durio,kutejensis,4073117,,265
9886,Eucalyptus,obliqua,3176354,,235
9887,Syzygium,crebrinerve,3183909,Eugenia crebrinervis,235
9888,Euphorbia,sororia,3067045,,166
9889,Galphimia,glauca,7122389,,176
9890,Grewia,bilamellata,4261057,,265
9891,Isodon,amethystoides,5610143,,396
9892,Isodon,yuennanensis,5608794,,396
9893,Knoxia,roxburghii,2901184,Knoxia valerianoides,381
9894,Coristospermum,lucidum,7318456,Ligusticum lucidum,439
9895,Luehea,divaricata,5706141,,265
9896,Luma,chequen,5420322,,235
9897,Mesosphaerum,oblongifolium,3890258,,396
9898,Myrianthus,serratus,7316414,,206
9899,Nassauvia,pyramidalis,3099096,,423
9900,Ocimum,spicatum,3896078,,396
9901,Olea,verrucosa,8033492,,402
9902,Orphium,frutescens,3844680,,379
9903,Coleus,rotundifolius,5341496,Plectranthus rotundifolius,396
9904,Salvia,oxyodon,7511417,,396
9905,Salvia,willeana,3883740,,396
9906,Schnabelia,tetradonta,3902164,,396
9907,Scutellaria,strigillosa,7308143,,396
9908,Styrax,formosanus,7320020,,367
9909,Swertia,leducii,5829258,,379
9910,Syringa,oblata,6433171,,402
9911,Syzygium,gustavioides,3182690,,235
9912,Terminalia,pallida,3698997,,231
9913,Thomandersia,laurifolia,3775096,,414
9914,Justicia,leonardii,3776758,,390
9915,Caroxylon,tetrandrum,3759360,,306
9916,Phyteuma,orbiculare,3166655,,426
9917,Calea,villosa,3147462,,423
9918,Duhaldea,nervosa,3126670,,423
9919,Sphaeranthus,bullatus,3094712,,423
9920,Teucrium,luteum,3895624,Teucrium luteum subsp. flavovirens,396
9921,Cordiera,sessilis,5335669,Alibertia sessilis,381
9922,Walsura,robusta,3851341,,255
9923,Psiadia,punctulata,3119760,,423
9924,Tessmannia,densiflora,5350391,,193
9925,Artemisia,obtusiloba,3121689,,423
9926,Balsamorhiza,macrophylla,3137236,,423
9927,Chiliadenus,iphionoides,3089836,,423
9928,Delphinium,glaucum,3033694,Delphinium brownii,118
9929,Glycyrrhiza,echinata,2965749,,193
9930,Millettia,zechiana,5355815,,193
9931,Mundulea,sericea,2933886,Mundulea striata,193
9932,Panda,oleosa,5380987,,178
9933,Polygala,arillata,7293502,,195
9934,Robinsonia,gracilis,9387199,,423
9935,Stevia,achalensis,3125574,,423
9936,Tessaria,absinthioides,3114905,,423
9937,Uvaria,cherrevensis,6308635,,15
9938,Senna,floribunda,2957241,,193
9939,Achillea,ligustica,3120032,,423
9940,Garcinia,buchneri,3710793,,160
9941,Spergularia,flaccida,9716413,Spergula fallax,313
9942,Cleome,paradoxa,7872795,,277
9943,Corynocarpus,laevigatus,3169083,,218
9944,Cynanchum,rostellatum,9500699,,376
9945,Hoya,ovalifolia,7798348,,376
9946,Ilex,integra,7315826,,416
9947,Lactuca,saligna,3140467,,423
9948,Plukenetia,huayllabambana,5939718,Plukenetia_huayllabambana,166
9949,Triumfetta,cordifolia,3152073,,265
9950,Andira,surinamensis,2952202,,193
9951,Bassia,scoparia,5383936,,306
9952,Cicer,anatolicum,2947327,,193
9953,Cicer,baldshuanicum,2947353,,193
9954,Cicer,canariense,2947371,,193
9955,Cicer,chorassanicum,2947337,,193
9956,Cicer,cuneatum,2947295,,193
9957,Cicer,echinospermum,2947366,,193
9958,Cicer,macracanthum,2947342,,193
9959,Cicer,microphyllum,2947307,,193
9960,Cicer,nuristanicum,2947303,,193
9961,Cicer,oxyodon,2947330,,193
9962,Cicer,pungens,2947373,,193
9963,Cicer,yamashitae,2947302,,193
9964,Monopteryx,inpae,2945504,Monopterix inpae,193
9965,Sedum,lineare,5361983,,132
9966,Nepeta,septemcrenata,5609720,,396
9967,Aglaia,archboldiana,5597959,,255
9968,Annona,cherimolia,5541654,,15
9969,Annona,papilionella,5541609,,15
9970,Ardisia,crispa,7169429,Ardisia hortorum,362
9971,Artabotrys,zeylanicus,3154951,,15
9972,Bupleurum,gerardi,5831906,,439
9973,Camoensia,scandens,5358230,Camoensia maxima,193
9974,Chelonanthus,albus,3844006,,379
9975,Chydenanthus,excelsus,3083164,,357
9976,Cirsium,rivulare,3113637,,423
9977,Combretum,griffithii,7327158,,231
9978,Croptilon,divaricatum,3139628,,423
9979,Dasymaschalon,longiflorum,3155570,,15
9980,Duguetia,yeshidan,3157469,Duguetia obovata,15
9981,Duguetia,spixiana,3157492,,15
9982,Eucalyptus,cneorifolia,3176823,,235
9983,Euclea,pseudebenus,7868746,,354
9984,Euphorbia,characias,3067369,Euphorbia characias subsp. wulfenii,166
9985,Euphorbia,sikkimensis,3068565,,166
9986,Eupomatia,laurina,5565488,,17
9987,Fissistigma,glaucescens,3157333,,15
9988,Fissistigma,latifolium,3157308,,15
9989,Guatteria,guianensis,3155818,,15
9990,Guatteria,maypurensis,3155737,,15
9991,Hosta,sieboldii,2771309,,64
9992,Hubera,pendula,7447627,,15
9993,Illigera,pentaphylla,5549961,,24
9994,Indigofera,arrecta,2972067,,193
9995,Siler,montanum,9442518,Laserpitium siler,439
9996,Leibnitzia,anandria,3139222,,423
9997,Leucanthemum,vulgare,8848598,,423
9998,Lithocarpus,haipinii,5332626,,209
9999,Magnolia,compressa,3153607,,20
10000,Magnolia,grandiflora,9605163,,20
10001,Magnolia,lanuginosa,3153935,,20
10002,Miliusa,cuneata,3156589,,15
10003,Oxytropis,lanata,5361439,,193
10004,Passiflora,violacea,7152266,Passiflora hybrid,179
10005,Coleus,crassus,10962997,Plectranthus crassus,396
10006,Hubera,cerasoides,7891136,Polyalthia cerasoides,15
10007,Polyalthia,microtus,3156397,,15
10008,Sphaerophysa,salsula,5353525,,193
10009,Stephania,abyssinica,5592623,,116
10010,Stephania,corymbosa,5592635,,116
10011,Stephania,japonica,7268792,,116
10012,Stephania,merrillii,5592794,,116
10013,Strychnos,gossweileri,5645879,,380
10014,Taraxacum,linearisquameum,5697300,,423
10015,Uvaria,rufa,3154300,,15
10016,Xylopia,laevigata,3157210,,15
10017,Xylopia,papuana,3157162,,15
10018,Xylopia,vieillardii,3157221,Xylopia vieillardi,15
10019,Aconitum,heterophylloides,3924716,,118
10020,Ctenodon,brasilianus,11098505,Aeschynomene brasiliana,193
10021,Alangium,grisolleoides,3701854,,342
10022,Alchornea,glandulosa,3055361,,166
10023,Alyxia,reinwardtii,7317401,,376
10024,Vepris,soyauxii,3834043,Araliopsis soyauxii,257
10025,Astilbe,thunbergii,7339496,,142
10026,Astragalus,cibarius,5344730,,193
10027,Betula,pendula,7783328,Betula oycoviensis,207
10028,Betula,schmidtii,5331904,,207
10029,Camellia,crassicolumna,7313877,,370
10030,Camellia,crassicolumna,3590775,Camellia crassicolumna var. multiplex,370
10031,Vasconcellea,cauliflora,3838758,Carica pennata,276
10032,Piranhea,mexicana,3075264,Celaenodendron mexicanum,182
10033,Chrysophyllum,marginatum,2885844,,364
10034,Cneoridium,dumosum,8581777,,257
10035,Desmanthus,illinoensis,7484581,,193
10036,Diplusodon,astictus,3989113,,233
10037,Diplusodon,speciosus,3989731,,233
10038,Drosera,adelae,3191182,,316
10039,Epilobium,alpinum,7978337,,236
10040,Epilobium,sericeum,7565181,Epilobium hybridum,236
10041,Epilobium,montanum,3664083,,236
10042,Epilobium,roseum,3666800,,236
10043,Epilobium,tetragonum,7322563,,236
10044,Eriogonum,umbellatum,2889574,,333
10045,Euphorbia,petiolata,7736449,,166
10046,Euxylophora,paraensis,3834762,,257
10047,Flemingia,faginea,5359906,,193
10048,Flemingia,stricta,5359894,,193
10049,Soda,stocksii,11222431,Haloxylon recurvum,306
10050,Hylotelephium,telephium,2985865,,132
10051,Hypericum,aucheri,3715193,,170
10052,Melicope,pteleifolia,3831820,Ilex lepta,257
10053,Inula,salicifolia,4225987,,423
10054,Lannea,alata,3661280,,251
10055,Miconia,subseriata,10782427,Leandra subseriata,234
10056,Leea,thorelii,4160395,,190
10057,Limonium,bellidifolium,4090205,Limonium caspium,332
10058,Limonium,gmelini,4089276,,332
10059,Limonium,popovii,4088556,,332
10060,Litsea,triflora,4180020,,25
10061,Lysimachia,congestiflora,4005565,,362
10062,Lysimachia,nummularia,3169379,,362
10063,Machilus,glaucescens,7674380,Machilus macrantha,25
10064,Manilkara,zapota,2885158,,364
10065,Morella,esculenta,3745012,,211
10066,Myrcia,neoglabra,9015445,,235
10067,Myrcia,splendens,3174691,,235
10068,Myrocarpus,frondosus,2945759,,193
10069,Myrsine,seguinii,3719723,,362
10070,Norantea,guianensis,7275886,,358
10071,Nymphaea,nouchali,7326947,Nymphaea caerulea,4
10072,Oenothera,deserticola,3667060,,236
10073,Oenothera,glaucifolia,3666072,,236
10074,Oenothera,howardii,3188812,,236
10075,Oenothera,kunthiana,3188917,,236
10076,Oenothera,multicaulis,3663746,,236
10077,Oenothera,tetraptera,3188815,,236
10078,Parinari,capensis,2985030,,159
10079,Parinari,congolana,2984984,,159
10080,Parinari,curatellifolia,8185443,,159
10081,Persicaria,pubescens,4033392,,333
10082,Persicaria,senticosa,7291203,,333
10083,Phedimus,aizoon,7172831,,132
10084,Pistacia,weinmannifolia,7321836,,251
10085,Argentina,anserina,7272211,Potentilla anserina,204
10086,Rhododendron,farrerae,4164099,,355
10087,Saxifraga,cernua,3032869,,142
10088,Schnella,microstachya,2953627,,193
10089,Sedum,crassularia,5689819,,132
10090,Senecio,blitoides,4241292,Senecio carthamoides,423
10091,Stachys,germanica,2927297,,396
10092,Syzygium,aqueum,3183335,,235
10093,Syzygium,corynocarpum,3716090,,235
10094,Syzygium,levinei,3183194,,235
10095,Syzygium,malaccense,3184509,,235
10096,Uvaria,griffithii,5836215,,15
10097,Vernonia,menthaefolia,8043555,,423
10098,Zanthoxylum,fagara,3190090,,257
10099,Zephyranthes,citrina,2859827,Zephyranthes sulphurea,63
10100,Casearia,sylvestris,5331148,,187
10101,Mallotus,metcalfianus,5378484,,166
10102,Passiflora,caerulea,2874199,,179
10103,Peperomia,macrostachyos,7787466,Peperomia macrostachya,13
10104,Piper,elongatum,8419472,,13
10105,Tridax,procumbens,3149462,,423
10106,Teucrium,abutiloides,3901655,,396
10107,Teucrium,bicolor,3898350,,396
10108,Teucrium,flavum,3887754,,396
10109,Teucrium,lamiifolium,7308378,,396
10110,Teucrium,massiliense,3895361,,396
10111,Teucrium,montbretii,3895175,,396
10112,Iphiona,mucronata,3125389,,423
10113,Psychotria,milnei,2903667,Calycodendron milnei,381
10114,Dalbergia,candenatensis,2968466,,193
10115,Sonchus,micranthus,9252959,,423
10116,Tannodia,perrieri,3063698,,166
10117,Cissampelos,fasciculata,3830089,,116
10118,Euryops,sulcatus,5394984,,423
10119,Tulipa,hybr,6711702,Tulipa hybrid,57
10120,Wrightia,pubescens,7317411,Wrightia javanica,376
10121,Acacia,victoriae,2979105,,193
10122,Albizia,coriaria,2972898,,193
10123,Senegalia,rugata,3795863,,193
10124,Achillea,coarctata,3120289,,423
10125,Achillea,goniocephala,3120353,,423
10126,Achillea,millefolium,4215536,Achillea lanulosa,423
10127,Achillea,teretifolia,3120362,,423
10128,Achillea,vermicularis,3120049,,423
10129,Aralia,chinensis,3036940,,441
10130,Artemisia,compacta,7508205,,423
10131,Artemisia,copa,3121465,,423
10132,Artemisia,myriantha,8059892,,423
10133,Artemisia,tilesii,3121080,,423
10134,Jaborosa,bergii,3802033,,388
10135,Lactuca,pulchella,3140419,,423
10136,Machilus,parviflora,4178225,,25
10137,Mangifera,persiciformis,5792403,,251
10138,Paraprenanthes,melanantha,9444220,Notoseris gracilipes C. Shih,423
10139,Notoseris,henryi,3088387,Notoseris henryi (Dunn) C. Shih,423
10140,Notoseris,macilenta,8383860,Notoseris psilolepis C. Shih,423
10141,Notoseris,khasiana,7637260,Notoseris rhombiformis C. Shih,423
10142,Notoseris,triflora,3088378,Notoseris triflora (Hemsl.) C .Shih,423
10143,Picris,japonica,9635502,Picris koreana (Kitam.) Vorosch.,423
10144,Reichardia,tingitana,5385648,,423
10145,Taraxacum,alpinum,7821706,,423
10146,Taraxacum,apenninum,5699272,,423
10147,Taraxacum,bessarabicum,5394232,Taraxacum bessarabicum (Hornem.) Hand-Mazz.,423
10148,Taraxacum,platycarpum,5696330,Taraxacum hondoense Nakai ex Koidz.,423
10149,Wedelia,floribunda,5699232,,423
10150,Adenocarpus,anagyrifolius,2951628,,193
10151,Adenocarpus,bacquei,2951625,,193
10152,Adenocarpus,cincinnatus,2951630,,193
10153,Adenocarpus,complicatus,2951647,,193
10154,Adenocarpus,telonensis,2951631,,193
10155,Phlomis,floccosa,3887961,,396
10156,Urtica,circularis,5670807,,206
10157,Sonchus,bourgeaui,3105711,,423
10158,Sonchus,brachylobus,7599625,,423
10159,Sonchus,congestus,3105831,,423
10160,Sonchus,crassifolius,4250382,,423
10161,Sonchus,fauces-orci,3105696,,423
10162,Sonchus,gomerensis,3105688,,423
10163,Sonchus,hierrensis,3105828,,423
10164,Sonchus,hydrophilus,3105812,,423
10165,Sonchus,lidii,3105662,,423
10166,Sonchus,maritimus,3105703,,423
10167,Sonchus,nanus,7900837,,423
10168,Sonchus,palmensis,3105690,,423
10169,Sonchus,pinnatifidus,7506059,,423
10170,Sonchus,pinnatus,3105783,,423
10171,Sonchus,platylepis,3105829,,423
10172,Sonchus,schweinfurthii,3105689,,423
10173,Sonchus,tenerrimus,3105768,,423
10174,Sonchus,ustulatus,3105734,,423
10175,Bulbophyllum,variegatum,2845633,,75
10176,Cinnamomum,micranthum,7304647,,25
10177,Decodon,verticillatus,5420916,,233
10178,Leptolobium,panamense,5633780,,193
10179,Leuzea,uniflora,3142174,Rhaponticum uniflorum,423
10180,Iryanthera,sagotiana,3743777,,19
10181,Sanicula,lamelligera,3639043,,439
10182,Xanthium,spinosum,3089150,,423
10183,Crotalaria,goreensis,2941759,,193
10184,Senecio,schweinfurthii,3109110,,423
10185,Atriplex,nummularia,3083652,,306
10186,Tagetes,dianthiflora,4235615,,423
10187,Tagetes,mandonii,4235376,,423
10188,Brickellia,veronicifolia,5388309,,423
10189,Chelonanthus,alatus,3844069,,379
10190,Dehaasia,longipedicellata,4179490,,25
10191,Hintonia,latiflora,5336472,,381
10192,Pityrodia,jamesii,3882575,,396
10193,Salvia,breviflora,3883146,,396
10194,Solidago,decurrens,5388989,,423
10195,Aconitum,burnatii,8189059,,118
10196,Baccharis,douglasii,3129683,,423
10197,Baccharis,glutinosa,8177851,,423
10198,Baccharis,grisebachii,3129702,,423
10199,Biebersteinia,orphanidis,3827244,,252
10200,Calanticaria,bicolor,3109174,,423
10201,Gardenia,gummifera,5335166,,381
10202,Helianthus,angustifolius,3119144,,423
10203,Helianthus,argophyllus,3119232,,423
10204,Helianthus,carnosus,3119193,,423
10205,Helianthus,floridanus,3119164,,423
10206,Helianthus,longifolius,3119154,,423
10207,Helianthus,microcephalus,4250889,,423
10208,Helianthus,pumilus,3119245,,423
10209,Limnophila,heterophylla,5563158,,408
10210,Simsia,cronquistii,5691483,,423
10211,Tamarix,dioica,7672350,,341
10212,Tetraneuris,turneri,3112427,,423
10213,Tithonia,calva,5396536,,423
10214,Tithonia,pedunculata,5396545,,423
10215,Gonzalezia,rosei,9242509,Viguiera rosei,423
10216,Amaranthus,muricatus,5384332,,306
10217,Brickellia,glutinosa,7671885,,423
10218,Centaurea,corcubionensis,4254968,,423
10219,Ranunculus,laetus,7457224,,118
10220,Geranium,pratense,2891304,,229
10221,Crataegus,sanguinea,3013574,,204
10222,Enceliopsis,nudicaulis,3132443,,423
10223,Gouania,leptostachya,7273872,,203
10224,Osteospermum,rigidum,3093575,,423
10225,Coelogyne,articulata,2838675,Pholidota articulata,75
10226,Sedum,sexangulare,5361991,,132
10227,Warburgia,salutaris,5603223,,8
10228,Centaurea,napifolia,3128601,,423
10229,Centaurea,sicula,3128640,,423
10230,Onopordum,tauricum,3094939,,423
10231,Dorstenia,kameruniana,3764528,,202
10232,Lantana,strigocamara,4084229,,415
10233,Aconitum,macrorhynchum,7983338,,118
10234,Cota,tinctoria,7066062,Anthemis tinctoria,423
10235,Attalea,colenda,2732716,,79
10236,Attalea,speciosa,2732877,,79
10237,Citropsis,articulata,3833029,,257
10238,Coptis,omeiensis,4931399,,118
10239,Cuphea,koehneana,3989164,,233
10240,Cyathula,capitata,8303480,,306
10241,Narthecium,ossifragum,5602614,,47
10242,Damburneya,purpurea,9503920,Nectandra polita,25
10243,Neolitsea,cassia,4180148,,25
10244,Neolitsea,foliosa,4179928,,25
10245,Neolitsea,umbrosa,7304387,,25
10246,Neolitsea,foliosa,4178978,Neolitsea zeylanica,25
10247,Paederia,foetida,2909527,Paederia scandens,381
10248,Rhododendron,sichotense,4165163,,355
10249,Salvadora,oleoides,5580733,,287
10250,Senecio,adenotrichius,3106887,,423
10251,Solanum,pennellii,2930397,,388
10252,Syagrus,romanzoffiana,5293897,,79
10253,Guatteria,friesiana,3648330,Guatteriopsis friesiana,15
10254,Psidium,guyanense,5420620,,235
10255,Rhododendron,baileyi,5832240,,355
10256,Rhododendron,campylogynum,4167114,,355
10257,Rhododendron,nivale,7328203,,355
10258,Erysimum,cheiri,3048203,Cheiranthus cheiri,273
10259,Crambe,hispanica,5373475,,273
10260,Luzuriaga,parviflora,2754345,,53
10261,Pittosporum,crassifolium,2986285,,445
10262,Sinapis,arvensis,3047598,,273
10263,Garcinia,semseii,3712733,,160
10264,Costus,spicatus,2756925,,87
10265,Costus,spiralis,2756867,,87
10266,Lysimachia,davurica,4005441,,362
10267,Lysimachia,vulgaris,3169386,,362
10268,Aria,rostellata,5370203,,204
10269,Asyneuma,campanuloides,3168098,,426
10270,Biebersteinia,multifida,3827264,,252
10271,Carduus,nutans,8185959,,423
10272,Carex,fraseriana,2731126,,95
10273,Tabernaemontana,coffeoides,3618255,Hazunta membranacea,376
10274,Oenothera,macrocarpa,3188904,,236
10275,Ostericum,viridiflorum,3635881,,439
10276,Passiflora,biflora,2874204,,179
10277,Phoenix,loureiroi,7227438,Phoenix loureiroi var. loureiroi,79
10278,Pterospermum,acerifolium,3669210,,265
10279,Tecomaria,capensis,3172490,Tecoma capensis,391
10280,Teucrium,gnaphalodes,7308501,,396
10281,Verbena,officinalis,7226252,Verbena officinalis var. officinalis,415
10282,Aconitum,carmichaelii,3033673,Aconitum carmichaeli,118
10283,Fritillaria,cirrhosa,5300358,,57
10284,Herpetospermum,pedunculosum,3624934,Herpetospermum caudigerum WALL,219
10285,Lathyrus,davidii,5356477,,193
10286,Muscari,neglectum,2772020,,64
10287,Pinellia,pedatisecta,2870086,,32
10288,Procris,repens,7916114,,206
10289,Scaphium,affine,7737109,,265
10290,Trifolium,glanduliferum,5359374,,193
10291,Achyrocline,flaccida,3139528,,423
10292,Alhagi,graecorum,2945091,,193
10293,Alnus,glutinosa,2876213,,207
10294,Ambrosia,deltoidea,3110610,,423
10295,Balsamorhiza,deltoidea,3137216,,423
10296,Cyperus,teneriffae,8349522,,95
10297,Piptocoma,antillana,3122115,,423
10298,Piptocoma,rufescens,3122160,,423
10299,Pericopsis,elata,2940392,Afrormosia elata,193
10300,Amphimas,pterocarpoides,2952803,,193
10301,Baptisia,lecontei,2976148,,193
10302,Baptisia,tinctoria,7943262,,193
10303,Castanospermum,australe,7579806,,193
10304,Centrosema,haitiense,2964916,,193
10305,Cladrastis,sikokiana,2945526,,193
10306,Cyclopia,intermedia,5341860,,193
10307,Dalbergia,riparia,2968619,,193
10308,Erythrina,speciosa,5349528,,193
10309,Callerya,dielsiana,8365307,Millettia dielsiana,193
10310,Wisteriopsis,reticulata,10514274,Millettia reticulata,193
10311,Myroxylon,peruiferum,5357189,,193
10312,Onobrychis,ebenoides,2972883,,193
10313,Piper,divaricatum,4186310,,13
10314,Prosopis,africana,5358514,,193
10315,Pterodon,apparicioi,5342613,,193
10316,Richteria,pyrethroides,5389430,,423
10317,Santolina,pectinata,3125927,,423
10318,Swartzia,simplex,5352047,,193
10319,Taverniera,abyssinica,2970327,,193
10320,Wisteria,brachybotrys,2977318,Wistaria brachybotrys,193
10321,Alphonsea,lutea,3154160,,15
10322,Annona,emarginata,5541643,,15
10323,Annona,hayesii,5407237,,15
10324,Annona,leptopetala,5541624,,15
10325,Annona,mucosa,5407571,,15
10326,Annona,neoulei,5541612,,15
10327,Anomianthus,dulcis,3156537,,15
10328,Artabotrys,brachypetalus,3154880,,15
10329,Artabotrys,monteiroae,3154930,,15
10330,Artabotrys,venustus,3154887,,15
10331,Cardiopetalum,calophyllum,3158638,,15
10332,Desmos,yunnanensis,3155599,,15
10333,Disepalum,pulchrum,3154702,,15
10334,Doryphora,sassafras,5576447,,21
10335,Guatteria,oliviformis,3155971,,15
10336,Laureliopsis,philippiana,3783047,,21
10337,Magnolia,liliifera,3153525,,20
10338,Meiogyne,monosperma,3158389,,15
10339,Monodora,junodii,3154102,,15
10340,Oxandra,major,3154756,,15
10341,Siparuna,grandiflora,3782467,,27
10342,Stephania,cephalantha,5592644,,116
10343,Stephania,pierrei,5592774,,116
10344,Stephania,venosa,5592725,,116
10345,Trivalvaria,macrophylla,3156986,,15
10346,Erythrina,berteroana,5349775,,193
10347,Nepeta,assurgens,5610761,,396
10348,Croton,alienus,3059788,,166
10349,Sorbus,ferruginea,3012270,Micromeles ferruginea,204
10350,Uvaria,ferruginea,3154863,,15
10351,Xylopia,cuspidata,3157048,,15
10352,Boronia,megastigma,3190409,,257
10353,Aconitum,sajanense,7276646,,118
10354,Beaumontia,grandiflora,5535537,,376
10355,Bersama,abyssinica,3845259,,226
10356,Bredia,tuberculata,3861517,,234
10357,Comesperma,ericinum,7293357,,195
10358,Cyclamen,hederifolium,7127810,Cyclamen neapolitanum,362
10359,Damnacanthus,major,2903472,,381
10360,Decalepis,hamiltonii,3572228,,376
10361,Dianthus,superbus,6363496,,313
10362,Filipendula,camtschatica,7272312,,204
10363,Filipendula,multijuga,2987969,,204
10364,Leonardoxa,africana,2947376,,193
10365,Nicotiana,langsdorffii,8081001,,388
10366,Nicotiana,mutabilis,3799545,,388
10367,Paeonia,anomala,7316516,,139
10368,Piper,attenuatum,8215152,,13
10369,Posidonia,australis,5328658,,38
10370,Rubus,sanctus,7923692,,204
10371,Strychnos,trinervis,7397359,Strychnos triplinervia,380
10372,Styphelia,tubiflora,4010987,,355
10373,Aeonium,arboreum,2985682,,132
10374,Aeonium,nobile,4199765,,132
10375,Ammannia,auriculata,3188714,,233
10376,Arcytophyllum,thymifolium,2892738,,381
10377,Artemisia,campestris,7222939,Artemisia campestris ssp. glutinosa,423
10378,Artemisia,glutinosa,4229030,,423
10379,Artemisia,halodendron,3120674,,423
10380,Baccharis,pilularis,3129497,,423
10381,Campanula,hypopolia,5411779,,426
10382,Ozothamnus,leptophyllus,3111878,Cassinia vauvilliersii,423
10383,Chromolaena,meridensis,3087768,,423
10384,Ericameria,nauseosa,3103017,Chrysothamnus nauseosus,423
10385,Dracula,cordobae,2818649,,75
10386,Erysimum,carniolicum,3048384,,273
10387,Flourensia,thurifera,3094552,,423
10388,Koenigia,polystachya,8848208,,333
10389,Lomatia,hirsuta,7287163,,121
10390,Nothofagus,obliqua,2874984,,212
10391,Ozothamnus,expansifolius,3111973,,423
10392,Ozothamnus,scutellifolius,3111978,,423
10393,Piliostigma,thonningii,2953141,,193
10394,Polygonum,polystachyum,7792146,,333
10395,Populus,laurifolia,3803716,,187
10396,Smilax,riparia,5295689,,62
10397,Tagetes,elliptica,3088563,,423
10398,Abroma,augustum,8219075,Abroma augusta,265
10399,Abronia,villosa,5384880,,329
10400,Acacia,dealbata,2979474,,193
10401,Acacia,sparsiflora,2981156,,193
10402,Acacia,trineura,2979209,,193
10403,Acaena,splendens,5370957,,204
10404,Acer,griseum,3768452,,258
10405,Achillea,tuzsonii,3120130,,423
10406,Achyranthes,bidentata,3085175,,306
10407,Jurinea,berardioides,9406225,Aegopordon berarioides,423
10408,Aframomum,alboviolaceum,2758911,,93
10409,Agave,shawii,2766475,,64
10410,Ageratina,ligustrina,5400324,,423
10411,Aglaia,elliptica,7271396,,255
10412,Aglaia,forbesii,5597700,,255
10413,Ajuga,parviflora,3886822,,396
10414,Allanblackia,gabonensis,3713168,,160
10415,Allanblackia,monticola,3713139,,160
10416,Allium,rotundum,2855963,Allium waldsteinii,63
10417,Alnus,alnobetula,7437641,Alnaster fruticosus,207
10418,Alnus,incana,9148577,,207
10419,Alnus,rubra,2876176,,207
10420,Aloe,ballyi,2778017,,65
10421,Alstonia,boonei,5535759,,376
10422,Amaranthus,caudatus,6109611,,306
10423,Ambrosia,grayi,3110651,,423
10424,Ancathia,igniaria,3097009,,423
10425,Ancistrocladus,tectorius,3659000,Ancistrocladus cochinchinensis,308
10426,Angylocalyx,oligophyllus,2952349,,193
10427,Antennaria,dioica,5385604,,423
10428,Antheroporum,pierrei,2947702,,193
10429,Antidesma,venosum,3076520,,181
10430,Arctotheca,populifolia,3114968,,423
10431,Arctotis,arctotoides,7764662,,423
10432,Arctotis,aspera,5406220,,423
10433,Ardisia,staudtii,5557682,Ardisia kivuensis,362
10434,Eremogone,juncea,3814619,Arenaria juncea,313
10435,Arnebia,hispidissima,4065217,,382
10436,Aspidosperma,pyrifolium,7316881,,376
10437,Aspilia,foliosa,5396291,Aspilia parvifolia,423
10438,Aspilia,pluriseta,5396221,,423
10439,Geothamnus,batangensis,10766858,Aster batangensis,423
10440,Felicia,fruticosa,5831099,Aster fruticosus,423
10441,Baccharis,genistifolia,3129438,,423
10442,Lasthenia,coronaria,3144267,Baeria californica,423
10443,Baileya,multiradiata,8347815,,423
10444,Balanophora,indica,7531800,,293
10445,Barringtonia,acutangula,3082835,,357
10446,Beilschmiedia,erythrophloia,6135898,,25
10447,Betula,alleghaniensis,5331779,,207
10448,Betula,cordifolia,5332147,,207
10449,Betula,dahurica,5331890,,207
10450,Betula,populifolia,8184083,,207
10451,Betula,caerulea,5331514,Betula × caerulea,207
10452,Bishopanthus,soliceps,3133672,,423
10453,Bishopiella,elegans,3140586,,423
10454,Blumea,malcolmii,5395714,,423
10455,Boronia,inornata,7269535,,257
10456,Bosistoa,medicinalis,3834639,Bosistoa brassii,257
10457,Bosistoa,transversa,3831358,Bosistoa selwynii,257
10458,Brachylaena,perrieri,3140987,,423
10459,Brachylaena,ramiflora,7065891,Brachylaena ramiflora var. ramiflora,423
10460,Bruguiera,cylindrica,5602619,,186
10461,Bruguiera,parviflora,5384934,,186
10462,Buxus,natalensis,3988045,,124
10463,Parasenecio,pilgerianus,3090506,Cacalia pilgeriana,423
10464,Carex,aridula,2728739,,95
10465,Carpinus,cordata,2875893,,207
10466,Cassia,javanica,7573958,Cassia javanica subsp. nodosa,193
10467,Cassytha,melantha,5685478,,25
10468,Catananche,caerulea,3134867,,423
10469,Cayratia,japonica,8396216,,190
10470,Ceropegia,juncea,3574730,,376
10471,Chthonocephalus,muellerianus,3151055,,423
10472,Chuquiraga,aurea,3109542,,423
10473,Chuquiraga,avellanedae,3109532,,423
10474,Chuquiraga,kuschelii,8275736,,423
10475,Chuquiraga,oppositifolia,3109537,,423
10476,Chuquiraga,rosulata,3109517,,423
10477,Chuquiraga,ulicina,7337273,Chuquiraga ulicina ssp. ulicina,423
10478,Cineraria,grandibracteata,3141254,,423
10479,Cirsium,wallichii,3112707,,423
10480,Cnidoscolus,urens,3073653,,166
10481,Colliguaja,salicifolia,3073819,,166
10482,Commiphora,dalzielii,3993413,,253
10483,Convallaria,keiskei,2768004,,64
10484,Corydalis,densiflora,7624230,,117
10485,Corydalis,rosea,8211943,,117
10486,Crateva,tapia,3054262,Crataeva benthami,275
10487,Cratoxylum,cochinchinense,3712064,,170
10488,Critoniopsis,paradoxa,3101520,,423
10489,Crotalaria,sericea,8128829,Crotalaria assamica,193
10490,Croton,megalocarpus,3059962,,166
10491,Cryptocarya,densiflora,4176934,,25
10492,Cullen,plicatum,2948948,,193
10493,Dalbergia,congestiflora,2968786,,193
10494,Daphne,blagayana,5523781,,270
10495,Archidasyphyllum,diacanthoides,10693167,Dasyphyllum diacanthoides,423
10496,Debregeasia,saeneb,4099243,,206
10497,Dendropanax,querceti,3034993,,441
10498,Derris,laxiflora,5350288,,193
10499,Desmodium,canadense,2967285,,193
10500,Dicliptera,japonica,7264285,,390
10501,Digitalis,canariensis,5559284,,408
10502,Digitalis,obscura,5559052,,408
10503,Dimetia,scandens,9411691,,381
10504,Diospyros,acuta,4070655,,354
10505,Diospyros,hallieri,7496555,,354
10506,Diospyros,lycioides,4070128,,354
10507,Diospyros,oppositifolia,4069918,,354
10508,Diospyros,rheophytica,4070045,,354
10509,Diospyros,toposia,7295871,,354
10510,Dirca,occidentalis,3188463,,270
10511,Distimake,tuberosus,9636531,,385
10512,Doniophyton,anomalum,7386707,,423
10513,Hijmania,angusticornis,8742459,Dorstenia angusticornis,202
10514,Dracaena,cinnabari,5304574,,64
10515,Drypetes,littoralis,3075658,,184
10516,Dysoxylum,malabaricum,3852884,,255
10517,Didymocheton,spectabilis,11557598,Dysoxylum spectabile,255
10518,Echinops,giganteus,5392820,,423
10519,Edgeworthia,gardneri,5523712,,270
10520,Ekebergia,pterophylla,3851159,,255
10521,Elaeodendron,buchananii,3792154,,144
10522,Albertisia,cordifolia,5592697,Epinetrum cordifolium,116
10523,Eremanthus,incanus,3133634,,423
10524,Eriolaena,hookeriana,3669279,,265
10525,Espeletia,moritziana,3109156,,423
10526,Eucalyptus,regnans,3176566,,235
10527,Euclea,divinorum,5662686,,354
10528,Euclea,natalensis,6056978,,354
10529,Eulophia,nuda,5312136,,75
10530,Euonymus,carnosus,3793939,,144
10531,Euphorbia,granulata,3070132,,166
10532,Euphorbia,iberica,3065663,,166
10533,Euphorbia,larica,3068607,,166
10534,Euphorbia,lateriflora,3065903,,166
10535,Euphorbia,tortilis,3068572,,166
10536,Excoecaria,parvifolia,3071725,,166
10537,Zanthoxylum,heitzii,3837886,Fagara heitzii,257
10538,Fatoua,villosa,2984652,Fatoua pilosa,202
10539,Festuca,argentina,4128724,,102
10540,Ficus,microcarpa,7467639,,202
10541,Ficus,racemosa,5361904,Ficus rasemosa,202
10542,Flindersia,laevicarpa,7269298,,257
10543,Florestina,tripteris,3139605,,423
10544,Fritillaria,raddeana,5300490,,57
10545,Gaillardia,spathulata,5387873,,423
10546,Garcinia,bancana,7329882,,160
10547,Garcinia,staudtii,3712627,,160
10548,Garcinia,vilersiana,3712293,,160
10549,Gelasia,cretica,10850957,,423
10550,Geoffroea,decorticans,2966692,,193
10551,Glochidion,eriocarpum,3080301,,181
10552,Goniothalamus,tamirensis,3154631,,15
10553,Gonospermum,canariense,3117133,,423
10554,Grewia,bicolor,8042537,,265
10555,Grewia,tiliifolia,4259991,Grewia damine,265
10556,Guatteria,elata,3155920,,15
10557,Gutenbergia,cordifolia,4214934,Gutenbergia cordifolia var. marginata,423
10558,Gynostemma,yixingense,8644584,,219
10559,Halimium,halimifolium,7331399,,262
10560,Halothamnus,somalensis,6035776,,306
10561,Haplocarpha,lyrata,8095987,,423
10562,Haploclathra,leiantha,3712017,,156
10563,Haploclathra,paniculata,7330014,,156
10564,Harpullia,arborea,3190016,,258
10565,Hedera,rhombea,3036022,,441
10566,Hedysarum,sikkimense,2960958,,193
10567,Heliopsis,longipes,5396489,,423
10568,Hemidesmus,indicus,8125676,,376
10569,Hieronyma,alchorneoides,3079092,,181
10570,Hippeastrum,morelianum,2854282,,63
10571,Holarrhena,pubescens,3169748,,376
10572,Hopea,jucunda,5669007,,264
10573,Hymenopappus,tenuifolius,3110180,,423
10574,Hypoestes,purpurea,3776907,Hypestes purpurea,390
10575,Inula,linariifolia,3148350,,423
10576,Jacobaea,boissieri,5388622,,423
10577,Jacobaea,pancicii,5695488,,423
10578,Jungia,polita,5402208,,423
10579,Khaya,grandifoliola,3852039,,255
10580,Kibatalia,maingayi,3619204,,376
10581,Kielmeyera,albopunctata,3712776,,156
10582,Kleinia,anteuphorbium,7780787,,423
10583,Lasianthus,gardneri,5337046,,381
10584,Lepidaploa,cotoneaster,3099787,,423
10585,Leucheria,bridgesii,3099491,Leuceria bridgesii,423
10586,Leucheria,floribunda,3099526,Leuceria floribunda,423
10587,Leucheria,gayana,3099512,Leuceria gayana,423
10588,Leucheria,lithospermifolia,3099592,Leuceria lithospermifolia,423
10589,Leucheria,glacialis,3099584,,423
10590,Leucheria,rosea,8229385,,423
10591,Leucheria,runcinata,3099539,,423
10592,Liabum,solidagineum,3103470,,423
10593,Liatris,laevigata,7478458,,423
10594,Liatris,spicata,3104314,,423
10595,Ligularia,intermedia,5395509,,423
10596,Ligularia,kanaitzensis,5395485,,423
10597,Ligularia,odontomanes,5395482,,423
10598,Ligularia,pleurocaulis,5395515,,423
10599,Lithocarpus,elegans,5332363,,209
10600,Nepeta,lophanthus,11254579,Lophanthus chinensis,396
10601,Lophopetalum,wallichii,3791758,,144
10602,Lophopetalum,wightianum,3791747,,144
10603,Luehea,candicans,7311171,,265
10604,Luvunga,angustifolia,7963936,,257
10605,Luvunga,sarmentosa,3834748,,257
10606,Lychnophora,candelabrum,5396203,,423
10607,Lychnophora,columnaris,7462161,,423
10608,Lychnophora,pseudovillosissima,6293468,,423
10609,Lycoseris,triplinervia,3093143,,423
10610,Mabea,fistulifera,3071744,,166
10611,Mallotus,philippensis,5378605,,166
10612,Maquira,coriacea,3763724,,202
10613,Monteverdia,chiapensis,9688583,Maytenus chiapensis,144
10614,Monteverdia,horrida,9780526,Maytenus horrida,144
10615,Kayea,elegans,3714429,Mesua elegans,156
10616,Metalasia,lichtensteinii,3095197,,423
10617,Metalasia,pulcherrima,7818091,,423
10618,Magnolia,rajaniana,3153701,Michelia rajaniana,20
10619,Miconia,myriantha,3860066,,234
10620,Mikania,dusenii,5398448,,423
10621,Mikania,guaco,5398809,,423
10622,Millettia,puguensis,5355673,,193
10623,Monechma,debile,3770176,,390
10624,Morella,cerifera,3168995,,211
10625,Mortonia,diffusa,5579561,,144
10626,Moscharia,pinnatifida,5386277,,423
10627,Mutisia,acerosa,3144169,,423
10628,Mutisia,acuminata,3144188,,423
10629,Mutisia,decurrens,3144098,,423
10630,Mutisia,orbignyana,3144151,,423
10631,Mutisia,subulata,7336545,,423
10632,Napoleonaea,vogelii,3083469,,357
10633,Nassauvia,argentea,3099110,,423
10634,Nassauvia,uniflora,3099061,,423
10635,Neomirandea,eximia,3090081,,423
10636,Neurolaena,macrophylla,3096774,,423
10637,Nitraria,sibirica,7373508,Nitraria tangutorum,256
10638,Nuxia,oppositifolia,4055659,,412
10639,Olearia,subspicata,7619753,,423
10640,Onopordum,ambiguum,3094908,,423
10641,Onoseris,lopezii,4255598,,423
10642,Onoseris,onoseroides,3143158,,423
10643,Onychopetalum,amazonicum,3156515,,15
10644,Orbivestus,cinerascens,3124901,,423
10645,Ormosia,coarctata,5355567,,193
10646,Osteospermum,imbricatum,7572453,,423
10647,Oxylobus,arbutifolius,5393432,,423
10648,Parsonsia,alboflavescens,7317262,,376
10649,Penstemon,mucronatus,3732564,,408
10650,Pentadesma,butyracea,3189435,,160
10651,Pera,benensis,5614967,,180
10652,Perezia,carthamoides,5391427,,423
10653,Perezia,linearis,5391366,,423
10654,Perezia,lyrata,8356588,,423
10655,Perezia,megalantha,5391377,,423
10656,Perezia,nutans,5391389,,423
10657,Periploca,aphylla,7707846,,376
10658,Petasites,tricholobus,3088318,,423
10659,Phebalium,whitei,3832008,,257
10660,Philenoptera,cyanescens,2944764,,193
10661,Philodendron,radiatum,2870769,,32
10662,Phoebe,chekiangensis,7786435,,25
10663,Phyllanthus,flexuosus,5381881,,181
10664,Phyllanthus,oxyphyllus,5381418,,181
10665,Picramnia,teapensis,3709148,,246
10666,Picris,cyanocarpa,3093349,,423
10667,Piptolepis,ericoides,5387929,,423
10668,Pleiospermium,alatum,3836714,,257
10669,Plumbago,pulchella,5668163,,332
10670,Pogonolepis,muelleriana,3097461,,423
10671,Polyachyrus,fuscus,3099153,,423
10672,Polygala,ruwenzoriensis,4049662,,195
10673,Proteopsis,argentea,8261829,,423
10674,Terminalia,hylodendron,9303152,Pteleopsis hylodendron,231
10675,Pterocarpus,marsupium,5349309,,193
10676,Ptilostemon,gnaphaloides,8279446,,423
10677,Pueraria,montana,2977647,Pueraria montana var. lobata,193
10678,Pulicaria,angustifolia,3095537,,423
10679,Quercus,incana,2878060,,209
10680,Quercus,leucotrichophora,2878058,,209
10681,Raputia,megalantha,3834251,Raputia simulans,257
10682,Rauvolfia,mattfeldiana,3617521,,376
10683,Rhamnus,wightii,3877053,,203
10684,Rheum,palaestinum,4037660,,333
10685,Ricinodendron,heudelotii,3071632,,166
10686,Rumex,nepalensis,7291884,,333
10687,Russelia,equisetiformis,5414601,,408
10688,Salvia,palaefolia,3893315,,396
10689,Salvia,pinnata,3892031,,396
10690,Pachylobus,trimerus,3993040,Santiria trimera,253
10691,Sapium,rigidifolium,5379894,,166
10692,Schultesia,guianensis,7269968,,379
10693,Merwilla,plumbea,10921006,Scilla kraussii,64
10694,Scutellaria,racemosa,5341322,,396
10695,Senecio,chionophilus,3107040,,423
10696,Senecio,glastifolius,8419686,,423
10697,Senegalia,gaumeri,3796135,,193
10698,Sideritis,cretica,3891717,Sideritis argosphacelus var. spicata,396
10699,Sideritis,soluta,7307394,Sideritis candicans var.eriocephala,396
10700,Smythea,bombaiensis,3875198,,203
10701,Sophora,tonkinensis,7067758,Sophora subprostrata,193
10702,Sorbus,commixta,3012906,,204
10703,Spirostachys,africana,5378880,,166
10704,Spirotropis,longifolia,5354899,,193
10705,Stemona,kerrii,2863329,Stemona saxorum,50
10706,Stenocereus,beneckei,7284752,,312
10707,Stevia,jujuyensis,3125654,,423
10708,Stevia,seleriana,3125756,,423
10709,Stevia,serrata,3125749,,423
10710,Syzygium,jambos,3183534,,235
10711,Tabernaemontana,cymosa,3617922,,376
10712,Tabernaemontana,heterophylla,8036286,,376
10713,Tanaecium,pyramidatum,7933875,,391
10714,Thermopsis,montana,8069977,,193
10715,Tilia,europaea,3152046,Tilia vulgaris,265
10716,Torenia,anagallis,10975167,,399
10717,Tricalysia,okelensis,2900597,,381
10718,Triclisia,subcordata,3829770,,116
10719,Trifolium,alpestre,5359499,,193
10720,Turraeanthus,africanus,4934740,,255
10721,Urmenetea,atacamensis,3149120,,423
10722,Ursinia,cakilefolia,3089072,,423
10723,Ursinia,saxatilis,3089039,,423
10724,Vellozia,pusilla,2863593,,52
10725,Vepris,grandifolia,3834455,,257
10726,Vepris,louisii,3834375,,257
10727,Verbesina,boliviana,3147800,,423
10728,Vernonanthura,brasiliana,3124152,,423
10729,Vernonanthura,nudiflora,3110446,,423
10730,Tarlmounia,elliptica,4219232,Vernonia elaeagnifolia,423
10731,Vernonia,potamophila,5397327,,423
10732,Distephanus,biafrae,7886379,Vernonia tufnellae,423
10733,Veronica,cupressoides,3732371,,408
10734,Veronica,saturejoides,9490608,Veronica kellereri,408
10735,Virola,elongata,7171876,,19
10736,Vitis,betulifolia,5658811,,190
10737,Witheringia,solanacea,8625966,,388
10738,Zanthoxylum,capense,3832553,,257
10739,Zanthoxylum,fagara,7915628,Zanthoxylum culantrillo,257
10740,Zanthoxylum,dimorphophyllum,7268901,,257
10741,Zanthoxylum,dipetalum,3190094,,257
10742,Zanthoxylum,martinicense,3190119,,257
10743,Zanthoxylum,rigidum,7269206,,257
10744,Zanthoxylum,sarasinii,3834438,,257
10745,Zanthoxylum,setulosum,3834280,,257
10746,Zanthoxylum,sprucei,3834097,,257
10747,Voacanga,globosa,3615974,voacanga globosa,376
10748,Artabotrys,modestus,7320083,Artabotrys modestus ssp. modestus,15
10749,Acer,palmatum,3189882,,258
10750,Ageratum,corymbosum,8026613,,423
10751,Averrhoa,carambola,2891641,,152
10752,Barringtonia,asiatica,3082920,,357
10753,Celastrus,orbiculatus,3169169,,144
10754,Colchicum,luteum,2739712,Colchicum luteum Baker.,55
10755,Corallorhiza,trifida,2797313,,75
10756,Dorstenia,poinsettifolia,7515664,,202
10757,Epipogium,aphyllum,2849252,,75
10758,Evolvulus,nummularius,2928680,,385
10759,Impatiens,noli-tangere,2891779,,350
10760,Lemna,aequinoctialis,2867616,,32
10761,Lemna,perpusilla,2867627,,32
10762,Arrowsmithia,corymbosa,10539544,Macowania corymbosa,423
10763,Neottia,nidus-avis,2816176,,75
10764,Palicourea,correae,11059571,Psychotria correae,381
10765,Rosa,foetida,3006902,,204
10766,Rosa,villosa,12205752,,204
10767,Sandersonia,aurantiaca,2740395,,55
10768,Terminalia,catappa,3189394,,231
10769,Uvaria,doeringii,3154359,,15
10770,Viola,tricolor,5331347,,189
10771,Dittrichia,viscosa,11182823,Inula viscosa,423
10772,Aragoa,cundinamarcensis,3728148,,408
10773,Globularia,arabica,5578452,,408
10774,Penstemon,glaber,3171412,,408
10775,Penstemon,strictus,3171460,,408
10776,Penstemon,whippleanus,3171516,,408
10777,Scutellaria,columnae,5609719,,396
10778,Wulfenia,carinthiaca,3742214,,408
10779,Geijera,parviflora,7269149,,257
10780,Leucosidea,sericea,3030262,,204
10781,Mammea,americana,3189421,,156
10782,Valeriana,fauriei,7298944,,438
10783,Iochroma,cyaneum,3802360,,388
10784,Remusatia,vivipara,2871956,,32
10785,Halothamnus,subaphyllus,7219478,Salsola subaphylla,306
10786,Eurycorymbus,cavaleriei,3788104,,258
10787,Metagentiana,rhodantha,3839485,,379
10788,Prunus,ssiori,3023738,,204
10789,Rhododendron,molle,7135625,,355
10790,Cabralea,canjerana,7271502,,255
10791,Carapa,guianensis,3190513,,255
10792,Entandrophragma,angolense,3851018,,255
10793,Khaya,anthotheca,3852095,,255
10794,Lansium,domesticum,3190478,,255
10795,Neobeguea,mahafaliensis,3852852,Neobeguea mahafalensis,255
10796,Soymida,febrifuga,3850622,,255
10797,Xylocarpus,rumphii,3850981,,255
10798,Angelica,genuflexa,7747617,,439
10799,Phebalium,filifolium,3833183,,257
10800,Anoectochilus,koshunensis,5308583,,75
10801,Asterolasia,drummondii,3834875,,257
10802,Beaucarnea,recurvata,2768035,,64
10803,Boronia,bowmanii,3831823,,257
10804,Cotylelobium,scabriusculum,4096696,,264
10805,Maerua,pseudopetalosa,9907455,Courbonia virgata,275
10806,Cratystylis,conocephala,3098621,,423
10807,Croton,hutchinsonianus,3057903,,166
10808,Delphinium,speciosum,7677893,,118
10809,Dictamnus,albus,12205730,Dictamnus caucasicus,257
10810,Drummondita,calida,3835655,,257
10811,Euonymus,europaeus,3169131,,144
10812,Evea,brasiliensis,5597185,,381
10813,Zanthoxylum,coco,3832175,Fagara coco,257
10814,Geijera,balansae,3834150,,257
10815,Geijera,salicifolia,7956176,,257
10816,Glycosmis,parviflora,7732678,Glycosmis citrifolia,257
10817,Glycosmis,trichanthera,7268979,,257
10818,Griselinia,scandens,5581556,,442
10819,Gutenbergia,cordifolia,6063780,,423
10820,Haplophyllum,bucharicum,5593240,,257
10821,Haplophyllum,griffithianum,8196174,,257
10822,Haplophyllum,myrtifolium,8428264,,257
10823,Haplophyllum,tuberculatum,5834570,,257
10824,Hortia,brasiliana,5594709,,257
10825,Mesosphaerum,urticoides,7531969,Hyptis urticoides,396
10826,Ipomoea,carnea,2928590,,385
10827,Iris,sanguinea,5298821,,72
10828,Mikania,scandens,5398828,,423
10829,Myrtopsis,myrtoidea,5594531,,257
10830,Myrtopsis,sellingii,5594524,,257
10831,Otholobium,pubescens,3908215,,193
10832,Philotheca,coccinea,3831495,,257
10833,Pitavia,punctata,3836895,,257
10834,Poa,sphondylodes,7655016,,102
10835,Podocalyx,loranthoides,3075159,,182
10836,Pycnarrhena,novoguineensis,3830726,Pycnarrhena australiana,116
10837,Saussurea,stella,5404523,,423
10838,Simira,rubra,5335264,Sickingia rubra,381
10839,Skimmia,reevesiana,3837891,,257
10840,Ticorea,longiflora,3835694,,257
10841,Crystallopollen,chloropappum,12186849,Vernonia chloropappa,423
10842,Yucca,elata,2775775,,64
10843,Zanthoxylum,avicennae,3832937,,257
10844,Zanthoxylum,dinklagei,3831718,,257
10845,Zanthoxylum,armatum,7856038,Zanthoxylum planispinum,257
10846,Zanthoxylum,tsihanimposa,3833425,,257
10847,Zanthoxylum,wutaiense,3833102,,257
10848,Dalbergia,baronii,2968511,,193
10849,Dalbergia,cearensis,2968903,,193
10850,Dalbergia,cochinchinensis,2968506,,193
10851,Dalbergia,cultrata,8108643,,193
10852,Dalbergia,melanoxylon,2968897,,193
10853,Dalbergia,miscolobium,2968927,,193
10854,Dalbergia,stevensonii,2968917,,193
10855,Dalbergia,volubilis,2968408,,193
10856,Goniorrhachis,marginata,2944250,,193
10857,Machaerium,pedicellatum,5354939,,193
10858,Machaerium,scleroxylon,5355040,,193
10859,Plumbago,auriculata,3082283,,332
10860,Senegalia,caesia,7997923,,193
10861,Haplanthus,laxiflorus,9559369,Andrographis laxiflora,390
10862,Artemisia,parviflora,8329478,,423
10863,Bridelia,stipularis,3076290,,181
10864,Helichrysum,plicatum,3131911,,423
10865,Passiflora,sexflora,2874188,,179
10866,Senecio,bonariensis,3108586,,423
10867,Adenia,volkensii,5527880,,179
10868,Aeluropus,lagopoides,4136488,,102
10869,Alchornea,floribunda,3055490,,166
10870,Alchornea,trewioides,3055347,,166
10871,Pentatrichia,integra,9528756,Anisothrix integra,423
10872,Aquarius,grandiflorus,10888965,,30
10873,Aristotelia,serrata,5651040,,150
10874,Arrhenatherum,elatius,2704505,,102
10875,Arum,palaestinum,5330523,,32
10876,Aspalathus,acuminata,5348174,,193
10877,Atractylis,gummifera,7449725,,423
10878,Bambusa,multiplex,2705757,,102
10879,Calamagrostis,purpurea,4107931,Calamagrostis canadensis var. langsdorffii,102
10880,Calamagrostis,deschampsioides,2704860,,102
10881,Calamagrostis,fauriei,4120601,,102
10882,Calamagrostis,gigas,4120231,,102
10883,Calamagrostis,hakonensis,4119732,,102
10884,Calamagrostis,matsumurae,4106315,,102
10885,Calamagrostis,sachalinensis,4107821,,102
10886,Calamagrostis,tashiroi,4107066,,102
10887,Calophyllum,apetalum,5555576,,156
10888,Carallia,brachiata,3873929,,186
10889,Carex,folliculata,2722527,,95
10890,Carlina,corymbosa,3105391,,423
10891,Chamaeleon,gummifer,5391617,Carlina gummifera,423
10892,Agastache,cana,2926410,Cedronella cana,396
10893,Centaurea,gigantea,8543166,,423
10894,Centaurea,montana,9023462,,423
10895,Centaurea,nervosa,3127955,,423
10896,Cerastium,arvense,3085433,,313
10897,Clematis,rehderiana,3928722,,118
10898,Combretum,micranthum,3698309,,231
10899,Coryphantha,pallida,3955655,Coryphantha calipensis,312
10900,Crataegus,praemonticola,3015786,Crataegus curvisepala,204
10901,Dactylis,glomerata,2705308,,102
10902,Daphne,gnidium,7311306,,270
10903,Dianthus,arenarius,3085422,,313
10904,Dianthus,crinitus,7267710,,313
10905,Heterotis,rotundifolia,5599385,Dissotis rotundifolia,234
10906,Drosophyllum,lusitanicum,3191259,,317
10907,Eperua,purpurea,2943531,,193
10908,Eriosema,montanum,5349113,,193
10909,Eriosema,psoraleoides,5349056,,193
10910,Eriosema,robustum,5349179,,193
10911,Euphorbia,clarkeana,3066003,,166
10912,Euphorbia,makinoi,3066299,,166
10913,Fargesia,robusta,5676030,,102
10914,Ficus,lutea,5571832,,202
10915,Galactia,glaucophylla,7401297,,193
10916,Gentiana,elwesii,3839202,,379
10917,Gentiana,prolata,3844410,,379
10918,Gentiana,pseudoaquatica,7738615,,379
10919,Gentiana,sikkimensis,3841435,,379
10920,Gentiana,sino-ornata,3841284,,379
10921,Gentianella,nitida,3841226,,379
10922,Glochidion,zeylanicum,3080562,,181
10923,Gypsophila,paniculata,5384458,,313
10924,Calomeria,infausta,3131117,Helichrysum infaustum,423
10925,Hunteria,umbellata,5536469,,376
10926,Hyparrhenia,hirta,2703243,,102
10927,Indocalamus,tessellatus,4145141,,102
10928,Iris,pallasii,8600023,,72
10929,Iris,pseudopumila,5299111,,72
10930,Itea,amoena,7451981,,138
10931,Itea,chinensis,5617095,,138
10932,Itea,ilicifolia,5617134,,138
10933,Itea,indochinensis,8324597,,138
10934,Itea,japonica,5617131,,138
10935,Itea,macrophylla,8130741,,138
10936,Itea,maesifolia,8054871,Itea maesaefolia,138
10937,Itea,nutans,7458702,,138
10938,Itea,oldhamii,5928149,,138
10939,Itea,parviflora,5617117,,138
10940,Itea,virginica,5362113,,138
10941,Itea,yunnanensis,5617100,,138
10942,Jatropha,ciliata,3072700,,166
10943,Jatropha,multifida,3072985,,166
10944,Lespedeza,capitata,2955772,,193
10945,Lespedeza,davurica,2955802,,193
10946,Lespedeza,juncea,8458528,Lespedeza hedysaroides,193
10947,Lomatia,polymorpha,7287118,,121
10948,Lomatogonium,carinthiacum,7408221,,379
10949,Lomatogonium,rotatum,3170177,,379
10950,Lophatherum,gracile,4129475,,102
10951,Silene,banksia,5585254,Lychnis fulgens,313
10952,Lysimachia,foenum-graecum,4005054,,362
10953,Silene,latifolia,5586736,Melandrium album,313
10954,Mimosa,pudica,2969284,,193
10955,Monnina,cuneata,8216450,Monnina emarginata,195
10956,Moraea,sisyrinchium,2744255,,72
10957,Mucuna,sempervirens,2951429,,193
10958,Oenothera,canescens,3188848,,236
10959,Psoralea,bolusii,2977987,Otholobium bolusii,193
10960,Psoralea,bracteolata,2978026,Otholobium bracteolatum,193
10961,Psoralea,candicans,2977998,Otholobium candicans,193
10962,Psoralea,foliosa,2978072,Otholobium foliosum,193
10963,Psoralea,hirta,2978022,Otholobium hirtum,193
10964,Psoralea,obliqua,2978038,Otholobium obliquum,193
10965,Otholobium,parviflorum,2978043,,193
10966,Psoralea,sericea,2978034,Otholobium sericeum,193
10967,Psoralea,stachyera,2978066,Otholobium stachyerum,193
10968,Psoralea,striata,2978000,Otholobium striatum,193
10969,Psoralea,uncinata,2978016,Otholobium uncinatum,193
10970,Psoralea,zeyheri,2978064,Otholobium zeyheri,193
10971,Passiflora,allantophylla,3588127,,179
10972,Passiflora,ampullacea,3586606,,179
10973,Passiflora,coactilis,3587654,,179
10974,Passiflora,colinvauxii,3587519,,179
10975,Passiflora,coriacea,7565198,,179
10976,Passiflora,macrophylla,3587898,,179
10977,Passiflora,misera,3587005,,179
10978,Passiflora,mucronata,3586669,,179
10979,Passiflora,palmeri,7313468,,179
10980,Passiflora,pavonis,3587367,,179
10981,Passiflora,serratifolia,3586783,,179
10982,Passiflora,trinervia,3587117,,179
10983,Pediomelum,esculentum,2944105,,193
10984,Pentagonia,gigantifolia,5334751,,381
10985,Phyllostachys,reticulata,5677245,Phyllostachys bambusoides,102
10986,Phyllostachys,nigra,5290171,,102
10987,Pleioblastus,argenteostriatus,4132188,,102
10988,Pleioblastus,simonii,2705962,,102
10989,Poa,annua,2704179,,102
10990,Psoralea,aculeata,2944186,,193
10991,Psoralea,affinis,2944126,,193
10992,Psoralea,arborea,2944038,,193
10993,Psoralea,asarina,2944144,,193
10994,Psoralea,axillaris,2944064,,193
10995,Psoralea,connixa,9766853,,193
10996,Psoralea,effusa,9715589,,193
10997,Psoralea,exile,9769750,,193
10998,Psoralea,fascicularis,2944025,,193
10999,Psoralea,glabra,2944193,,193
11000,Psoralea,imbricata,8998573,,193
11001,Psoralea,laxa,2944198,,193
11002,Psoralea,oligophylla,2944149,,193
11003,Psoralea,oreopolum,9654140,,193
11004,Psoralea,papillosa,9786909,,193
11005,Psoralea,pinnata,2944039,,193
11006,Psoralea,pullata,9655089,,193
11007,Psoralea,ramulosa,9787942,,193
11008,Psoralea,speciosa,2944057,,193
11009,Psoralea,verrucosa,8389412,,193
11010,Ranunculus,japonicus,7851483,,118
11011,Rhynchosia,beddomei,5350681,,193
11012,Rhynchosia,cana,5351028,,193
11013,Rhynchosia,capitata,5350648,,193
11014,Rhynchosia,heynei,5350870,,193
11015,Rhynchosia,rothii,5350901,,193
11016,Rhynchosia,suaveolens,5350989,,193
11017,Rumex,cyprius,4034921,,333
11018,Rumex,pictus,4037314,,333
11019,Rumex,simpliciflorus,4035966,,333
11020,Rumex,vesicarius,2888986,,333
11021,Sagittaria,pygmaea,5328948,,30
11022,Sasamorpha,borealis,4127053,Sasa borealis,102
11023,Sasa,kurilensis,4130562,,102
11024,Sasa,nipponica,5675989,,102
11025,Scleropyrum,pentandrum,3788757,,300
11026,Semiarundinaria,fastuosa,4120602,,102
11027,Senecio,eremophilus,3107007,,423
11028,Silene,saxatilis,5584315,,313
11029,Silene,wilfordii,5587181,,313
11030,Sophora,fraseri,2959067,,193
11031,Stachys,scardica,7309317,,396
11032,Stillingia,sylvatica,3055154,,166
11033,Swartzia,polyphylla,5351880,,193
11034,Swertia,pseudochinensis,7270188,,379
11035,Swertia,punicea,7270176,,379
11036,Tarenna,ebracteata,2895903,,381
11037,Tephrosia,rhodesica,5342393,Tephrosia polystachyoides,193
11038,Terminalia,myriocarpa,3189391,,231
11039,Tigridia,pavonia,8079009,,72
11040,Tripterospermum,chinense,12207979,,379
11041,Tripterospermum,taiwanense,7270571,,379
11042,Ulmus,wallichiana,7303567,,205
11043,Vellozia,coronata,2863623,,52
11044,Vellozia,epidendroides,2863693,,52
11045,Vellozia,lilacina,2863661,,52
11046,Dendroviguiera,puruana,9633900,Viguiera puruana,423
11047,Wilbrandia,ebracteata,7317975,,219
11048,Aloe,aculeata,2777334,,65
11049,Aloe,camperi,2777151,,65
11050,Aloe,catengiana,2777499,,65
11051,Aloe,chabaudii,2777412,,65
11052,Aloe,christianii,2777160,,65
11053,Aloe,cryptopoda,2778110,,65
11054,Aloe,gilbertii,2778050,,65
11055,Aloe,globuligemma,2777624,,65
11056,Aloe,lateritia,2777967,Aloe graminicola,65
11057,Aloe,harlana,2778072,,65
11058,Aloe,megalacantha,2777974,,65
11059,Aloe,ortholopha,2777423,,65
11060,Aloe,otallensis,2777404,,65
11061,Aloe,pirottae,2778074,,65
11062,Aloe,pubescens,2778178,,65
11063,Aloe,pulcherrima,2778134,,65
11064,Aloe,rugosifolia,2777819,,65
11065,Aloe,schelpei,2777316,,65
11066,Aloe,sinana,2777681,,65
11067,Aloe,trichosantha,2777606,,65
11068,Lomatophyllum,occidentalis,4931260,,65
11069,Ficus,sur,5569827,,202
11070,Beilschmiedia,oligandra,4175883,,25
11071,Delavaya,toxocarpa,5578218,,258
11072,Endiandra,palmerstonii,4177506,,25
11073,Coelogyne,chinensis,2838684,Pholidota chinensis,75
11074,Piper,thomsonii,7304790,Piper thomsoni,13
11075,Vernonanthura,chamaedrys,3124750,,423
11076,Hydrocotyle,ranunculoides,7978544,,441
11077,Iris,crocea,5297956,,72
11078,Agrostemma,githago,3085368,,313
11079,Gypsophila,bicolor,5586626,,313
11080,Gypsophila,oldhamiana,5384467,,313
11081,Gypsophila,pacifica,5586239,,313
11082,Phytolacca,icosandra,3084023,,331
11083,Quillaja,saponaria,3029379,,196
11084,Senecio,abrotanifolius,7535494,,423
11085,Jacobaea,erratica,5388617,Senecio erraticus Bertol.,423
11086,Senecio,pterophorus,3107177,,423
11087,Achillea,cartilaginea,7837255,,423
11088,Achyrocline,alata,3139547,,423
11089,Actaea,elata,6376174,,118
11090,Actaea,japonica,7278076,,118
11091,Aeschynomene,americana,2949235,,193
11092,Agastache,mexicana,7307389,,396
11093,Agastache,urticifolia,2926403,,396
11094,Ageratina,glechonophylla,5402753,,423
11095,Alluaudia,dumosa,5687099,,314
11096,Alzatea,verticillata,3188752,,230
11097,Amelanchier,sanguinea,3023840,,204
11098,Antennaria,microphylla,7727725,,423
11099,Arachis,glabrata,5353813,,193
11100,Argylia,radiata,4091477,,391
11101,Artemisia,echegarayi,3121397,,423
11102,Aster,salignus,7686253,,423
11103,Astragalus,flexus,5344970,,193
11104,Astragalus,levieri,7587515,,193
11105,Astragalus,wagneri,5344507,,193
11106,Wendtia,calycina,7705648,Balbisia calycina,228
11107,Berberis,heteropoda,3980845,,112
11108,Berberis,sieboldii,8337729,,112
11109,Betula,obscura,7923790,,207
11110,Boehmeria,holosericea,7300512,,206
11111,Boehmeria,japonica,8305328,Boehmeria japonica tenera,206
11112,Boehmeria,japonica,4100664,Boehmeria tricuspis,206
11113,Parasenecio,hastatus,3090393,Cacalia hastata L. (1753),423
11114,Camonea,umbellata,9452352,Camonea bifida,385
11115,Campanula,rotundifolia,5410907,,426
11116,Canna,indica,8034409,,86
11117,Centaurea,pseudomaculosa,3129082,,423
11118,Chrozophora,sabulosa,3054444,Chrozophora gracilis,166
11119,Clematis,vitalba,3033558,,118
11120,Croton,menthodorus,3059612,,166
11121,Cymbaria,borysthenica,7668060,,403
11122,Cymbaria,daurica,7861100,,403
11123,Cyrtanthus,obliquus,5326072,,63
11124,Dolichlasium,lagascae,3130678,,423
11125,Elsholtzia,stauntonii,7308883,,396
11126,Eremochloa,ophiuroides,2704348,,102
11127,Eryngium,yuccifolium,3034408,,439
11128,Erythrostemon,gilliesii,8130309,,193
11129,Euphrasia,officinalis,8106874,,403
11130,Ferulago,lutea,3635516,,439
11131,Galinsoga,parviflora,3132570,,423
11132,Galium,palustre,2913130,,381
11133,Garcinia,multiflora,3189570,,160
11134,Gardenia,thailandica,5335018,,381
11135,Gaylussacia,baccata,2882739,,355
11136,Suregada,aequorea,3054952,Gelonium aequoreum,166
11137,Haematoxylum,brasiletto,2950907,Haematoxylon brasiletto,193
11138,Hedeoma,drummondii,2926697,,396
11139,Hedlundia,thuringiaca,9471386,,204
11140,Hedychium,villosum,2758673,,93
11141,Helichrysum,acutatum,3131792,,423
11142,Heliomeris,multiflora,4274259,Heliomeris multiflora var. multiflora,423
11143,Heliopsis,helianthoides,5702122,Heliopsis helianthoides var. scabra,423
11144,Hemizonia,congesta,3145377,,423
11145,Hieracium,coloriscapum,8483139,,423
11146,Hieracium,guentheri-beckii,3136683,,423
11147,Hieracium,naegelianum,3136747,,423
11148,Hieracium,rotundatum,3135117,,423
11149,Hylotelephium,populifolium,4201917,,132
11150,Hypericum,ternum,3710825,,170
11151,Ipomoea,orizabensis,4927187,,385
11152,Ixora,javanica,2905700,,381
11153,Lactuca,formosana,3089122,,423
11154,Lactuca,viminea,8625614,,423
11155,Lamium,moschatum,7307989,,396
11156,Lapsana,communis,3134857,,423
11157,Lasthenia,californica,3144260,,423
11158,Linaria,macroura,7979788,,408
11159,Liparis,cordifolia,5323176,Liparis keitaoensis,75
11160,Lonicera,similis,7272490,,438
11161,Marrubium,incanum,3881638,,396
11162,Marrubium,leonuroides,3881556,,396
11163,Marrubium,thessalum,3905732,,396
11164,Moluccella,laevis,2926881,,396
11165,Monarda,bradburiana,5341418,,396
11166,Murraya,euchrestifolia,5594630,,257
11167,Myosotis,krylovii,5661099,,382
11168,Myosotis,laxa,12186874,,382
11169,Myosotis,scorpioides,5341184,,382
11170,Myrica,gale,5414202,,211
11171,Neolitsea,pulchella,4179280,,25
11172,Nepenthes,thorelii,3702023,,328
11173,Nepeta,bucharica,5610699,,396
11174,Nepeta,grandiflora,5341498,,396
11175,Nepeta,nepetoides,5610062,,396
11176,Odontites,vulgaris,6560092,Odontites vernus subsp. serotinus,403
11177,Olinia,rochetiana,3672670,,237
11178,Origanum,virens,8013151,,396
11179,Oxyphyllum,ulicinum,5389723,,423
11180,Parasenecio,hastata,11200902,,423
11181,Pelargonium,incrassatum,3826528,,229
11182,Phyllanthus,sellowianus,5381899,,181
11183,Porophyllum,obscurum,3104023,,423
11184,Psiadia,viscosa,3119743,,423
11185,Pyrethrum,corymbosum,7940559,,423
11186,Ranunculus,sardous,3033483,,118
11187,Rhododendron,ponticum,7327990,,355
11188,Salix,cheilophila,7266613,,187
11189,Salvia,africana,3886290,,396
11190,Salvia,albimaculata,3886043,,396
11191,Salvia,brachyantha,3883325,,396
11192,Salvia,pomifera,7999554,Salvia calycina,396
11193,Salvia,fugax,3902024,,396
11194,Salvia,nilotica,3894697,,396
11195,Salvia,reflexa,2927001,,396
11196,Salvia,simonkaiana,3887392,,396
11197,Salvia,somalensis,3887224,,396
11198,Salvia,splendens,8249932,,396
11199,Salvia,transsylvanica,7971949,,396
11200,Salvia,viscosa,8198402,,396
11201,Sanicula,europaea,6027128,,439
11202,Sanicula,graveolens,3034858,,439
11203,Scutellaria,albida,7309074,Scutellaria albida subsp.albida,396
11204,Scutellaria,altissima,5341373,,396
11205,Scutellaria,nepetoides,5608807,,396
11206,Sideritis,catillaris,3891928,,396
11207,Sideritis,hyssopifolia,8372368,,396
11208,Solanum,angustifolium,2929800,,388
11209,Solanum,cernuum,2931263,,388
11210,Solanum,neorickii,2930908,,388
11211,Solanum,pimpinellifolium,2931738,Solanum pimpinellifollium,388
11212,Stachys,chinensis,7306746,,396
11213,Stachys,menthifolia,3905824,,396
11214,Stachys,sylvatica,2927282,,396
11215,Stellaria,delavayi,5585214,,313
11216,Symplocarpus,renifolius,2870127,,32
11217,Taraxacum,scariosum,7548900,,423
11218,Teucrium,hircanicum,3896282,,396
11219,Thalassia,hemprichii,5329593,,35
11220,Thymus,bashkiriensis,5607656,,396
11221,Thymus,serpyllum,6409622,,396
11222,Neo-Uvaria,acuminatissima,3648770,Uvaria acuminatissima,15
11223,Vaccinium,uliginosum,8073364,,355
11224,Vepris,glomerata,7269194,,257
11225,Strobocalyx,esculenta,4238901,Vernonia arbor,423
11226,Wikstroemia,lanceolata,5524615,,270
11227,Ainsliaea,uniflora,3149515,,423
11228,Epicharis,parasitica,11721227,Dysoxylum schiffneri,255
11229,Garcinia,andamanica,3711219,,160
11230,Helleborus,torquatus,3923422,Helleborus serbicus,118
11231,Hypericum,annulatum,7329870,Hypericum degenii,170
11232,Primula,vulgaris,7290728,Primula acaulis,362
11233,Thonningia,sanguinea,4195269,,293
11234,Vitis,ficifolia,7293930,Vitis thunbergii,190
11235,Alstonia,pneumatophora,5535581,,376
11236,Artemisia,adamsii,3121252,,423
11237,Artemisia,arctica,7461679,,423
11238,Artemisia,sublessingiana,3121506,,423
11239,Centaurea,alexandrina,3128473,,423
11240,Centaurea,hyalolepis,3127837,,423
11241,Centaurea,malacitana,4251425,,423
11242,Centaurea,pallescens,8124116,,423
11243,Centaurea,senegalensis,3128537,,423
11244,Chaenomeles,cathayensis,3000645,,204
11245,Cheirolophus,intybaceus,3097063,,423
11246,Cleome,amblyocarpa,3871552,,277
11247,Digitalis,ferruginea,7885430,Digitalis schischkinii,408
11248,Enicostema,axillare,3170128,Enicostema littorale,379
11249,Eremophila,microtheca,7870729,,411
11250,Gaylussacia,frondosa,2882729,,355
11251,Gnaphalium,uliginosum,5390848,,423
11252,Gutierrezia,sphaerocephala,5385096,,423
11253,Helenium,radiatum,8032278,,423
11254,Hymenoxys,ambigens,7065990,Hymenoxys ambigens var. ambigens,423
11255,Irvingia,gabonensis,5380976,Mangifera gabonensis,171
11256,Mentha,japonica,3899697,Micromeria japonica,396
11257,Muraltia,heisteria,4050551,,195
11258,Peperomia,villipetiola,4188784,,13
11259,Phoebanthus,grandiflora,3098664,Phoebanthus grandiflorus,423
11260,Phoebanthus,tenuifolia,3098662,Phoebanthus tenuifolius,423
11261,Hymenoxys,ambigens,3150171,Plummera ambigens,423
11262,Polygonatum,prattii,2770119,,64
11263,Senecio,microglossus,8098831,,423
11264,Siphocampylus,foliosus,3168405,,426
11265,Stylidocleome,brachycarpa,9763145,,277
11266,Tillandsia,utriculata,2694689,,94
11267,Vernicia,montana,3074918,Aleurites montana,166
11268,Croton,dichogamus,3059533,,166
11269,Triadica,cochinchinensis,3054385,Sapium discolor,166
11270,Ambrosia,ambrosioides,3110605,,423
11271,Galeopsis,ladanum,5341309,,396
11272,Halophila,ovalis,7228339,Halophila johnsonii,35
11273,Heterotheca,subaxillaris,5401971,,423
11274,Sorbaria,sorbifolia,3012092,Sorbaria sorbifolia var. stellipila,204
11275,Spathelia,glabrescens,3837598,,257
11276,Spathelia,simplex,3837456,,257
11277,Coleostephus,myconis,3092083,,423
11278,Corylus,maxima,2876049,,207
11279,Dahlia,pinnata,5387142,,423
11280,Euphorbia,rigida,3067205,,166
11281,Gynostemma,pentaphyllum,7317960,,219
11282,Synotis,alata,5402648,,423
11283,Aloe,kedongensis,2777503,,65
11284,Deutzia,scabra,2985965,,345
11285,Montanoa,hexagona,5406124,,423
11286,Sedum,album,5362008,,132
11287,Synotis,erythropappa,5402660,,423
11288,Sweetia,fruticosa,5358234,Ferreirea spectabilis,193
11289,Vatairea,guianensis,2965124,,193
11290,Coronilla,coronata,5348660,Coronilla coronata L.,193
11291,Coronilla,minima,5348647,Coronilla minima L.,193
11292,Coronilla,vaginalis,5348664,Coronilla vaginalis Lam.,193
11293,Warionia,saharae,3130270,,423
11294,Chrysanthemum,japonense,3091501,,423
11295,Achillea,phrygia,3120170,,423
11296,Acacia,lanigera,2980769,,193
11297,Acacia,rhodoxylon,2980003,,193
11298,Agapanthus,africanus,2854740,,63
11299,Allium,ascalonicum,2856558,,63
11300,Allium,chinense,2856307,,63
11301,Astragalus,laxmannii,5343113,,193
11302,Bahiopsis,laciniata,3091040,,423
11303,Calanticaria,brevifolia,3109178,,423
11304,Cyclolobium,brasiliense,2945204,,193
11305,Dahlia,tenuicaulis,5387162,,423
11306,Dahlia,variabilis,9470637,,423
11307,Dalbergia,louvelii,2968749,Dalbergia louveli,193
11308,Dalbergia,retusa,2968539,,193
11309,Dendroviguiera,splendens,9457406,,423
11310,Dermatophyllum,gypsophilum,7570923,,193
11311,Dorstenia,prorepens,3763412,,202
11312,Dorstenia,zenkeri,3762584,,202
11313,Garcinia,nervosa,3713536,,160
11314,Glycyrrhiza,aspera,2965754,,193
11315,Glycyrrhiza,yunnanensis,2965763,,193
11316,Lespedeza,cyrtobotrya,2955621,,193
11317,Morus,mongolica,7262362,,202
11318,Platymiscium,floribundum,2944754,,193
11319,Platymiscium,yucatanum,2944724,,193
11320,Polygonatum,cyrtonema,2770089,,64
11321,Polygonatum,sibiricum,7441849,,64
11322,Psorothamnus,arborescens,2940467,,193
11323,Pterocarpus,macrocarpus,5349297,,193
11324,Sinofranchetia,chinensis,4191588,,115
11325,Teucrium,betonicum,3898359,,396
11326,Tithonia,brachypappa,5396540,Tithonia  brachypappa,423
11327,Xanthorrhoea,glauca,2779423,,65
11328,Zollernia,paraensis,2943581,,193
11329,Artemisia,mollis,7817145,,423
11330,Artemisia,obtusiloba,6292274,Artemisia obtusiloba var. glabra,423
11331,Centaurea,diffusa,3128962,,423
11332,Centaurea,sicula,6294639,Centaurea nicaeensis,423
11333,Cirsium,lineare,3113222,,423
11334,Condea,undulata,7824484,,396
11335,Gymnanthemum,thomsonianum,3124486,,423
11336,Ocimum,kilimandscharicum,8344835,Ocimum kilimandscharicum L.,396
11337,Palafoxia,sphacelata,3121702,,423
11338,Teucrium,fruticans,2926902,,396
11339,Erythrina,herbacea,5349731,,193
11340,Abronia,latifolia,5384891,,329
11341,Vachellia,aroma,7266132,Acacia aroma,193
11342,Senegalia,gilliesii,3796132,Acacia furcatispina,193
11343,Vachellia,leucophloea,7769517,Acacia leucophloea,193
11344,Senegalia,praecox,3795902,Acacia praecox,193
11345,Achillea,kotschyi,3120218,,423
11346,Achillea,umbellata,3120236,,423
11347,Aconitum,kirinense,7277161,,118
11348,Aiphanes,horrida,2738639,,79
11349,Albizia,subdimidiata,2973285,,193
11350,Alkekengi,officinarum,9537212,Alkekengi officinarum var. franchetii,388
11351,Alyssum,lenense,3045096,,273
11352,Angylocalyx,braunii,2952347,,193
11353,Anisacanthus,quadrifidus,8026687,,390
11354,Anthelepis,undulata,11071487,,95
11355,Aquilegia,oxysepala,3930047,,118
11356,Archidendron,lucidum,2941456,,193
11357,Artemisia,alpina,7686053,,423
11358,Artemisia,atrata,3121051,,423
11359,Arthraxon,hispidus,5290201,,102
11360,Astragalus,eremophilus,5343628,,193
11361,Astragalus,peregrinus,5346176,,193
11362,Asyneuma,argutum,3168062,,426
11363,Bacopa,monniera,3736486,,408
11364,Bahiopsis,reticulata,3091046,,423
11365,Pseudodictamnus,hispanicus,10751806,Ballota rupestris,396
11366,Bellida,graminea,3110107,,423
11367,Blandfordia,punicea,5305360,,68
11368,Bolboschoenus,caldwellii,2718385,,95
11369,Bolboschoenus,fluviatilis,7953794,,95
11370,Brachychiton,populneus,7323035,Brachychiton populneum,265
11371,Bulbine,capitata,5304858,,65
11372,Colchicum,bulbocodium,2739661,Bulbocodium vernum,55
11373,Burchardia,multiflora,2740405,,55
11374,Cadia,purpurea,2968353,,193
11375,Calibrachoa,parviflora,2928905,,388
11376,Calliandra,eriophylla,2982181,,193
11377,Camonea,pilosa,9387488,,385
11378,Campanula,armena,5410028,,426
11379,Carex,appressa,2725067,,95
11380,Carpha,alpina,2711674,,95
11381,Carpha,nivicola,2711671,,95
11382,Caustis,blakei,2718194,,95
11383,Caustis,dioica,2718179,,95
11384,Caustis,flexuosa,2718189,,95
11385,Caustis,recurvata,2718184,,95
11386,Centaurea,orphanidea,8621875,,423
11387,Centaurea,sphaerocephala,3128081,,423
11388,Chamaecrista,absus,2949868,,193
11389,Chamaecrista,glandulosa,7224467,Chamaecrista glandulosa var. glandulosa,193
11390,Chamaecrista,nictitans,2950302,,193
11391,Chorizandra,cymbaria,2708030,,95
11392,Chorizandra,sphaerocephala,2708023,,95
11393,Chrysanthemum,cinerariaefolium,11213051,Chrysanthemum cineraiaefolium,423
11394,Chrysitrix,distigmatosa,2711934,,95
11395,Chrysocoma,microphylla,5394940,Chrysocoma peduncularis,423
11396,Codonopsis,clematidea,8569825,,426
11397,Codonopsis,lanceolata,5412935,,426
11398,Codonopsis,ovata,5412905,,426
11399,Codonopsis,pilosula,6549990,Codonopsis tangshen OLIV.,426
11400,Colchicum,ritchii,2739732,,55
11401,Comanthosphace,stellipila,3882095,,396
11402,Conoclinium,coelestinum,3090343,,423
11403,Corchorus,depressus,8129124,,265
11404,Cryptocodon,monocephalus,3168953,,426
11405,Cucumis,myriocarpus,7885624,,219
11406,Cyathochaeta,diandra,2711979,,95
11407,Cyclea,barbata,3830078,,116
11408,Cyclopia,subternata,5341866,,193
11409,Cyperus,congestus,2714656,,95
11410,Cyperus,enervis,2716131,,95
11411,Cyperus,gunnii,2714715,,95
11412,Cyperus,iria,2715729,,95
11413,Cyperus,leptocarpus,9294395,,95
11414,Cyperus,longus,8243603,,95
11415,Cyperus,microcephalus,2715955,,95
11416,Cyperus,scariosus,2716774,,95
11417,Cyphostemma,digitatum,4052302,,190
11418,Cytisophyllum,sessilifolium,2940408,,193
11419,Cytisus,proliferus,5354646,,193
11420,Cytisus,striatus,5354707,,193
11421,Deinandra,arida,3106629,,423
11422,Deinandra,corymbosa,3106624,,423
11423,Deinandra,fasciculata,3145375,,423
11424,Deinandra,halliana,3106638,,423
11425,Deinandra,pallida,3106612,,423
11426,Deinandra,paniculata,3145370,,423
11427,Dendrobium,chryseum,5315366,,75
11428,Dendroviguiera,eriophora,8355885,,423
11429,Dendroviguiera,pringlei,9410188,,423
11430,Dendroviguiera,quinqueradiata,9294033,,423
11431,Dendroviguiera,sphaerocephala,9384356,,423
11432,Desmos,cochinchinensis,3155178,,15
11433,Dianthus,deltoides,3085424,,313
11434,Digitalis,ferruginea,5414991,,408
11435,Dystaenia,takeshimana,8424688,Dystaenia takesimana,439
11436,Echinochloa,crus-galli,6313089,Echinochloa esculenta,102
11437,Echium,rubrum,8143865,,382
11438,Eleocharis,brassii,2717169,,95
11439,Eleocharis,dietrichiana,2716957,,95
11440,Eleocharis,geniculata,2716850,,95
11441,Eleocharis,minuta,2717752,,95
11442,Eleocharis,pusilla,2717945,,95
11443,Eleocharis,sphacelata,2717517,,95
11444,Encelia,californica,3118771,,423
11445,Entada,africana,2976222,,193
11446,Entada,polystachya,2976206,,193
11447,Epimedium,hunanense,3982313,,112
11448,Epimedium,truncatum,3981815,,112
11449,Erythranthe,cardinalis,3170959,,407
11450,Ethulia,vernonioides,3091110,,423
11451,Eupatorium,sessilifolium,5403176,,423
11452,Euphorbia,polycaulis,3068543,Euphorbia decipiens,166
11453,Euphorbia,sieboldiana,3068983,,166
11454,Eutrema,scapiflorum,10690315,,273
11455,Eutrochium,maculatum,4926278,Eutrochium maculatum var. maculatum,423
11456,Evandra,aristata,2712052,,95
11457,Solenandra,mexicana,5339321,Exostema mexicanum,381
11458,Fimbristylis,bisumbellata,2708744,,95
11459,Fimbristylis,dichotoma,2708808,,95
11460,Abildgaardia,macrantha,12241185,Fimbristylis macrantha,95
11461,Abildgaardia,oxystachya,12258524,Fimbristylis oxystachya,95
11462,Abildgaardia,pachyptera,11302840,Fimbristylis pachyptera,95
11463,Abildgaardia,schoenoides,2708261,Fimbristylis squarrulosa,95
11464,Fridericia,platyphylla,8235385,,391
11465,Gahnia,aspera,2710123,,95
11466,Gahnia,deusta,2710190,,95
11467,Gahnia,filifolia,2710101,,95
11468,Gahnia,microstachya,2710215,,95
11469,Gahnia,radula,2710206,,95
11470,Gahnia,sieberiana,2710153,,95
11471,Gahnia,subaequiglumis,2710203,,95
11472,Gaillardia,megapotamica,5387874,,423
11473,Galeopsis,bifida,5341303,,396
11474,Gamochaeta,malvinensis,3139717,,423
11475,Genista,acanthoclada,5347782,,193
11476,Genista,cadasonensis,5347643,,193
11477,Genista,carpetana,5347695,,193
11478,Genista,ferox,7689832,,193
11479,Genista,januensis,5347603,,193
11480,Genista,lydia,5347712,,193
11481,Genista,nissana,5347608,,193
11482,Genista,obtusiramea,5347711,,193
11483,Genista,scorpius,5347727,,193
11484,Genista,spartioides,5347582,,193
11485,Genista,stenopetala,5347701,,193
11486,Genista,teretifolia,5347581,,193
11487,Genista,triacanthos,5347684,,193
11488,Genista,versicolor,5347736,,193
11489,Gleditsia,australis,2959479,,193
11490,Glossocardia,bidens,5390273,,423
11491,Grewia,excelsa,4260112,Grewia rothii,265
11492,Gymnoschoenus,anceps,2710850,,95
11493,Gymnoschoenus,sphaerocephalus,2710856,,95
11494,Gymnosperma,glutinosum,3114850,,423
11495,Halenia,corniculata,7270449,,379
11496,Halenia,elliptica,5596202,,379
11497,Haplopappus,rengifoanus,3100626,,423
11498,Helichrysum,forskahlii,3131114,,423
11499,Hesperolaburnum,platycarpum,2941705,,193
11500,Hydnocarpus,subfalcatus,3877886,Hydnocarpus setumpul,153
11501,Hymenaea,oblongifolia,2950739,Hymenaea oblongifolia var. palustris,193
11502,Hypericum,adenotrichum,3711332,,170
11503,Iberis,sempervirens,5551241,,273
11504,Ilex,belizensis,5534079,,416
11505,Inula,montana,8858504,,423
11506,Isodon,oresbius,5608899,,396
11507,Isolepis,producta,2713283,,95
11508,Isolepis,sepulcralis,2713037,,95
11509,Ixeridium,laevigatum,7465439,,423
11510,Jacaranda,decurrens,7298729,,391
11511,Jacmaia,incana,3095481,,423
11512,Lactuca,acanthifolia,3140350,,423
11513,Lactuca,aculeata,3140323,,423
11514,Lactuca,perennis,3140574,,423
11515,Lactuca,quercina,3140410,,423
11516,Lactuca,tenerrima,3140457,,423
11517,Lactuca,triquetra,7785881,,423
11518,Lactuca,virosa,3140346,,423
11519,Lathyrus,laxiflorus,5356581,,193
11520,Leiothrix,curvifolia,5286550,,97
11521,Lepidosperma,flexuosum,2731192,,95
11522,Lepidosperma,forsythii,2731171,,95
11523,Lepidosperma,pruinosum,2731210,,95
11524,Lepidosperma,tenue,2731167,,95
11525,Lepironia,articulata,2731062,,95
11526,Ligustrum,vulgare,3172300,,402
11527,Lomatium,nuttallii,3034253,,439
11528,Lomelosia,olgae,4103103,,438
11529,Lophira,alata,3695610,,177
11530,Lorandersonia,pulchella,3117512,,423
11531,Luzula,multiflora,2700934,,100
11532,Silene,flos-cuculi,5384738,Lychnis flos-cuculi L.,313
11533,Macaranga,vedeliana,8382291,,166
11534,Mallotus,discolor,5378768,,166
11535,Medicago,coronata,2965505,,193
11536,Medicago,littoralis,2965485,,193
11537,Medicago,marina,2965395,,193
11538,Medicago,minima,8073758,,193
11539,Medicago,arborea,3966912,Medicago strasseri,193
11540,Xenostegia,tridentata,8393831,Merremia tridentata,385
11541,Mesomelaena,tetragona,5291375,,95
11542,Micromeria,graeca,7521321,,396
11543,Micromeria,longipedunculata,5606318,Micromeria parviflora,396
11544,Micromeria,pseudocroatica,5606151,,396
11545,Mikania,periplocifolia,5398616,,423
11546,Mimosa,invisa,2969353,,193
11547,Bulbophyllum,crabro,9495742,Monomeria barbata,75
11548,Myoporum,tenuifolium,7335194,,411
11549,Nanuza,plicata,2863907,,52
11550,Narthecium,asiaticum,5602591,,47
11551,Nepeta,velutina,5609478,,396
11552,Odontocline,hollickii,3150704,,423
11553,Onopordum,acaulon,3094884,,423
11554,Onopordum,corymbosum,3094918,,423
11555,Onosma,heterophylla,7294424,,382
11556,Ophiopogon,planiscapus,2774115,,64
11557,Ornithogalum,tenuifolium,7834399,,64
11558,Pallenis,hierochuntica,5385222,,423
11559,Paspalum,conjugatum,2705656,,102
11560,Passiflora,sanguinolenta,3587038,,179
11561,Pedalium,murex,5527253,,406
11562,Glochidion,acuminatum,3080109,Phyllanthus meghalayensis,181
11563,Physalis,lagascae,5341775,,388
11564,Physalis,angulata,5341792,Physalis minima,388
11565,Phytolacca,thyrsiflora,7309651,,331
11566,Picris,japonica,9257297,Picris kamtschatica,423
11567,Coleus,forsteri,10929589,Plectranthus forsteri,396
11568,Plectranthus,verticillatus,2926638,Plectranthus nummularius,396
11569,Prosopis,affinis,5358534,,193
11570,Prosopis,alba,5358528,,193
11571,Prosopis,argentina,5358557,,193
11572,Prosopis,chilensis,5358466,,193
11573,Prosopis,cineraria,5358521,,193
11574,Prosopis,flexuosa,5358452,,193
11575,Prosopis,laevigata,5358498,,193
11576,Prosopis,nigra,5358478,,193
11577,Prosopis,reptans,5358486,,193
11578,Prosopis,sericantha,5358516,,193
11579,Prosopis,strombulifera,5358553,,193
11580,Prosopis,velutina,5358538,,193
11581,Prosopis,vinalillo,5358520,,193
11582,Fridericia,elegans,7999576,Pseudocalymma elegans,391
11583,Pseudodictamnus,hirsutus,10805098,,396
11584,Pseuduvaria,trimera,3157738,Pseuduvaria indochinensis,15
11585,Pterocaulon,redolens,5392205,,423
11586,Pterospermum,semisagittatum,4939559,,265
11587,Pyrrhopappus,carolinianus,3145236,,423
11588,Raoulia,australis,5402431,,423
11589,Raoulia,glabra,5402412,,423
11590,Raoulia,hookeri,5402425,,423
11591,Raoulia,monroi,5402418,,423
11592,Raoulia,petriensis,5402426,,423
11593,Raoulia,subsericea,5402434,,423
11594,Raoulia,tenuicaulis,5402409,,423
11595,Reseda,luteola,3040251,,284
11596,Rhinanthus,serotinus,7333324,Rhinanthus glaber,403
11597,Rhynchospora,brownii,2721550,,95
11598,Rhynchospora,heterochaeta,2720603,,95
11599,Rhynchospora,rubra,2720668,,95
11600,Roemeria,carica,5531418,,117
11601,Rumex,acetosella,2888995,,333
11602,Salix,acutifolia,7645931,,187
11603,Salix,arbusculoides,8081789,,187
11604,Salix,denticulata,7266808,,187
11605,Salix,gilgiana,5583873,,187
11606,Salix,purpurea,5372800,,187
11607,Salpiglossis,sinuata,2932905,,388
11608,Salvia,candelabrum,3882511,,396
11609,Salvia,pratensis,2927007,,396
11610,Salvia,seravschanica,7375535,,396
11611,Salvia,stenophylla,3886797,,396
11612,Santolina,pinnata,3087211,,423
11613,Schoenus,apogon,2709863,,95
11614,Schoenus,asperocarpus,2709836,,95
11615,Schoenus,bifidus,2709907,,95
11616,Schoenus,brevifolius,2709743,,95
11617,Schoenus,calostachyus,7602144,,95
11618,Schoenus,clandestinus,2709837,,95
11619,Schoenus,curvifolius,2710010,,95
11620,Schoenus,ericetorum,2709737,,95
11621,Schoenus,falcatus,2709717,,95
11622,Schoenus,fluitans,2709829,,95
11623,Schoenus,hexandrus,2709997,,95
11624,Schoenus,latitans,2709922,,95
11625,Schoenus,paludosus,8302151,,95
11626,Schoenus,scabripes,2709974,,95
11627,Schoenus,sesquispicula,2709794,,95
11628,Schoenus,subaphyllus,2709759,,95
11629,Schoenus,subflavus,2709750,,95
11630,Schumanniophyton,magnificum,2899643,,381
11631,Scirpus,polystachyus,2720170,,95
11632,Scleria,novae-hollandiae,2712962,,95
11633,Scleria,rugosa,2712814,,95
11634,Scutellaria,adsurgens,5610174,,396
11635,Scutellaria,discolor,7996273,,396
11636,Scutellaria,iskanderi,5609111,,396
11637,Scutellaria,oreophila,8215173,,396
11638,Scutellaria,ovata,5341334,,396
11639,Senecio,deltoideus,3106784,,423
11640,Klasea,flavescens,4217548,Serratula cichoracea,423
11641,Sideritis,infernalis,3890500,,396
11642,Sideritis,raeseri,7307453,,396
11643,Solanum,chenopodioides,2929710,,388
11644,Sophora,microphylla,2959082,,193
11645,Sophora,prostrata,2959023,,193
11646,Spiraea,hypericifolia,3026431,,204
11647,Stachys,ocymastrum,2927266,,396
11648,Striga,barthlottii,7623852,,403
11649,Striga,gesnerioides,3171158,,403
11650,Tagetes,rupestris,3088528,,423
11651,Tanacetum,balsamita,3118254,,423
11652,Tephrosia,fulvinervis,5342238,,193
11653,Tephrosia,linearis,5342046,,193
11654,Tetraria,octandra,2718503,,95
11655,Thermopsis,macrophylla,5360215,,193
11656,Thermopsis,rhombifolia,5360178,,193
11657,Thermopsis,villosa,5360186,,193
11658,Thunbergia,fragrans,5415458,,390
11659,Thymus,guberlinensis,5606954,,396
11660,Thymus,hirtus,7537947,,396
11661,Tricostularia,compressa,8208083,,95
11662,Trifolium,canescens,5359336,,193
11663,Trifolium,pannonicum,5359067,,193
11664,Vachellia,tortilis,3974700,,193
11665,Valeriana,chionophila,8161635,,438
11666,Valeriana,ficariifolia,7298937,,438
11667,Verbascum,lychnitis,3171947,,411
11668,Verbascum,sinaiticum,3736050,,411
11669,Verbascum,songaricum,7746894,,411
11670,Verbena,hybrida,2925616,Verbena × hybrida,415
11671,Vernonanthura,pinguis,3110503,,423
11672,Gymnanthemum,pectorale,3124767,Vernonia pectoralis,423
11673,Veronica,spicata,3172059,,408
11674,Vicia,acutifolia,2975269,,193
11675,Vicia,americana,2975204,,193
11676,Vicia,ciceroidea,2974866,,193
11677,Vicia,dumetorum,2974946,,193
11678,Vicia,epetiolaris,2975392,,193
11679,Vicia,ervilia,2974887,,193
11680,Vicia,floridana,2974912,,193
11681,Vicia,glauca,2975391,,193
11682,Vicia,michauxii,11521493,,193
11683,Vicia,minutiflora,2975172,,193
11684,Vicia,mollis,2974984,,193
11685,Vicia,multijuga,2974794,,193
11686,Vicia,ochroleuca,2974989,,193
11687,Vicia,onobrychioides,2974863,,193
11688,Vicia,pannonica,2974811,,193
11689,Vicia,pinetorum,2975102,,193
11690,Vicia,sicula,2975393,,193
11691,Vicia,splendens,2974958,,193
11692,Vigna,trilobata,2982455,,193
11693,Viola,arvensis,5331235,,189
11694,Viola,formosana,7296699,,189
11695,Viola,reichenbachiana,5663962,,189
11696,Psorospermum,orientale,9771081,Vismia orientalis,170
11697,Vitex,limonifolia,8428916,,396
11698,Wisteria,sinensis,8149049,,193
11699,Zanthoxylum,arborescens,3833254,,257
11700,Erythrina,brucei,5349523,,193
11701,Erythrina,caffra,5349557,,193
11702,Erythrina,cochleata,5349520,,193
11703,Erythrina,crista-galli,5349719,,193
11704,Erythrina,edulis,5349541,,193
11705,Erythrina,leptorhiza,5349653,,193
11706,Erythrina,mexicana,5349700,,193
11707,Erythrina,smithiana,5349678,,193
11708,Erythrina,sousae,5349512,,193
11709,Erythrina,stricta,5349642,,193
11710,Erythrina,tholloniana,5349538,,193
11711,Erythrina,velutina,5349685,,193
11712,Cinnamosma,fragrans,3877824,,8
11713,Cinnamosma,macrocarpa,3877818,,8
11714,Elaeodendron,transvaalense,3791033,Cassine transvaalensis,144
11715,Cephalaria,cilicica,4103099,,438
11716,Commiphora,guidottii,3992936,,253
11717,Coronilla,scorpioides,5348644,,193
11718,Cotoneaster,horizontalis,3025617,,204
11719,Dalea,bicolor,7225509,Dalea tuberculata,193
11720,Eucalyptus,rariflora,3715685,,235
11721,Eucalyptus,umbra,3176999,,235
11722,Ficus,indica,7551512,,202
11723,Hedychium,gardnerianum,2758700,,93
11724,Hedychium,yunnanense,2758766,,93
11725,Homalomena,aromatica,2868616,,32
11726,Jacobaea,erucifolia,10487667,,423
11727,Liatris,microcephala,3104346,,423
11728,Magnolia,praecocissima,3987904,,20
11729,Minasia,alpestris,3147735,,423
11730,Momordica,dioica,2874579,,219
11731,Phlomis,fruticosa,2927452,,396
11732,Pinalia,spicata,6102297,,75
11733,Pterocaulon,purpurascens,5392235,,423
11734,Renealmia,cincinnata,5302541,,93
11735,Salvia,rubescens,7307439,,396
11736,Heptapleurum,taiwanianum,11066274,Schefflera taiwaniana,441
11737,Trisetum,flavescens,2704389,,102
11738,Pluchea,dioscorides,4226005,,423
11739,Alhagi,pseudalhagi,11372646,Alhagi sparsifolia,193
11740,Archidendron,bubalinum,2941202,,193
11741,Archidendron,jiringa,2941605,,193
11742,Camellia,taliensis,3590844,Camellia irrawadiensis,370
11743,Cistus,incanus,2874028,,262
11744,Cistus,salviifolius,2874027,,262
11745,Mallotus,japonicus,5378769,,166
11746,Panax,japonicus,5372238,,441
11747,Parapiptadenia,rigida,2941629,,193
11748,Pteroxygonum,giraldii,4038563,,333
11749,Rhodiola,kirilowii,7334350,,132
11750,Senegalia,chundra,8256852,,193
11751,Senegalia,polyacantha,3795911,,193
11752,Sideroxylon,inerme,2887200,,364
11753,Stryphnodendron,adstringens,2951737,,193
11754,Uncaria,tomentosa,5338267,,381
11755,Blumea,axillaris,5395843,,423
11756,Conyza,sumatrensis,8334709,,423
11757,Croton,draconoides,3058051,,166
11758,Croton,urucurana,3057491,,166
11759,Gelsemium,elegans,4020282,,377
11760,Ifloga,spicata,3103501,,423
11761,Achillea,macrophylla,3118536,,423
11762,Agathosma,mundtii,3833508,,257
11763,Agave,aurea,2766685,,64
11764,Ajuga,spectabilis,3886529,,396
11765,Astragalus,tragacantha,5346065,,193
11766,Baccharoides,adoensis,6064939,,423
11767,Baphia,nitida,5352599,,193
11768,Brachystegia,nigerica,2952680,,193
11769,Callistemon,viminalis,3173353,,235
11770,Canarium,schweinfurthii,5421344,,253
11771,Cissus,tiliacea,4054459,Cissus pallidiflorus,190
11772,Coleonema,album,5594432,,257
11773,Coleus,fredericii,7534251,Coleus frederici,396
11774,Crinum,erubescens,2853616,,63
11775,Dracocephalum,heterophyllum,7309216,,396
11776,Eremophila,latrobei,6034488,,411
11777,Cylindrolobus,foetidus,11082087,Eria foetida,75
11778,Euphorbia,kamerunica,3066062,,166
11779,Euphorbia,marginata,3064943,,166
11780,Excoecaria,oppositifolia,3071675,,166
11781,Gardenia,collinsae,5335153,,381
11782,Glycosmis,craibii,3833364,,257
11783,Gymnosporia,senegalensis,3793847,,144
11784,Carex,unciniiformis,2710441,Kobresia nepalensis,95
11785,Ligularia,muliensis,5395454,,423
11786,Macaranga,conifera,3074156,,166
11787,Melampodium,americanum,3138962,Melampodium heterophyllum,423
11788,Nicotiana,cavicola,3800281,,388
11789,Corynanthe,mayumbensis,2901471,Pausinystalia mayumbensis,381
11790,Pentzia,incana,5391152,,423
11791,Pothos,chinensis,5330311,,32
11792,Remijia,bicolorata,3846240,,381
11793,Rodgersia,sambucifolia,7177652,,142
11794,Senna,racemosa,2958005,,193
11795,Shuteria,vestita,2947916,Shuteria involucrata var. vestita,193
11796,Bambusa,emeiensis,4143504,Sinocalamus affinis,102
11797,Stomatanthes,corumbensis,3141824,,423
11798,Tacca,integrifolia,2755852,Tacca aspera,46
11799,Trillium,camschatcense,2742392,,58
11800,Yucca,baccata,2775788,,64
11801,Agastachys,odorata,3996128,,121
11802,Agave,cocui,2766653,,64
11803,Ajuga,chamaepitys,7935070,Ajuga chia,396
11804,Anacyclus,clavatus,3148589,,423
11805,Artemisia,japonica,3121058,,423
11806,Artemisia,latifolia,3120837,,423
11807,Artemisia,marschalliana,6064178,,423
11808,Artemisia,ordosica,3121069,,423
11809,Attalea,cohune,2732676,,79
11810,Baccharis,gillesii,4250910,,423
11811,Bromelia,pinguin,5287905,,94
11812,Buchnerodendron,speciosum,3878489,,153
11813,Calea,mediterranea,3147516,,423
11814,Cardamine,impatiens,3046187,,273
11815,Cardamine,komarovii,3045913,,273
11816,Caroxylon,tuberculatiforme,9528641,,306
11817,Centaurea,ferox,3128435,,423
11818,Chasmanthera,dependens,3831092,,116
11819,Chuquiraga,spinosa,3105308,,423
11820,Conocarpus,erectus,5421045,,231
11821,Cordeauxia,edulis,2981417,,193
11822,Crepis,czerepanovii,5403354,,423
11823,Cylindropuntia,leptocaulis,7282605,,312
11824,Vincetoxicum,atratum,5526052,Cynanchum atratum,376
11825,Cynanchum,bungei,3581737,,376
11826,Cynanchum,wilfordii,5829340,,376
11827,Dendrobium,gibsonii,5316681,,75
11828,Dendrobium,plicatile,5324319,,75
11829,Bothriocline,fusca,3089677,Erlangea fusca,423
11830,Eupatoriastrum,nelsonii,3140139,,423
11831,Fabiana,imbricata,2928726,,388
11832,Grevillea,robusta,2891791,,121
11833,Gynoxys,buxifolia,3138832,,423
11834,Haplopappus,arbutoides,3100512,,423
11835,Harpullia,ramiflora,3786636,,258
11836,Helichrysum,nanum,7882764,,423
11837,Hymenoxys,grandiflora,3150148,,423
11838,Illicium,floridanum,2889758,,6
11839,Indigofera,tinctoria,2972043,,193
11840,Justicia,hyssopifolia,8370094,,390
11841,Kielmeyera,rubriflora,7330217,,156
11842,Lagerstroemia,speciosa,9412642,Lagerstroemia flos-reginae,233
11843,Litsea,elliptica,4177007,,25
11844,Lupinus,pilosus,2964596,,193
11845,Maackia,floribunda,5360271,,193
11846,Magnolia,fraseri,3153619,,20
11847,Meliosma,simplicifolia,8692703,Meliosma wightii,122
11848,Myriophyllum,verticillatum,5361779,,136
11849,Ocotea,puberula,7304142,,25
11850,Steirodiscus,tagetes,3146573,Othonna tagetes,423
11851,Panicum,dichotomiflorum,2705144,,102
11852,Polygala,fruticosa,4049512,,195
11853,Protea,repens,5636761,Protea mellifera,121
11854,Pyrola,incarnata,7551411,,355
11855,Rosenbergiodendron,formosum,2904221,Randia formosa,381
11856,Robinsonecio,gerberifolius,9065189,,423
11857,Rubus,occidentalis,2991466,,204
11858,Sauromatum,venosum,2869597,,32
11859,Saussurea,simpsoniana,5404430,,423
11860,Scandix,pecten-veneris,3034233,,439
11861,Schisandra,henryi,7335130,,6
11862,Scrophularia,lepidota,3737243,,411
11863,Senecio,bracteolatus,3107283,,423
11864,Senecio,filaginoides,3108649,,423
11865,Senecio,miser,3106806,,423
11866,Senecio,oxyodontus,3108873,,423
11867,Senecio,panduriformis,3107849,,423
11868,Homalolepis,cuneata,9294049,Simaba cuneata,260
11869,Sorbaria,kirilowii,11192181,Sorbaria arborea,204
11870,Thalictrum,podocarpum,7512082,,118
11871,Trichilia,catigua,7271401,,255
11872,Osteospermum,microcarpum,6303118,Tripteris microcarpa,423
11873,Ipomoea,corymbosa,8390235,Turbina corymbosa,385
11874,Drimia,modesta,2776571,Urginea riparia,64
11875,Valeriana,prionophylla,4095534,,438
11876,Vatica,pauciflora,5669161,,264
11877,Ventilago,madraspatana,4928549,,203
11878,Veratrum,lobelianum,2742050,Veratrum album subsp. lobelianum,58
11879,Vincetoxicum,versicolor,5525222,,376
11880,Brachychiton,acerifolius,8119595,,265
11881,Centaurea,pubescens,6076224,Centaurea omphalotricha,423
11882,Scutellaria,amabilis,5610067,,396
11883,Uvaria,puguensis,3154418,,15
11884,Amaryllis,belladonna,5325855,,63
11885,Ananas,comosus,5828343,Ananas sativus,94
11886,Corydalis,chaerophylla,7314867,,117
11887,Crinum,album,2853716,,63
11888,Urceolina,amazonica,10989209,Eucharis amazonica,63
11889,Hippeastrum,elegans,2854262,,63
11890,Hippeastrum,puniceum,2854416,,63
11891,Ismene,narcissiflora,5326961,Hymenocallis calathina,63
11892,Hymenocallis,littoralis,2860119,,63
11893,Hymenocallis,rotata,2860322,,63
11894,Narcissus,pseudonarcissus,2858244,,63
11895,Narcissus,pseudonarcissus,7227584,Narcissus pseudonarcissus subsp.pseudonarcissus,63
11896,Nerine,sarniensis,5326867,,63
11897,Pancratium,canariense,2853237,,63
11898,Pancratium,illyricum,2853249,,63
11899,Salvia,keerlii,3898799,,396
11900,Sternbergia,lutea,5326791,,63
11901,Sternbergia,lutea,5326793,Sternbergia sicula,63
11902,Rydingia,integrifolia,3886748,Otostegia integrifolia,396
11903,Copaifera,officinalis,2978155,,193
11904,Croton,sylvaticus,3058910,,166
11905,Eranthis,hyemalis,3033227,,118
11906,Glycosmis,mauritiana,7269030,,257
11907,Helianthus,decapetalus,3119185,,423
11908,Sindora,siamensis,2943376,,193
11909,Sindora,sumatrana,2943355,,193
11910,Adenocarpus,commutatus,2951661,,193
11911,Alseodaphne,semecarpifolia,7657387,,25
11912,Daphnandra,micrantha,3782596,,21
11913,Delphinium,tatsienense,7277564,,118
11914,Ficus,fistulosa,7262725,,202
11915,Polygonum,maritimum,8195379,,333
11916,Scrophularia,deserti,3738208,,411
11917,Zygogynum,howeanum,4020547,,9
11918,Larrea,nitida,5635234,,192
11919,Zuccagnia,punctata,2981773,,193
11920,Senecio,aegyptius,3109039,,423
11921,Acacia,oswaldii,2980319,,193
11922,Acacia,saligna,2978552,,193
11923,Eleutherococcus,hypoleucus,3035453,Acanthopanax hypoleucus,441
11924,Albizia,zygia,2973160,,193
11925,Alseodaphnopsis,andersonii,10873182,Alseodaphne andersonii,25
11926,Bactris,plumeriana,2733106,,79
11927,Brucea,mollis,5555195,,260
11928,Carissa,paucinervia,5536341,Carissa opaca,376
11929,Casearia,zeylanica,8255574,Casearia esculenta,187
11930,Entandrophragma,spicatum,3850770,,255
11931,Eucalyptus,hybr,6711246,,235
11932,Eugenia,zuchowskiae,5418161,,235
11933,Euryops,hebecarpus,5394969,,423
11934,Fissistigma,pallens,3157330,,15
11935,Galipea,panamensis,3834400,,257
11936,Helenium,mexicanum,5401896,,423
11937,Helichrysum,oreophilum,7576294,,423
11938,Helichrysum,stenopterum,3131914,,423
11939,Inga,umbellifera,5358027,,193
11940,Lamium,maculatum,2926684,,396
11941,Aethionema,saxatile,7870683,Lepia marginata,273
11942,Monteverdia,obtusifolia,9672353,Maytenus obtusifolia,144
11943,Mentha,crispa,7671544,,396
11944,Mitrephora,glabra,3155096,,15
11945,Monnina,sylvatica,4051983,,195
11946,Nepeta,italica,5610402,Nepeta cadmea,396
11947,Nicotiana,ingulba,3799824,,388
11948,Ocimum,kenyense,3897174,,396
11949,Ocotea,whitei,4180728,,25
11950,Olea,paniculata,7506783,,402
11951,Penstemon,acuminatus,8365106,,408
11952,Penstemon,confertus,8044041,,408
11953,Philodendron,guttiferum,2871247,,32
11954,Phylica,rogersii,3874934,,203
11955,Physalis,pubescens,5341819,,388
11956,Pimelea,linifolia,7798727,,270
11957,Pleodendron,costaricense,3877821,,8
11958,Polygala,crotalarioides,3191438,,195
11959,Polygala,paniculata,3191373,,195
11960,Pteronia,eenii,5394779,,423
11961,Pyracantha,fortuneana,2988224,,204
11962,Rhododendron,championiae,8356582,,355
11963,Rhynchosia,densiflora,5351048,,193
11964,Schizanthus,integrifolius,3798088,,388
11965,Barkleyanthus,salicifolius,3144294,Senecio salignus,423
11966,Sinomenium,acutum,7268694,,116
11967,Smilax,glaucochina,7396720,,62
11968,Tessaria,dodonaeifolia,7610541,Tessaria dodoneaefolia,423
11969,Teucrium,luteum,7308342,,396
11970,Astragalus,alpinus,5345014,Tium alpinum,193
11971,Trichadenia,zeylanica,5603373,,153
11972,Vallesia,glabra,5414418,,376
11973,Venegasia,carpesioides,3139622,,423
11974,Vernonanthura,polyanthes,8245828,Vernonia polyanthes,423
11975,Ayapana,triplinervis,3142644,,423
11976,Calea,rupicola,3147665,,423
11977,Laggera,tomentosa,9312778,,423
11978,Pechuel-loeschea,leubnitziae,3091992,,423
11979,Pluchea,chingoyo,3132597,,423
11980,Sphaeranthus,indicus,8302135,,423
11981,Sphaeranthus,kirkii,3094676,,423
11982,Sphaeranthus,suaveolens,3094684,,423
11983,Thelesperma,megapotamicum,8209518,,423
11984,Chloropyron,maritimum,8548367,,403
11985,Croton,ovalifolius,3058656,,166
11986,Heteroplexis,microcephala,4239867,,423
11987,Salvia,atropatana,3884587,,396
11988,Tylosema,fassoglense,5708629,Bauhinia fassoglensis,193
11989,Bauhinia,holophylla,2953547,,193
11990,Bauhinia,rufa,2953546,,193
11991,Thalictrum,orientale,3926798,,118
11992,Leucojum,aestivum,2860425,,63
11993,Beilschmiedia,tsangii,7304706,,25
11994,Mahonia,aquifolium,3033865,Berberis aquifolium,112
11995,Bosistoa,floydii,3831215,,257
11996,Senna,artemisioides,7679480,Cassia artemisioides,193
11997,Castanopsis,lamontii,5332919,,209
11998,Cremanthodium,discoideum,3137254,,423
11999,Diosma,recurva,3836914,,257
12000,Hedysarum,sachalinense,2960851,,193
12001,Hornschuchia,citriodora,5407561,,15
12002,Hydnocarpus,octandrus,3878003,Hydnocarpus octandra,153
12003,Illigera,luzonensis,5549991,,24
12004,Jatropha,gossypiifolia,3072900,,166
12005,Knema,attenuata,3743700,,19
12006,Micromelum,integerrimum,7845716,,257
12007,Piper,sylvaticum,4185269,,13
12008,Pontederia,africana,10037344,,85
12009,Salvia,divaricata,8200037,,396
12010,Veronica,americana,3172084,,408
12011,Veronica,intercedens,3730448,,408
12012,Zantedeschia,aethiopica,2868827,,32
12013,Abrus,melanospermus,7274847,Abrus pulchellus subsp. cantoniensis,193
12014,Aframomum,giganteum,2758879,,93
12015,Aralia,decaisneana,3037056,,441
12016,Aspidosperma,discolor,7317048,,376
12017,Actinostemma,paniculatum,3625268,Bolbostemma paniculatum,219
12018,Canarium,bengalense,5635972,,253
12019,Cassia,angolensis,5357170,,193
12020,Cassia,fastuosa,7888605,,193
12021,Senna,sophera,2957379,Cassia torosa L.,193
12022,Catalpa,longissima,3172614,,391
12023,Chamaecrista,nigricans,2950539,,193
12024,Chamaecrista,nomame,8541694,,193
12025,Chamaecrista,pumila,8368580,,193
12026,Cratoxylum,formosum,7330024,,170
12027,Cynanchum,viminale,7504382,,376
12028,Dioscorea,collettii,8331482,Dioscorea collettii var. hypoglauca,46
12029,Didymocheton,muelleri,11862644,Dysoxylum muelleri,255
12030,Hypericum,maculatum,7225951,Hypericum maculatum Crantz s.l. (H. maculatum Crantz s.str. and H. maculatum subsp. obtusiusculum (Tourlet) Hayek),170
12031,Hypericum,montanum,3714477,Hypericum montanum L.,170
12032,Hypericum,tetrapterum,6436469,Hypericum tetrapterum Fr.,170
12033,Lanaria,lanata,5303637,,74
12034,Lilium,brownii,2753259,Lilium brownii var. viridulum,57
12035,Lobelia,berlandieri,5409183,,426
12036,Muehlenbeckia,tamnifolia,7291112,,333
12037,Nepeta,parnassica,5609993,,396
12038,Nuxia,floribunda,4055807,,412
12039,Picrasma,quassioides,3190677,,260
12040,Ploiarium,alternifolium,3590050,,155
12041,Ploiarium,elegans,3714876,,155
12042,Psorospermum,adamauense,3714779,,170
12043,Psorospermum,tenuifolium,3714155,,170
12044,Reynoutria,sachalinensis,2889088,,333
12045,Rhamnus,formosana,3875277,,203
12046,Frangula,alnus,7273688,Rhamnus frangula,203
12047,Rhamnus,hirtella,3874898,Rhamnus hirtellus,203
12048,Rhamnus,kurdica,3877654,,203
12049,Rhamnus,nepalensis,8181645,,203
12050,Rhamnus,petiolaris,3876104,,203
12051,Rhamnus,procumbens,3875846,,203
12052,Rhamnus,punctata,3875697,Rhamnus punctatus,203
12053,Rhamnus,triquetra,12256834,,203
12054,Rheum,sublanceolatum,4037410,,333
12055,Rumex,aegyptiacus,4037002,,333
12056,Rumex,hymenosepalus,2889015,,333
12057,Rumex,limoniastrum,4032590,,333
12058,Rumex,ruwenzoriensis,4036599,,333
12059,Rumex,usambarensis,4034949,,333
12060,Senna,angustisiliqua,2957631,,193
12061,Senna,auriculata,2956966,,193
12062,Senna,corymbosa,2957431,,193
12063,Senna,podocarpa,2957807,,193
12064,Syzygium,australe,3182605,,235
12065,Vatairea,heteroptera,2965121,,193
12066,Ventilago,maderaspatana,3877591,,203
12067,Ajuga,forrestii,3887497,,396
12068,Ajuga,pyramidalis,8429926,,396
12069,Betonica,orientalis,8255756,,396
12070,Clerodendrum,thomsoniae,3889087,,396
12071,Leonurus,turkestanicus,7307473,,396
12072,Pteronia,divaricata,5394807,,423
12073,Scrophularia,hypericifolia,3737518,,411
12074,Stachys,angustifolia,8198856,,396
12075,Stachys,anisochila,3885680,,396
12076,Stachys,beckeana,3884983,,396
12077,Stachys,leucoglossa,3881741,,396
12078,Stachys,recta,2927298,,396
12079,Stachys,recta,8326218,Stachys subcrenata,396
12080,Stachys,tetragona,3902824,,396
12081,Centaurea,pabotii,3128414,,423
12082,Cynanchum,acutum,3571089,,376
12083,Erythroxylum,campestre,7284839,,165
12084,Erythroxylum,vaccinifolium,3694388,Erythroxylum vacciniifolium,165
12085,Alangium,kurzii,7326260,,342
12086,Breynia,androgyna,9197670,,181
12087,Gymnosporia,acuminata,3791985,,144
12088,Lindackeria,dentata,3879713,,153
12089,Swertia,longifolia,8398104,,379
12090,Bergia,capensis,5646095,,164
12091,Coelospermum,paniculatum,2897086,,381
12092,Hammarbya,paludosa,2817361,,75
12093,Helianthella,quinquenervis,5400888,,423
12094,Hosta,undulata,4008605,,64
12095,Krameria,bicolor,5687616,,191
12096,Macadamia,integrifolia,2891785,,121
12097,Maerua,oblongifolia,7273267,,275
12098,Sarcomelicope,follicularis,3831847,,257
12099,Streptocarpus,dunnii,8269257,,395
12100,Trichocline,reptans,3126005,,423
12101,Typhonium,flagelliforme,2869538,,32
12102,Virola,pavonis,3744236,,19
12103,Yucca,filifera,2775707,,64
12104,Sarcandra,glabra,7339076,Chloranthus glaber,28
12105,Dendrobium,aphyllum,5316701,,75
12106,Myrospermum,frutescens,2976681,,193
12107,Santolina,elegans,3125943,,423
12108,Aeschynanthus,parvifolius,3825025,,395
12109,Alpinia,pulcherrima,5302049,,93
12110,Boronia,alata,3834352,,257
12111,Cyperus,capitatus,2714938,,95
12112,Delphinium,tricorne,3033781,,118
12113,Cryptochilus,siamensis,10673641,Eria siamensis,75
12114,Haemanthus,albiflos,2855156,,63
12115,Helleborus,viridis,3033108,,118
12116,Hordeum,bulbosum,2706067,,102
12117,Iris,sibirica,5298126,,72
12118,Isolona,pilosa,3158254,,15
12119,Litsea,nitida,4182073,,25
12120,Lobelia,langeana,5408841,,426
12121,Magnolia,henryi,3153399,,20
12122,Micromelum,falcatum,3837660,,257
12123,Peltophorum,dubium,2952798,,193
12124,Prunus,pseudocerasus,3021437,,204
12125,Piloblephis,rigida,2927334,Pycnothymus rigidus,396
12126,Salvia,miniata,3895760,,396
12127,Lepidaploa,aurea,3099867,Vernonia aurea,423
12128,Echium,horridum,4058830,,382
12129,Echium,rauwolfii,4067965,,382
12130,Pulmonaria,obscura,5439925,,382
12131,Valeriana,celtica,7298940,,438
12132,Valeriana,phu,8201823,,438
12133,Artemisia,persica,3120904,,423
12134,Canthium,berberidifolium,2917560,,381
12135,Glochidion,ferdinandi,7276088,Glochidion ferdinandii,181
12136,Salvia,majdae,10861759,Zhumeria majdae,396
12137,Brickelliastrum,fendleri,3144084,,423
12138,Bulbophyllum,gymnopus,2844912,,75
12139,Citrus,hanaju,4937013,,257
12140,Damnacanthus,indicus,2903461,,381
12141,Origanum,akhdarense,3895349,,396
12142,Polemonium,viscosum,2927854,,361
12143,Vachellia,flava,7971466,Acacia ehrenbergiana,193
12144,Acer,caudatifolium,3768561,,258
12145,Aconitum,heterophyllum,7277241,,118
12146,Adonis,amurensis,7277921,,118
12147,Adonis,tianschanica,8159015,,118
12148,Ageratina,tomentella,5400450,,423
12149,Angelica,pachycarpa,5537578,,439
12150,Anisopappus,pinnatifidus,3105209,,423
12151,Artemisia,gilvescens,3121525,,423
12152,Artemisia,laciniata,3120923,,423
12153,Artemisia,scotina,3121456,,423
12154,Asterolasia,trymalioides,3834584,,257
12155,Astragalus,sinicus,5345082,,193
12156,Biebersteinia,heterostemon,3827280,,252
12157,Breonadia,salicina,2900926,,381
12158,Brosimum,gaudichaudii,7262433,,202
12159,Ceropegia,stalagmifera,9366296,Caralluma stalagmifera,376
12160,Centaurea,scabiosa,8087525,,423
12161,Chaptalia,integerrima,3090309,,423
12162,Leucoptera,nodosa,5399732,Chrysanthemum leptophyllum,423
12163,Clausena,anisum-olens,3837173,,257
12164,Cnidium,dahuricum,3638291,,439
12165,Coronilla,glauca,8014194,,193
12166,Coronilla,valentina,5348633,,193
12167,Coronilla,viminalis,5348646,,193
12168,Cruciata,laevipes,5338920,,381
12169,Cruciata,taurica,5338952,,381
12170,Paracynoglossum,formosanum,12217676,Cynoglossum formosanum,382
12171,Paris,dunniana,5295889,Daiswa dunniana,58
12172,Daphne,bholua,7311442,,270
12173,Deutzia,corymbosa,7538462,,345
12174,Deutzia,hookeriana,7318930,,345
12175,Hijmania,turbinata,9189516,Dorstenia turbinata,202
12176,Echium,italicum,2925889,,382
12177,Euryops,rupestris,5395060,,423
12178,Ferula,gigantea,3638510,,439
12179,Ferula,iliensis,3638185,,439
12180,Ferula,kirialovii,3637992,,439
12181,Ferula,persica,6026967,,439
12182,Ferula,tadshikorum,3636313,,439
12183,Gypothamnium,pinifolium,3112187,,423
12184,Haplophyllum,patavinum,8078240,,257
12185,Haplophyllum,villosum,7268867,,257
12186,Harbouria,trachypleura,3034869,,439
12187,Hydrocotyle,leucocephala,6026968,,441
12188,Hymenocallis,speciosa,2860247,,63
12189,Hypericum,carinatum,3714286,,170
12190,Impatiens,siculifer,4193892,,350
12191,Dianthera,pectoralis,7624130,Justicia pectoralis,390
12192,Casearia,corymbulosa,10710471,Laetia corymbulosa,187
12193,Leontopodium,nanum,3140687,,423
12194,Pleiospermium,littorale,3836683,Limnocitrus littoralis,257
12195,Liparis,condylobulbon,5306080,,75
12196,Litsea,verticillata,7678553,,25
12197,Lonchocarpus,salvadorensis,2968989,,193
12198,Marshallia,graminifolia,9728269,,423
12199,Melicope,hayesii,3833013,,257
12200,Melilotus,suaveolens,2971041,,193
12201,Nematolepis,ovatifolia,3836495,,257
12202,Gymnadenia,nigra,2840590,Nigritella suaveolens,75
12203,Oenanthe,fistulosa,5371890,,439
12204,Onobrychis,kemulariae,2972828,Onobrychis kemularia,193
12205,Oxytropis,ochrocephala,5361417,,193
12206,Parastrephia,quadrangularis,3098748,,423
12207,Peddiea,fischeri,3570179,,270
12208,Peucedanum,spec,12114320,Peucedanum,439
12209,Peucedanum,decumbens,3631616,,439
12210,Schistostephium,umbellatum,3114948,Peyrousea umbellata,423
12211,Phebalium,squamulosum,7268957,,257
12212,Philotheca,apiculata,3831705,,257
12213,Philotheca,fitzgeraldii,3831329,,257
12214,Physochlaina,physaloides,3799825,,388
12215,Picramnia,latifolia,3708918,,246
12216,Picris,evae,3093317,,423
12217,Platycarpha,glomerata,3087508,,423
12218,Semenovia,dasycarpa,7869296,Platytaenia dasycarpa,439
12219,Potentilla,argentea,8011540,,204
12220,Prangos,latiloba,3630533,,439
12221,Rhododendron,diversipilosum,4164838,,355
12222,Rhododendron,hypoleucum,4173676,,355
12223,Rubus,xanthocarpus,2989336,,204
12224,Salacia,cordata,5579800,,144
12225,Saussurea,gossypiphora,8053166,,423
12226,Seseli,foliosum,3631268,,439
12227,Solanum,berthaultii,2929618,,388
12228,Tanacetum,cadmeum,3118572,,423
12229,Triptilion,spinosum,3088868,,423
12230,Stenocephalum,megapotamicum,5396676,Vernonia megapotamica,423
12231,Wikstroemia,elliptica,5524850,,270
12232,Wikstroemia,glabra,7311598,,270
12233,Wikstroemia,hainanensis,5524723,,270
12234,Wikstroemia,sikokiana,5524177,,270
12235,Crocus,vernus,2747567,Crocus albiflorus,72
12236,Crocus,tommasinianus,2747564,,72
12237,Actinobole,uliginosum,3130497,,423
12238,Angelica,edulis,5537783,,439
12239,Baccharis,confertifolia,8230586,,423
12240,Baccharis,leptocephala,7843556,,423
12241,Baccharis,paniculata,3129288,,423
12242,Baccharis,scandens,7763453,,423
12243,Blumea,fistulosa,5395671,,423
12244,Brenania,brieyi,2900819,,381
12245,Petchia,erythrocarpa,3617268,Cabucala erythrocarpa,376
12246,Cryptocarya,obovata,7304698,,25
12247,Dubautia,arborea,3134893,,423
12248,Gochnatia,glutinosa,7361327,,423
12249,Gochnatia,vernonioides,3095065,,423
12250,Liatris,mucronata,7842731,,423
12251,Macaranga,triloba,3074333,,166
12252,Olearia,brachyphylla,5405363,,423
12253,Ophryosporus,macrodon,3140116,,423
12254,Piper,permucronatum,4184960,,13
12255,Poecilanthe,parviflora,2947791,,193
12256,Porophyllum,scoparium,3103984,,423
12257,Proustia,cuneifolia,3145152,,423
12258,Solanum,crispum,2930846,,388
12259,Swartzia,leiocalycina,5351953,,193
12260,Trixis,vauthieri,5398959,,423
12261,Delphinium,scabriflorum,3927815,,118
12262,Salvia,aspera,3884756,,396
12263,Salvia,nipponica,3894689,,396
12264,Ficus,natalensis,6358688,,202
12265,Crossosoma,bigelovii,5362091,,240
12266,Eugenia,aromatica,8052532,,235
12267,Harrisonia,perforata,3708966,,257
12268,Pisonia,aculeata,3086260,,329
12269,Seseli,giganteum,3631232,,439
12270,Tellima,grandiflora,3032698,Tellima grandifolia,142
12271,Aloe,descoingsii,2777284,,65
12272,Aloe,gariepensis,2778120,,65
12273,Aloidendron,sabaeum,9606936,Aloe gillilandii,65
12274,Aloe,gracilicaulis,2777568,,65
12275,Aloe,krapohliana,2777270,Aloe krapholiana,65
12276,Aloe,ruspoliana,2777751,,65
12277,Aloe,viguieri,2777291,,65
12278,Ambrosia,dumosa,3110634,,423
12279,Cynodon,dactylon,6109637,,102
12280,Pimpinella,acuminata,5539800,,439
12281,Sarracenia,alata,5421377,,365
12282,Sarracenia,leucophylla,5421380,,365
12283,Sarracenia,minor,5421383,,365
12284,Sarracenia,oreophila,5421400,,365
12285,Sarracenia,psittacina,5421394,,365
12286,Sarracenia,rubra,5421385,,365
12287,Strobilanthes,tonkinensis,3777838,Semnostachya menglaensis,390
12288,Asparagus,racemosus,2768632,,64
12289,Brucea,antidysenterica,5555223,,260
12290,Calceolaria,pinifolia,7375121,,393
12291,Nepeta,teydea,5609560,,396
12292,Ougeinia,oojeinensis,2967471,Ougeinia dalbergioides,193
12293,Phagnalon,bicolor,3150046,Phagnalon atlanticum,423
12294,Squamopappus,skutchii,3095421,,423
12295,Senegalia,kerrii,10709698,Acacia horrida,193
12296,Andropogon,zizanioides,8197491,,102
12297,Cardamine,leucantha,3045862,,273
12298,Cephalocereus,senilis,7283905,,312
12299,Hylotelephium,maximum,4202009,Hylotelephium caucasicum,132
12300,Indigofera,hebepetala,2972182,,193
12301,Lepidium,cartilagineum,5376701,,273
12302,Maclura,aurantiaca,7262558,,202
12303,Narcissus,cyclamineus,2858654,,63
12304,Tanaecium,jaroba,4094287,,391
12305,Viola,diamantiaca,7296498,,189
12306,Zanha,golungensis,3785189,,258
12307,Callichilia,barteri,3621279,,376
12308,Dendrobium,findlayanum,8237184,,75
12309,Leucanthemopsis,pulverulenta,3122019,,423
12310,Atroxima,liberica,4050721,,195
12311,Christisonia,bicolor,3730896,,403
12312,Convallaria,majalis,7459480,,64
12313,Crotalaria,orixensis,2942038,,193
12314,Licaria,brasiliensis,4183109,,25
12315,Linum,salsoloides,4048547,Linum crispum,174
12316,Melaleuca,citrolens,5415812,,235
12317,Palafoxia,texana,3121716,,423
12318,Semenovia,lasiocarpa,7224173,Platytaenia lasiocarpa,439
12319,Isodon,angustifolius,7309081,Rabdosia angustifolia,396
12320,Scutellaria,sieberi,5608150,,396
12321,Centaurea,achaia,3128747,,423
12322,Centaurea,alba,7437845,,423
12323,Centaurea,bombycina,3127603,,423
12324,Crocodilium,crocodylium,3127882,Centaurea crocodylium,423
12325,Centaurea,paniculata,3127613,,423
12326,Centaurea,paui,3128951,,423
12327,Heliomeris,longifolia,3099321,,423
12328,Jurinea,leptoloba,5392526,,423
12329,Jurinea,moschus,5392506,Jurinella moschus,423
12330,Onopordum,cyrenaicum,3094924,,423
12331,Symphyotrichum,novi-belgii,3151558,,423
12332,Alnus,pendula,2876518,,207
12333,Aristolochia,foveolata,3589488,,10
12334,Bellardia,trixago,5414976,,403
12335,Gardenia,coronaria,9375168,,381
12336,Homalium,cochinchinensis,6135815,Homaliam cochinchinensis,187
12337,Hydnocarpus,annamensis,3878321,,153
12338,Hypoestes,triflora,3776474,,390
12339,Melodorum,fruticosum,5407492,,15
12340,Nassauvia,revoluta,3099068,,423
12341,Onosma,hispida,7594741,,382
12342,Pavonia,alba,5619381,,265
12343,Prunus,mandshurica,3023411,,204
12344,Prunus,sibirica,3021111,,204
12345,Senecio,viscosissimus,7855939,,423
12346,Trifolium,incarnatum,5359378,,193
12347,Uvaria,mocoli,3154393,Uvaria mocali,15
12348,Arrhenatherum,longifolium,4120862,,102
12349,Aconitum,tauricum,7278285,,118
12350,Banisteriopsis,caapi,3191340,Banisteria caapi,176
12351,Chlorophytum,arundinaceum,2775052,,64
12352,Eriophyllum,confertiflorum,3130484,,423
12353,Gentiana,clusii,7270031,,379
12354,Guazuma,ulmifolia,3152195,,265
12355,Lindera,myrrha,5685604,,25
12356,Lonchocarpus,costaricensis,2969071,,193
12357,Heptapleurum,rhododendrifolium,12172680,Schefflera rhododendrifolia,441
12358,Senegalia,pennata,8381471,,193
12359,Seseli,bocconei,7512125,Seseli bocconi,439
12360,Strychnos,nitida,7753254,,380
12361,Lavandula,dentata,6710251,Lavandula dentata var. dentata,396
12362,Deutzia,gracilis,2985964,,345
12363,Peltophorum,pterocarpum,2952775,Peltophorum ferrugineum,193
12364,Primula,modesta,7127341,,362
12365,Baccharoides,filigera,3124503,Vernonia filigera,423
12366,Anisochilus,harmandii,8588281,,396
12367,Callicarpa,pilosissima,5609360,,396
12368,Coleus,harmandii,10458020,,396
12369,Thalassodendron,ciliatum,5328510,,34
12370,Senecio,runcinifolius,3108369,,423
12371,Liquidambar,formosana,3702542,,129
12372,Ficus,exasperata,7687857,,202
12373,Acacia,latifolia,2980592,,193
12374,Bahiopsis,subincisa,3091036,,423
12375,Carthamus,glaucus,3138274,,423
12376,Cephalaria,nachiczevanica,4104173,,438
12377,Clibadium,sessile,3104783,,423
12378,Climacoptera,transoxana,5568202,,306
12379,Crotalaria,juncea,2942877,,193
12380,Datura,discolor,2928735,,388
12381,Dendrobium,bigibbum,5315722,Dendrobium bigibbum var. superbum,75
12382,Fallopia,dumetorum,6391446,,333
12383,Fallopia,scandens,5652201,,333
12384,Gnaphalium,sylvaticum,7995437,,423
12385,Hibiscus,palustris,8120287,,265
12386,Lomelosia,caucasica,4103351,,438
12387,Malus,baccata,3001362,,204
12388,Omalotheca,sylvatica,3103192,,423
12389,Onobrychis,cornuta,2972756,,193
12390,Orlaya,grandiflora,3638282,,439
12391,Petunia,atkinsiana,2928859,Petunia x hybrida,388
12392,Robinsonia,evenia,5400190,,423
12393,Robinsonia,gayana,5400189,,423
12394,Robinsonia,masafuerae,5400187,,423
12395,Robinsonia,thurifera,9627732,,423
12396,Russowia,sogdiana,3117088,,423
12397,Salix,atrocinerea,5582546,,187
12398,Spiranthes,australis,2805472,,75
12399,Spiranthes,sinensis,2805433,,75
12400,Spiranthes,vernalis,2805347,,75
12401,Tephroseris,subdentata,3131087,,423
12402,Trigonella,cylindracea,5360514,,193
12403,Ulex,gallii,2951998,,193
12404,Zosima,absinthiifolia,5539755,,439
12405,Ariocarpus,retusus,3084099,,312
12406,Artemisia,maritima,3121650,,423
12407,Wedelia,bishoplecta,5699418,Aspilia bishoplecta,423
12408,Astragalus,pamirensis,5345307,,193
12409,Beaumontia,brevituba,7445102,,376
12410,Centaurea,hololeuca,3128105,,423
12411,Cheiloclinium,hippocrateoides,8609614,,144
12412,Chisocheton,cumingianus,3849572,Chisocheton siamensis,255
12413,Coleus,barbatus,10997508,Coleus coerulescens,396
12414,Crossopetalum,gaumeri,5580276,,144
12415,Curcuma,oligantha,2757615,,93
12416,Galium,sinaicum,2914702,,381
12417,Gymnosporia,emarginata,3791248,,144
12418,Iryanthera,juruensis,3743957,,19
12419,Kokoona,zeylanica,3793206,,144
12420,Lepechinia,glomerata,3888770,,396
12421,Liatris,punctata,3104349,,423
12422,Litsea,gracilipes,4176093,,25
12423,Lobelia,davidii,5409056,,426
12424,Lydenburgia,cassinoides,5579636,,144
12425,Maytenus,amazonica,10841945,,144
12426,Denhamia,bilocularis,7720538,Maytenus bilocularis,144
12427,Maytenus,chubutensis,3794284,,144
12428,Monteverdia,ilicifolia,9798870,Maytenus illicifolia Mart ex Reiss.,144
12429,Maytenus,magellanica,3792012,,144
12430,Monteverdia,spinosa,9733759,Maytenus scutioides,144
12431,Gymnosporia,dryandri,3791289,Maytenus umbellata,144
12432,Monteverdia,catingarum,9747813,,144
12433,Reissantia,buchananii,3794272,,144
12434,Rohdea,wattii,5303903,,64
12435,Salacia,beddomei,5580034,,144
12436,Salacia,kraussii,5579477,,144
12437,Schaefferia,cuneifolia,5414279,,144
12438,Sorocea,muriculata,7262387,,202
12439,Stemona,tuberosa,2863358,,50
12440,Tricerma,vitis-idaeum,3791755,,144
12441,Artemisia,keiskeana,3121055,,423
12442,Coronilla,repanda,5348653,,193
12443,Daphne,gnidioides,5523428,,270
12444,Diarthron,vesiculosum,7363453,,270
12445,Enkleia,malaccensis,3568590,,270
12446,Wikstroemia,uva-ursi,5420865,,270
12447,Erodium,ciconium,9429152,,229
12448,Geranium,mascatense,2890857,,229
12449,Ribes,viscosissimum,2986172,,135
12450,Crepidiastrum,lanceolatum,3145168,,423
12451,Tetradium,austrosinense,5594394,Evodia austrosinensis,257
12452,Pimpinella,anisum,8080300,Pimpinella anisum L.,439
12453,Potentilla,multifida,8416400,,204
12454,Cassinia,leptocephala,5390387,,423
12455,Gnephosis,brevifolia,3117302,,423
12456,Helichrysum,dasyanthum,3131901,,423
12457,Iva,microcephala,5402629,,423
12458,Pulicaria,sicula,3095659,,423
12459,Euonymus,revolutus,3794275,,144
12460,Ambrosia,confertiflora,3110654,,423
12461,Anthemis,macedonica,3122764,,423
12462,Argyranthemum,adauctum,3104506,,423
12463,Artemisia,balchanorum,3120753,,423
12464,Artemisia,genipi,3120878,Artemisia genipy,423
12465,Centaurea,ornata,3128025,,423
12466,Centaurea,uniflora,3128948,,423
12467,Echinops,pappii,5392909,,423
12468,Eriocephalus,kingesii,3130101,,423
12469,Lactuca,floridana,3140423,,423
12470,Magnolia,kachirachirai,3153425,,20
12471,Tanacetum,praeteritum,3118363,,423
12472,Aglaia,foveolata,5597693,,255
12473,Ancistrocladus,hamatus,3659014,,308
12474,Adiscanthus,fusciflorus,3835301,,257
12475,Andreadoxa,flava,3837100,,257
12476,Atalantia,roxburghiana,11004877,,257
12477,Conchocarpus,guyanensis,3835561,,257
12478,Calceolaria,tenella,7609708,,393
12479,Calycadenia,fremontii,3093002,Calycadenia ciliosa,423
12480,Calycadenia,multiglandulosa,3092996,,423
12481,Ozothamnus,lycopodioides,3111968,,423
12482,Ricinocarpos,muricatus,3072257,,166
12483,Argyreia,mollis,3678447,,385
12484,Brugmansia,arborea,5341759,,388
12485,Datura,ferox,7894250,,388
12486,Datura,quercifolia,2928738,,388
12487,Datura,candida,8416224,Datura × candida,388
12488,Dendrobium,polyanthum,5315870,,75
12489,Erythroxylum,argentinum,7284806,,165
12490,Erythroxylum,hypericifolium,3693939,,165
12491,Erythroxylum,novogranatense,2873941,,165
12492,Erythroxylum,zambesiacum,3694257,,165
12493,Nicandra,physalodes,5341754,Nicandra physalodes (L.) Gaertn.,388
12494,Alkekengi,officinarum,3797084,Physalis alkekengi L.,388
12495,Hylotelephium,anacampseros,4202184,Sedum anacampseros L.,132
12496,Sedum,annuum,5362038,,132
12497,Sedum,apoleipon,5687904,,132
12498,Sedum,atratum,8144117,Sedum atratum L.,132
12499,Sedum,cepaea,5690287,Sedum cepaea L.,132
12500,Sedum,dasyphyllum,7172720,Sedum dasyphyllum L.,132
12501,Sedum,hispanicum,5361982,Sedum hispanicum L.,132
12502,Sedum,laconicum,7334003,,132
12503,Sedum,multiceps,5690334,,132
12504,Sedum,rubens,7963827,Sedum rubens L.,132
12505,Phedimus,spurius,11162940,Sedum spurium M. Bieb.,132
12506,Phedimus,stolonifer,7768495,Sedum stoloniferum S. G. Gmel,132
12507,Hylotelephium,telephium,6441863,"Sedum telephium L. s.l. (S. telephium L. s.str., S. telephium subsp. fabaria Kirschl. and S. telephium subsp. maximum (L.) Kirschl.)",132
12508,Sedum,urvillei,7334718,,132
12509,Sedum,villosum,5362015,Sedum villosum L.,132
12510,Achillea,chamaemelifolia,3120253,,423
12511,Aframomum,mala,2758892,,93
12512,Alnus,maximowiczii,2876377,,207
12513,Codonocarpus,cotinifolius,7860767,,279
12514,Eucalyptus,andrewsii,3176939,Eucalyptus andrewsi,235
12515,Nicotiana,bonariensis,7299745,,388
12516,Ocotea,glaziovii,4181351,,25
12517,Androsace,umbellata,4007936,,362
12518,Bauhinia,forficata,2953861,,193
12519,Berberis,baluchistanica,3981866,,112
12520,Casearia,grayi,7527613,,187
12521,Cinnamomum,osmophloeum,4181555,,25
12522,Lotus,hirsutus,5354799,Dorycnium hirsutum,193
12523,Hedyotis,verticillata,7471853,,381
12524,Lotus,edulis,5356908,,193
12525,Ostericum,sieboldii,6026975,,439
12526,Panax,trifolius,5372277,,441
12527,Scleromitrion,verticillatum,9469636,,381
12528,Sedum,dendroideum,5361995,,132
12529,Solanum,anomalum,2932635,,388
12530,Trichosanthes,ovigera,7317673,,219
12531,Vancouveria,hexandra,5371716,,112
12532,Doliocarpus,amazonicus,7303991,,128
12533,Euryops,lateriflorus,5395042,,423
12534,Gardenia,oudiepe,5937706,,381
12535,Persicaria,viscosa,7897412,,333
12536,Xanthocephalum,gymnospermoides,3151824,,423
12537,Ferreyranthus,fruticosus,3137097,,423
12538,Teucrium,montanum,7308296,Teucrium montanum subsp.skorpilii.,396
12539,Teucrium,montbretii,7754580,Teucrium montbretii ssp. libanoticum,396
12540,Teucrium,odontites,3894879,,396
12541,Teucrium,tomentosum,7377408,,396
12542,Teucrium,wightii,3892411,,396
12543,Habenaria,digitata,2828601,,75
12544,Euphorbia,carniolica,3064644,Euphorbia carniolica Jacq.,166
12545,Euphorbia,dulcis,3069475,Euphorbia dulcis L.,166
12546,Euphorbia,exigua,3069593,Euphorbia exigua L.,166
12547,Euphorbia,falcata,3068845,Euphorbia falcata L.,166
12548,Euphorbia,nutans,3070346,Euphorbia nutans Lag.,166
12549,Euphorbia,platyphyllos,3068153,Euphorbia platyphyllos L.,166
12550,Euphorbia,seguieriana,3066179,Euphorbia seguieriana Neck. s.str.,166
12551,Euphorbia,stricta,3070024,Euphorbia stricta L.,166
12552,Euphorbia,verrucosa,3069053,Euphorbia verrucosa L.,166
12553,Ferula,malacophylla,3637571,,439
12554,Aristolochia,fontanesii,3589517,,10
12555,Asparagus,adscendens,2768799,,64
12556,Astilbe,rubra,7339513,Astilbe chinensis,142
12557,Aucuba,japonica,3033077,,375
12558,Picradeniopsis,woodhousei,3110801,Bahia woodhousei,423
12559,Begonia,heracleifolia,2874712,,216
12560,Cirsium,palustre,3113239,,423
12561,Eucalyptus,urophylla,3176605,,235
12562,Minthostachys,verticillata,3884472,,396
12563,Pierreodendron,kerstingii,5555208,,260
12564,Rudbeckia,amplexicaulis,4255472,,423
12565,Trichosanthes,tricuspidata,7317567,,219
12566,Xeranthemum,annuum,7956743,,423
12567,Corymbia,ficifolia,5418434,,235
12568,Eucalyptus,caesia,3176747,,235
12569,Eucalyptus,cornuta,3176816,,235
12570,Eucalyptus,densa,3176457,,235
12571,Eucalyptus,erythrocorys,3176896,,235
12572,Eucalyptus,gomphocephala,3176772,,235
12573,Eucalyptus,houseana,3177015,,235
12574,Eucalyptus,platypus,3176406,,235
12575,Eucalyptus,roycei,3176868,,235
12576,Eucalyptus,sargentii,3177249,,235
12577,Eucalyptus,stowardii,3176474,,235
12578,Eucalyptus,wandoo,3176865,,235
12579,Calea,trichotoma,3147669,,423
12580,Eryngium,expansum,8269666,,439
12581,Eryngium,pandanifolium,6026300,,439
12582,Eryngium,rostratum,6027363,,439
12583,Eryngium,vesiculosum,6027289,,439
12584,Gerbera,lanuginosa,7753570,,423
12585,Mundulea,sericea,7224924,Mundulea suberosa,193
12586,Senecio,dryophyllus,3107830,,423
12587,Alnus,alnobetula,8956987,,207
12588,Artocarpus,styracifolius,3764082,,202
12589,Baccharis,salicifolia,7338554,Baccharis viminea,423
12590,Calceolaria,irazuensis,8105442,Calceolaria irazeunsis,393
12591,Chondodendron,toxicoferum,3830827,,116
12592,Cistus,parviflorus,8069132,,262
12593,Dorstenia,mannii,7262540,,202
12594,Eucryphia,jinksii,3920264,,149
12595,Gardenia,ternifolia,5334974,,381
12596,Genista,aetnensis,5347587,,193
12597,Grindelia,tarapacana,3146293,,423
12598,Kadsura,longipedunculata,7604003,Kadsura peltigera,6
12599,Krameria,erecta,5421448,Krameria parvifolia,191
12600,Linaria,dalmatica,5415011,,408
12601,Nothofagus,alpina,2874878,,212
12602,Swertia,diluta,7836465,Swertia chinensis,379
12603,Vernonia,profuga,5701497,,423
12604,Aconitum,fauriei,3926158,,118
12605,Adenophora,potaninii,7740005,Adenophora wawreana,426
12606,Adina,eurhyncha,9594413,Adina rubescens,381
12607,Agave,parryi,2766917,Agave huachucensis,64
12608,Agave,utahensis,2766587,,64
12609,Alpinia,intermedia,5302174,,93
12610,Elissarrhena,longipes,3830226,Anomospermum grandifolium,116
12611,Argyrolobium,megarhizum,3980326,Argyrolobium megarrhizum,193
12612,Artemisia,bigelovii,3120808,,423
12613,Scilla,madeirensis,2767295,Autonoe madeirensis,64
12614,Bambusa,chungii,4143825,,102
12615,Randia,armata,7221581,Basanacantha spinosa,381
12616,Blainvillea,dichotoma,7595301,Blainvillea rhomboidea,423
12617,Bridelia,ovata,3076220,,181
12618,Callisthene,major,7288376,,238
12619,Calophyllum,cordato-oblongum,8313533,,156
12620,Calophyllum,moonii,7354802,,156
12621,Calophyllum,pinetorum,7674193,,156
12622,Calophyllum,soulattri,8029877,,156
12623,Calophyllum,walkeri,8355933,,156
12624,Celastrus,hindsii,3793742,,144
12625,Centaurea,bruguiereana,7262087,Centaurea phyllocephala,423
12626,Chrysanthemum,makinoi,3091543,,423
12627,Clarkia,unguiculata,5420957,,236
12628,Mezilaurus,mahuba,4182178,Clinostemon mahuba,25
12629,Codonopsis,pilosula,7344929,Codonopsis pilosula nannf. var. modesta (nannf.) l.t. shen,426
12630,Codonopsis,subglobosa,5412873,,426
12631,Corydalis,longipes,8089630,,117
12632,Crossopetalum,parviflorum,5580184,Crossopetalum lobatum,144
12633,Croton,hovarum,3058277,,166
12634,Curio,ficoides,3149556,,423
12635,Cymbidium,aloifolium,5305656,,75
12636,Daniellia,ogea,2948722,,193
12637,Daphne,papyracea,8225728,,270
12638,Dendrobium,densiflorum,5316645,,75
12639,Diospyros,pegophila,10836872,,354
12640,Drypetes,inaequalis,3075990,,184
12641,Drypetes,laciniata,3076019,,184
12642,Drypetes,paxii,3075823,,184
12643,Endodesmia,calophylloides,7843176,,156
12644,Erinus,alpinus,3741446,,408
12645,Esenbeckia,stephani,7640999,Esenbeckia stephanii,257
12646,Espeletia,killipii,3105069,,423
12647,Euphorbia,dendroides,3067398,,166
12648,Euphorbia,ingens,3070041,,166
12649,Euphorbia,rothiana,3066096,,166
12650,Eurybia,divaricata,5396125,,423
12651,Ficus,benjamina,5361932,,202
12652,Fritillaria,taipaiensis,5300591,,57
12653,Garcinia,brasiliensis,7329866,,160
12654,Garcinia,diospyrifolia,3714809,,160
12655,Garcinia,gardneriana,3714568,,160
12656,Garcinia,nigrolineata,3713521,,160
12657,Garcinia,opaca,7330207,,160
12658,Garcinia,prainiana,3713104,,160
12659,Geranium,macrorrhizum,2891079,,229
12660,Globba,racemosa,2757821,,93
12661,Glycydendron,amazonicum,3061260,,166
12662,Glycyrrhiza,squamulosa,2965784,,193
12663,Sorbus,lanata,3012529,Griffitharia lanata,204
12664,Timonius,eximius,2899874,Guettarda eximia,381
12665,Gymnosporia,diversifolia,3791329,,144
12666,Gyrinops,walla,3568475,,270
12667,Harrisonia,abyssinica,3709029,,257
12668,Hydnocarpus,hainanensis,3878156,,153
12669,Hypolaena,fastigiata,2707734,,105
12670,Indigofera,microcarpa,2971378,,193
12671,Kalanchoe,fedtschenkoi,2985934,,132
12672,Kalanchoe,marnieriana,4199416,,132
12673,Kielmeyera,elata,3713948,,156
12674,Kielmeyera,lathrophyton,3713846,,156
12675,Kleinia,fulgens,5405633,,423
12676,Kleinia,galpinii,5405639,,423
12677,Kleinia,neriifolia,5405673,,423
12678,Ligularia,dolichobotrys,5395419,,423
12679,Ligularia,przewalskii,5395559,,423
12680,Linaria,saxatilis,6033619,,408
12681,Deguelia,urucu,8330301,Lonchocarpus urucu,193
12682,Lophopetalum,rigidum,3791820,,144
12683,Lychnophora,rupestris,7885116,,423
12684,Mallotus,macrostachyus,5378613,,166
12685,Mallotus,repandus,8004482,,166
12686,Mammea,africana,7424810,,156
12687,Meryta,denhamii,3036407,,441
12688,Microtropis,triflora,7265485,,144
12689,Mikania,triangularis,5398407,,423
12690,Mimosa,rubicaulis,2969303,,193
12691,Monteverdia,robusta,9706934,,144
12692,Neatostema,apulum,4061000,,382
12693,Nicotiana,repanda,2928778,,388
12694,Ophiorrhiza,japonica,5340994,,381
12695,Ouratea,castaneifolia,3696564,,177
12696,Neopanax,arboreus,3036510,Panax arboreus,441
12697,Pedicularis,pectinata,3740352,,403
12698,Penianthus,zenkeri,3829496,,116
12699,Pourthiaea,lucida,3000593,Photinia lucida,204
12700,Piper,schmidtii,4190536,,13
12701,Pourthiaea,arguta,2988149,,204
12702,Pyrus,pashia,5362639,,204
12703,Quercus,canariensis,2880808,,209
12704,Catunaregam,longispina,2910925,Randia longispina,381
12705,Rhododendron,barbatum,7328036,,355
12706,Rhododendron,decipiens,4165222,,355
12707,Rhododendron,schlippenbachii,7135016,,355
12708,Ryparosa,acuminata,3880502,,153
12709,Salacia,cordata,7562613,Salacia petenensis,144
12710,Salacia,verrucosa,5579655,,144
12711,Salix,udensis,5582033,Salix sachalinensis,187
12712,Sciadotenia,toxifera,3829928,,116
12713,Scolopia,spinosa,3878944,,187
12714,Senecio,cuneatus,3108114,,423
12715,Senecio,macrophyllus,7723080,,423
12716,Siphonodon,australis,7265728,,144
12717,Solanum,chacoense,2932643,,388
12718,Soulamea,pancheri,3708687,,260
12719,Stenostomum,acutatum,5335768,,381
12720,Triplaris,cumingiana,4038399,,333
12721,Triumfetta,rhomboidea,3152069,,265
12722,Tulipa,silvestris,5662842,,57
12723,Valeriana,microphylla,4095247,,438
12724,Vangueria,infausta,7221461,Vangueria infausta subsp. infausta,381
12725,Vellozia,compacta,2863656,,52
12726,Virola,calophylla,3152847,,19
12727,Xerosicyos,danguyi,3625571,,219
12728,Zelkova,serrata,2984532,,205
12729,Ageratina,tinifolia,5400672,,423
12730,Allenrolfea,occidentalis,3083574,,306
12731,Atriplex,semibaccata,3083667,,306
12732,Camphorosma,monspeliaca,6035827,,306
12733,Cardiocrinum,cordatum,2752924,,57
12734,Centella,erecta,8598241,,439
12735,Dendrophthoe,falcata,7595217,,294
12736,Dorstenia,barteri,7262723,,202
12737,Garcinia,morella,7624454,,160
12738,Heteromera,fuscata,5939869,,423
12739,Philydrum,lanuginosum,2765625,,84
12740,Primula,daonensis,5641425,,362
12741,Salicornia,virginica,8028759,Salicornia depressa,306
12742,Salicornia,europaea,12239479,,306
12743,Salicornia,fruticosa,5567884,,306
12744,Salicornia,maritima,5383953,,306
12745,Tecticornia,indica,7340130,,306
12746,Eriosema,chinense,5348930,,193
12747,Lepidium,latifolium,5376692,,273
12748,Aloe,vaombe,2778046,,65
12749,Gypsophila,arabica,5586674,,313
12750,Ageratina,espinosarum,5400675,Ageratina espinosara,423
12751,Agnorhiza,ovata,3093471,,423
12752,Arnica,cernua,5406024,,423
12753,Arnica,cordifolia,5405914,,423
12754,Arnica,gracilis,5405964,,423
12755,Arnica,spathulata,5405955,,423
12756,Arnica,venosa,5405958,,423
12757,Boerhavia,repens,3086288,,329
12758,Brickellia,atractyloides,5698558,Brickellia atractyloides var. arguta,423
12759,Brickellia,longifolia,5388328,,423
12760,Brickellia,monocephala,5388343,,423
12761,Calycera,crassifolia,7274567,,425
12762,Calycera,crassifolia,7352839,Calycera crassifolia var. spinulosa,425
12763,Leucocera,eryngioides,11690251,Calycera eryngioides,425
12764,Chrysactinia,mexicana,3151386,,423
12765,Croton,stellatopilosus,3058568,,166
12766,Lachnanthes,caroliniana,2765922,Lachnanthes tinctoria,82
12767,Gamocarpha,scapigera,11197471,Nastanthus scapigerus,425
12768,Paepalanthus,denudatus,5287416,,97
12769,Paepalanthus,ramosus,5287388,,97
12770,Paepalanthus,robustus,7497638,,97
12771,Salvia,aerea,3886340,,396
12772,Smilax,aristolochiifolia,5295364,Smilax aristolochiaefolia,62
12773,Gymnanthemum,urticifolium,3124643,Vernonia urticifolia,423
12774,Myricaria,bracteata,3612947,,341
12775,Myricaria,germanica,12193726,,341
12776,Delphinium,peregrinum,7277819,,118
12777,Marrubium,friwaldskyanum,3881768,,396
12778,Vachellia,gerrardii,3974764,Acacia gerrardii,193
12779,Vachellia,nilotica,3974744,Acacia nilotica,193
12780,Vachellia,nilotica,6709984,Acacia nilotica subsp. tomentosa,193
12781,Entada,pervillei,2976248,,193
12782,Terminalia,sericea,3699769,Terminalia sericeae,231
12783,Bulbine,latifolia,5304880,Bulbine natalensis,65
12784,Eugenia,rigida,5417692,,235
12785,Phytolacca,tetramera,4192745,Phytolacca tetramera hauman,331
12786,Ptaeroxylon,obliquum,3990253,,257
12787,Stemona,aphylla,2863317,,50
12788,Xiphidium,caeruleum,5303594,,82
12789,Acacia,mearnsii,2979775,,193
12790,Ageratina,grandifolia,5400336,,423
12791,Arnica,lessingii,5405910,,423
12792,Baccharis,concinna,3129743,,423
12793,Baccharis,quitensis,3129668,,423
12794,Helianthella,uniflora,5400892,,423
12795,Helianthus,hirsutus,3119209,,423
12796,Leucoblepharis,subsessilis,4245883,,423
12797,Trichogonia,salviifolia,5387724,,423
12798,Corydalis,caseana,5334203,,117
12799,Dicentra,formosa,3602942,Dicentra oregana Eastwood.,117
12800,Eschscholzia,lobbii,2888383,,117
12801,Haplophyllum,pedicellatum,8254724,,257
12802,Haplophyllum,robustum,7498355,Haplophyllum robustum Bge.,257
12803,Zanthoxylum,integrifolium,8240161,,257
12804,Aglaia,laxiflora,5597540,,255
12805,Callicarpa,maingayi,5609496,,396
12806,Cephalaria,uralensis,7301076,,438
12807,Ericameria,parryi,3103006,Chrysothamnus parryi,423
12808,Corylus,heterophylla,2876072,,207
12809,Crotalaria,aegyptiaca,2941794,,193
12810,Digitalis,isabelliana,5559164,,408
12811,Eucalyptus,consideniana,3176717,,235
12812,Euphorbia,turczaninowii,3065660,,166
12813,Geranium,sylvaticum,2891147,,229
12814,Haplophyllum,ferganicum,5593221,,257
12815,Phyllagathis,rotundifolia,3857883,,234
12816,Quercus,aliena,2881654,,209
12817,Quercus,infectoria,2881010,,209
12818,Sloanea,rhodantha,7291069,,150
12819,Sonchus,ortunoi,4249549,,423
12820,Styrax,ferrugineus,7320025,,367
12821,Marrubium,deserti,3881833,,396
12822,Achillea,clusiana,3120002,,423
12823,Artemisia,ludoviciana,9618831,Artemisia lindleyana,423
12824,Cistus,sintenisii,3595235,Cistus albanicus,262
12825,Eremophila,lucida,7677398,,411
12826,Eriophyllum,staechadifolium,6443404,,423
12827,Flourensia,hirta,3094566,Flourensia hirsuta,423
12828,Lagophylla,glandulosa,3115733,,423
12829,Melicope,coodeana,3833546,,257
12830,Laphamia,cinerea,3146416,Perityle cinerea,423
12831,Laphamia,emoryi,8110338,Perityle emoryi,423
12832,Picradeniopsis,absinthifolia,9263066,,423
12833,Psilostrophe,gnaphalioides,3087647,,423
12834,Stevia,cuzcoensis,4242639,,423
12835,Wyethia,helenioides,3091455,,423
12836,Terminalia,macroptera,8232633,,231
12837,Clivia,miniata,9482657,,63
12838,Clivia,miniata,7388745,Clivia miniata Regel,63
12839,Chaetanthera,chilensis,8050317,,423
12840,Melia,dubia,7738086,,255
12841,Piper,rusbyi,7304933,,13
12842,Sanrafaelia,ruffonammari,3154471,,15
12843,Agathosma,imbricata,3833883,,257
12844,Seseli,condensatum,3631817,Conioselinum vaginatum,439
12845,Gonospermum,fruticosum,3117131,,423
12846,Ormosia,semicastrata,5355436,,193
12847,Berkheya,carduoides,3115383,,423
12848,Isocoma,tenuisecta,3099292,,423
12849,Ophryosporus,axilliflorus,3140055,,423
12850,Ophryosporus,chilca,3140102,,423
12851,Senecio,leucanthemifolius,7624085,,423
12852,Smallanthus,connatus,3145292,,423
12853,Swainsona,canescens,8706956,,193
12854,Anacyclus,pyrethrum,3148578,,423
12855,Buglossoides,arvensis,2925901,,382
12856,Crinum,giganteum,8245860,,63
12857,Diplotropis,ferruginea,5355623,,193
12858,Hortonia,angustifolia,5792812,,26
12859,Julbernardia,globiflora,2981760,Julbernardia globifera,193
12860,Medicosma,fareana,3834224,,257
12861,Miliusa,balansae,3156581,,15
12862,Mimusops,laurifolia,2883821,,364
12863,Myrrhis,odorata,3034681,,439
12864,Othonna,macrophylla,3094398,,423
12865,Pentachondra,pumila,4010802,,355
12866,Phlomoides,ostrowskiana,3885212,Phlomis ostrowskiana,396
12867,Phlox,paniculata,2927744,Phlox decussata,361
12868,Salix,petiolaris,5372524,,187
12869,Tubocapsicum,anomalum,3801464,,388
12870,Uncaria,longiflora,5338273,,381
12871,Ursinia,speciosa,3088990,,423
12872,Acourtia,cordata,5388239,,423
12873,Agrianthus,pungens,3151841,,423
12874,Ajuga,laxmannii,7673702,,396
12875,Anthoxanthum,odoratum,2705975,Anthoxanthum odoratum L.,102
12876,Artemisia,lehmanniana,3120653,,423
12877,Galium,odoratum,2914642,Asperula odora,381
12878,Butea,superba,7797090,,193
12879,Centaurea,besseriana,3128862,,423
12880,Cinnamomum,loureiroi,4182513,Cinnamomum loureirii,25
12881,Colchicum,decaisnei,2739651,,55
12882,Croton,penduliflorus,3059425,,166
12883,Dianthus,chinensis,3085418,,313
12884,Dipteryx,punctata,2947145,,193
12885,Eupatorium,formosanum,5402998,,423
12886,Hevea,brasiliensis,3071171,,166
12887,Hydrocotyle,sibthorpioides,8418338,,441
12888,Neolitsea,konishii,4179736,Litsea konishii,25
12889,Maianthemum,bifolium,2769317,Maianthemum bifolium (L.) F. W. Schmidt,64
12890,Mantisalca,salmantica,3141571,,423
12891,Melilotus,albus,2971095,Melilotus albus Medik.,193
12892,Melilotus,altissimus,2971042,Melilotus altissimus Thuill.,193
12893,Melittis,melissophyllum,8105693,Melittis melissophyllum L.,396
12894,Nidorella,anomala,3117501,,423
12895,Orchis,militaris,2809968,,75
12896,Perezia,hebeclada,8188497,,423
12897,Phebalium,megaphyllum,3832768,,257
12898,Koenigia,weyrichii,8811572,Polygonum weyrichii,333
12899,Rudbeckia,triloba,3114238,,423
12900,Senecio,gilliesianus,3106921,,423
12901,Gasparinia,peucedanoides,6307451,Seseli peucedanoides,439
12902,Ursinia,dentata,3089065,,423
12903,Ursinia,trifida,8418922,,423
12904,Zosima,korovinii,5537753,,439
12905,Ballota,glandulosissima,3883135,,396
12906,Lethedon,tannensis,11019234,,270
12907,Walsura,trifoliolata,7271382,,255
12908,Caragana,brevifolia,2943230,,193
12909,Caragana,korshinskii,2943277,,193
12910,Caragana,leucophloea,2943148,,193
12911,Caragana,rosea,2943288,,193
12912,Caragana,sinica,2943171,,193
12913,Caragana,stenophylla,2943169,,193
12914,Cissus,petiolata,4053790,,190
12915,Cissus,repanda,7293753,,190
12916,Amomum,koenigii,7850071,,93
12917,Andromeda,polifolia,5333413,,355
12918,Apuleia,leiocarpa,5353578,,193
12919,Hymenothrix,glandulopubescens,9267226,Bahia glandulosa,423
12920,Baileya,pauciradiata,5386080,,423
12921,Ocimum,grandiflorum,7308611,Becium grandiflorum,396
12922,Calamus,longipes,5293612,Calamus strictus,79
12923,Getonia,floribunda,3699976,Calycopteris floribunda,231
12924,Cheirolophus,webbianus,3097071,Centaurea webbiana,423
12925,Crataegus,maximowiczii,3015120,,204
12926,Croton,schiedeanus,3060306,,166
12927,Eucryphia,lucida,3920268,,149
12928,Eucryphia,milliganii,3920266,,149
12929,Melicope,elleryana,3833337,Euodia elleryana,257
12930,Trichosanthes,scabra,3623176,Gymnopetalum integrifolium,219
12931,Haplopappus,chrysanthemifolius,3100414,,423
12932,Haplopappus,coquimbensis,4209254,Haplopappus hirtellus,423
12933,Hypolytrum,nemorum,2709295,,95
12934,Meistera,koenigii,10999088,,93
12935,Miliusa,horsfieldii,8977949,,15
12936,Erythranthe,lewisii,7346096,Mimulus lewisii,407
12937,Pachyphragma,macrophyllum,5373292,,273
12938,Pulicaria,canariensis,3095576,,423
12939,Sigesbeckia,jorullensis,3125893,Siegesbeckia jorullensis,423
12940,Acmella,caulirhiza,5386755,Spilanthes mauritiana,423
12941,Stevia,subpubescens,3125678,,423
12942,Vincetoxicum,forrestii,7312143,,376
12943,Areca,catechu,2736531,,79
12944,Aniba,citrifolia,4181593,,25
12945,Artemisia,campestris,7175565,"Artemisia campestris L. s.l. (A. campestris L. s. str., A. campestris subsp. alpina (DC.) Arcang.)",423
12946,Artemisia,genipi,7511951,Artemisia genipi Weber,423
12947,Artemisia,tenuisecta,3121212,,423
12948,Artemisia,mutellina,8296244,Artemisia umbelliformis Lam.,423
12949,Artemisia,vallesiaca,3121493,Artemisia vallesciaca All.,423
12950,Dobinea,delavayi,4087087,,251
12951,Ornithogalum,regale,2773413,Galtonia regalis,64
12952,Garcinia,dauphinensis,7877861,,160
12953,Koeberlinia,spinosa,3054188,,280
12954,Microliabum,polymnioides,3146327,,423
12955,Petradoria,pumila,3115081,,423
12956,Poupartia,borbonica,3661515,,251
12957,Psiadia,arguta,4217191,,423
12958,Tessaria,integrifolia,3114910,,423
12959,Baccharis,incisa,3129697,Baccharis incanum,423
12960,Baccharis,incarum,8219029,,423
12961,Gutierrezia,resinosa,5385106,,423
12962,Maclurodendron,porteri,3834662,,257
12963,Polanisia,dodecandra,3054274,,277
12964,Picrella,trifoliata,7269588,zieridium pseudobtusifolium,257
12965,Beilschmiedia,miersii,4176205,,25
12966,Endiandra,xanthocarpa,4176941,,25
12967,Eucryphia,glutinosa,3920279,,149
12968,Hemsleya,graciliflora,7317907,,219
12969,Kalmiopsis,leachiana,2882485,,355
12970,Agave,atrovirens,2766552,,64
12971,Rennellia,elliptica,5334796,,381
12972,Strychnos,froesii,5645123,,380
12973,Uvariastrum,dependens,3158091,Uvaria dependens,15
12974,Boscia,senegalensis,5377842,,275
12975,Annona,glauca,5407183,,15
12976,Annona,neosericea,5541613,,15
12977,Asimina,triloba,3158040,,15
12978,Goniothalamus,cardiopetalus,3154570,,15
12979,Achillea,lingulata,3120188,,423
12980,Aconitum,campylorrhynchum,3926649,,118
12981,Adenia,fruticosa,7313486,,179
12982,Allamanda,schottii,3169838,Allamanda neriifolia,376
12983,Aptosimum,spinescens,3727824,,411
12984,Arnica,angustifolia,8138466,,423
12985,Arnica,lonchophylla,5405959,,423
12986,Arum,italicum,5330661,,32
12987,Solidago,ptarmicoides,8640888,Aster ptarmicoides,423
12988,Astragalus,thracicus,7302908,Astragalus trojanus,193
12989,Balanophora,latisepala,4927572,,293
12990,Balanophora,papuana,4195204,,293
12991,Bhesa,indica,3793960,,158
12992,Brunfelsia,uniflora,2932913,Brunfelsia hopeana,388
12993,Bulbophyllum,triste,2844441,,75
12994,Bupleurum,salicifolium,7605240,,439
12995,Carduus,nigrescens,7222569,Carduus assoi,423
12996,Carpesium,cernuum,3094841,,423
12997,Centrosema,haitense,3980511,,193
12998,Chionanthus,retusus,9594152,,402
12999,Chrysolaena,verbascifolia,4232610,,423
13000,Clematis,armandii,6375061,,118
13001,Clematis,montana,6376216,,118
13002,Clematis,stans,3928027,,118
13003,Cuscuta,hyalina,8406906,,385
13004,Cynanchum,acidum,3573208,,376
13005,Chamaecytisus,austriacus,5354569,Cytisus austriacus,193
13006,Daphne,pseudomezereum,5524168,,270
13007,Delphinium,grandiflorum,3931377,Delphinium fangshanense,118
13008,Diplospora,dubia,5336254,,381
13009,Dysosma,delavayi,3981222,,112
13010,Echinopepon,bigelovii,3622902,,219
13011,Eremophila,maculata,5565561,,411
13012,Eremophila,maculata,7610509,Eremophila maculata var. brevifolia,411
13013,Euphorbia,fortissima,3065059,,166
13014,Fagraea,blumei,4020459,,379
13015,Utania,racemosa,8413821,Fagraea racemosa,379
13016,Fraxinus,japonica,8045790,,402
13017,Fraxinus,longicuspis,3683082,,402
13018,Galium,album,2913931,,381
13019,Gomphostemma,crinitum,7555098,,396
13020,Hemerocallis,citrina,2781045,,65
13021,Himatanthus,drasticus,3621592,Himatanthus fallax,376
13022,Hugonia,tomentosa,5658014,,174
13023,Jasminum,domatiigerum,7326195,,402
13024,Jasminum,simplicifolium,3682067,,402
13025,Rostellularia,prostrata,7595488,Justicia diffusa var. prostrata,390
13026,Justicia,glauca,8178479,,390
13027,Leonurus,sibiricus,5341392,,396
13028,Leptadenia,arborea,3580344,,376
13029,Linum,album,4048670,,174
13030,Linum,flavum,7293238,,174
13031,Machilus,robustus,4178041,Machilus robusta,25
13032,Maharanga,bicolor,4058929,,382
13033,Psiadia,ceylanica,7336595,Microglossa zeylanica,423
13034,Mikania,saltensis,5398451,,423
13035,Millettia,rubiginosa,5355813,,193
13036,Cryptothladia,chinensis,3760987,Morina chinensis,438
13037,Mosla,japonica,7309478,,396
13038,Narcissus,triandrus,2858501,,63
13039,Onopordum,caricum,4206275,,423
13040,Osmanthus,fragrans,8294328,Osmanthus asiaticus,402
13041,Osmitopsis,osmitoides,3110750,,423
13042,Osteospermum,hyoseroides,3125887,,423
13043,Pandanus,odoratissimus,8291402,,49
13044,Pandanus,odorifer,5327293,,49
13045,Poacynum,pictum,3621698,Poacynum hendersonii,376
13046,Poraqueiba,paraensis,3597475,,373
13047,Rhaphidophora,decursiva,5329707,,32
13048,Rhodanthe,manglesii,3137621,,423
13049,Rhododendron,przewalskii,7327942,,355
13050,Ribes,sanguineum,2986130,,135
13051,Rubus,amabilis,2988982,,204
13052,Sesamoides,interrupta,7275917,Sesamoides canescens,284
13053,Stereospermum,colais,7298473,,391
13054,Strophanthus,gratus,8685745,,376
13055,Strophanthus,sarmentosus,3169613,Strophanthus sarmentosus var. senegambiae,376
13056,Symplocos,lucida,9206311,,368
13057,Symplocos,setchuensis,7351368,,368
13058,Symplocos,theifolia,7538961,,368
13059,Theobroma,speciosum,7657303,,265
13060,Torricellia,tiliifolia,4259121,,446
13061,Triclisia,dictyophylla,3829946,,116
13062,Urbanodendron,verrucosum,4181404,,25
13063,Vasconcellea,pubescens,3838768,Vasconcellea cundinamarcensis,276
13064,Vitex,glabrata,2925565,,396
13065,Zanthoxylum,riedelianum,8057777,Zanthoxylum kellermanii,257
13066,Ziziphus,lotus,3039418,Zizyphus lotus,203
13067,Acourtia,longifolia,5388249,,423
13068,Capsicum,frutescens,8403992,,388
13069,Fritillaria,bucharica,5300758,,57
13070,Fritillaria,camschatcensis,5300639,,57
13071,Fritillaria,camtschatcensis,7295952,,57
13072,Fritillaria,delavayi,5300627,,57
13073,Fritillaria,karelinii,5300486,,57
13074,Fritillaria,sewerzowii,5300745,,57
13075,Fritillaria,tortifolia,5300608,,57
13076,Garcinia,quaesita,3713013,,160
13077,Leptactina,senegambica,4938018,,381
13078,Melicope,ternata,3190202,,257
13079,Solanum,brevicaule,3799794,Solanum leptophyes,388
13080,Veratrum,grandiflorum,8652850,,58
13081,Veratrum,mengtzeanum,2742092,,58
13082,Veratrum,nigrum,2742096,,58
13083,Veratrum,taliense,2742094,,58
13084,Anthemis,tigreensis,3122580,,423
13085,Anthoxanthum,aristatum,2705972,Anthoxanthum puelii,102
13086,Martynia,annua,3172618,,400
13087,Amomyrtella,guili,3715897,,235
13088,Bulbophyllum,cheiri,2843948,,75
13089,Carduus,getulus,3114774,,423
13090,Chamaecrista,duckeana,2949673,,193
13091,Cinnamomum,oliveri,4181584,,25
13092,Croton,malambo,3058791,,166
13093,Croton,triangularis,3059617,,166
13094,Diosma,acmaephylla,3831196,,257
13095,Eremophila,longifolia,5565892,,411
13096,Espeletia,grandiflora,3105059,,423
13097,Illicium,dunnianum,7314080,,6
13098,Lagascea,mollis,3132776,,423
13099,Nierembergia,aristata,7299459,,388
13100,Notylia,fragrans,2850697,,75
13101,Pimpinella,puberula,5538818,,439
13102,Pulmonaria,mollis,7958783,,382
13103,Tetracera,alnifolia,5680805,,128
13104,Zieria,cytisoides,7269013,,257
13105,Zieria,involucrata,5593337,,257
13106,Zieria,murphyi,5593288,,257
13107,Zieria,obcordata,5593285,,257
13108,Zieria,robusta,5593219,,257
13109,Acer,glabrum,3189864,,258
13110,Alchemilla,speciosa,3028148,,204
13111,Allium,triquetrum,2856457,,63
13112,Alstonia,spectabilis,5535555,Alstonia somersetensis,376
13113,Alstroemeria,pulchra,2753903,,53
13114,Amborella,trichopoda,3667902,,1
13115,Anisodus,stramoniifolius,3803433,Anisodus luridus,388
13116,Annona,crassiflora,5407096,,15
13117,Aristeguietia,gayana,3110141,,423
13118,Arnica,discoidea,5405984,,423
13119,Arnica,griscomii,5699713,Arnica frigida,423
13120,Arnica,fulgens,5405934,,423
13121,Arnica,latifolia,5406004,,423
13122,Arnica,louiseana,5405933,,423
13123,Arnica,rydbergii,5405997,,423
13124,Arnica,sororia,5405982,,423
13125,Astilbe,biternata,8142314,,142
13126,Astragalus,dipelta,5343390,,193
13127,Astragalus,sosnowskyi,5347158,,193
13128,Astragalus,testiculatus,5343676,,193
13129,Betula,humilis,5331629,,207
13130,Brachyglottis,cassinioides,3138447,,423
13131,Calophyllum,sclerophyllum,5556217,,156
13132,Calycera,herbacea,7274546,,425
13133,Leucocera,leucanthema,11537509,Calycera leucanthema,425
13134,Carthamus,gypsicola,3138228,,423
13135,Centaurea,bornmuelleri,7648409,,423
13136,Chimarrhis,turbinata,2918967,,381
13137,Chrysosplenium,tetrandrum,5371612,,142
13138,Chuquiraga,parviflora,3109538,,423
13139,Circaea,lutetiana,3188794,,236
13140,Clematis,terniflora,3033546,,118
13141,Clibadium,glabrescens,3104809,,423
13142,Clibadium,laxum,3104805,,423
13143,Clibadium,microcephalum,3104834,,423
13144,Clibadium,pentaneuron,3104826,,423
13145,Clibadium,surinamense,3104771,,423
13146,Clibadium,terebinthinaceum,3104835,,423
13147,Coreopsis,auriculata,3133965,,423
13148,Coreopsis,basalis,3133967,,423
13149,Coreopsis,intermedia,3133922,,423
13150,Coreopsis,nuecensis,3133925,,423
13151,Coreopsis,pubescens,3134025,,423
13152,Crocus,antalyensis,2747304,,72
13153,Crotalaria,retusa,2942610,,193
13154,Curio,citriformis,3107750,,423
13155,Curio,hallianus,4242096,,423
13156,Curio,herreanus,3149664,,423
13157,Curio,ovoideus,3108580,,423
13158,Curio,radicans,3107396,,423
13159,Curio,rowleyanus,3149649,,423
13160,Curio,sulcicalyx,4242063,,423
13161,Curio,talinoides,4242038,Curio talinoides var. mandraliscae,423
13162,Cuscuta,europaea,2927493,Cuscuta europea,385
13163,Cuscuta,gronovii,2927492,,385
13164,Cuscuta,odorata,7324028,,385
13165,Cuscuta,pedicellata,3677416,,385
13166,Vincetoxicum,ascyrifolium,8060708,Cynanchum ascyrifolium,376
13167,Cynoglossum,gansuense,4064155,,382
13168,Detarium,microcarpum,2961176,,193
13169,Dionaea,muscipula,5421410,,316
13170,Doronicum,macrophyllum,8292300,,423
13171,Duguetia,bahiensis,3157552,,15
13172,Duguetia,chrysocarpa,3157532,,15
13173,Elaeagnus,bockii,7293117,,201
13174,Elaeagnus,lanceolata,4048289,,201
13175,Erythroxylum,barbatum,3694362,,165
13176,Erythroxylum,myrsinites,3694208,,165
13177,Erythroxylum,pruinosum,3694088,,165
13178,Erythroxylum,rufum,2873944,,165
13179,Erythroxylum,squamatum,7284874,,165
13180,Erythroxylum,suberosum,7284843,,165
13181,Erythroxylum,subracemosum,3694072,,165
13182,Erythroxylum,tenue,3693998,,165
13183,Erythroxylum,ulei,3694437,,165
13184,Euphorbia,hyssopifolia,3065912,,166
13185,Parogonum,ciliinode,12207464,Fallopia cilinode,333
13186,Ficus,vallis-choudae,5571789,,202
13187,Fraxinus,insularis,7326033,,402
13188,Fuchsia,abrupta,6029080,,236
13189,Fuchsia,ampliata,6029069,,236
13190,Fuchsia,andrei,6029068,,236
13191,Fuchsia,apetala,6029067,,236
13192,Fuchsia,arborescens,10867092,,236
13193,Fuchsia,austromontana,6029041,,236
13194,Fuchsia,ayavacensis,6029040,,236
13195,Fuchsia,boliviana,5938225,,236
13196,Fuchsia,campos-portoi,6029019,,236
13197,Fuchsia,cestroides,6029010,,236
13198,Fuchsia,chloroloba,6029006,,236
13199,Fuchsia,coccinea,7443030,,236
13200,Fuchsia,colensoi,6028991,,236
13201,Fuchsia,corollata,6028977,,236
13202,Fuchsia,corymbiflora,6028976,,236
13203,Fuchsia,cyrtandroides,6028964,,236
13204,Fuchsia,decidua,6028963,,236
13205,Fuchsia,decussata,6028959,,236
13206,Fuchsia,denticulata,6028957,,236
13207,Fuchsia,dependens,6028956,,236
13208,Fuchsia,eucliandra,6028941,,236
13209,Fuchsia,excorticata,7700511,,236
13210,Fuchsia,ferreyrae,6028935,,236
13211,Fuchsia,fontinalis,6028929,,236
13212,Fuchsia,fulgens,6028927,,236
13213,Fuchsia,furfuracea,6028924,,236
13214,Fuchsia,garleppiana,6028922,,236
13215,Fuchsia,gehrigeri,6028919,,236
13216,Fuchsia,harlingii,6028904,,236
13217,Fuchsia,hartwegii,6028903,,236
13218,Fuchsia,hirtella,6028895,,236
13219,Fuchsia,inflata,6028886,,236
13220,Fuchsia,jimenezii,6028871,,236
13221,Fuchsia,juntasensis,6028867,,236
13222,Fuchsia,lehmannii,6028859,,236
13223,Fuchsia,loxensis,6028846,,236
13224,Fuchsia,lycioides,6028843,,236
13225,Fuchsia,macrophylla,6028836,,236
13226,Fuchsia,macrostigma,7322218,,236
13227,Fuchsia,magellanica,5938224,,236
13228,Fuchsia,mathewsii,6028799,,236
13229,Fuchsia,membranacea,8363959,,236
13230,Fuchsia,microphylla,7322172,,236
13231,Fuchsia,nigricans,6028761,,236
13232,Fuchsia,obconica,6028759,,236
13233,Fuchsia,ovalis,7322140,,236
13234,Fuchsia,pallescens,6029374,,236
13235,Fuchsia,paniculata,5938223,,236
13236,Fuchsia,parviflora,6029369,,236
13237,Fuchsia,perscandens,6029361,,236
13238,Fuchsia,petiolaris,7322867,,236
13239,Fuchsia,pilaloensis,6029356,,236
13240,Fuchsia,polyantha,7532907,,236
13241,Fuchsia,pringsheimii,6029346,,236
13242,Fuchsia,procumbens,6029345,,236
13243,Fuchsia,putumayensis,6029339,,236
13244,Fuchsia,regia,7322827,,236
13245,Fuchsia,rivularis,7322818,,236
13246,Fuchsia,sanctae-rosae,6029305,,236
13247,Fuchsia,scabriuscula,6029300,,236
13248,Fuchsia,sessilifolia,6029293,,236
13249,Fuchsia,simplicicaulis,6029290,,236
13250,Fuchsia,splendens,8351674,,236
13251,Fuchsia,steyermarkii,6029278,,236
13252,Fuchsia,sylvatica,6029271,,236
13253,Fuchsia,thymifolia,7322775,,236
13254,Fuchsia,tillettiana,6029260,,236
13255,Fuchsia,tincta,6029258,,236
13256,Fuchsia,triphylla,6029253,,236
13257,Fuchsia,tunariensis,6029246,,236
13258,Fuchsia,vargasiana,6029239,,236
13259,Fuchsia,venusta,7322750,,236
13260,Fuchsia,vulcanica,6029229,,236
13261,Fuchsia,wurdackii,6029225,,236
13262,Gamocarpha,alpina,3906807,,425
13263,Gouania,obtusifolia,5602956,,203
13264,Grona,adscendens,10846639,,193
13265,Guatteria,rupestris,3155652,,15
13266,Guatteria,villosissima,3155732,,15
13267,Gynura,procumbens,3139818,,423
13268,Haplophyllum,glaberrimum,8400385,Haplophyllum glabrinum,257
13269,Hymenoxys,hoopesii,3150175,Helenium hoopesii,423
13270,Helenium,amarum,5401836,Helenium tenuifolium,423
13271,Hippocrepis,emerus,5353705,,193
13272,Kopsia,profunda,5535926,,376
13273,Lafoensia,vandelliana,7286254,Lafoensia densiflora,233
13274,Laserpitium,latifolium,6026401,,439
13275,Lathyrus,japonicus,5356714,,193
13276,Leptarrhena,pyrolifolia,3032880,,142
13277,Leuconotis,eugeniifolia,6712892,Leuconotis eugenifolius,376
13278,Liriodendron,chinense,3152873,,20
13279,Lysimachia,barystachys,3169347,,362
13280,Marah,fabacea,3622328,,219
13281,Marah,oregana,2874545,,219
13282,Matthiola,longipetala,7740944,Matthiola bicornis,273
13283,Melianthus,comosus,3845268,,226
13284,Millettia,sericea,7807253,,193
13285,Myrothamnus,flabellifolius,4936263,Myrothamnus flabellifolia,127
13286,Neurolaena,oaxacana,3096773,,423
13287,Nidorella,aegyptiaca,8339120,,423
13288,Ocotea,velloziana,4181105,,25
13289,Oenothera,brachycarpa,3188910,,236
13290,Oenothera,dissecta,3667028,,236
13291,Oenothera,fruticosa,7884360,,236
13292,Oenothera,havardii,3188823,,236
13293,Oenothera,perennis,3188838,,236
13294,Onobrychis,amoena,2972724,,193
13295,Onobrychis,chorassanica,2972642,,193
13296,Onobrychis,echidna,2972720,,193
13297,Onobrychis,arenaria,4929746,Onobrychis ferganica,193
13298,Onobrychis,grandis,2972737,,193
13299,Onobrychis,saravschanica,2972722,Onobrychis seravschanica,193
13300,Ophrys,scolopax,2792827,,75
13301,Oreocereus,celsianus,7282602,Oreocereus bruennowii,312
13302,Ostericum,citriodorum,3637222,,439
13303,Ostericum,maximowiczii,6026984,,439
13304,Parietaria,officinalis,5361803,,206
13305,Parinari,brasiliensis,2984962,,159
13306,Parinari,cardiophylla,2984939,,159
13307,Parinari,chocoensis,2984959,,159
13308,Parinari,congensis,2984972,,159
13309,Parinari,excelsa,2985000,,159
13310,Parinari,insularum,2984938,,159
13311,Parinari,littoralis,2984988,,159
13312,Parinari,maguirei,2985031,,159
13313,Parinari,montana,2984746,,159
13314,Parinari,nonda,7981083,,159
13315,Parinari,oblongifolia,2984948,,159
13316,Parinari,occidentalis,2984993,,159
13317,Parinari,pachyphylla,2984940,,159
13318,Parinari,parilis,2984991,,159
13319,Parinari,parvifolia,2984969,,159
13320,Peltophorum,dasyrhachis,8110229,,193
13321,Persicaria,muricata,7291406,,333
13322,Philadelphus,lewisii,2986027,,345
13323,Phlomis,orientalis,7307102,Phlomis caucasica,396
13324,Phlomis,purpurea,7307046,,396
13325,Phlomoides,spectabilis,3884993,Phlomis spectabilis,396
13326,Poiretia,latifolia,5355200,,193
13327,Popowia,pisocarpa,3156655,,15
13328,Potentilla,tanacetifolia,5367674,,204
13329,Psephellus,bornmuelleri,3137884,,423
13330,Psephellus,schischkinii,3137909,,423
13331,Pycnanthemum,incanum,2927354,,396
13332,Pycnocycla,tomentosa,3641073,,439
13333,Pyrola,chlorantha,2888276,,355
13334,Quercus,pontica,2881057,,209
13335,Rhus,lanceolata,3190559,,251
13336,Streptocarpus,ionanthus,10796900,Saintpaulia ionantha,395
13337,Salvia,cavaleriei,3882060,,396
13338,Sarcodes,sanguinea,2888363,,355
13339,Sarracenia,jonesii,5572770,,365
13340,Saussurea,mongolica,5404367,,423
13341,Saxifraga,tricuspidata,3032759,,142
13342,Schouwia,purpurea,5375907,,273
13343,Senecio,herreianus,3107117,,423
13344,Sigmatanthus,trifoliatus,3838259,,257
13345,Sphagneticola,calendulacea,3116861,,423
13346,Stephanodoria,tomentella,3143061,,423
13347,Strychnos,rondeletioides,5645583,Strychnos macrophylla,380
13348,Tabebuia,ochracea,7880545,,391
13349,Tacca,plantaginea,2755849,,46
13350,Tecoma,grandiflora,7703659,,391
13351,Tephrosia,calophylla,5342073,,193
13352,Trifolium,ambiguum,5359385,,193
13353,Trillium,kamtschaticum,8281708,,58
13354,Ancistrocladus,barteri,8146549,,308
13355,Ancistrocladus,congolensis,3658983,,308
13356,Ancistrocladus,griffithii,3658988,,308
13357,Ancistrocladus,tanzaniensis,3659011,,308
13358,Colchicum,hierosolymitanum,2739659,,55
13359,Dysoxylum,acutangulum,7271367,,255
13360,Melaleuca,cajuputi,5415885,,235
13361,Mikania,alvimii,5398431,,423
13362,Phyllanthus,acutifolius,5381417,,181
13363,Rhododendron,collettianum,4165997,,355
13364,Schumanniophyton,problematicum,2899640,,381
13365,Artemisia,pauciflora,8687560,,423
13366,Artemisia,saissanica,4225797,,423
13367,Artemisia,schrenkiana,3121389,,423
13368,Artemisia,subchrysolepis,3121266,,423
13369,Justicia,grandis,12220479,,390
13370,Lysimachia,punctata,3169340,,362
13371,Oxalis,erythrorhiza,3626437,,152
13372,Allium,scorodoprasum,9177060,,63
13373,Wurfbainia,mindanaensis,10834141,Amomum mindanaense,93
13374,Euphorbia,mellifera,3069311,,166
13375,Euphorbia,stygiana,3069679,,166
13376,Allium,turcomanicum,2856053,,63
13377,Baccharis,darwinii,3129943,,423
13378,Cardiagyris,scabra,10679713,,423
13379,Cephalaria,transsylvanica,4934466,,438
13380,Curio,corymbifer,10090698,,423
13381,Corymbia,tessellaris,5418427,Eucalyptus tessellaris,235
13382,Marsypianthes,glomerata,3905550,,396
13383,Nicotiana,rustica,2928775,,388
13384,Oocephalus,oppositiflorus,7576391,,396
13385,Symphyotrichum,undulatum,3151787,,423
13386,Teucrium,spinosum,3892988,,396
13387,Triptilion,benaventii,4209246,Triptilion benaventei,423
13388,Torilis,arvensis,3034823,,439
13389,Solanecio,angulatus,3090960,,423
13390,Helminthotheca,aculeata,3141845,Helminthotheca aculeata (Vahl) Lack,423
13391,Helminthotheca,aculeata,7223368,Picris aculeata,423
13392,Uvaria,pandensis,3154243,,15
13393,Hedypnois,cretica,5394840,,423
13394,Acacia,pulchella,2980170,,193
13395,Acer,pycnanthum,3768230,,258
13396,Amberboa,ramosa,3122175,,423
13397,Artemisia,mesatlantica,3121256,,423
13398,Brya,ebenus,5348895,,193
13399,Calceolaria,chelidonioides,3172127,,393
13400,Calceolaria,mexicana,3725541,,393
13401,Calceolaria,pavonii,3724397,,393
13402,Calceolaria,scabiosifolia,4076921,,393
13403,Calceolaria,tripartita,3172126,,393
13404,Caragana,pygmaea,2943272,,193
13405,Chresta,martii,3142074,,423
13406,Combretum,leprosum,3698829,,231
13407,Corydalis,taliensis,7314841,,117
13408,Eriocephalus,scariosus,3130139,,423
13409,Eupatorium,mikanioides,5403162,,423
13410,Garcinia,lateriflora,3189557,,160
13411,Rhodanthe,charsleyae,3137658,Helipterum charsleyae,423
13412,Hypericum,elodeoides,7330142,,170
13413,Lotus,maritimus,5356973,,193
13414,Dolichandra,cynanchoides,7298320,Macfadyena cynanchoides,391
13415,Microliabum,candidum,3146332,,423
13416,Philotheca,myoporoides,7268825,,257
13417,Piliostigma,malabaricum,2947990,,193
13418,Isodon,macrocalyx,5608938,Rabdosia macrocalyx,396
13419,Roldana,sessilifolia,3108185,,423
13420,Sideritis,pumila,3889202,,396
13421,Stachys,candida,7547054,,396
13422,Stachys,chrysantha,3884298,,396
13423,Trichophorum,cespitosum,2710592,,95
13424,Vouacapoua,macropetala,2940386,,193
13425,Xylopia,columbiana,3157227,,15
13426,Xyris,itatiayensis,2693060,,110
13427,Allophylus,laevigatus,5577426,,258
13428,Anemone,coronaria,3033261,,118
13429,Annona,montana,5407165,,15
13430,Anthocleista,djalonensis,4019367,,379
13431,Isotrema,mollissimum,10906120,Aristolochia mollissima,10
13432,Artemisia,gypsacea,3121627,,423
13433,Aster,conspicuus,7808334,,423
13434,Styphelia,humifusa,4010377,Astroloma humifusum,355
13435,Austrocylindropuntia,cylindrica,3951322,,312
13436,Alloberberis,fremontii,10511919,Berberis fremontii,112
13437,Malleastrum,boivinianum,3851146,Cipadessa boivinina,255
13438,Croton,lechleri,3057776,,166
13439,Cryptocarya,idenburgensis,4176333,,25
13440,Myrceugenia,exsucca,3185537,Eugenia exsucca,235
13441,Euphorbia,pedroi,3067967,,166
13442,Friesodielsia,velutina,3156755,,15
13443,Garberia,heterophylla,3118103,,423
13444,Gardenia,gordonii,5335103,Gardenia gordoni,381
13445,Limonium,wrightii,7298231,,332
13446,Manilkara,kauki,2885150,Mimusops manilkara,364
13447,Nectandra,puberula,5686066,,25
13448,Nectandra,turbacensis,5371729,,25
13449,Quassia,amara,3190647,,260
13450,Radermachera,boniana,4092587,,391
13451,Senna,multijuga,2957158,,193
13452,Teucrium,canadense,2926899,,396
13453,Xylopia,vielana,3157037,,15
13454,Earina,autumnalis,5322658,,75
13455,Eupatorium,luchuense,5402970,Eupatorium kiirunense,423
13456,Guatteria,ouregou,3155807,,15
13457,Moraea,pallida,2744602,Homeria glauca,72
13458,Trichilia,schomburgkii,7271374,,255
13459,Anisotes,trisulcus,7264401,,390
13460,Galega,battiscombei,2975658,,193
13461,Galega,lindblomii,2975660,,193
13462,Justicia,adhatoda,3173105,,390
13463,Nitraria,komarovii,3986973,,256
13464,Gardenia,crameri,5335120,,381
13465,Vernonella,praemorsa,8066300,,423
13466,Eucalyptus,calycogona,3177140,,235
13467,Strychnos,usambarensis,5645098,,380
13468,Wahlenbergia,marginata,5413733,,426
13469,Brunfelsia,latifolia,3799916,Brunfelsia latiflora (Pohl) Benth.,388
13470,Brunfelsia,pauciflora,6402571,Brunfelsia pauciflora (Cham. & Schltdl.) Benth.,388
13471,Carex,brevicollis,2724832,,95
13472,Kopsia,griffithii,7317044,,376
13473,Oxalis,tuberosa,2891751,,152
13474,Oxytropis,puberula,5360896,,193
13475,Passiflora,actinia,3586769,,179
13476,Passiflora,amethystina,3588184,,179
13477,Passiflora,auriculata,3587589,,179
13478,Passiflora,boenderi,3587179,,179
13479,Passiflora,cincinnata,2874200,,179
13480,Passiflora,citrina,3587717,,179
13481,Passiflora,cuneata,3586845,,179
13482,Passiflora,discophora,3588063,,179
13483,Passiflora,filipes,2874209,,179
13484,Passiflora,guatemalensis,3588364,,179
13485,Passiflora,juliana,3587067,,179
13486,Passiflora,laurifolia,2874210,,179
13487,Passiflora,lobata,3586521,,179
13488,Passiflora,lutea,2874220,,179
13489,Passiflora,maliformis,2874191,,179
13490,Passiflora,manicata,2874185,,179
13491,Passiflora,multiflora,2874187,,179
13492,Passiflora,perfoliata,7313414,,179
13493,Passiflora,alata,2874181,Passiflora phoenicia,179
13494,Passiflora,racemosa,2874195,Passiflora princeps,179
13495,Passiflora,rubra,2874212,,179
13496,Passiflora,subpeltata,2874219,,179
13497,Passiflora,tenuifila,3587686,,179
13498,Passiflora,tuberosa,2874208,,179
13499,Passiflora,xiikzodz,7313508,,179
13500,Combretum,nigricans,3699804,,231
13501,Combretum,punctatum,7327066,,231
13502,Elephantorrhiza,goetzei,2933005,,193
13503,Terminalia,engleri,9331039,Pteleopsis suberosa Engl.et Diels,231
13504,Rudgea,viburnoides,2910591,,381
13505,Pulicaria,laciniata,3095636,,423
13506,Zieria,chevalieri,5593431,,257
13507,Struthiola,argentea,5524321,,270
13508,Galanthus,nivalis,2855356,,63
13509,Lathyrus,odoratus,5356514,Lathyrus odorata,193
13510,Leucas,inflata,7955294,,396
13511,Isodon,nervosus,5608911,Rabdosia nervosa,396
13512,Dhofaria,macleishii,7516972,,275
13513,Puccionia,macradenia,3871416,,277
13514,Aconitum,nemorum,7276892,,118
13515,Crepis,pyrenaica,5403358,,423
13516,Euryale,ferox,7795516,,4
13517,Ixeris,repens,3115554,,423
13518,Crepidiastrum,sonchifolium,8142598,Ixeris sonchifolia,423
13519,Kallstroemia,maxima,3189888,Kallstroemia tribuloides,192
13520,Lipotriche,scandens,9571367,,423
13521,Pertya,triloba,8397795,Macroclinidium trilobum,423
13522,Ixeridium,dentatum,7223404,ixeris dentata,423
13523,Panax,bipinnatifidus,5372271,Panax bipinnatifidus var. bipinnatifidus,441
13524,Panax,bipinnatifidus,5372264,Panax japonicus var. major (burk.) wu et feng,441
13525,Crambe,cordifolia,5373502,,273
13526,Crambe,kotschyana,5373553,,273
13527,Artabotrys,modestus,6425263,Artabotrys modestus ssp. macranthus,15
13528,Cissampelos,pareira,3033937,,116
13529,Sterculia,scaphigera,7362874,,265
13530,Eucalyptus,anceps,3176990,,235
13531,Peristeria,elata,5307524,,75
13532,Asteriscus,intermedius,5393678,,423
13533,Baccharis,sessiliflora,8272966,,423
13534,Baccharis,tucumanensis,3129939,,423
13535,Grindelia,pulchella,8264311,,423
13536,Ochrosperma,lineare,3186879,,235
13537,Sanvitalia,ocymoides,3104101,,423
13538,Teucrium,siculum,7308030,,396
13539,Hoffmannanthus,abbotianus,9233978,,423
13540,Blepharizonia,plumosa,3117336,,423
13541,Ageratum,myriadenium,5401759,,423
13542,Aniba,kappleri,4181063,,25
13543,Astragalus,mongolicus,5346663,,193
13544,Calceolaria,arachnoidea,8389740,,393
13545,Chrysobalanus,icaco,2985082,,159
13546,Haplopappus,schumannii,3100582,,423
13547,Nothofagus,cunninghamii,2874928,,212
13548,Senecio,roseiflorus,3107608,,423
13549,Tamarix,hispida,3613097,,341
13550,Aloe,duckeri,2777677,,65
13551,Aloe,greatheadii,2777232,,65
13552,Aloe,kilifiensis,2777368,,65
13553,Aloe,lateritia,2777966,,65
13554,Aloe,macrocarpa,2777569,,65
13555,Pseudognaphalium,canescens,8136105,,423
13556,Ancistrocladus,ealaensis,3659010,,308
13557,Ancistrocladus,ileboensis,7977186,,308
13558,Annona,atemoya,5407120,,15
13559,Antigonon,leptopus,2889355,,333
13560,Bursera,fagaroides,3190449,,253
13561,Croton,palanostigma,3058133,,166
13562,Cussonia,zimmermannii,3035208,,441
13563,Diphylleia,cymosa,5371722,,112
13564,Eremophila,mitchellii,5565707,,411
13565,Eriope,blanchetii,3898058,,396
13566,Eriope,latifolia,3897816,,396
13567,Euryops,chrysanthemoides,5394961,,423
13568,Galium,album,2915140,Galium fagetorum,381
13569,Geigeria,ornativa,3119853,,423
13570,Helichrysum,oocephalum,3131750,,423
13571,Hernandia,guianensis,3685420,,24
13572,Ipomoea,alba,2928631,,385
13573,Kopsia,dasyrachis,5536032,,376
13574,Kalmia,buxifolia,4165164,Leiophyllum buxifolium,355
13575,Linum,arboreum,7992207,,174
13576,Linum,austriacum,2873877,,174
13577,Linum,boissieri,4048593,,174
13578,Linum,campanulatum,7734774,,174
13579,Linum,cariense,4049104,,174
13580,Linum,corymbulosum,4048809,,174
13581,Linum,elegans,4048442,,174
13582,Linum,hirsutum,7293186,,174
13583,Linum,lewisii,2873876,,174
13584,Linum,monogynum,4048975,,174
13585,Linum,mucronatum,7379882,,174
13586,Linum,nodiflorum,7293197,,174
13587,Linum,pamphylicum,9117753,,174
13588,Linum,tauricum,7293156,,174
13589,Linum,thracicum,8271499,,174
13590,Linum,viscosum,4049081,,174
13591,Salpichroa,diffusa,7299541,,388
13592,Salvia,leriifolia,3897791,,396
13593,Schkuhria,pinnata,8346536,,423
13594,Caputia,pyramidata,9526655,Senecio pyramidatus,423
13595,Vepris,trichocarpa,3833974,Teclea trichocarpa,257
13596,Libertia,sessiliflora,5296870,Libertia caerulescens,72
13597,Morinda,umbellata,9158601,,381
13598,Oldenlandia,umbellata,2915763,,381
13599,Rubia,peregrina,2892347,,381
13600,Rubia,tinctorum,2892272,,381
13601,Endiandra,baillonii,4178823,,25
13602,Solanum,aculeastrum,2929801,,388
13603,Solanum,anguivi,2931542,,388
13604,Pityopsis,graminifolia,7222718,Pityopsis graminifolia var. graminifolia,423
13605,Uvaria,tanzaniae,3154282,,15
13606,Calanthe,discolor,2795312,,75
13607,Crinum,firmifolium,2853656,,63
13608,Crotalaria,thebaica,2941841,,193
13609,Croton,bonplandianus,3058543,,166
13610,Echiochilon,fruticosum,4060436,,382
13611,Hymenoxys,ambigens,4231349,Hymenoxys microcephala,423
13612,Melochia,umbellata,7758993,Melochia umbellata var. deglabrata,265
13613,Neolitsea,parvigemma,4179373,,25
13614,Nicotiana,paniculata,2928760,,388
13615,Piper,taiwanense,4184939,,13
13616,Psychotria,alainii,2923396,Psychotria alliance,381
13617,Sesbania,drummondii,2970712,,193
13618,Synedrellopsis,grisebachii,7541822,,423
13619,Tabebuia,angustata,4091368,Tecoma heptaphylla,391
13620,Tithonia,rotundifolia,5396551,,423
13621,Acacia,melanoxylon,2979000,,193
13622,Acacia,retinodes,2979408,,193
13623,Alternanthera,sessilis,3084939,,306
13624,Eremogone,kansuensis,7663729,,313
13625,Pachycereus,schottii,3084408,Lophocereus schottii,312
13626,Cucumis,maderaspatanus,8364646,Mukia maderaspatana,219
13627,Tetragonia,tetragonoides,5554574,,305
13628,Abrus,melanospermus,3980200,,193
13629,Achyranthes,bidentata,3676467,Achyranthes japonica,306
13630,Aloe,bakeri,2777764,,65
13631,Aloe,broomii,2777754,,65
13632,Aloe,dichotoma,8263672,,65
13633,Aloe,humilis,2777339,,65
13634,Aloe,jacksonii,2777742,,65
13635,Aloe,kefaensis,2777490,,65
13636,Aloe,khamiesensis,2777516,,65
13637,Aloe,officinalis,2777592,,65
13638,Aloe,volkensii,2778136,,65
13639,Aloidendron,dichotomum,9485745,,65
13640,Alvaradoa,haitiensis,7574516,,246
13641,Alvaradoa,jamaicensis,7457957,,246
13642,Asphodeline,taurica,2777121,,65
13643,Rhynchospermum,verticillatum,3114400,Aster verticillatus,423
13644,Bartlettina,karwinskiana,3134454,,423
13645,Bulbine,narcissifolia,5304962,,65
13646,Senna,quinquangulata,2956955,Cassia quinquangulata,193
13647,Cassia,sophora,7746370,,193
13648,Dianella,longifolia,7756071,,65
13649,Hemerocallis,lilioasphodelus,2781103,Hemerocallis lilio-asphodelus,65
13650,Karwinskia,humboldtiana,3039523,,203
13651,Kniphofia,caulescens,5305137,,65
13652,Kniphofia,linearifolia,5305011,,65
13653,Kniphofia,reynoldsii,5305173,,65
13654,Luetzelburgia,auriculata,2947743,Luetzelburgia pallidiflora,193
13655,Manilkara,bidentata,7223590,Mimusops globosa,364
13656,Phormium,colensoi,4931274,Phormium cookianum,65
13657,Phormium,tenax,2778511,,65
13658,Picramnia,sellowii,7329631,,246
13659,Psorospermum,febrifugum,3714548,,170
13660,Sanguisorba,alpina,3029699,,204
13661,Senna,gaudichaudii,2957459,,193
13662,Senna,macranthera,2957977,,193
13663,Senna,macranthera,2957983,Senna macranthera var. pudibunda,193
13664,Senna,sulfurea,2957247,,193
13665,Doona,venulosa,4096831,Shorea worthingtonii,264
13666,Simethis,mattiazzii,2778346,,65
13667,Ventilago,viminalis,3877416,,203
13668,Vismia,latifolia,7330259,,170
13669,Wikstroemia,monticola,5420857,,270
13670,Scaevola,spinescens,7262269,,427
13671,Phanera,championii,2953113,Bauhinia championii,193
13672,Bauhinia,championiae,11142212,Bauhinia championll,193
13673,Citrus,flavicarpa,9510672,,257
13674,Citrus,shunkokan,9419418,,257
13675,Eupatorium,coelestinum,7400732,,423
13676,Syzygium,luehmannii,3182303,,235
13677,Achillea,conferta,3120046,,423
13678,Achillea,cucullata,3120354,,423
13679,Achillea,sipikorensis,3120375,,423
13680,Aequatorium,verrucosum,3092069,,423
13681,Artemisia,cana,3121553,,423
13682,Grosvenoria,coelocaulis,3100901,,423
13683,Hypochaeris,oligocephala,3093880,,423
13684,Hypochaeris,echegarayi,3093894,Hypochaeris setosus Rusby,423
13685,Stevia,pilosa,3125526,,423
13686,Anthemis,candidissima,3122554,,423
13687,Anthemis,tomentosa,7691448,,423
13688,Gonospermum,gomerae,3117127,,423
13689,Tanacetum,aureum,3118451,,423
13690,Cassinia,aculeata,5390402,,423
13691,Delphinium,carduchorum,3922484,,118
13692,Delphinium,crispulum,4931391,,118
13693,Delphinium,linearilobum,8435438,,118
13694,Polycarpon,succulentum,8179121,,313
13695,Euphorbia,umbellata,3070438,Synadenium grantii,166
13696,Tephrosia,leiocarpa,5342419,,193
13697,Amorphophallus,annulifer,2871455,,32
13698,Capsicum,annuum,7258980,Capsicum annuum var. annuum,388
13699,Porpax,braccata,11043422,Eria rupestris,75
13700,Euphorbia,thymifolia,3066919,,166
13701,Quercus,phillyraeoides,7274465,,209
13702,Clerodendrum,inerme,8100393,,396
13703,Baileya,pleniradiata,5386081,,423
13704,Pleurostylia,africana,3792438,,144
13705,Pentanema,caspicum,11079147,Inula falconeri,423
13706,Inula,linearifolia,4933627,Inula lineariifolia,423
13707,Iva,axillaris,5402631,,423
13708,Sinomarsdenia,tomentosa,12235676,Marsdenia tomentosa Decne.,376
13709,Pappobolus,sagasteguii,3093651,,423
13710,Rhanteriopsis,bombycina,4208370,,423
13711,Sisymbrium,irio,3046851,,273
13712,Ismene,deflexa,5326968,Hymenocallis x festalis,63
13713,Narcissus,bicolor,2858359,,63
13714,Sprekelia,formosissima,2860360,,63
13715,Zephyranthes,candida,2859976,,63
13716,Diospyros,rhombifolia,4070021,,354
13717,Blumea,tenella,5395682,,423
13718,Ferula,akitschkensis,4928248,,439
13719,Ferula,lancerotensis,3637862,,439
13720,Globularia,cordifolia,7265184,,408
13721,Allium,macrostemon,2857455,,63
13722,Anredera,baselloides,3083511,,311
13723,Anredera,cordifolia,3083508,,311
13724,Aralia,armata,3036888,,441
13725,Aralia,elata,3036892,,441
13726,Paris,yunnanensis,5295953,Daiswa yunnanensis,58
13727,Hedera,taurica,3036067,,441
13728,Lonicera,nigra,7768870,,438
13729,Lysimachia,patungensis,7290720,,362
13730,Parthenium,ligulatum,3086799,,423
13731,Polyscias,scutellaria,3035778,,441
13732,Rhodiola,algida,8238889,,132
13733,Senna,pallida,2957031,,193
13734,Silphium,laciniatum,3092583,,423
13735,Gomphocarpus,fruticosus,7150619,,376
13736,Esenbeckia,conspecta,7954534,,257
13737,Esenbeckia,flava,5593060,,257
13738,Commiphora,rostrata,7286834,,253
13739,Pittosporum,angustifolium,4161832,,445
13740,Pittosporum,phillyraeoides,4937309,,445
13741,Pittosporum,undulatum,2986239,,445
13742,Baccharis,latifolia,3129805,,423
13743,Ligularia,virgaurea,5395472,,423
13744,Clivia,nobilis,5326276,,63
13745,Acacia,linarioides,2979465,,193
13746,Acokanthera,oblongifolia,7934175,,376
13747,Aframomum,letestuanum,2758852,,93
13748,Aquilegia,viridiflora,7277995,,118
13749,Brombya,platynema,3831520,,257
13750,Denhamia,disperma,7756144,Celastrus dispermus,144
13751,Cerbera,odollam,7155753,,376
13752,Clinopodium,gracile,2926958,,396
13753,Coelogyne,flavida,7878443,,75
13754,Daphne,arisanensis,5523853,,270
13755,Guadua,angustifolia,4155017,,102
13756,Tinadendron,noumeanum,3846920,Guettarda noumeana,381
13757,Helichrysum,mimetes,3131112,,423
13758,Homalium,longifolium,5604050,,187
13759,Jaborosa,leucotricha,3801903,,388
13760,Kiggelaria,africana,3880382,,153
13761,Mikania,microptera,5398771,,423
13762,Otoba,parvifolia,8645517,,19
13763,Pentacalia,epiphytica,3111543,,423
13764,Perymenium,jelskii,3132193,,423
13765,Phenax,angustifolius,5670460,,206
13766,Potentilla,candicans,5368244,,204
13767,Roldana,aschenborniana,3127408,,423
13768,Strychnos,elaeocarpa,5645231,,380
13769,Strychnos,wallichiana,5645841,,380
13770,Trichilia,havanensis,7271307,,255
13771,Tripterospermum,lanceolatum,5596430,,379
13772,Trixis,anomala,5398984,,423
13773,Ursinia,nana,3089064,,423
13774,Veronica,liwanensis,3729841,,408
13775,Antidesma,montanum,3076603,Antidesma montanum var. montanum,181
13776,Arcangelisia,flava,3830318,,116
13777,Isotrema,asclepiadifolium,10912143,Aristolochia asclepiadifolia,10
13778,Artemisia,stolonifera,3121167,,423
13779,Brachanthemum,gobicum,3098284,,423
13780,Carya,cathayensis,4205744,,210
13781,Chamaecrista,flexuosa,2950652,,193
13782,Chlorophytum,inornatum,2775068,,64
13783,Cryptocarya,chinensis,4177857,,25
13784,Curcuma,comosa,2757575,,93
13785,Dendrobium,hainanense,5316127,,75
13786,Epipactis,palustris,5319226,,75
13787,Herrania,albiflora,7322911,,265
13788,Jacobaea,incana,5388625,,423
13789,Leptotes,bicolor,5310500,,75
13790,Mondia,whitei,4940092,,376
13791,Mostuea,brunonis,4020480,,377
13792,Nectandra,oppositifolia,7304727,,25
13793,Onobrychis,meschetica,2972865,,193
13794,Paeonia,clusii,7316513,,139
13795,Radermachera,sinica,4092178,,391
13796,Scutellaria,chaematochlora,5609800,,396
13797,Scutellaria,haematochlora,7949842,,396
13798,Tolpis,webbii,3097146,,423
13799,Zizania,aquatica,2703228,,102
13800,Coleonema,pulchellum,5594397,,257
13801,Darwinia,citriodora,5418288,,235
13802,Eucalyptus,cinerea,3176723,,235
13803,Eucalyptus,olida,3177076,,235
13804,Lippia,dauensis,4084997,,415
13805,Mosla,scabra,8356260,,396
13806,Neofinetia,falcata,10848012,,75
13807,Senecio,doria,3108191,,423
13808,Aglaia,leptantha,5597522,,255
13809,Brassica,fruticulosa,3042809,,273
13810,Zephyranthes,brachyandra,2853490,Habranthus brachyandrus,63
13811,Tabernaemontana,bovina,3618689,Ervatamia officinalis,376
13812,Tabernaemontana,polyneura,3614955,Ervatamia polyneura,376
13813,Tabernaemontana,macrocarpa,3616206,Pagiantha macrocarpa,376
13814,Tabernaemontana,grandiflora,3617234,Stemmadenia grandiflora,376
13815,Tabernaemontana,tomentosa,8045024,Stemmadenia tomentosa,376
13816,Tabernaemontana,africana,8426630,,376
13817,Tabernaemontana,coffeoides,8658335,Tabernaemontana coffeoides Boj.,376
13818,Tabernaemontana,dichotoma,7422148,,376
13819,Tabernaemontana,eglandulosa,3617625,,376
13820,Tabernaemontana,pandacaqui,7792065,,376
13821,Tabernaemontana,retusa,3614638,,376
13822,Tabernaemontana,undulata,3621389,,376
13823,Tabernanthe,iboga,3621082,,376
13824,Vinca,difformis,3616670,Vinca sardoa,376
13825,Voacanga,africana,8354529,Voacanga africana Stapf.,376
13826,Cyclea,racemosa,7268685,,116
13827,Dimorphandra,mollis,2974269,,193
13828,Drimys,granadensis,7827774,,9
13829,Drimys,winteri,4020527,,9
13830,Erythrina,folkersii,5349767,,193
13831,Erythroxylum,gonoclados,7284863,,165
13832,Erythroxylum,gonocladum,7284860,,165
13833,Caragana,halodendron,3967193,Halimodendron halodendron,193
13834,Helenium,arizonicum,5401816,,423
13835,Hymenaea,martiana,2950768,,193
13836,Hymenaea,parvifolia,2950771,,193
13837,Litsea,sericea,4180597,,25
13838,Lonicera,hypoleuca,7524693,,438
13839,Malpighia,emarginata,5421427,,176
13840,Neurada,procumbens,3701813,,267
13841,Nicotiana,sylvestris,2928767,,388
13842,Carapichea,klugii,9375222,Psychotria klugii,381
13843,Stelechocarpus,cauliflorus,8387778,,15
13844,Esenbeckia,alata,7268928,,257
13845,Esenbeckia,grandiflora,5593033,Esenbeckia grandiflora ssp.brevipetiolata,257
13846,Esenbeckia,hieronymi,5593013,,257
13847,Esenbeckia,berlandieri,5593172,Esenbeckia litoralis,257
13848,Esenbeckia,pentaphylla,7268828,,257
13849,Neoraputia,paraensis,7747541,,257
13850,Vepris,glaberrima,3834506,Oriciopsis glaberrima,257
13851,Vepris,natalensis,3834275,Teclea natalensis,257
13852,Vepris,oubanguiensis,11698958,Teclea ouabanguiensis,257
13853,Ferulopsis,hystrix,8601971,,439
13854,Launaea,mucronata,3144888,,423
13855,Asteriscus,graveolens,7066618,Nauplius graveolens,423
13856,Ecbolium,ligustrinum,5576253,Ecbolium linneanum,390
13857,Euphorbia,epithymoides,3066112,,166
13858,Euphorbia,illirica,3065519,,166
13859,Euphorbia,pilosa,3065700,,166
13860,Heteromma,simplicifolia,5701198,Heteromma simplicifolium,423
13861,Symphytum,tuberosum,2926065,,382
13862,Crepis,aurea,5403355,,423
13863,Hedypnois,rhagadioloides,5394841,Hedypnois cretica Willd.,423
13864,Leontodon,hispidus,3137498,,423
13865,Lonchocarpus,cultratus,3908683,Lonchocarpus neuroscapha,193
13866,Lantana,cujabensis,7297189,,415
13867,Lippia,turbinata,7297680,,415
13868,Centaurea,aegyptiaca,3127983,,423
13869,Centaurea,janeri,6446549,,423
13870,Leuzea,conifera,3142203,,423
13871,Dryas,octopetala,4889932,,204
13872,Prosopidastrum,globosum,2950870,,193
13873,Sedum,brevifolium,5690592,,132
13874,Sedum,fusiforme,5688860,,132
13875,Sedum,ochroleucum,7416284,,132
13876,Bothriochloa,pertusa,2704108,,102
13877,Arctium,leiospermum,5393119,,423
13878,Arctium,minus,5393103,,423
13879,Arctium,tomentosum,5393080,,423
13880,Callistemon,citrinus,3173413,,235
13881,Carduus,nutans,6076823,Carduus micropterus ssp. perspinosus,423
13882,Centaurea,cynaroides,7606721,,423
13883,Centaurea,dimorpha,3127948,,423
13884,Centaurea,glomerata,8396777,,423
13885,Centaurea,stoebe,4933999,Centaurea maculosa ssp. rhenana,423
13886,Centaurea,phrygia,8305028,,423
13887,Centaurea,polyacantha,7969219,Centaurea sphaerocephala ssp. polyacantha,423
13888,Cirsium,vulgare,3112801,,423
13889,Glycosmis,chlorosperma,7269080,,257
13890,Haplophyllum,ptilostylum,7771971,,257
13891,Jurinea,alata,5392562,,423
13892,Onopordum,illyricum,3094910,,423
13893,Polygala,glomerata,7293659,Polygala chinensis,195
13894,Saussurea,uniflora,8192488,Saussurea conica,423
13895,Klasea,quinquefolia,3091275,Serratula quinquefolia,423
13896,Klasea,radiata,7222504,Serratula radiata,423
13897,Trachelospermum,axillare,4940054,,376
13898,Trachelospermum,gracilipes,7681555,Trachelospermum foetidum,376
13899,Trachelospermum,gracilipes,7317023,,376
13900,Uvaria,dac,3154261,uvaria dac,15
13901,Andrographis,ceylanica,3769584,,390
13902,Andrographis,macrobotrys,7263250,,390
13903,Andrographis,stenophylla,3769334,,390
13904,Bellardia,viscosa,7733140,,403
13905,Cistus,populifolius,7331314,,262
13906,Collinsonia,canadensis,2926628,,396
13907,Flourensia,laurifolia,3094575,,423
13908,Friesodielsia,enghiana,3156708,,15
13909,Godmania,aesculifolia,5668522,,391
13910,Helichrysum,schimperi,3131690,,423
13911,Helichrysum,tomentosulum,3131956,,423
13912,Kopsia,lapidilecta,5535998,,376
13913,Myrcia,schottii,10987277,Marlierea schottii,235
13914,Pelargonium,crispum,3826595,,229
13915,Populus,tremula,8205768,Populus davidiana,187
13916,Tephrosia,semiglabra,5342226,,193
13917,Adenocarpus,complicatus,3970623,Adenocarpus bracteatus,193
13918,Cyperus,papyrus,2716311,,95
13919,Fagus,grandifolia,2882274,,209
13920,Hedyosmum,arborescens,3086514,,28
13921,Ichthyothere,latifolia,3125441,,423
13922,Lachnophyllum,gossypinum,3139752,,423
13923,Mitragyna,inermis,2900458,,381
13924,Neorautanenia,ficifolia,2971176,,193
13925,Othonna,dentata,3094405,,423
13926,Perriera,orientalis,5555236,,260
13927,Rhynchosia,volubilis,5350625,,193
13928,Sabal,palmetto,4925538,Sabal blackburniana,79
13929,Scrophularia,umbrosa,3170866,,411
13930,Stocksia,brahuica,5576615,,258
13931,Strychnos,erichsonii,5645205,,380
13932,Lavandula,mairei,7344699,Lavandula mairei var. mairei,396
13933,Lavandula,maroccana,3891247,,396
13934,Ficus,heteropleura,7262505,,202
13935,Ficus,sagittata,5571076,,202
13936,Haplopappus,multifolius,3100480,,423
13937,Herniaria,glabra,3085798,,313
13938,Herniaria,hirsuta,3085797,,313
13939,Matricaria,pubescens,8007714,,423
13940,Mikania,shushunensis,5696040,,423
13941,Murraya,alata,5594671,,257
13942,Platypodanthera,melissifolia,3094787,,423
13943,Stephania,japonica,5592824,Stephania hernandifolia,116
13944,Syringa,pinnatifolia,7326080,Syringa pinnafolia,402
13945,Alpinia,hainanensis,5302164,,93
13946,Andropogon,schoenanthus,7952313,,102
13947,Casearia,guianensis,5331144,,187
13948,Genista,monosperma,8307199,,193
13949,Goniothalamus,montanus,3154544,,15
13950,Thespesia,grandiflora,3152792,Montezuma speciosissima,265
13951,Rhododendron,russatum,4165935,,355
13952,Salpianthus,arenarius,3701563,,329
13953,Sinningia,aggregata,3818724,,395
13954,Strychnos,brachiata,5645735,,380
13955,Terminalia,bentzoe,7327104,,231
13956,Trigonotis,peduncularis,2926112,,382
13957,Wedelia,rugosa,5386539,,423
13958,Acer,truncatum,7263012,,258
13959,Cussonia,arborea,3035225,,441
13960,Erycibe,obtusifolia,3679474,,385
13961,Erycibe,schmidtii,3679345,,385
13962,Hydrastis,canadensis,3033110,,118
13963,Ophiorrhiza,pumila,5340840,,381
13964,Ribes,nidigrolaria,4194699,,135
13965,Solanum,paniculatum,2932547,,388
13966,Acanthochlamys,bracteata,2863520,,52
13967,Acer,spicatum,3189848,,258
13968,Adenaria,floribunda,7286112,,233
13969,Allanblackia,floribunda,3713174,,160
13970,Arctanthemum,arcticum,3095283,,423
13971,Asparagus,curillus,2768822,,64
13972,Centaurea,thessala,3128785,,423
13973,Coriaria,napalensis,9036108,,217
13974,Coussarea,brevicaulis,2904822,,381
13975,Cupania,vernalis,3784297,,258
13976,Chamaecytisus,hirsutus,7302695,Cytisus ciliatus,193
13977,Ferula,hyrcana,8532928,Dorema kopetdaghense,439
13978,Dracaena,mannii,5304652,,64
13979,Garcinia,griffithii,3714442,,160
13980,Hebanthe,erianthos,10855609,,306
13981,Rhodanthe,propinqua,3137699,Helipterum propinquum,423
13982,Heptapleurum,bodinieri,3038770,,441
13983,Icacina,oliviformis,7153184,,371
13984,Inula,anatolica,4227513,,423
13985,Labisia,pumila,7330960,,362
13986,Peperomia,blanda,4184947,,13
13987,Piper,pedicellatum,7305176,,13
13988,Pogostemon,parviflorus,3899718,,396
13989,Polygala,caudata,4049190,,195
13990,Polyscias,fulva,3035593,,441
13991,Psacalium,megaphyllum,3097647,,423
13992,Saprosma,scortechinii,2917632,,381
13993,Scyphiphora,hydrophylacea,3846350,,381
13994,Sechium,edule,2874612,,219
13995,Solanum,chrysotrichum,2929617,,388
13996,Stemonoporus,affinis,4096347,,264
13997,Ballota,hirsuta,7306605,,396
13998,Ballota,saxatilis,8360649,,396
13999,Meehania,fargesii,7309516,,396
14000,Nepeta,pungens,5609858,,396
14001,Nepeta,saturejoides,5609771,Nepeta satureioides,396
14002,Plectranthus,ambiguus,3881589,,396
14003,Stachys,rosea,7634254,,396
14004,Brickellia,squarrosa,8063829,,423
14005,Cyclamen,balearicum,7127387,,362
14006,Maianthemum,stellatum,2769493,,64
14007,Nepeta,racemosa,7308957,Nepeta transcaucasica,396
14008,Rhamnus,japonica,3039482,,203
14009,Tanacetum,polycephalum,4233419,Tanacetum argyrophyllum,423
14010,Cryptocarya,laotica,4175974,,25
14011,Goniothalamus,laoticus,3154633,,15
14012,Harpullia,pendula,3786672,,258
14013,Idesia,polycarpa,6043516,,187
14014,Lactuca,triangulata,3140548,,423
14015,Tripleurospermum,caucasicum,3104192,Matricaria caucasica,423
14016,Phebalium,clavatum,3833541,,257
14017,Picramnia,antidesma,3708783,Picramnia lindeniana,246
14018,Richterago,polymorpha,3089637,,423
14019,Flueggea,suffruticosa,5382858,Securinega suffruticosa,181
14020,Seris,polymorpha,7945703,,423
14021,Tephrosia,purpurea,5629221,Tephrosia purpurea subsp. apollinea,193
14022,Cirsium,brevistylum,3113218,,423
14023,Hylodesmum,podocarpum,2971298,Desmodium oxyphyllum,193
14024,Hakea,sericea,7287606,,121
14025,Putterlickia,verrucosa,3790785,,144
14026,Vachellia,tortuosa,3795393,,193
14027,Vitex,tripinnata,3902358,Vitex leptobotrys,396
14028,Withania,coagulans,3801167,,388
14029,Acanthosyris,paulo-alvinii,3789501,,300
14030,Aglaia,perviridis,5597295,,255
14031,Phoebe,grandis,5685098,,25
14032,Rubus,pileatus,2991531,,204
14033,Sphaerocoryne,gracilis,7069216,Sphaerocoryne gracilis ssp. gracilis,15
14034,Aloe,bargalensis,2777815,,65
14035,Aloe,comosa,2777782,,65
14036,Aloe,comptonii,2777646,,65
14037,Aloe,cremnophila,2778149,,65
14038,Aloe,erensii,2778204,,65
14039,Aloe,lutescens,2778179,,65
14040,Aloe,melanacantha,2777868,,65
14041,Aloe,munchii,2777603,,65
14042,Aloe,mutabilis,2777551,,65
14043,Aloe,pearsonii,8089144,,65
14044,Aloe,rigens,2777186,,65
14045,Aloe,squarrosa,2778154,,65
14046,Aloe,wickensii,2778112,,65
14047,Aloe,wilsonii,2777907,,65
14048,Aloe,yavellana,2777766,,65
14049,Solanecio,tuberosus,6296108,Solanecio tuberosus var. tuberosus,423
14050,Pistacia,khinjuk,3662027,,251
14051,Brunsvigia,gregaria,2853426,,63
14052,Lycoris,incarnata,5326175,,63
14053,Lycoris,longituba,5326147,,63
14054,Abuta,panurensis,3830279,,116
14055,Allium,aflatunense,2857779,,63
14056,Allium,minutiflorum,2857918,,63
14057,Alpinia,rafflesiana,5302201,,93
14058,Casuarina,glauca,7417428,,208
14059,Crocus,corsicus,2747880,,72
14060,Crocus,etruscus,2747813,,72
14061,Crocus,gargaricus,2747321,,72
14062,Crocus,korolkowii,2747716,,72
14063,Crocus,laevigatus,2747862,,72
14064,Crocus,versicolor,2747502,,72
14065,Duboisia,leichhardtii,7732624,,388
14066,Elaeagnus,multiflora,3039272,,201
14067,Erythrina,vogelii,5349680,,193
14068,Eucalyptus,grossa,3176626,,235
14069,Ficus,ottoniifolia,7262455,Ficus ottoniaefolia,202
14070,Hosta,ventricosa,2771207,,64
14071,Hydrocotyle,vulgaris,3034606,,441
14072,Lathyrus,annuus,5356361,,193
14073,Lobelia,cardinalis,5408269,,426
14074,Symphoricarpos,albus,7222019,Lonicera racemosa,438
14075,Nepeta,argolica,7309414,,396
14076,Orchis,purpurea,2849518,Orchis fusca,75
14077,Oxalis,corniculata,2891739,Oxalis repens,152
14078,Agave,amica,10868891,Polianthes tuberosa,64
14079,Psorospermum,molluscum,3714346,,170
14080,Senecio,algens,3108461,,423
14081,Tephrosia,virginiana,5342304,,193
14082,Virola,calophylloidea,3152845,,19
14083,Chesneya,mongolica,5353644,,193
14084,Ammopiptanthus,nanus,2943139,Piptanthus nanus,193
14085,Pleroma,urvilleanum,10863132,Tibouchina urvilleana,234
14086,Acacia,baileyana,2981303,,193
14087,Acacia,binervia,2978269,,193
14088,Acacia,burrowii,2981012,,193
14089,Acacia,calamifolia,2978970,,193
14090,Acacia,cheelii,2980600,,193
14091,Acacia,clunies-rossiae,2980503,,193
14092,Acacia,concurrens,2978680,,193
14093,Acacia,deanei,2979699,,193
14094,Acacia,doratoxylon,2979186,,193
14095,Acacia,falciformis,2978240,,193
14096,Acacia,fimbriata,2978611,,193
14097,Acacia,floribunda,2979745,,193
14098,Acacia,homalophylla,2981257,,193
14099,Acacia,implexa,2979232,,193
14100,Acacia,mabellae,2980475,,193
14101,Acacia,mollifolia,2980362,,193
14102,Acacia,obtusifolia,2980237,,193
14103,Acacia,pendula,2979494,,193
14104,Acacia,pubifolia,2980485,,193
14105,Acacia,pycnostachya,2980062,,193
14106,Acacia,rigens,2978525,,193
14107,Acacia,verniciflua,2979160,,193
14108,Aesculus,californica,3189813,,258
14109,Aesculus,carnea,3189809,,258
14110,Agasthiyamalaia,pauciflora,3713185,,156
14111,Albizia,lebbeck,2973215,,193
14112,Alnus,hirsuta,2876105,,207
14113,Anchomanes,difformis,2870404,,32
14114,Arbutus,andrachne,4170901,,355
14115,Begonia,fagifolia,4156593,,216
14116,Caloncoba,glauca,3878316,,153
14117,Calophyllum,enervosum,8420847,,156
14118,Casearia,clarkei,7492868,,187
14119,Castanopsis,hystrix,7439602,,209
14120,Celastrus,angulatus,4938976,,144
14121,Ceratiola,ericoides,2888365,,355
14122,Chaenomeles,japonica,3000610,,204
14123,Cinnamomum,bejolghota,7304259,,25
14124,Cinnamomum,cassia,8338622,Cinnamomum cassia Blume.,25
14125,Cola,acuminata,5406685,,265
14126,Cola,nitida,5406687,,265
14127,Colophospermum,mopane,2974567,,193
14128,Cupania,latifolia,3785309,,258
14129,Curarea,candicans,3830224,,116
14130,Dioscorea,cirrhosa,2755618,,46
14131,Urceola,micrantha,5535809,Ecdysanthera utilis,376
14132,Erythroxylum,cambodianum,3694117,,165
14133,Erythroxylum,leal-costae,3694255,,165
14134,Fagopyrum,homotropicum,4036133,,333
14135,Griselinia,littoralis,5581563,,442
14136,Gymnosporia,heterophylla,3790807,,144
14137,Kummerowia,stipulacea,5352522,,193
14138,Kydia,glabrescens,3939012,,265
14139,Ligaria,cuneifolia,5639996,,294
14140,Litsea,rotundifolia,7304563,,25
14141,Litsea,szemaois,4180292,,25
14142,Lophira,lanceolata,3695585,,177
14143,Mammea,acuminata,7976669,,156
14144,Margyricarpus,pinnatus,3030248,,204
14145,Maytenus,disticha,3793780,,144
14146,Gymnosporia,putterlickioides,7265742,Maytenus putterlickoides,144
14147,Mezoneuron,benthamianum,5354728,,193
14148,Muehlenbeckia,hastulata,6390838,,333
14149,Nelia,pillansii,5555164,,305
14150,Pavetta,owariensis,2924870,,381
14151,Philotheca,rhomboidea,3838121,,257
14152,Prinsepia,utilis,3025406,,204
14153,Quercus,miyagii,2880493,,209
14154,Ziziphus,lotus,8079807,Rhamnus lotus,203
14155,Rhizophora,stylosa,3874022,,186
14156,Rhus,glabra,3190544,,251
14157,Rosa,henryi,3003328,,204
14158,Schotia,latifolia,2959238,,193
14159,Sesuvium,portulacastrum,3084883,,305
14160,Sohnreyia,excelsa,3837800,,257
14161,Strychnos,cathayensis,5645598,,380
14162,Typha,capensis,5289571,,109
14163,Uncaria,elliptica,5338248,,381
14164,Urceola,laevigata,9827170,,376
14165,Vaccinium,reticulatum,2882863,Vaccinium pahalae,355
14166,Vitis,labrusca,5372424,,190
14167,Walsura,pinnata,3851390,,255
14168,Prunus,ulmifolia,3023601,Aflatunia ulmifolia,204
14169,Derris,elliptica,5350305,,193
14170,Deguelia,negrensis,2960248,Lonchocarpus longifolius,193
14171,Deguelia,spruceana,2960236,Lonchocarpus spruceanus,193
14172,Deguelia,utilis,3979782,Lonchocarpus utilis,193
14173,Mundulea,chapelieri,2933881,,193
14174,Mundulea,sericea,2933885,,193
14175,Patrinia,scabra,8251923,,438
14176,Lindelofia,hissarica,4066441,Trachelanthus hissaricus,382
14177,Amphipterygium,adstringens,3661100,,251
14178,Conandron,ramondioides,3824001,Conandron ramondioides Sieb.et Zucc.,395
14179,Eremophila,platycalyx,8279353,,411
14180,Junellia,seriphioides,7296970,,415
14181,Junellia,spissa,4086957,,415
14182,Lardizabala,funaria,4191601,Lardizabala biternata,115
14183,Pilea,pumila,5361818,Pilea mongolica,206
14184,Ludwigia,octovalvis,5420987,,236
14185,Mallotus,peltatus,5378721,,166
14186,Rauia,resinosa,6040873,,257
14187,Vepris,stolzii,3834026,,257
14188,Vachellia,vernicosa,3795390,Acacia neovernicosa,193
14189,Aeonium,saundersii,4197651,,132
14190,Aldama,gardneri,8243005,,423
14191,Aristolochia,acutifolia,3589307,,10
14192,Browallia,americana,2932934,Browallia grandiflora,388
14193,Chamaesaracha,sordida,2928865,,388
14194,Chrysothamnus,humilis,3148636,,423
14195,Croton,glabellus,3058441,,166
14196,Encelia,ravenii,3118772,,423
14197,Gardenia,urvillei,5335028,,381
14198,Holocarpha,heermannii,3091317,,423
14199,Holocarpha,macradenia,3091319,,423
14200,Holocarpha,virgata,3091313,,423
14201,Isocoma,acradenia,3099243,,423
14202,Larrea,cuneifolia,5635270,,192
14203,Lomatia,dentata,7287184,,121
14204,Odontites,viscosus,8381949,,403
14205,Laphamia,fosteri,12218311,Perityle fosteri,423
14206,Laphamia,lemmonii,3146364,Perityle lemmonii,423
14207,Plagius,maghrebinus,5393712,,423
14208,Rudbeckia,grandiflora,3114251,,423
14209,Santolina,chamaecyparissus,6077484,Santolina villosa,423
14210,Solanum,sarrachoides,2930805,,388
14211,Triantha,glutinosa,9206474,,42
14212,Wilkesia,gymnoxiphium,3151339,,423
14213,Ferulago,brachyloba,3635847,,439
14214,Ferulago,capillaris,3635831,,439
14215,Ferulago,sylvatica,7919153,,439
14216,Veronicastrum,japonicum,7331536,,408
14217,Caryocar,coriaceum,3826056,,157
14218,Manilkara,bidentata,2885366,,364
14219,Meliosma,simplicifolia,7269667,,122
14220,Coleus,paniculatus,5605330,Plectranthus glabratus,396
14221,Quercus,myrsinifolia,2878564,,209
14222,Senecio,cerberoanus,3108860,,423
14223,Haeckeria,punctulata,3116885,,423
14224,Ferula,caspica,7943442,Ferula caucasica,439
14225,Myoschilos,oblongum,3789275,,298
14226,Scrophularia,ilwensis,3737500,,411
14227,Carex,fedia,2725161,,95
14228,Carex,kobomugi,2727576,,95
14229,Carex,pumila,2724127,,95
14230,Cotula,filicula,7685918,,423
14231,Datura,stramonium,2928753,Datura stramonium var. tatula,388
14232,Dipterocarpus,grandiflorus,7685317,,264
14233,Dipterocarpus,hasseltii,4097056,,264
14234,Geranium,viscosissimum,2891480,,229
14235,Leucosceptrum,canum,3885429,,396
14236,Monteverdia,imbricata,9708656,Maytenus imbricata,144
14237,Polyalthia,evecta,3156335,,15
14238,Bolboschoenus,maritimus,2718307,Scirpus maritimus,95
14239,Packera,toluccana,4248941,Senecio toluccanus,423
14240,Doona,disticha,4096988,Shorea disticha,264
14241,Anthoshorea,roxburghii,12225557,Shorea roxburghii,264
14242,Sophora,stenophylla,2959026,,193
14243,Upuna,borneensis,4096563,,264
14244,Vateria,indica,3189688,,264
14245,Vatica,rassak,5669136,,264
14246,Vitis,amurensis,5372380,,190
14247,Vitis,coignetiae,5658476,,190
14248,Agathosma,puberula,3833166,,257
14249,Aristolochia,esperanzae,7313737,,10
14250,Clinopodium,nepeta,7757431,Calamintha nepeta subsp.glandulosa.,396
14251,Eucalyptus,urnigera,3176234,,235
14252,Campovassouria,cruciata,3094781,Eupatorium bupleurifolium,423
14253,Euthamia,caroliniana,8054757,,423
14254,Lophophora,williamsii,5384220,,312
14255,Pittosporum,eugenioides,4161770,,445
14256,Pittosporum,tenuifolium,2986293,,445
14257,Rhododendron,anthopogonoides,7328149,,355
14258,Trigonostemon,cherrieri,3063469,,166
14259,Entandrophragma,delevoyi,3190487,,255
14260,Myrcianthes,pseudomato,10323301,Eugenia pseudomata,235
14261,Artemisia,abyssinica,9540418,,423
14262,Calophyllum,caledonicum,7972481,,156
14263,Calophyllum,hosei,8182030,Calophyllum fragrans,156
14264,Garcinia,subelliptica,3712604,,160
14265,Hypericum,mysorense,11089668,,170
14266,Kielmeyera,rupestris,3713525,,156
14267,Kielmeyera,speciosa,7330212,,156
14268,Monnina,salicifolia,7875295,,195
14269,Achillea,clavennae,3120117,,423
14270,Achillea,roseoalba,4214893,Achillea roseo-alba,423
14271,Achillea,schischkinii,3120212,,423
14272,Achillea,alpina,7066422,Achillea sibirica subsp.mongolica,423
14273,Adenosma,indiana,7685146,Adenosma capitatum,408
14274,Artemisia,gorgonum,3120939,,423
14275,Berberis,insignis,7300388,,112
14276,Blumea,malcomei,7784814,Blumea malcomii,423
14277,Callicarpa,dolichophylla,5609799,,396
14278,Heritiera,littoralis,7725132,,265
14279,Melampodium,longipes,3138992,,423
14280,Parthenium,rollinsianum,3086783,,423
14281,Potamogeton,nodosus,5301233,Potamogeton malaianus,39
14282,Tillandsia,purpurea,2695090,,94
14283,Veronica,cinerea,3732720,,408
14284,Adenia,mannii,5527749,,179
14285,Galipea,trifoliata,8126158,,257
14286,Passiflora,vesicaria,8259582,Passiflora foetida var. hispida,179
14287,Passiflora,pinnatistipula,7313368,,179
14288,Passiflora,pittieri,3586772,,179
14289,Passiflora,trisecta,7890748,,179
14290,Yeatesia,viridiflora,3173218,,390
14291,Encelia,densifolia,3118768,,423
14292,Geraea,canescens,3091936,,423
14293,Ozothamnus,hookeri,3112020,,423
14294,Tanacetum,balsamitoides,3118191,,423
14295,Pinalia,bicolor,8437185,Eria bicolor,75
14296,Salvia,dugesii,3903485,,396
14297,Xanthostemon,arenarius,3180836,,235
14298,Xanthostemon,chrysanthus,3180849,,235
14299,Xanthostemon,crenulatus,3180861,,235
14300,Xanthostemon,eucalyptoides,3180782,,235
14301,Xanthostemon,formosus,3180840,,235
14302,Xanthostemon,paradoxus,3180833,,235
14303,Xanthostemon,psidioides,3180837,,235
14304,Xanthostemon,umbrosus,3180829,,235
14305,Xanthostemon,verticillatus,3180744,,235
14306,Xanthostemon,whitei,3180839,,235
14307,Xanthostemon,xerophilus,3180821,,235
14308,Xanthostemon,youngii,3180758,,235
14309,Artemisia,herba-alba,9796205,Artemisia valentina,423
14310,Launaea,nudicaulis,3144742,,423
14311,Launaea,spinosa,3144859,,423
14312,Lonicera,gracilipes,5598552,,438
14313,Adenophora,triphylla,5409255,,426
14314,Ailanthus,triphysa,3708775,,260
14315,Peltoboykinia,watanabei,3755010,Boykinia watanabei,142
14316,Carpolobia,lutea,4049471,,195
14317,Cerastium,candidissimum,3812924,,313
14318,Gonioma,kamassi,5535561,,376
14319,Espeletia,tamana,3091948,Libanothamnus tamanus,423
14320,Plantago,arenaria,3189762,,408
14321,Achillea,pseudoaleppica,3120402,,423
14322,Gardenia,aubryi,5335114,,381
14323,Citrus,microcarpa,3831218,Citrofortunella mitis,257
14324,Melaleuca,triumphalis,5415738,,235
14325,Ocotea,floribunda,3034082,,25
14326,Ocotea,tonduzii,4181592,,25
14327,Porophyllum,gracile,3104005,,423
14328,Rhododendron,capitatum,4166976,,355
14329,Thryptomene,saxicola,3177566,,235
14330,Acaciella,glauca,3794870,,193
14331,Aceratium,megalospermum,7291037,,150
14332,Aconitum,gigas,7277294,,118
14333,Raulinoreitzia,crenulata,3113868,Ageratina dendroides,423
14334,Wurfbainia,micrantha,10924222,Amomum micranthum,93
14335,Aureolaria,virginica,3170773,,403
14336,Bauhinia,multinervia,2953377,,193
14337,Bromelia,karatas,5287967,Bromelia plumieri,94
14338,Carpinus,orientalis,2875780,,207
14339,Chamaecrista,kleinii,2950011,Cassia kleinii,193
14340,Ceanothus,sanguineus,3039303,,203
14341,Cephalotus,follicularis,5576485,,147
14342,Coriaria,ruscifolia,3701768,,217
14343,Cornus,controversa,7846556,,342
14344,Cotoneaster,acutifolius,3025770,,204
14345,Cotoneaster,divaricatus,3026334,,204
14346,Cotoneaster,franchetii,3026162,,204
14347,Cotoneaster,multiflorus,3025939,,204
14348,Cotoneaster,obscurus,3025948,,204
14349,Cotoneaster,soongoricus,3025638,,204
14350,Cotoneaster,zabelii,3025605,,204
14351,Pycnosorus,pleiocephalus,3150232,Craspedia pleiocephala,423
14352,Cupaniopsis,macropetala,3783877,,258
14353,Dendrophthoe,longiflora,4002044,,294
14354,Desmodium,molliculum,2967640,,193
14355,Diplusodon,rotundifolius,3989862,,233
14356,Echium,angustifolium,8326885,Echium sericeum,382
14357,Eleutherococcus,brachypus,3035296,,441
14358,Embelia,keniensis,3720469,,362
14359,Erythrospermum,monticola,8350553,Erythrospermum monticolum,153
14360,Erythroxylum,daphnites,3694174,,165
14361,Erythroxylum,laurifolium,3694277,,165
14362,Eucalyptus,rudis,3177119,,235
14363,Eugenia,hiemalis,5938280,Eugenia hyemalis,235
14364,Euphorbia,pilulifera,8055080,,166
14365,Eurya,tigang,3591993,,360
14366,Flindersia,pimenteliana,7401505,,257
14367,Helianthus,maximiliani,3119206,,423
14368,Hypericum,attenuatum,8225144,,170
14369,Hypericum,bithynicum,3714923,,170
14370,Hypericum,caprifolium,3714363,,170
14371,Hypericum,connatum,7330249,,170
14372,Hypericum,glandulosum,8332804,,170
14373,Hypericum,graveolens,3189490,,170
14374,Hypericum,kamtschaticum,7329915,,170
14375,Hypericum,montbretii,3714469,,170
14376,Hypericum,myrianthum,7330296,,170
14377,Hypericum,punctatum,3189495,,170
14378,Hypericum,venustum,3714934,,170
14379,Kunzea,ambigua,5420044,,235
14380,Leptobalanus,apetalus,10289996,,159
14381,Hyphear,kaoi,4000856,Loranthus kaoi,294
14382,Lysimachia,thyrsiflora,3169358,,362
14383,Miconia,mayeta,10850760,Maieta guianensis,234
14384,Melastoma,malabathricum,5834766,Melastoma candidum,234
14385,Myriophyllum,aquaticum,5361785,,136
14386,Nymphaea,elegans,2882415,,4
14387,Ochna,calodendron,3695179,,177
14388,Oenothera,affinis,3188847,,236
14389,Oenothera,texensis,3188800,,236
14390,Parinari,anamensis,2984952,,159
14391,Parinari,campestris,2984941,,159
14392,Parinari,canarioides,2984994,,159
14393,Parinari,costata,2984981,,159
14394,Parinari,hypochrysea,8351829,,159
14395,Parinari,klugii,2984967,,159
14396,Parinari,obtusifolium,2985023,Parinari obtusifolia,159
14397,Parinari,sumatrana,8048055,,159
14398,Peripterygia,marginata,3793533,,144
14399,Persicaria,hastatosagittata,8339396,,333
14400,Polygonum,glaucum,5334320,,333
14401,Prunus,tomentosa,3020838,,204
14402,Rhododendron,yedoense,7891371,Rhododendron yedoense poukhanense,355
14403,Rodgersia,pinnata,7339484,,142
14404,Salix,chaenomeloides,7266635,,187
14405,Salvia,pubescens,3890517,,396
14406,Salvia,tonalensis,3885476,,396
14407,Schisandra,plena,3745303,,6
14408,Scurrula,ferruginea,4001492,,294
14409,Dendrophorbium,dolichodoryium,3109954,Senecio dolichodoryius,423
14410,Sidastrum,paniculatum,3152803,,265
14411,Strophanthus,preussii,3169615,,376
14412,Symphoricarpos,albus,6369607,Symphoricarpos rivularis,438
14413,Taxillus,kaempferi,7287913,,294
14414,Trimenia,moorei,5602692,,7
14415,Ungnadia,speciosa,3190006,,258
14416,Betonica,officinalis,2927280,,396
14417,Eriophorum,scheuchzeri,2730240,,95
14418,Erigeron,multiradiatus,7880983,,423
14419,Acacia,binervata,2979161,,193
14420,Acacia,cardiophylla,2978934,,193
14421,Acacia,chrysotricha,2978703,,193
14422,Acacia,constablei,2978664,,193
14423,Acacia,cultriformis,2979559,,193
14424,Acacia,decurrens,2979778,,193
14425,Acacia,elata,2973176,,193
14426,Acacia,filicifolia,2978228,,193
14427,Acacia,holosericea,2978751,,193
14428,Acacia,irrorata,2978711,,193
14429,Acacia,kettlewelliae,2979861,,193
14430,Acacia,leucoclada,2979812,,193
14431,Acacia,neriifolia,2980432,,193
14432,Acacia,oshanesii,2980548,,193
14433,Acacia,parramattensis,2980933,,193
14434,Senegalia,polyacantha,6710012,Acacia polyacantha subsp.camphylacantha,193
14435,Acacia,silvestris,2978832,,193
14436,Acacia,trachyphloia,2978893,,193
14437,Acacia,vestita,2980497,,193
14438,Aspidosperma,olivaceum,7316913,,376
14439,Eugenia,brasiliensis,5416882,,235
14440,Felicia,wrightii,5401227,,423
14441,Helichrysum,cymosum,3131345,,423
14442,Litsea,lancifolia,8956507,,25
14443,Mentha,gattefossei,3900824,,396
14444,Psoralea,repens,2944083,,193
14445,Pterocarpus,angolensis,5349240,,193
14446,Quercus,acutissima,2877959,,209
14447,Rhynchosia,caribaea,5350566,,193
14448,Rhynchosia,hirsuta,5350717,,193
14449,Rhynchosia,phaseoloides,5350882,,193
14450,Rhynchosia,pyramidalis,5350702,,193
14451,Ribes,fasciculatum,6708962,Ribes fasciculatum var. chinense,135
14452,Saxifraga,cuneifolia,7663587,,142
14453,Strongylodon,macrobotrys,2981499,,193
14454,Teyleria,tetragona,2956215,Teyleria koordersii,193
14455,Trifolium,campestre,5359477,,193
14456,Trifolium,globosum,5358692,,193
14457,Ulex,boivinii,7394326,,193
14458,Ulex,genistoides,7980539,,193
14459,Ulex,micranthus,2952019,,193
14460,Ulex,minor,2951968,,193
14461,Vandasina,retusa,2963762,,193
14462,Vigna,subterranea,2982714,,193
14463,Phoenix,hanceana,8245488,,79
14464,Harpagophytum,zeyheri,7917035,Harpagophytum procumbens var. sublobatum,406
14465,Sapium,pachystachys,5379831,,166
14466,Scrophularia,chrysantha,3738504,,411
14467,Scrophularia,spicata,3735752,,411
14468,Verbascum,aphentulium,3741800,,411
14469,Verbascum,blattaria,3171943,,411
14470,Verbascum,boerhavii,8309638,,411
14471,Verbascum,bombyciferum,3741100,,411
14472,Verbascum,capitis-viridis,3740849,,411
14473,Verbascum,chaixii,8949622,,411
14474,Verbascum,georgicum,3739500,,411
14475,Verbascum,gnaphalodes,3739361,,411
14476,Verbascum,leucophyllum,3738271,,411
14477,Verbascum,mallophorum,3737902,,411
14478,Verbascum,niveum,3737527,,411
14479,Verbascum,olympicum,7589232,,411
14480,Verbascum,oreophilum,7332872,,411
14481,Verbascum,ovalifolium,7472726,,411
14482,Verbascum,pulverulentum,3171941,,411
14483,Verbascum,pyramidatum,3736698,,411
14484,Verbascum,roripifolium,3736536,,411
14485,Verbascum,sinuatum,3171946,,411
14486,Verbascum,speciosum,3171952,,411
14487,Verbascum,salgirensis,3736418,Verbascum spectabile,411
14488,Dorstenia,elliptica,3765058,,202
14489,Ericameria,paniculata,3102955,Chrysothamnus paniculatus,423
14490,Corylopsis,spicata,3702764,,137
14491,Encelia,farinosa,3118746,,423
14492,Espeletia,tachirensis,3105082,Espeletiopsis tachirensis,423
14493,Isertia,pittieri,2903519,,381
14494,Guneria,veratrifolia,11863873,Scorzonera veratrifolia,423
14495,Artemisia,gracilescens,3121488,,423
14496,Artemisia,granatensis,3121429,,423
14497,Conyza,linifolia,7732350,,423
14498,Delphinium,gracile,3920617,,118
14499,Crotalaria,pycnostachya,2941725,,193
14500,Echium,humile,8263679,,382
14501,Senecio,cacaliaster,3108668,,423
14502,Senecio,caudatus,3107088,,423
14503,Senecio,hydrophilus,3107366,,423
14504,Senecio,triangularis,3108906,,423
14505,Alternanthera,bettzickiana,8189919,,306
14506,Crotalaria,verrucosa,2942654,,193
14507,Croton,kongensis,3060155,,166
14508,Cunila,spicata,5610927,,396
14509,Cyclanthera,pedata,2874529,,219
14510,Desmodium,spec,11697465,Desmodium Triflorum,193
14511,Dianthus,arenarius,6710530,Dianthus pseudosquarrosus,313
14512,Diphysa,americana,5357263,,193
14513,Diphysa,carthagenensis,5357252,,193
14514,Drymaria,diandra,5588135,,313
14515,Eucomis,comosa,2775144,Eucomis punctata,64
14516,Gentiana,argentea,7270404,,379
14517,Gentiana,linearis,3170063,,379
14518,Gentianopsis,barbata,3845160,Gentianopsis barbata var. stenocalyx,379
14519,Geranium,phaeum,2891390,,229
14520,Haplopappus,scrobiculatus,3100443,,423
14521,Dianthera,incerta,5573339,Justicia austrocapensis,390
14522,Justicia,buchii,3770920,,390
14523,Justicia,canbyi,3770458,,390
14524,Laurus,azorica,7304543,,25
14525,Leptopetalum,biflorum,9579208,,381
14526,Lysimachia,hillebrandii,7420780,,362
14527,Lysimachia,remyi,7862069,Lysimachia maxima,362
14528,Mammea,siamensis,7809699,,156
14529,Nerine,filifolia,5326933,,63
14530,Passiflora,quadrifaria,3587925,,179
14531,Passiflora,serratodigitata,2874222,,179
14532,Peltogyne,paniculata,2952728,,193
14533,Potentilla,griffithii,5368232,,204
14534,Prosopis,fiebrigii,5358519,,193
14535,Prosopis,hassleri,5358559,,193
14536,Ranunculus,repens,3033339,,118
14537,Rauhiella,silvana,2802605,,75
14538,Rhynchosia,jacobii,5350943,,193
14539,Stanhopea,lietzei,2801661,,75
14540,Strophioblachia,fimbricalyx,3063337,Strophioblachia fimbricalyx Boerl,166
14541,Swertia,perennis,5414540,,379
14542,Thunbergia,laurifolia,5415460,,390
14543,Vitex,parviflora,2925563,,396
14544,Volutaria,lippii,7797176,,423
14545,Rosa,spinosissima,3002333,Rosa gracilipes,204
14546,Rosa,koreana,3003039,,204
14547,Rosa,maximowicziana,3004857,,204
14548,Ficus,sansibarica,7262605,,202
14549,Bulbophyllum,ipanemense,2845493,,75
14550,Amaranthus,paniculatus,7865712,,306
14551,Vernonia,volkameriaefolia,7354835,,423
14552,Baccharis,rufidula,3129384,,423
14553,Erigeron,karvinskianus,3147168,Erigeron mucronatus,423
14554,Erigeron,speciosus,3147146,,423
14555,Matricaria,tenuifolia,7823422,,423
14556,Tripleurospermum,maritimum,3104173,,423
14557,Tripleurospermum,tenuifolium,3104139,,423
14558,Zanthoxylum,pinnatum,7677684,,257
14559,Aloe,pluridens,2777892,,65
14560,Lathyrus,sylvestris,5356623,,193
14561,Senecio,flaccidus,3108316,Senecio longilobus,423
14562,Turraea,pubescens,3852685,,255
14563,Eucalyptus,socialis,3177243,,235
14564,Allium,erubescens,2857886,,63
14565,Arctotis,revoluta,7698825,,423
14566,Cyclamen,coum,7127354,,362
14567,Cyclamen,creticum,7127347,,362
14568,Cyclamen,cyprium,4005100,,362
14569,Cyclamen,mirabile,7127786,,362
14570,Cyclamen,repandum,7127713,,362
14571,Exallage,auricularia,2916058,,381
14572,Ficus,nitida,7924432,,202
14573,Primula,elatior,5414326,,362
14574,Primula,obconica,7290874,,362
14575,Primula,officinalis,7460458,,362
14576,Spuriopimpinella,brachycarpa,3637721,,439
14577,Spuriopimpinella,calycina,3637706,,439
14578,Anisophyllea,laurina,3658094,,214
14579,Brunfelsia,americana,2932919,,388
14580,Capparis,spinosa,12124110,Capparis spinosa var. ovata,275
14581,Delonix,regia,2956176,,193
14582,Diascia,cordata,5559571,,411
14583,Diascia,integerrima,5559514,,411
14584,Diascia,megathura,5559491,,411
14585,Diascia,purpurea,5559456,,411
14586,Diascia,vigilis,5559402,,411
14587,Funtumia,elastica,3169843,,376
14588,Hymenaea,oblongifolia,2950738,,193
14589,Lepidium,bonariense,5376925,,273
14590,Leucas,volkensii,7306936,,396
14591,Nanodea,muscosa,3789262,,302
14592,Otoba,novogranatensis,3743728,,19
14593,Pandanus,conoideus,5328074,Pandanus conoideus Lam,49
14594,Podadenia,sapida,3070664,Podadenia thwaitesii,166
14595,Prostanthera,prunelloides,3894099,,396
14596,Ptelea,crenulata,3190410,,257
14597,Sabal,minor,2732511,,79
14598,Teucrium,fragile,3896777,,396
14599,Trichilia,dregeana,3851043,,255
14600,Veronica,anagallis-aquatica,3172086,,408
14601,Virola,bicuhyba,7333693,,19
14602,Cytinus,hypocistis,7279691,,263
14603,Dalbergia,latifolia,2968662,,193
14604,Euonymus,latifolius,7433196,,144
14605,Flemingia,strobilifera,5359843,,193
14606,Gisekia,pharnaceoides,7265816,,319
14607,Leucas,martinicensis,7775217,,396
14608,Leucophyllum,frutescens,3172138,,411
14609,Montanoa,revealii,5406101,,423
14610,Nicotiana,glauca,2928783,,388
14611,Piper,ribesioides,4186241,,13
14612,Primula,rosea,7554313,,362
14613,Reseda,odorata,3040255,,284
14614,Campanula,glomerata,5409933,,426
14615,Chiliadenus,glutinosus,3089839,,423
14616,Diospyros,zombensis,4070105,,354
14617,Diplusodon,ciliiflorus,3988909,,233
14618,Diplusodon,orbicularis,7286399,,233
14619,Diplusodon,uninervius,3989596,,233
14620,Euphorbia,sanctae-catharinae,3069945,,166
14621,Foeniculum,vulgare,9740820,Foeniculum dulce,439
14622,Gaultheria,miqueliana,2882752,,355
14623,Gaultheria,pyrolifolia,4169742,,355
14624,Gaultheria,pyroloides,4169738,,355
14625,Gentiana,kirilowii,8048114,Gentianodes tianschanica,379
14626,Inula,saxatilis,8166153,,423
14627,Anethum,ridolfia,11921804,Ridolfia segetum,439
14628,Rosa,luciae,7354625,,204
14629,Rosa,lucieae,8667586,,204
14630,Trixis,pallida,5398954,,423
14631,Tetradium,trichotomum,5594350,,257
14632,Dracaena,angolensis,10961470,Sansevieria cylindrica,64
14633,Rudgea,jasminoides,2910527,,381
14634,Verticordia,plumosa,5420223,,235
14635,Alnus,koehnei,4097703,,207
14636,Chrysosplenium,alternifolium,7339315,,142
14637,Chrysosplenium,japonicum,7339185,,142
14638,Chrysosplenium,tosaense,8327555,,142
14639,Digitalis,thapsi,5558992,,408
14640,Haplopappus,bezanillanus,3100604,,423
14641,Lantana,achyranthifolia,2925323,,415
14642,Pentzia,eenii,5403747,,423
14643,Asteriscus,daltonii,9423604,,423
14644,Asteriscus,daltonii,5705517,Asteriscus vogelii,423
14645,Ceropegia,flava,9297875,,376
14646,Alhagi,pseudalhagi,11374752,,193
14647,Distylium,racemosum,7329084,,137
14648,Vachellia,horrida,7862591,,193
14649,Vachellia,seyal,3974722,,193
14650,Vachellia,sieberiana,7564113,,193
14651,Euphrasia,officinalis,7494089,Euphrasia rostkoviana,403
14652,Fissistigma,lanuginosa,3157328,Fissistigma lanuginosum,15
14653,Acalypha,macrostachya,3056437,,166
14654,Amsinckia,lycopsoides,2925874,,382
14655,Aristolochia,gehrtii,3589362,,10
14656,Isotrema,moupinense,11026894,Aristolochia moupinensis,10
14657,Balanites,aegyptica,8155283,,192
14658,Bellevalia,eigii,2771889,,64
14659,Calea,berteriana,3147543,,423
14660,Cestrum,tomentosum,7972104,,388
14661,Cryptocarya,concinna,4177718,,25
14662,Deprea,subtriflora,3798348,,388
14663,Diploclisia,glaucescens,7268813,,116
14664,Disporopsis,aspersa,8110071,Disporopsis aspera,64
14665,Enicosanthum,membranifolium,3155225,,15
14666,Litsea,acutivena,4179081,,25
14667,Litsea,hypophaea,4175715,,25
14668,Mollinedia,gilgiana,3782676,,26
14669,Mollinedia,glaziovii,3782613,,26
14670,Mollinedia,marliae,3782991,,26
14671,Mollinedia,salicifolia,7264515,,26
14672,Mollinedia,umbellata,3782943,Mollinedia schottiana,26
14673,Piper,argyrophyllum,4183896,,13
14674,Piper,boehmeriifolium,8411176,Piper boehmeriaefolium,13
14675,Piper,hispidum,3086355,,13
14676,Polyalthia,suberosa,3156325,,15
14677,Schizanthus,litoralis,3798046,,388
14678,Siparuna,brasiliensis,3782598,Siparuna apiosyce,27
14679,Solanum,citrullifolium,8280931,,388
14680,Solanum,lasiocarpum,2932691,,388
14681,Solanum,violaceum,2929848,,388
14682,Tinospora,baenzigeri,3830870,,116
14683,Triclisia,sacleuxii,3829794,,116
14684,Ardisia,crenata,5414379,,362
14685,Ardisia,oxyphylla,7422579,,362
14686,Connarus,wightii,3686620,Connarus ritchiei,148
14687,Embelia,vestita,7330920,Embelia oblongifolia,362
14688,Embelia,tsjeriam-cottam,7330930,Embelia robusta,362
14689,Myrsine,laetevirens,7331040,,362
14690,Myrsine,semiserrata,7330934,,362
14691,Myrsine,umbellata,7422518,,362
14692,Centaurea,spinosa,3128393,,423
14693,Citrus,latipes,3831635,,257
14694,Daphniphyllum,himalayense,4261972,,134
14695,Daphniphyllum,himalense,4930379,,134
14696,Elaeocarpus,sylvestris,7777372,,150
14697,Microcitrus,inodora,3837889,,257
14698,Musa,acuminata,7227350,Musa cavendishii,91
14699,Zaluzania,augusta,7337009,,423
14700,Aeonium,sedifolium,4197642,,132
14701,Salvia,chionopeplica,3881575,,396
14702,Artemisia,borealis,7337422,Artemisia rupicola,423
14703,Clerodendrum,japonicum,2925348,,396
14704,Pedicularis,muscicola,3740885,,403
14705,Penstemon,digitalis,8251158,,408
14706,Coprosma,rhamnoides,2911383,,381
14707,Coprosma,robusta,2911561,,381
14708,Philotheca,brucei,7268880,Eriostemon brucei,257
14709,Gynochthodes,jasminoides,7815176,,381
14710,Gynochthodes,umbellata,7533157,,381
14711,Hymenodictyon,orixense,2904440,Hymenodictyon excelsum,381
14712,Lonicera,korolkovii,7272622,,438
14713,Neonauclea,calycina,2919454,,381
14714,Plocama,pendula,2904111,,381
14715,Portulaca,pilosa,3084704,,334
14716,Prismatomeris,sessiliflora,2909761,,381
14717,Prismatomeris,tetrandra,2909739,,381
14718,Hoya,kerrii,3573959,,376
14719,Senecio,chrysocoma,3108921,,423
14720,Camellia,sinensis,4272594,Camellia assamica,370
14721,Camellia,kissii,7979840,Camellia kissi,370
14722,Camellia,ptilophylla,3591367,,370
14723,Camellia,sinensis,6418461,Camellia sinensis var. sinensis,370
14724,Camellia,vernalis,3590655,,370
14725,Coffea,benghalensis,12179811,,381
14726,Coffea,eugenioides,2895439,Coffea eugeniodes,381
14727,Coffea,homollei,2895339,,381
14728,Coffea,kianjavatensis,2895559,,381
14729,Coffea,lancifolia,2895334,,381
14730,Coffea,liberica,8524134,,381
14731,Coffea,racemosa,2895464,,381
14732,Coffea,salvatrix,2895338,,381
14733,Herrania,balaensis,3668417,,265
14734,Herrania,cuatrecasana,3668352,,265
14735,Herrania,mariae,7322902,,265
14736,Herrania,nitida,7322898,,265
14737,Herrania,purpurea,3668083,,265
14738,Ilex,guayusa,5534620,,416
14739,Ilex,paraguariensis,5414252,,416
14740,Paullinia,cupana,3189949,,258
14741,Paullinia,trifoliolata,3787208,Paullinia trifoliata,258
14742,Strobilanthes,crispa,3781433,,390
14743,Theobroma,angustifolium,3152206,,265
14744,Theobroma,mammosum,3152207,,265
14745,Theobroma,simiarum,3152203,,265
14746,Matelea,carolinensis,3170514,Vincetoxicum hirsutum (Michx.) Britton (1894) non (Wall.) Kuntze (1891),376
14747,Albizia,adinocephala,2973023,,193
14748,Amaranthus,blitum,8911082,,306
14749,Amelanchier,canadensis,3023833,,204
14750,Archidendron,chevalieri,2941358,,193
14751,Artemisia,oranensis,3120645,,423
14752,Astragalus,atropubescens,5346841,,193
14753,Bauhinia,forficata,2953864,Bauhinia candicans,193
14754,Petchia,madagascariensis,3617249,Cabucala madagascariensis,376
14755,Clerodendrum,chinense,2925357,,396
14756,Clerodendrum,fragrans,8035908,,396
14757,Clerodendrum,scandens,7578182,,396
14758,Clerodendrum,umbellatum,2925368,,396
14759,Cymbopogon,commutatus,4150990,Cymbopogon parkeri,102
14760,Dioscorea,bartlettii,2754766,,46
14761,Dioscorea,convolvulacea,2754860,,46
14762,Dioscorea,dumetorum,2754673,,46
14763,Dioscorea,floribunda,2755704,,46
14764,Dioscorea,hondurensis,2755391,,46
14765,Dioscorea,nelsonii,2754946,,46
14766,Dioscorea,prazeri,2755738,,46
14767,Goniocheton,lenticellatus,11618823,Dysoxylum lenticellatum,255
14768,Ageratina,sternbergiana,5400321,Eupatorium sternbergianum,423
14769,Festuca,hieronymi,4115975,,102
14770,Haplophyllum,acutifolium,5834553,,257
14771,Ladeania,juncea,7851237,,193
14772,Ligularia,atroviolacea,5395574,,423
14773,Globularia,salicina,5578501,Lytanthus salicinus,408
14774,Mandevilla,pentlandiana,3616744,,376
14775,Nothoscordum,montevidense,2855584,,63
14776,Opuntia,tapona,5624504,Opuntia comonduensis,312
14777,Opuntia,humifusa,7219420,Opuntia humifusa humifusa,312
14778,Ornithopus,sativus,5358266,,193
14779,Pereskia,aculeata,5384215,,312
14780,Peucedanum,graveolens,8100985,,439
14781,Phebalium,squamulosum,3832198,Phebalium ozothamnoides,257
14782,Pimpinella,aurea,5539664,,439
14783,Populus,fremontii,3040237,,187
14784,Quercus,rotundifolia,2881550,,209
14785,Rhododendron,fulgens,4175338,,355
14786,Saururus,cernuus,5384932,,14
14787,Scutellaria,glabra,5609403,,396
14788,Serratula,tinctoria,5388835,,423
14789,Solanum,argentinum,2932402,,388
14790,Solanum,glaucophyllum,2929370,,388
14791,Solanum,mammosum,2930569,,388
14792,Solanum,palitans,2929494,,388
14793,Strychnos,fendleri,5645166,,380
14794,Vitex,megapotamica,7309398,,396
14795,Yucca,gloriosa,2775619,,64
14796,Aconitum,miyabei,3922991,,118
14797,Bauhinia,tomentosa,2953031,,193
14798,Daphnandra,repandula,3782553,,21
14799,Furcraea,hexapetala,2769812,Furcraea macrophylla,64
14800,Guevaria,sodiroi,3138205,,423
14801,Psammogeton,canescens,6026349,,439
14802,Verbascum,lasianthum,3738416,,411
14803,Acaena,pinnatifida,5370645,,204
14804,Coussarea,macrophylla,2904928,,381
14805,Potentilla,indica,5365717,Duchesnea indica,204
14806,Echinops,setifer,5392732,,423
14807,Echinops,davuricus,9359129,Echinopsis latifolius,423
14808,Isodon,scoparius,5608855,,396
14809,Markhamia,tomentosa,5668595,,391
14810,Nauclea,orientalis,5339133,,381
14811,Polylepis,racemosa,5370613,,204
14812,Rosa,bella,3011323,,204
14813,Rosa,woodsii,3004072,,204
14814,Rubus,irenaeus,2993946,,204
14815,Syzygium,buxifolium,3182771,,235
14816,Weigela,subsessilis,3856121,,438
14817,Isodon,excisus,5609026,,396
14818,Salix,mucronata,5582953,Salix subserrata,187
14819,Baccharis,linearifolia,4250211,Baccharis chilco,423
14820,Baccharis,salicina,3129634,,423
14821,Berberis,guimpelii,4938150,,112
14822,Bersama,abyssinica,7671125,Bersama engleriana,226
14823,Croton,setigerus,3058111,,166
14824,Linochilus,floribundus,3090697,Diplostephium floribundum,423
14825,Dodonaea,viscosa,5576860,Dodonaea attenuata,258
14826,Centaurium,erythraea,8061255,Erythraea centaurium,379
14827,Frankenia,pulverulenta,2874692,,318
14828,Garcinia,vieillardii,3712298,,160
14829,Loranthus,europaeus,5639535,,294
14830,Nidorella,ivifolia,9256235,,423
14831,Ocotea,bullata,8091794,,25
14832,Tetradenia,barberae,5609469,,396
14833,Verbesina,coahuilensis,3147824,,423
14834,Vernonia,monocephala,7657370,,423
14835,Plantago,stauntonii,7928472,Plantago stauntoni,408
14836,Opilia,amentacea,3658866,,297
14837,Dysoxylum,beddomei,3850847,,255
14838,Didymocheton,macranthus,3851422,Dysoxylum macranthum,255
14839,Trattinnickia,burserifolia,7286746,,253
14840,Artemisia,cana,4230685,Artemisia cana ssp.viscidula,423
14841,Blumea,arfakiana,5395618,,423
14842,Clerodendrum,calamitosum,3894771,,396
14843,Trichocereus,macrogonus,3952140,Echinopsis macrogona,312
14844,Eremophila,cuneifolia,7422981,,411
14845,Eremophila,flaccida,8303884,,411
14846,Machaeranthera,tanacetifolia,3095447,,423
14847,Magnolia,odora,3153128,,20
14848,Acacia,speckii,2978262,,193
14849,Acalypha,hispida,3056375,,166
14850,Acer,buergerianum,7100404,,258
14851,Acer,tataricum,4925890,Acer ginnala,258
14852,Acridocarpus,vivy,3986167,,176
14853,Alchornea,triplinervia,3055511,,166
14854,Arctostaphylos,columbiana,2882619,,355
14855,Bergenia,pacumbis,5567668,Bergenia ligulata,142
14856,Brahea,armata,2736794,,79
14857,Bridelia,micrantha,3076142,,181
14858,Bussea,sakalava,2977392,,193
14859,Tara,spinosa,5354727,Caesalpinia spinosa,193
14860,Canavalia,gladiata,2962057,,193
14861,Caryocar,microcarpum,3826036,,157
14862,Celtis,timorensis,4160107,Celtis reticulosa,199
14863,Cephalaria,paphlagonica,4104139,,438
14864,Clematis,koreana,6376366,,118
14865,Cotinus,coggygria,6709351,Cotinus coggygria scop. var. cinerea,251
14866,Crinodendron,hookerianum,4031017,,150
14867,Croton,celtidifolius,3059987,,166
14868,Dacryodes,excelsa,3190455,Dacryodes hexandra,253
14869,Dactylorhiza,maculata,8179794,,75
14870,Debregeasia,longifolia,4099305,,206
14871,Dendrobium,longicornu,5316927,,75
14872,Elaeocarpus,tuberculatus,4031240,,150
14873,Ceratostylis,himalaica,2835893,Eria ramosissima,75
14874,Exostema,acuminatum,2911103,,381
14875,Flueggea,virosa,5382823,,181
14876,Frankenia,laevis,7273513,,318
14877,Garcinia,densivenia,3714848,,160
14878,Gazania,krebsiana,3112466,,423
14879,Geranium,collinum,2891237,,229
14880,Geum,rupestre,5369802,,204
14881,Grevillea,striata,7287485,,121
14882,Isopyrum,thalictroides,5615962,,118
14883,Jacobaea,analoga,5392375,,423
14884,Juglans,sigillata,4205692,,210
14885,Lepisanthes,tetraphylla,7264786,,258
14886,Libidibia,ferrea,5832783,,193
14887,Macaranga,barteri,3074515,,166
14888,Melastoma,intermedium,3860246,,234
14889,Mimosa,hamata,2969258,,193
14890,Mutisia,spinosa,8384207,,423
14891,Paratecoma,peroba,4093483,,391
14892,Passiflora,ligularis,2874198,,179
14893,Persicaria,chinensis,4036385,,333
14894,Prosopis,farcta,5358492,,193
14895,Quercus,gambelii,2878268,,209
14896,Rhus,potaninii,4928889,,251
14897,Rubus,palmatus,2988959,,204
14898,Serjania,marginata,7264862,,258
14899,Syneilesis,palmata,3092770,,423
14900,Syzygium,cordatum,8652576,,235
14901,Syzygium,kurzii,3182081,,235
14902,Terminalia,bellirica,3189390,,231
14903,Terminalia,citrina,3698427,,231
14904,Tetragonotheca,repanda,3150311,,423
14905,Thunia,alba,2816952,,75
14906,Uncaria,donisii,5338283,,381
14907,Unonopsis,spectabilis,3157817,,15
14908,Vernicia,cordata,3074908,,166
14909,Matricaria,aurea,3103817,,423
14910,Quercus,lusitanica,2881060,,209
14911,Sasa,veitchii,8302288,Sasa albo-marginata,102
14912,Hypericum,inodorum,3711564,,170
14913,Polygala,karensium,7293419,,195
14914,Begonia,glabra,7303342,,216
14915,Schizozygia,coffaeoides,3614729,,376
14916,Aglaia,tomentosa,7271465,,255
14917,Laurelia,novae-zelandiae,3782126,,21
14918,Mespilodaphne,fasciculata,4175673,Ocotea duckei,25
14919,Polygala,gazensis,4049326,,195
14920,Rudbeckia,maxima,3114231,,423
14921,Rudbeckia,nitida,3114236,,423
14922,Rudbeckia,scabrifolia,4934285,,423
14923,Cissus,bicolor,4052927,,190
14924,Searsia,natalensis,5544278,Rhus natalensis,251
14925,Galeopsis,angustifolia,5341306,,396
14926,Galeopsis,pyrenaica,5608465,,396
14927,Galeopsis,segetum,5341308,,396
14928,Galeopsis,speciosa,5341305,,396
14929,Galeopsis,wirtgenii,7453457,,396
14930,Pimpinella,etbaica,5539350,,439
14931,Scutellaria,phyllostachya,5608558,,396
14932,Torilis,nodosa,3034819,Torilis bracteosa,439
14933,Torilis,tenella,3632368,,439
14934,Prionosciadium,watsonii,3629450,prionosciadium watsoni,439
14935,Elaeocarpus,japonicus,7554384,,150
14936,Eupatorium,compositifolium,5403000,,423
14937,Heptapleurum,arboricola,3038724,,441
14938,Solanum,quitoense,6403105,,388
14939,Dichilus,reflexus,5359921,,193
14940,Oenanthe,pimpinelloides,5371889,,439
14941,Balanites,wilsoniana,7309916,,192
14942,Ophiorrhiza,hayatana,5340938,,381
14943,Rhynchotechum,vestitum,3822290,,395
14944,Cyanothamnus,inconspicuus,10682636,Boronia inconspicua,257
14945,Citrus,cavaleriei,7765325,,257
14946,Citrus,webberi,4936950,,257
14947,Erigeron,trihecatactis,3126086,Conyza trihecatactis,423
14948,Cyclopia,falcata,5341865,,193
14949,Eriostemon,cynobiformis,5593927,,257
14950,Flindersia,acuminata,3835691,,257
14951,Magnolia,cathcartii,3153270,Michelia cathcartii,20
14952,Pilocarpus,trachylophus,3832190,,257
14953,Vernonanthura,divaricata,3124156,,423
14954,Zanthoxylum,fauriei,3831265,,257
14955,Callistemon,rigidus,3173407,,235
14956,Paspalum,scrobiculatum,2705610,,102
14957,Senecio,crassiflorus,6064623,,423
14958,Phyllogeiton,discolor,3874547,Berchemia discolor,203
14959,Scutia,myrtina,8317476,,203
14960,Odixia,achlaena,3098299,,423
14961,Potamogeton,natans,5301147,,39
14962,Sideritis,incana,7307659,,396
14963,Apeiba,tibourbou,3152052,,265
14964,Aruncus,dioicus,5598260,Aruncus dioicus var. kamtschaticus,204
14965,Lasiopetalum,macrophyllum,3670594,,265
14966,Lindera,megaphylla,5685614,,25
14967,Persicaria,neofiliformis,4034017,Antenoron neofiliforme,333
14968,Iryanthera,megistophylla,3743863,,19
14969,Melastoma,malabathricum,7917592,Melastoma malabathricum subsp. normale,234
14970,Oxystelma,wallichii,3581762,Oxystelma esculentum,376
14971,Symphytum,bulbosum,7629613,Symphytum bulbosum K. F. Schimp.,382
14972,Symphytum,caucasicum,7989836,Symphytum caucasium,382
14973,Symphytum,orientale,4067112,,382
14974,Ficus,rumphii,5571130,,202
14975,Duhaldea,eupatorioides,3126675,Inula eupatorioides,423
14976,Sibthorpia,africana,3732699,,408
14977,Spiraea,mongolica,3026877,,204
14978,Aloe,brachystachys,2778092,,65
14979,Aloe,bussei,2777267,,65
14980,Aloe,cheranganiensis,2777337,,65
14981,Aloe,classenii,2777205,,65
14982,Aloe,dorotheae,2777773,,65
14983,Aloe,gossweileri,2777579,,65
14984,Aloe,leachii,2777777,,65
14985,Aloe,leptosiphon,2777535,,65
14986,Aloe,macrosiphon,2777467,,65
14987,Aloe,monticola,2777747,,65
14988,Aloe,sobolifera,2777757,,65
14989,Aloe,tororoana,2777852,,65
14990,Aloe,ukambensis,2777159,,65
14991,Aloe,brandhamii,2778004,aloe brandhamii,65
14992,Allium,nutans,2857498,,63
14993,Argyroxiphium,sandwicense,3118115,,423
14994,Baccharis,patens,3129730,,423
14995,Brickellia,paniculata,5388424,,423
14996,Ficus,lyrata,5361899,,202
14997,Lavandula,pubescens,3891036,,396
14998,Olearia,heterocarpa,5405123,,423
14999,Dalea,gattingeri,5353309,Petalostemon gattingeri,193
15000,Scutellaria,drummondii,5341346,,396
15001,Sideritis,ochroleuca,7307537,,396
15002,Stachys,mucronata,3905632,,396
15003,Wilkesia,hobdyi,3151340,,423
15004,Limonium,vulgare,3082322,,332
15005,Penstemon,venustus,8169794,,408
15006,Silene,otites,7746901,,313
15007,Bauhinia,uruguayensis,2952972,,193
15008,Crotalaria,aridicola,2942966,,193
15009,Dipsacus,japonicus,4102897,,438
15010,Eriogonum,brevicaule,2889464,,333
15011,Ipomoea,violacea,2928516,,385
15012,Petrosedum,sediforme,4201784,,132
15013,Crotalaria,gillettii,2942371,,193
15014,Aconitum,baicalense,7607061,,118
15015,Alternanthera,pungens,3084949,,306
15016,Catharanthus,ovalis,3618574,,376
15017,Centrolobium,sclerophyllum,2945569,,193
15018,Dalbergia,decipularis,2968679,,193
15019,Machaerium,acutifolium,5354997,,193
15020,Machaerium,aristulatum,5355151,,193
15021,Machaerium,nyctitans,5355127,,193
15022,Machaerium,brasiliense,5355145,Machaerium vestitum,193
15023,Artemisia,pedemontana,8344033,,423
15024,Artocarpus,nobilis,3764420,,202
15025,Benkara,malabarica,2911174,,381
15026,Calea,cuneifolia,3147509,,423
15027,Desmodium,tortuosum,2967221,,193
15028,Eucalyptus,rubida,3177306,,235
15029,Gamochaeta,serpyllifolia,3139679,,423
15030,Ozothamnus,ferrugineus,3111982,Helichrysum dendroideum,423
15031,Mucuna,urens,2951478,,193
15032,Murdannia,triquetra,2764666,,81
15033,Plecostachys,serpyllifolia,3149321,,423
15034,Styrax,japonicus,5371678,,367
15035,Syncarpha,canescens,3149769,,423
15036,Solanum,diphyllum,2931088,,388
15037,Acer,maximowiczianum,3768422,,258
15038,Colchicum,palaestinum,2740532,Androcymbium palaestinum,55
15039,Bothriocline,laxa,3089776,,423
15040,Cryptocarya,pleurosperma,4182097,,25
15041,Euryops,pedunculatus,5395062,,423
15042,Lonchocarpus,longistylus,2969050,,193
15043,Plectranthus,saccatus,7309129,,396
15044,Quercus,ithaburensis,2878325,Quercus ithaburensis subsp. macrolepis,209
15045,Ferula,communis,8124921,Ferula communis var. brevifolia,439
15046,Anthemis,arvensis,3102781,,423
15047,Guaiacum,officinale,3986813,,192
15048,Thalia,multiflora,5303036,,90
15049,Ottelia,alismoides,5329515,,35
15050,Barbacenia,conicostigma,2863758,,52
15051,Barbacenia,rubrovirens,2863810,Barbacenia rubro-virens,52
15052,Iochroma,warscewiczii,3802136,,388
15053,Spergularia,marina,7736551,,313
15054,Hedlundia,hybrida,9245228,,204
15055,Asteranthe,asterias,3154186,,15
15056,Acisanthera,quadrata,8044652,,234
15057,Agave,brittoniana,2766946,,64
15058,Agonis,flexuosa,5419920,,235
15059,Alchornea,laxiflora,3055378,,166
15060,Anerincleistus,grandiflorus,3858793,,234
15061,Anerincleistus,pauciflorus,3858681,,234
15062,Anerincleistus,purpureus,3858613,,234
15063,Anisophyllea,disticha,3658093,,214
15064,Astartea,fascicularis,5419572,,235
15065,Astronia,smilacifolia,7455462,,234
15066,Babingtonia,camphorosmae,3173613,,235
15067,Barringtonia,macrostachya,3082792,,357
15068,Barringtonia,reticulata,3082933,,357
15069,Barringtonia,sarcostachys,3082884,,357
15070,Barringtonia,scortechinii,3082996,,357
15071,Callistemon,phoeniceus,3173443,,235
15072,Melaleuca,quadrifida,9498040,Calothamnus quadrifidus,235
15073,Carpinus,betulus,2875818,,207
15074,Centaurea,polypodiifolia,3128035,,423
15075,Miconia,rubra,9372542,Clidemia rubra,234
15076,Combretum,griffithii,3699951,Combretum griffithii var. yunnanense,231
15077,Comolia,villosa,3860020,Comolia lythrarioides,234
15078,Coriaria,japonica,3701759,Coriaria intermedia,217
15079,Couroupita,subsessilis,3082576,,357
15080,Crataegus,aestivalis,3013483,,204
15081,Crataegus,rufula,3015102,,204
15082,Cymbopogon,schoenanthus,4932010,Cymbopogon proximus,102
15083,Decaspermum,fruticosum,3180140,,235
15084,Dioscorea,membranacea,2754731,,46
15085,Dissochaeta,annulata,3868159,,234
15086,Dissochaeta,bracteata,5601132,,234
15087,Dissochaeta,sagittata,5600941,,234
15088,Elaeagnus,formosana,4048228,,201
15089,Eucalyptus,capitellata,3176767,,235
15090,Eucalyptus,redunca,3177039,,235
15091,Eucalyptus,torquata,3176835,,235
15092,Eucalyptus,youngiana,3176492,,235
15093,Eugenia,longifolia,5417646,,235
15094,Eugenia,rufofulva,5418174,,235
15095,Euphorbia,oblongifolia,3069332,,166
15096,Geum,elatum,8329444,,204
15097,Gustavia,augusta,5383804,,357
15098,Gustavia,gracillima,5383831,,357
15099,Lecythis,ollaria,9079394,,357
15100,Leptospermum,laevigatum,3181709,,235
15101,Leptospermum,petersonii,3181958,,235
15102,Lophomyrtus,bullata,3188099,,235
15103,Lophomyrtus,obcordata,3188102,,235
15104,Arrowsmithia,glandulosa,10633258,Macowania glandulosa,423
15105,Macrolenes,muscosa,5599318,,234
15106,Macrolenes,nemorosa,5599315,,234
15107,Medinilla,clarkei,3868099,,234
15108,Medinilla,crassinervia,3867756,,234
15109,Medinilla,scortechinii,3864709,,234
15110,Melaleuca,huegelii,5416080,,235
15111,Melaleuca,styphelioides,5416005,,235
15112,Melastoma,penicillatum,3858519,Melastoma molle,234
15113,Melastoma,muticum,3859112,,234
15114,Melastoma,sanguineum,3188512,,234
15115,Memecylon,garcinioides,3866660,,234
15116,Metrosideros,carminea,3185430,,235
15117,Metrosideros,colensoi,3185404,,235
15118,Metrosideros,excelsa,3185393,,235
15119,Metrosideros,fulgens,3185442,,235
15120,Metrosideros,perforata,8239469,,235
15121,Metrosideros,robusta,3185294,,235
15122,Metrosideros,umbellata,3185286,,235
15123,Miconia,albicans,3860779,,234
15124,Miconia,prasina,3188562,Miconia attenuata,234
15125,Miconia,ciliata,3869924,,234
15126,Miconia,laevigata,3188573,,234
15127,Miconia,macrothyrsa,3861594,,234
15128,Miconia,spicata,11032175,,234
15129,Miconia,tamana,3865143,,234
15130,Moullava,digyna,9387656,,193
15131,Myrciaria,dubia,10342163,,235
15132,Myrtella,bennigseniana,3180867,,235
15133,Neomyrtus,pedunculata,3188106,,235
15134,Nepeta,suavis,5609616,,396
15135,Nepsera,aquatica,3188525,,234
15136,Ochthocharis,decumbens,3867829,,234
15137,Osbeckia,brachystemon,5600809,,234
15138,Osbeckia,octandra,5600551,,234
15139,Hylocharis,hispida,5601659,Oxyspora hispida,234
15140,Pachycentria,constricta,8977013,,234
15141,Pachycentria,pulverulenta,3859516,,234
15142,Pachycentria,varingaefolia,3859452,,234
15143,Pachycentria,varingiaefolia,7491070,,234
15144,Paracaryum,himalayense,4064976,,382
15145,Phyllagathis,hispida,3858165,,234
15146,Phyllagathis,tuberculata,3857661,,234
15147,Planchonia,valida,5383744,,357
15148,Podalyria,calyptrata,5352148,,193
15149,Potentilla,chrysantha,5366938,,204
15150,Pternandra,caerulescens,3867776,,234
15151,Pternandra,echinata,3867658,,234
15152,Pternandra,hirtella,3867591,,234
15153,Pterolepis,glomerata,5420897,,234
15154,Rhodamnia,cinerea,3185983,,235
15155,Rhodamnia,rubescens,3186016,,235
15156,Rubus,saxatilis,2992808,,204
15157,Rubus,ursinus,2990646,,204
15158,Sarcopyramis,nepalensis,3859587,,234
15159,Sonerila,albiflora,3858676,,234
15160,Sonerila,moluccana,3870964,Sonerila begoniaefolia,234
15161,Sonerila,erecta,3858070,,234
15162,Sonerila,nidularia,3870879,,234
15163,Sonerila,obliqua,3870823,,234
15164,Sonerila,prostrata,3870628,,234
15165,Sonerila,rudis,3870472,,234
15166,Sonneratia,griffithii,5635599,,233
15167,Syzygium,maire,3184633,,235
15168,Syzygium,pachyphyllum,3182134,,235
15169,Syzygium,politum,3182429,,235
15170,Syzygium,pycnanthum,3183498,,235
15171,Syzygium,smithii,3184410,,235
15172,Syzygium,subdecussatum,3183356,,235
15173,Syzygium,wrayi,3183214,,235
15174,Tamarix,africana,2874702,,341
15175,Terminalia,brassii,3699014,,231
15176,Terminalia,complanata,3698386,,231
15177,Terminalia,phellocarpa,3698740,,231
15178,Pleroma,semidecandrum,5601313,Tibouchina semidecandra,234
15179,Trattinnickia,glaziovii,3992504,,253
15180,Tristaniopsis,obovata,3188076,,235
15181,Tristaniopsis,whiteana,3188087,,235
15182,Verticordia,densiflora,5420184,,235
15183,Salvia,viscida,3883953,,396
15184,Millettia,oblata,5355690,,193
15185,Millettia,oblata,5355691,Millettia oblata ssp. teitensis,193
15186,Achillea,distans,3120264,,423
15187,Artemisia,lagopus,3121357,,423
15188,Trichilia,emetica,7607474,Trichilia roka,255
15189,Combretum,molle,7961582,,231
15190,Terminalia,oblonga,3189396,,231
15191,Terminalia,oblongata,7327099,,231
15192,Inga,feuillei,5357953,Inga feuilleei,193
15193,Ligustrum,japonicum,7877969,Ligustrum japonicum L.,402
15194,Syringa,oblata,5549658,Syringa dilatata,402
15195,Alysicarpus,monilifer,2948685,,193
15196,Amsonia,tomentosa,3169705,,376
15197,Anoectochilus,roxburghii,5308555,,75
15198,Arctostaphylos,alpinus,8317978,Arctous alpina,355
15199,Artemisia,dubia,4229726,Artemisia dubia var. subdigitata,423
15200,Astragalus,pterocarpus,5343587,,193
15201,Astragalus,trigonus,5344791,,193
15202,Astragalus,villosissimus,5342818,,193
15203,Atriplex,stocksii,3759555,,306
15204,Baccharis,ligustrina,4250230,Baccharis brachylaenoides var. ligustrina,423
15205,Baccharis,coridifolia,3129366,,423
15206,Baeckea,gunniana,3187809,,235
15207,Baroniella,acuminata,3571124,,376
15208,Bryobium,hyacinthoides,2791526,,75
15209,Bursera,cuneata,3992619,,253
15210,Callicarpa,pedunculata,7308776,Callicarpa formosana,396
15211,Campanula,patula,5410564,,426
15212,Carissa,carandas,5414419,,376
15213,Cassiope,ericoides,5683592,,355
15214,Catharanthus,trichophyllus,3618529,,376
15215,Celtis,philippensis,7303643,,199
15216,Celtis,philippinensis,4160262,,199
15217,Centaurea,diluta,3129010,,423
15218,Cercocarpus,montanus,3001912,,204
15219,Chamaedaphne,calyculata,5333436,,355
15220,Chiococca,alba,2907406,,381
15221,Clinopodium,ashei,2926951,,396
15222,Clinopodium,chilense,3887808,,396
15223,Clinopodium,chinense,7307233,,396
15224,Clinopodium,vulgare,2926945,,396
15225,Conchocarpus,coeruleus,10273074,,257
15226,Cuphea,wrightii,3188678,,233
15227,Decaneuropsis,cumingiana,4239512,,423
15228,Empetrum,nigrum,8078153,Empetrum subholarcticum,355
15229,Englerophytum,magalismontanum,2888092,,364
15230,Enkianthus,campanulatus,7135609,,355
15231,Bothriocline,inyangana,3089698,Erlangea rogersii,423
15232,Fallugia,paradoxa,3030171,,204
15233,Galeana,pratensis,5389213,,423
15234,Gaultheria,leucocarpa,4170914,Gaultheria leucocarpa var. yunnanensis,355
15235,Gelsemium,sempervirens,3169513,,377
15236,Genipa,spruceana,2895592,,381
15237,Gentiana,cruciata,3170115,,379
15238,Gentiana,tibetica,4934494,,379
15239,Gentianella,florida,3842462,,379
15240,Gentianella,multicaulis,3841335,,379
15241,Glechoma,hirsuta,7307991,,396
15242,Pseudognaphalium,gaudichaudianum,3101011,Gnaphalium gaudichaudianum,423
15243,Guatteria,pogonopus,3155689,,15
15244,Hedyotis,herbacea,7866673,,381
15245,Ilex,psammophila,5534404,,416
15246,Isertia,haenkeana,2903537,,381
15247,Isodon,grandifolius,7308627,,396
15248,Isodon,wikstroemioides,5608798,,396
15249,Jacaranda,copaia,7298763,,391
15250,Lantana,horrida,8342444,Lantana tiliaefolia,415
15251,Lavandula,gibsonii,3891409,,396
15252,Lepechinia,meyenii,3888601,,396
15253,Leucothoe,keiskei,5684671,,355
15254,Lotus,creticus,5356939,,193
15255,Miconia,fallax,3866448,,234
15256,Miconia,langsdorffii,3862843,,234
15257,Mirabilis,himalaica,3700548,,329
15258,Morina,kokanica,7371709,,438
15259,Moussonia,deppeana,5590599,Moussonia Moussonia deppeana,395
15260,Myrcia,guianensis,3174923,,235
15261,Myrianthus,arboreus,4013416,,206
15262,Neonauclea,purpurea,2919451,,381
15263,Nepeta,ciliaris,5610670,,396
15264,Nepeta,juncea,7309182,,396
15265,Nepeta,tuberosa,7308812,,396
15266,Nerium,indicum,7317019,,376
15267,Nernstia,mexicana,2893950,,381
15268,Oldenlandia,corymbosa,7067153,Oldenlandia corymbosa var. corymbosa,381
15269,Oldenlandia,herbacea,2911992,,381
15270,Orthilia,secunda,2888310,,355
15271,Oxyceros,horridus,2904174,,381
15272,Phryma,leptostachya,2925445,,407
15273,Phyllodoce,caerulea,5333379,,355
15274,Phyllosma,capensis,7573410,,257
15275,Spinoliva,ilicifolia,10571685,Proustia ilicifolia,423
15276,Prunus,serotina,3021850,,204
15277,Quercus,macrocarpa,2878213,,209
15278,Rhododendron,adamsii,4169535,,355
15279,Rhododendron,lapponicum,2883075,,355
15280,Rhododendron,parvifolium,7328055,,355
15281,Rhododendron,tschonoskii,7328946,,355
15282,Roscoea,purpurea,5301320,,93
15283,Rubus,crataegifolius,2999200,,204
15284,Salvia,candicans,3882505,,396
15285,Salvia,decora,3904231,,396
15286,Salvia,karwinskii,3898807,,396
15287,Salvia,leucantha,6411750,,396
15288,Salvia,melissodora,3896308,,396
15289,Salvia,microphylla,2927045,,396
15290,Salvia,leptostachys,3897799,Salvia rhyacophila,396
15291,Salvia,sclareoides,7307282,,396
15292,Salvia,uruapana,3884465,,396
15293,Salvia,wagneriana,3883845,,396
15294,Salzmannia,nitida,2919381,,381
15295,Samadera,bidwillii,3709193,,260
15296,Sarcopoterium,spinosum,3001879,,204
15297,Spermacoce,pusilla,2918384,,381
15298,Sphaeranthus,africanus,7729020,,423
15299,Stizophyllum,riparium,4091599,,391
15300,Swertia,arisanensis,5596399,,379
15301,Swertia,chirata,5596317,,379
15302,Swertia,petiolata,8282356,,379
15303,Swertia,speciosa,8886549,,379
15304,Swertia,thomsonii,5595340,,379
15305,Swertia,verticillifolia,8061648,,379
15306,Synurus,excelsus,3150726,,423
15307,Syringantha,coulteri,2911894,,381
15308,Tanaecium,bilabiatum,6710598,,391
15309,Wendlandia,formosana,5338708,,381
15310,Zanthoxylum,rigidum,9690785,Zanthoxylum rigidifolium,257
15311,Zanthoxylum,usambarense,3833353,,257
15312,Zenobia,pulverulenta,5333371,,355
15313,Ziziphora,pamiroalaica,3899100,,396
15314,Ziziphora,tenuior,3904542,,396
15315,Cryptotaenia,canadensis,3034433,,439
15316,Dietes,bicolor,2742454,,72
15317,Aconitum,finetianum,3925451,,118
15318,Alpinia,purpurata,5301960,,93
15319,Archontophoenix,alexandrae,2732609,,79
15320,Brosimum,alicastrum,2984660,,202
15321,Bupleurum,smithii,6026904,,439
15322,Canarium,ovatum,5421350,,253
15323,Citrus,latifolia,3831655,,257
15324,Cyperus,aromaticus,2718810,,95
15325,Dendrobium,crumenatum,5316744,,75
15326,Dieffenbachia,reginae,3604523,,32
15327,Donax,canniformis,5302997,Donax grandis,90
15328,Epipremnum,pinnatum,2868272,,32
15329,Hydrilla,verticillata,5329570,,35
15330,Maranta,arundinacea,2761352,,90
15331,Oncidium,sphacelatum,5322412,,75
15332,Opuntia,cochenillifera,5384050,,312
15333,Pandanus,dubius,5328028,,49
15334,Peliosanthes,violacea,2774104,,64
15335,Rhynchospora,colorata,2721618,,95
15336,Saussurea,muliensis,5404646,,423
15337,Stratiotes,aloides,5329192,,35
15338,Tacca,cristata,2755859,,46
15339,Triticosecale,rimpaui,9457183,,102
15340,Ulmus,thomasii,5361875,,205
15341,Valerianella,locusta,2888778,,438
15342,Symplocos,glauca,7318819,,368
15343,Verbena,hastata,2925527,,415
15344,Verbena,stricta,2925531,,415
15345,Diplorhynchus,condylocarpon,5536384,,376
15346,Stenocereus,thurberi,7284668,Lemaireocereus thurberi,312
15347,Millettia,pachyloba,5355890,,193
15348,Moneses,uniflora,2888298,,355
15349,Sarcococca,wallichii,7285995,,124
15350,Swartzia,schomburgkii,5352119,,193
15351,Vincetoxicum,nigrum,5414551,,376
15352,Alberta,magna,2903813,,381
15353,Akania,bidwillii,3702277,Akania lucens,271
15354,Cestrum,pallidissimum,3801970,,388
15355,Cota,triumfetti,5390630,Cota triumfettii,423
15356,Eria,smithii,10671144,,75
15357,Viscaria,vulgaris,8153621,,313
15358,Xylopia,discreta,3157202,,15
15359,Haplophyllum,popovii,7726207,,257
15360,Rostellularia,hayatae,3780263,Justicia hayati,390
15361,Linum,leonii,4048982,,174
15362,Linum,perenne,2873878,,174
15363,Phyllanthus,acuminatus,5381441,,181
15364,Phyllanthus,anisolobus,5381905,,181
15365,Phyllanthus,myrtifolius,5382696,,181
15366,Phyllanthus,brasiliensis,7066995,Phyllanthus piscatorum,181
15367,Aeollanthus,rydingianus,3889269,,396
15368,Sagittaria,latifolia,5328909,,30
15369,Pogostemon,hirsutus,3900010,,396
15370,Neoraputia,alba,8187454,,257
15371,Aerva,javanica,7925519,,306
15372,Trichodesma,africanum,7441736,,382
15373,Oldenburgia,grandis,3149873,,423
15374,Sonchus,arboreus,3105825,,423
15375,Sonchus,capillaris,3105821,,423
15376,Sonchus,leptocephalus,3105698,,423
15377,Sonchus,microcarpus,3105751,,423
15378,Amsonia,orientalis,3618889,,376
15379,Anthocleista,nobilis,4019114,,379
15380,Caiophora,coronata,4021135,,347
15381,Caiophora,cirsiifolia,4021171,Caiophora sepiaria,347
15382,Centaurium,pulchellum,7439391,,379
15383,Chione,venosa,5338775,,381
15384,Chironia,baccifera,8252309,,379
15385,Chironia,palustris,5595681,,379
15386,Chironia,purpurascens,5595642,,379
15387,Citronella,gongonha,3597135,,417
15388,Cornus,sericea,3082244,,342
15389,Curtia,tenuifolia,7269805,,379
15390,Fagraea,auriculata,4019125,,379
15391,Gentiana,algida,3170111,,379
15392,Gentiana,punctata,8008282,,379
15393,Gentiana,septemfida,3170066,,379
15394,Gentiana,siphonantha,3841278,,379
15395,Gentianella,bulgarica,7270461,,379
15396,Kissenia,capensis,4931777,,347
15397,Lithocarpus,litseifolius,5332469,,209
15398,Loasa,illapelina,7289745,,347
15399,Lonicera,alpigena,6369729,Lonicera alpigena L.,438
15400,Lonicera,caprifolium,5334227,Lonicera caprifolium L.,438
15401,Lonicera,acuminata,5598598,Lonicera henryi Hemsl.,438
15402,Lonicera,pileata,7764700,Lonicera nitida E. H. Wilson,438
15403,Lonicera,pileata,5598915,Lonicera pileata Oliv,438
15404,Lonicera,xylosteum,5334259,Lonicera xylosteum L.,438
15405,Nasa,ranunculifolia,5646480,,347
15406,Nasa,trianae,5646420,,347
15407,Nyssa,ogeche,5383722,,348
15408,Pinnasa,volubilis,9351437,,347
15409,Potalia,amara,7725626,,379
15410,Presliophytum,arequipense,4021754,,347
15411,Presliophytum,arequipensis,4021749,,347
15412,Presliophytum,heucherifolia,4021743,,347
15413,Presliophytum,incanum,4021733,,347
15414,Pultenaea,altissima,2956270,,193
15415,Silene,praemixta,5585011,,313
15416,Swertia,brownii,5596343,Swertia calycina,379
15417,Triplostegia,glandulifera,4195307,,438
15418,Triplostegia,grandiflora,4195309,,438
15419,Xylopodia,klaprothioides,4021372,,347
15420,Teucrium,decaisnei,3897171,,396
15421,Chromolaena,collina,3087776,,423
15422,Adenocarpus,viscosus,2951643,,193
15423,Agapanthus,inapertus,2854720,,63
15424,Ambrosia,chamissonis,3110718,,423
15425,Amelanchier,bartramiana,3024074,,204
15426,Amelanchier,humilis,3023903,,204
15427,Andrographis,echioides,3173179,,390
15428,Anthyllis,henoniana,5352337,,193
15429,Anthyllis,lagascana,5352349,,193
15430,Anthyllis,subsimplex,5352338,,193
15431,Asanthus,thyrsiflorus,3144060,,423
15432,Berlandiera,texana,3148292,,423
15433,Campanula,betulaefolia,8277892,,426
15434,Cassipourea,malosana,3874109,Cassipourea gerrardii,186
15435,Cassytha,racemosa,7304247,,25
15436,Climacoptera,lanata,5568801,,306
15437,Crataegus,laciniata,8240558,,204
15438,Crataegus,orientalis,3013974,,204
15439,Crataegus,viridis,3014089,,204
15440,Dicoma,tomentosa,3103375,,423
15441,Drosera,madagascariensis,3191240,,316
15442,Ebenus,sibthorpii,5354896,,193
15443,Euphorbia,scripta,3066803,,166
15444,Euphorbia,stepposa,3065873,,166
15445,Fagonia,latifolia,3986682,,192
15446,Galium,heldreichii,2913930,,381
15447,Geranium,lambertii,2890987,,229
15448,Geranium,niveum,2890088,,229
15449,Geranium,platyanthum,2891389,,229
15450,Hedysarum,branthii,2961075,,193
15451,Hedysarum,neglectum,2960925,,193
15452,Hypericum,canariense,3189481,,170
15453,Hypericum,caprifoliatum,3714370,,170
15454,Hypericum,jovis,3711413,,170
15455,Hypericum,pseudomaculatum,3189455,,170
15456,Hypericum,pseudopetiolatum,3712795,,170
15457,Ipomoea,carnea,3682029,Ipomoea fistulosa,385
15458,Koenigia,alpina,9020499,,333
15459,Maerua,crassifolia,3871765,,275
15460,Matthiola,fruticulosa,5377429,,273
15461,Metalasia,cymbifolia,3095241,,423
15462,Minthostachys,setosa,3884530,,396
15463,Minthostachys,spicata,3884510,,396
15464,Acanthocalyx,nepalensis,8105421,Morina nepalensis,438
15465,Nothofagus,antarctica,2874930,,212
15466,Onobrychis,angustifolia,2972752,,193
15467,Phebalium,stenophyllum,3832132,,257
15468,Rhododendron,catawbiense,2883047,,355
15469,Robinsonia,berteroi,5400185,,423
15470,Robinsonia,macrocephala,9526702,,423
15471,Roldana,candicans,10868746,Roldana lineolata,423
15472,Roldana,lobata,3141661,,423
15473,Rotala,rosea,7482453,,233
15474,Sarcomphalus,mistol,8889452,,203
15475,Senecio,sarracenicus,7903764,,423
15476,Sophora,tetraptera,8397826,,193
15477,Stevia,galeopsidifolia,4242345,,423
15478,Stevia,microchaeta,3125524,,423
15479,Stevia,soratensis,3125686,,423
15480,Stevia,suaveolens,3125496,,423
15481,Strychnos,variabilis,5645901,,380
15482,Trifolium,arvense,5359246,,193
15483,Verbesina,encelioides,3147913,,423
15484,Zanthoxylum,limoncello,3837083,Zanthoxylum liebmannianum,257
15485,Haplopappus,baylahuen,3100426,Haplopappus bailahuen,423
15486,Bradburia,pilosa,5385150,Heterotheca pilosa,423
15487,Leucas,stelligera,7361676,,396
15488,Nonea,lutea,2926042,,382
15489,Nonea,pulla,7294644,,382
15490,Fabiana,australis,11785990,Petunia patagonica,388
15491,Piper,porphyrophyllum,4190430,,13
15492,Vernonanthura,menthaefolia,3110505,,423
15493,Veronica,maritima,3729499,Veronica flexuosa,408
15494,Xylosma,velutina,7743782,,187
15495,Caragana,jubata,2943329,,193
15496,Calea,oxylepis,3147535,,423
15497,Orthodon,hadai,8679054,,396
15498,Senecio,elegans,7819589,,423
15499,Silybum,eburneum,3145226,,423
15500,Achillea,eriophora,3120176,,423
15501,Agastache,cusickii,2926396,,396
15502,Agastache,nepetoides,2926408,,396
15503,Agastache,occidentalis,2926411,,396
15504,Agastache,parvifolia,2926409,,396
15505,Agastache,scrophulariifolia,2926394,,396
15506,Agrostophyllum,brevipes,2802837,,75
15507,Anaxagorea,prinoides,3156887,,15
15508,Anoda,cristata,3152493,,265
15509,Artemisia,transiliensis,3121417,,423
15510,Calea,divaricata,3147503,,423
15511,Calea,septuplinervia,3147447,,423
15512,Calea,solidaginea,3147566,,423
15513,Calea,urticifolia,7566486,,423
15514,Chromolaena,farinosa,3087831,,423
15515,Leucanthemum,vulgare,7222149,Chrysanthemum leucanthemum,423
15516,Crocus,heuffelianus,8844020,,72
15517,Eremophila,georgei,8103874,,411
15518,Ericameria,nauseosa,7223538,Ericameria nauseosa var. nauseosa,423
15519,Chromolaena,hookeriana,3142906,Eupatorium hookerianum,423
15520,Linaria,aeruginea,5415010,,408
15521,Lupinus,subcarnosus,2964073,,193
15522,Lysimachia,paridiformis,4006766,,362
15523,Mimulus,pilosus,5414977,,407
15524,Ostrya,japonica,5332311,,207
15525,Piper,guanacostense,4187947,,13
15526,Plagiocheilus,bogotensis,3088184,Plagiocheilus prostratus,423
15527,Teucrium,japonicum,3896071,,396
15528,Tricostularia,neesii,8122629,,95
15529,Lepidaploa,rufogrisea,3124514,Vernonia fruticulosa,423
15530,Combretum,caffrum,3699709,combretum caffrum,231
15531,Chromolaena,bigelovii,3087754,,423
15532,Croton,ciliatoglandulifer,3058647,,166
15533,Duguetia,staudtii,3157612,,15
15534,Erodiophyllum,elderi,3134948,,423
15535,Melicope,glabra,3833128,Euodia glabra,257
15536,Melicope,viticina,3834760,Euodia viticina,257
15537,Heterotheca,villosa,5401977,,423
15538,Espeletia,occulta,10835705,Libanothamnus occultus,423
15539,Melicope,madagascariensis,3832557,,257
15540,Physalis,coztomatl,5581419,,388
15541,Plectranthus,montanus,8402517,,396
15542,Isodon,ternifolius,5608825,,396
15543,Chaerophyllum,bulbosum,3034653,,439
15544,Clematis,drummondii,3033578,,118
15545,Iris,kemaonensis,5298492,,72
15546,Malva,neglecta,3152373,,265
15547,Malva,pusilla,3152372,,265
15548,Psorothamnus,emoryi,2940462,,193
15549,Styrax,officinalis,5371666,,367
15550,Thalictrum,ichangense,3928537,,118
15551,Crataegus,cuneata,3015285,,204
15552,Crataegus,pinnatifida,6550315,Crataegus pinnatifida var. major,204
15553,Hypericum,faberi,3712792,,170
15554,Croton,crassifolius,3058629,,166
15555,Aesculus,parviflora,3189828,,258
15556,Ageratina,glabrata,5400486,,423
15557,Alstonia,congensis,5535748,,376
15558,Ambrosia,canescens,3110613,,423
15559,Artemisia,leucotricha,3120997,,423
15560,Atropanthe,sinensis,3802362,,388
15561,Buddleja,madagascariensis,3173340,,411
15562,Japonicalia,delphiniifolia,9246881,Cacalia delphiniifolia,423
15563,Capsicum,chinense,2932942,,388
15564,Cardopatium,corymbosum,3098511,,423
15565,Cedrelopsis,grevei,3990259,,257
15566,Cnidoscolus,multilobus,3073576,,166
15567,Codonopsis,ussuriensis,5412911,,426
15568,Cyrtocarpa,procera,3660509,,251
15569,Dendropanax,arboreus,3035093,,441
15570,Macropsychanthus,grandiflorus,11005293,Dioclea grandiflora,193
15571,Dudleya,brittonii,4199328,,132
15572,Dudleya,farinosa,2985888,,132
15573,Enkianthus,nudipes,4169754,,355
15574,Eremosis,tomentosa,5390327,,423
15575,Ficus,padifolia,5570153,,202
15576,Ficus,pertusa,7944396,,202
15577,Garcinia,thwaitesii,3712495,,160
15578,Gymnosporia,nemorosa,3794386,,144
15579,Hultholia,mimosoides,9362258,,193
15580,Hypericum,gentianoides,3189514,Hypericum sarothra,170
15581,Intsia,bijuga,2963211,,193
15582,Kalanchoe,miniata,4199379,,132
15583,Kopsia,arborea,5536040,,376
15584,Lithocarpus,polystachyus,5332326,,209
15585,Menispermum,canadense,3033951,,116
15586,Mentha,spicata,3895566,Mentha spicata subsp. condensata,396
15587,Mikania,campanulata,5398872,,423
15588,Nepeta,clarkei,5610664,,396
15589,Parasenecio,auriculata,8232998,,423
15590,Perezia,pinnatifida,5391447,Perezia coerulescens,423
15591,Petasites,kablikianus,3088314,,423
15592,Phellodendron,amurense,6711633,Phellodendron sachalinense,257
15593,Glochidion,heyneanum,12231999,Phyllanthus velutinus,181
15594,Piper,amalago,3086333,,13
15595,Polyscias,bracteata,3035884,,441
15596,Pseudocodon,convolvulaceus,9251284,,426
15597,Renealmia,exaltata,8299679,,93
15598,Schisandra,micrantha,3745236,,6
15599,Senecio,tauricola,5831423,,423
15600,Serjania,salzmanniana,8014893,,258
15601,Symplocos,racemosa,7902154,,368
15602,Taraxacum,wallichii,5394159,,423
15603,Taverniera,aegyptiaca,2970322,,193
15604,Taxillus,chinensis,4001208,,294
15605,Tephrosia,strigosa,5342083,,193
15606,Terminalia,argentea,3699621,,231
15607,Ursinia,eckloniana,3089057,,423
15608,Vangueria,tomentosa,7663752,,381
15609,Zanthoxylum,acuminatum,3833649,,257
15610,Zanthoxylum,piasezkii,3835358,,257
15611,Tetraena,simplex,3986990,Zygophyllum simplex,192
15612,Aloe,marlothii,2778219,,65
15613,Aloe,perfoliata,2777626,,65
15614,Brachylaena,discolor,3140959,,423
15615,Brachylaena,elliptica,3140994,,423
15616,Cheirolophus,tagananensis,3097067,,423
15617,Onopordum,algeriense,3094943,,423
15618,Onopordum,carmanicum,3094946,,423
15619,Vincetoxicum,pubescens,5525406,Cynanchum chinense,376
15620,Alisma,plantago-aquatica,2865100,,30
15621,Inga,longispica,5357740,,193
15622,Ligularia,duciformis,5395497,,423
15623,Schisandra,pubescens,3745250,,6
15624,Zingiber,mekongense,2757192,,93
15625,Ardisia,brevicaulis,5557606,,362
15626,Astragalus,condensatus,5352655,Astragalus wiedemannianus,193
15627,Bertya,dimerostigma,3063074,,166
15628,Kartalinia,acaulis,10744511,Bituminaria acaulis,193
15629,Buxus,harlandii,4939125,Buxus harlandi,124
15630,Mycaranthes,villosissima,12213559,Eria villosissima,75
15631,Froelichia,floridana,5384326,,306
15632,Sorbus,vestita,7942972,Griffitharia vestita,204
15633,Hibiscus,schizopetalus,9064581,,265
15634,Hyoscyamus,pusillus,3802521,,388
15635,Nardophyllum,bryoides,5390215,,423
15636,Passiflora,bryonioides,2874213,,179
15637,Pueraria,mirifica,2977697,,193
15638,Pueraria,montana,8233429,Pueraria montana var. thomsonii,193
15639,Styrax,agrestis,7796602,,367
15640,Thermopsis,californica,5360188,,193
15641,Achillea,multifida,3120162,Achillea atrata L.ssp.multifida,423
15642,Astragalus,kadshorensis,5344967,,193
15643,Astragalus,monspessulanus,5346583,,193
15644,Astragalus,verrucosus,5346856,,193
15645,Pseudodictamnus,acetabulosus,10846508,Ballota acetabulosa,396
15646,Callistephus,chinensis,3092946,,423
15647,Chaerophyllum,aureum,3642531,,439
15648,Chrysanthemum,viscidi-hirtum,4234331,,423
15649,Crocus,chrysanthus,2747489,,72
15650,Dracocephalum,nutans,7309179,,396
15651,Itoa,orientalis,7274221,,187
15652,Justicia,comata,8974506,,390
15653,Justicia,fluminensis,3779978,,390
15654,Dianthera,laevilinguis,5573324,Justicia laevilinguis,390
15655,Lamyropsis,cynaroides,3132523,,423
15656,Leontopodium,leontopodinum,3140719,Leontopodium ochroleucum,423
15657,Lycianthes,synanthera,3798770,,388
15658,Phlomis,bovei,3888485,,396
15659,Physocarpus,capitatus,2988390,,204
15660,Pyrrhopappus,rothrockii,3145242,,423
15661,Ramirezella,strobilophora,5351825,,193
15662,Reichardia,picroides,5385655,,423
15663,Rungia,repens,7936204,,390
15664,Salix,viminalis,5372933,,187
15665,Salvia,spinosa,3886937,,396
15666,Scandix,stellata,6026954,,439
15667,Senecio,angulatus,4933568,,423
15668,Senecio,breviscapus,7536527,,423
15669,Sideritis,stachydioides,3888651,,396
15670,Sonchus,acaulis,3105715,,423
15671,Sonchus,bipontini,7905048,,423
15672,Sonchus,brachyotus,3105742,,423
15673,Sonchus,canariensis,3105785,,423
15674,Sonchus,fruticosus,3105692,,423
15675,Sonchus,gandogeri,3105718,,423
15676,Sonchus,luxurians,3105728,,423
15677,Sonchus,melanolepis,3105820,,423
15678,Sonchus,pitardii,3105647,,423
15679,Sonchus,radicatus,3105723,,423
15680,Sonchus,regis-jubae,3105725,,423
15681,Thymus,collinus,5607431,,396
15682,Torenia,fournieri,3172203,,399
15683,Verbascum,eremobium,3739877,,411
15684,Verbascum,letourneuxii,3738303,,411
15685,Verbascum,schimperianum,3736289,,411
15686,Veronica,strictissima,3725537,,408
15687,Ferula,linczevskii,3637732,,439
15688,Ferula,lipskyi,3637708,,439
15689,Rubus,ellipticus,2991322,Rubus ellipticus var. obcordatus,204
15690,Astragalus,microcephalus,5352983,,193
15691,Cyclamen,africanum,4005470,,362
15692,Jacobaea,morrisonensis,10803124,Senecio morrisonensis,423
15693,Swertia,cincta,5596311,,379
15694,Astragalus,alopecurus,5344299,Astragalus centralpinus,193
15695,Castilleja,miniata,8672564,,403
15696,Castilleja,occidentalis,3170680,,403
15697,Castilleja,rhexifolia,8034551,,403
15698,Dodartia,orientalis,3742239,,401
15699,Inga,sierrae,5357642,Inga brenesii,193
15700,Mackaya,bella,5574043,,390
15701,Melampyrum,cristatum,3725765,,403
15702,Pedicularis,ascendens,8344557,Pedicularis ascendens Gaudin,403
15703,Pedicularis,asplenifolia,7962689,Pedicularis aspleniifolia Willd.,403
15704,Pedicularis,foliosa,3724054,Pedicularis foliosa L.,403
15705,Pedicularis,gyroflexa,7333475,Pedicularis gyroflexa Vill.,403
15706,Pedicularis,kerneri,3742130,Pedicularis kerneri Dalla Torre,403
15707,Pedicularis,oederi,3171704,Pedicularis oederi Hornem.,403
15708,Pedicularis,palustris,3171734,,403
15709,Pedicularis,recutita,7333112,Pedicularis recutita L.,403
15710,Pedicularis,rostratocapitata,7415437,Pedicularis rostratocapitata Crantz,403
15711,Pedicularis,sylvatica,3171712,,403
15712,Pedicularis,tuberosa,7436512,Pedicularis tuberosa L.,403
15713,Rhinanthus,serotinus,3172046,Rhinanthus major,403
15714,Rhinanthus,minor,3172043,,403
15715,Solanum,wendlandii,2932035,,388
15716,Adinandra,nitida,3591679,,360
15717,Drymonia,macrophylla,5590850,,395
15718,Rubus,acuminatus,2990598,,204
15719,Terminalia,tropophylla,7327081,,231
15720,Trichodrymonia,macrophylla,10685706,,395
15721,Delphinium,cossonianum,3921954,Delphinium  cossonianum,118
15722,Adenophora,capillaris,5409473,,426
15723,Adenophora,coelestis,5409491,,426
15724,Adenophora,petiolata,7956472,Adenophora hunanensis,426
15725,Adenophora,lamarckii,8372530,,426
15726,Adenophora,potaninii,5409669,,426
15727,Adenophora,stenophylla,5409424,,426
15728,Adenophora,stricta,5409371,,426
15729,Calophyllum,bracteatum,7708753,,156
15730,Calophyllum,trapezifolium,8047711,,156
15731,Claoxylon,parviflorum,3060521,,166
15732,Codonopsis,benthamii,5412871,,426
15733,Codonopsis,bhutanica,5412989,,426
15734,Codonopsis,bulleyana,5412898,,426
15735,Codonopsis,canescens,5412968,,426
15736,Codonopsis,chlorocodon,5412863,,426
15737,Codonopsis,javanica,5412879,,426
15738,Codonopsis,meleagris,5412928,,426
15739,Codonopsis,subscaposa,5412990,,426
15740,Codonopsis,tubulosa,5412942,,426
15741,Cupania,cinerea,3785984,,258
15742,Dalbergia,coromandeliana,2968821,,193
15743,Dalbergia,horrida,2968703,,193
15744,Diospyros,acapulcensis,6306892,Diospyros nicaraguensis,354
15745,Euphorbia,seguieri,7980529,,166
15746,Liatris,acidota,3104334,,423
15747,Mammea,suriga,3712686,,156
15748,Rhododendron,camtschaticum,2883089,Rhododendron kamtschaticum,355
15749,Skimmia,melanocarpa,3837950,Skimmia wallachii,257
15750,Taraxacum,campylodes,5394016,,423
15751,Taraxacum,croceum,5394023,,423
15752,Thyrsanthera,suborbicularis,3071455,,166
15753,Lobelia,urens,5408353,,426
15754,Silene,coronaria,5384741,Lychnis coronaria,313
15755,Piper,hoffmannseggianum,4186080,,13
15756,Sidastrum,quinquenervium,3939759,,265
15757,Telitoxicum,glaziovii,3829785,,116
15758,Cinnamodendron,corticosum,3877808,,8
15759,Drimys,brasiliensis,7288410,,9
15760,Garcinia,fusca,3714589,,160
15761,Geranium,bellum,2890759,,229
15762,Persicaria,odorata,4033932,,333
15763,Persicaria,punctata,6390957,,333
15764,Macropiper,excelsum,7305291,Piper excelsum,13
15765,Zygogynum,acsmithii,4020814,,9
15766,Zygogynum,pancheri,7288437,,9
15767,Argyrolobium,crassifolium,2963642,,193
15768,Argyrolobium,lotoides,7851378,,193
15769,Baptisia,albescens,2976085,,193
15770,Baptisia,alba,7068564,Baptisia lactea var. pendula,193
15771,Baptisia,lanceolata,3907924,Baptisia lanceolata var. elliptica,193
15772,Cytisus,nigricans,5356805,Cytisus nigricans L.,193
15773,Dichilus,gracilis,5359923,,193
15774,Dichilus,lebeckioides,5359918,,193
15775,Dichilus,pilosus,5359919,,193
15776,Dichilus,strictus,5359922,,193
15777,Genista,ancistrocarpa,5347645,,193
15778,Genista,anglica,5347644,,193
15779,Haplormosia,monophylla,2951884,,193
15780,Lupinus,albicaulis,2964688,,193
15781,Lupinus,albifrons,2964669,,193
15782,Lupinus,arbustus,7656180,,193
15783,Lupinus,argenteus,2964374,,193
15784,Lupinus,argenteus,7225187,Lupinus argenteus var. argenteus,193
15785,Lupinus,argenteus,3912647,Lupinus argenteus var. laxiflorus,193
15786,Lupinus,argenteus,6373345,Lupinus argenteus var. rubricaulis,193
15787,Lupinus,atlanticus,2963961,,193
15788,Lupinus,bicolor,2964576,,193
15789,Lupinus,concinnus,2964695,,193
15790,Lupinus,digitatus,2963865,,193
15791,Lupinus,evermannii,2964595,,193
15792,Lupinus,gredensis,3972080,,193
15793,Lupinus,hirsutissimus,2964292,,193
15794,Lupinus,hispanicus,2964255,,193
15795,Lupinus,hybridus,2964176,,193
15796,Lupinus,latifolius,2964478,,193
15797,Lupinus,aridus,7401985,Lupinus lepidus var. aridus,193
15798,Lupinus,leucophyllus,2963870,,193
15799,Lupinus,littoralis,2964727,,193
15800,Lupinus,microcarpus,7274970,Lupinus microcarpus var. microcarpus,193
15801,Lupinus,nootkatensis,2964525,,193
15802,Lupinus,palaestinus,2963863,,193
15803,Lupinus,burkei,2964538,Lupinus polyphyllus var. burkei,193
15804,Lupinus,wyethii,8419007,Lupinus polyphyllus var. humicola,193
15805,Lupinus,rivularis,2964652,,193
15806,Lupinus,tassilicus,2963869,,193
15807,Melolobium,aethiopicum,2945620,,193
15808,Melolobium,alpinum,2945619,,193
15809,Melolobium,candicans,2945614,,193
15810,Melolobium,obcordatum,2945629,,193
15811,Melolobium,stipulatum,2945632,,193
15812,Melolobium,subspicatum,2945611,,193
15813,Melolobium,wilmsii,2945615,,193
15814,Ormosia,discolor,5355455,,193
15815,Ormosia,sumatrana,5355566,,193
15816,Thermopsis,turcica,5360201,,193
15817,Vuralia,turcica,10837306,,193
15818,Berberis,tschonoskyana,3981030,Berberis tschonoskiana,112
15819,Dehaasia,incrassata,4179558,Dehaasia triandra,25
15820,Glycosmis,parva,3832785,,257
15821,Thalictrum,minus,6375637,Thalictrum incidum,118
15822,Carduus,pycnocephalus,3114667,,423
15823,Taxandria,spathulata,3185899,Agonis spathulata,235
15824,Cancrinia,discoidea,3087240,,423
15825,Erysimum,contractum,3048670,,273
15826,Friesodielsia,obovata,3156815,,15
15827,Solanum,asperolanatum,2931631,Solanum hispidum,388
15828,Crotalaria,albicaulis,2941970,,193
15829,Aristolochia,lagesiana,7313728,,10
15830,Berberis,actinacantha,7300274,,112
15831,Berberis,turcomanica,7300256,,112
15832,Delphinium,hellesponticum,3931175,Consolida hellespontica,118
15833,Damburneya,salicifolia,9468083,,25
15834,Dehaasia,hainanensis,4179578,,25
15835,Dovyalis,hebecarpa,2874134,,187
15836,Guatteria,amplifolia,3155625,,15
15837,Guatteria,schomburgkiana,3155905,,15
15838,Kolobopetalum,auriculatum,3829516,Kolobopetalum auriculatum Engl.,116
15839,Stephania,lincangensis,5592803,,116
15840,Stephania,macrantha,5592797,,116
15841,Taxillus,sutchuenensis,8680087,Taxillus yadoriki,294
15842,Thalictrum,dioicum,3033113,,118
15843,Thalictrum,tuberiferum,7277194,,118
15844,Thalictrum,urbaini,3924173,Thalictrum urbainii,118
15845,Zanthoxylum,oxyphyllum,3835722,,257
15846,Magnolia,champaca,3153099,Michelia champaca,20
15847,Stachys,bombycina,3884784,,396
15848,Mesembryanthemum,cordifolium,8185812,Aptenia cordifolia,305
15849,Brugmansia,suaveolens,5341758,,388
15850,Salvia,euphratica,7962511,,396
15851,Asclepias,albicans,3170348,,376
15852,Erysimum,inconspicuum,3048294,,273
15853,Ornithogalum,pyrenaicum,2772902,Ornithogalum pyrenaicum L.,64
15854,Ornithogalum,umbellatum,2773448,Ornithogalum umbellatum L.,64
15855,Xysmalobium,undulatum,3571866,,376
15856,Cyperus,articulatus,2713638,,95
15857,Cyperus,corymbosus,2713778,,95
15858,Cyperus,microbolbos,2716375,,95
15859,Cassinia,quinquefaria,5390409,,423
15860,Datisca,cannabina,2874725,,220
15861,Baccharis,psiadioides,3089210,Heterothalamus psiadioides,423
15862,Macaranga,kurzii,3074007,,166
15863,Nothofagus,alessandrii,2874927,Nothofagus alessandri,212
15864,Piper,aleyreanum,4186041,,13
15865,Veronica,thymoides,7331638,,408
15866,Desmos,macrocalyx,3155198,Dasymaschalon macrocalyx,15
15867,Dasymaschalon,trichophorum,3155200,,15
15868,Chrysothamnus,viscidiflorus,6293503,Chrysothamnus viscidiflorus var. viscidiflorus,423
15869,Gutierrezia,texana,5385120,,423
15870,Adenophora,stenanthina,5409608,,426
15871,Printzia,polifolia,3098488,Aster papposus,423
15872,Gnidia,polycephala,5524385,,270
15873,Helogyne,hutchisonii,5701768,,423
15874,Ilex,buergeri,5533716,,416
15875,Vickifunkia,narynensis,11126114,Ligularia narynensis,423
15876,Magnolia,lacei,3152982,,20
15877,Magnolia,yunnanensis,3153480,,20
15878,Picradeniopsis,schaffneri,9618338,,423
15879,Polygaloides,chamaebuxus,4051746,Polygala chamaebuxus,195
15880,Rafflesia,kerrii,3941194,,185
15881,Saussurea,controversa,5404558,,423
15882,Torricellia,angulata,4259120,,446
15883,Arctotis,venusta,5406166,,423
15884,Cymbopetalum,brasiliense,3157844,,15
15885,Inula,salicina,8229935,,423
15886,Lepidagathis,cristata,3776967,,390
15887,Pentanema,germanicum,9904952,,423
15888,Pentanema,spiraeifolium,10108775,,423
15889,Tanacetum,aucherianum,3118578,,423
15890,Pandorea,pandorana,7298613,Tecoma australis,391
15891,Valerianella,eriocarpa,2888773,,438
15892,Veronica,longifolia,3172118,,408
15893,Veronica,spuria,3172065,,408
15894,Veronica,stricta,7861306,,408
15895,Werauhia,sanguinolenta,2700541,,94
15896,Acacia,caroleae,2979691,,193
15897,Acacia,minniritchi,7535524,Acacia gracillima Tindale (1975),193
15898,Acacia,olgana,2980000,,193
15899,Acacia,polybotrya,2980073,,193
15900,Acacia,schinoides,2978902,,193
15901,Acacia,sibina,2980268,,193
15902,Acacia,trachycarpa,2978558,,193
15903,Amelanchier,lamarckii,3024109,Amelanchier lamarckii F. G. Schroed.,204
15904,Amelanchier,ovalis,3023878,Amelanchier ovalis Medik.,204
15905,Cotoneaster,integerrimus,3025576,Cotoneaster integerrimus Medik.,204
15906,Cotoneaster,tomentosus,7916436,Cotoneaster tomentosus Lindl.,204
15907,Eucalyptus,camphora,3176811,,235
15908,Olinia,emarginata,3672466,,237
15909,Olinia,radiata,3672680,,237
15910,Olinia,ventosa,3672626,,237
15911,Oxyanthus,pyriformis,2901543,,381
15912,Prunus,cornuta,3021387,,204
15913,Prunus,domestica,7409013,Prunus insititia L.,204
15914,Prunus,myrtifolia,3021440,,204
15915,Salix,interior,5372917,,187
15916,Vasconcellea,quercifolia,3838736,,276
15917,Crambe,hispanica,5373483,Crambe hispanica subsp. abyssinica,273
15918,Conchocarpus,macrocarpus,3835423,Cusparia macrocarpa,257
15919,Lawrencella,rosea,5385014,Helichrysum lindleyi,423
15920,Utricularia,vulgaris,3172427,,398
15921,Vincetoxicum,amplexicaule,5526087,,376
15922,Decachaeta,haenkeana,3095707,,423
15923,Anarthria,scabra,2731694,,105
15924,Artemisia,brevifolia,3121505,,423
15925,Agathosma,crenulata,3190123,Barosma crenulata,257
15926,Cotoneaster,microphyllus,3025626,Cotoneaster microphylla,204
15927,Eremosis,triflosculosa,5695203,,423
15928,Geraea,viscida,3091934,,423
15929,Haplopappus,integerrimus,3100533,,423
15930,Kleinhovia,hospita,3152102,,265
15931,Knautia,arvensis,2888808,,438
15932,Melicope,reticulata,3831686,Melicope perspicuinervia,257
15933,Doona,affinis,4097027,Shorea affinis,264
15934,Santolina,neapolitana,3125926,,423
15935,Carduus,crispus,3114649,,423
15936,Dendrobium,huoshanense,5317552,,75
15937,Momordica,foetida,3625538,,219
15938,Ononis,speciosa,2977276,,193
15939,Pimpinella,villosa,5538323,,439
15940,Ageratina,palmeri,5400756,Piptothrix pubens,423
15941,Pterocarya,stenoptera,3054377,,210
15942,Quercus,alba,2879737,,209
15943,Salix,nigra,5372854,,187
15944,Ulmus,rubra,5361867,,205
15945,Magnolia,vovidesii,9047278,Magnolia vovidessi M. vovidessi,20
15946,Solandra,grandiflora,5341822,,388
15947,Iris,dichotoma,5298498,,72
15948,Abuta,velutina,3829976,,116
15949,Aconitum,flavum,7277341,,118
15950,Aconitum,karakolicum,7277165,,118
15951,Aesculus,chinensis,3672366,Aesculus chinensis var. wilsonii,258
15952,Agnorhiza,reticulata,3093477,,423
15953,Agrostistachys,hookeri,10928720,,166
15954,Alpinia,pinnanensis,5301989,,93
15955,Alyxia,sinensis,3621276,Alyxia levinei,376
15956,Amsonia,elliptica,3619167,,376
15957,Anaphalis,subumbellata,3136870,,423
15958,Anthocleista,vogelii,4018973,,379
15959,Anthotroche,myoporoides,3803093,,388
15960,Arisaema,amurense,2866903,,32
15961,Aristea,ecklonii,2744906,,72
15962,Aristolochia,chamissonis,7313713,,10
15963,Aristolochia,chilensis,3589409,,10
15964,Isotrema,liukiuense,10952213,Aristolochia liukiuensis,10
15965,Artemisia,mongolorum,3121527,Artemisia schischkinii,423
15966,Asperula,tinctoria,2916767,,381
15967,Aster,souliei,5387606,,423
15968,Astragalus,arequipensis,5342676,,193
15969,Astragalus,fruticosus,5343347,,193
15970,Astragalus,kulabensis,5344495,,193
15971,Astragalus,macropus,5346698,,193
15972,Astragalus,orbiculatus,5343120,,193
15973,Astragalus,schahrudensis,5345421,,193
15974,Astragalus,sieversianus,5344572,,193
15975,Astragalus,syriacus,5634360,,193
15976,Astragalus,uninodis,5633816,,193
15977,Astragalus,uninodus,5346953,,193
15978,Atropa,acuminata,3802713,,388
15979,Berchemia,pakistanica,3876192,,203
15980,Bituminaria,morisiana,3974149,,193
15981,Brackenridgea,nitida,7326801,,177
15982,Myrcia,neopallens,10841740,Calyptranthes pallens,235
15983,Campanula,lactiflora,5411392,,426
15984,Carpesium,longifolium,3094857,,423
15985,Ceiba,pentandra,5406697,,265
15986,Centaurea,imperialis,3128786,,423
15987,Centaurea,pseudocadmea,3128611,,423
15988,Centaurea,rothmalerana,3128141,,423
15989,Ceropegia,gordonii,9470399,,376
15990,Chenopodium,ficifolium,3083862,,306
15991,Milicia,regia,3763583,Chlorophora regia,202
15992,Chrysosplenium,flagelliferum,5567453,,142
15993,Coelogyne,ovalis,2811454,,75
15994,Croton,laevigatus,3059370,,166
15995,Croton,pulegiodorus,3057864,,166
15996,Croton,tetradenius,3058140,,166
15997,Cryptolepis,obtusa,7756926,,376
15998,Curculigo,orchioides,2853024,,71
15999,Cyanotis,arachnoidea,5303388,,81
16000,Cyathula,officinalis,5548543,,306
16001,Dactylorhiza,hatagirea,2810884,,75
16002,Delphinium,winklerianum,3925957,,118
16003,Desmostachya,bipinnata,4142071,,102
16004,Dimorphocarpa,wislizenii,3047653,Dimorphocarpa wislizeni,273
16005,Dryadodaphne,novoguineensis,7264524,,21
16006,Drypetes,indica,3075923,,184
16007,Dysphania,graveolens,5568393,,306
16008,Phreatia,elegans,2813910,Eria elegans,75
16009,Cylindrolobus,marginatus,6315484,Eria marginata,75
16010,Eriophyton,wallichii,7468881,,396
16011,Euonymus,echinatus,7265667,,144
16012,Flueggea,tinctoria,5382884,,181
16013,Goniothalamus,sesquipedalis,3154635,,15
16014,Gonospermum,elegans,7809348,,423
16015,Gonospermum,ferulaceum,6063901,,423
16016,Gymnotheca,involucrata,8123816,,14
16017,Haplocarpha,scaposa,3134512,,423
16018,Helenium,virginicum,5401858,,423
16019,Helwingia,chinensis,7326901,,418
16020,Heteropanax,fragrans,3036460,,441
16021,Heteropolygonatum,alte-lobatum,9504292,,64
16022,Heteropsis,oblongifolia,5330218,Heteropsis integerrima,32
16023,Himalrandia,tetrasperma,2917387,,381
16024,Hoodia,gordonii,7956185,,376
16025,Hymenodictyon,floribundum,2904461,,381
16026,Iresine,diffusa,3085038,,306
16027,Iris,leptophylla,5298991,,72
16028,Isodon,pharicus,5608893,,396
16029,Justicia,tranquebariensis,8304469,,390
16030,Kadsura,coccinea,7335142,Kadsura ananosma,6
16031,Laportea,ovalifolia,4098915,,206
16032,Lathyrus,rotundifolius,5356384,,193
16033,Leptopus,chinensis,5939759,,181
16034,Lespedeza,thunbergii,6405400,Lespedeza thunbergii subsp. formosa,193
16035,Ligularia,tongolensis,5395439,,423
16036,Lindera,communis,7304569,,25
16037,Liriope,muscari,5549949,,64
16038,Lupinus,pubescens,2964465,,193
16039,Macropiper,latifolium,7305271,,13
16040,Macropiper,methysticum,4186474,,13
16041,Maesobotrya,floribunda,3079200,,181
16042,Magnolia,sinica,3153667,,20
16043,Melicope,micrococca,3832429,,257
16044,Mosla,soochouensis,3904965,Mosla soochowensis,396
16045,Nannoglottis,ravida,4215163,,423
16046,Nealchornea,yapurensis,3062051,,166
16047,Nothapodytes,pittosporoides,3596862,,371
16048,Ophiopogon,jaburan,2774214,,64
16049,Oxyanthus,pallidus,2901540,,381
16050,Panax,vietnamensis,5372258,,441
16051,Piper,latifolium,8038077,,13
16052,Piper,longum,3086338,,13
16053,Piper,majusculum,4187154,,13
16054,Piper,peltatum,3086365,,13
16055,Podanthus,mitiqui,3093214,,423
16056,Ptilostemon,chamaepeuce,3096862,,423
16057,Pycnanthus,angolensis,8025076,,19
16058,Rhodiola,sinuata,4199303,,132
16059,Roldana,angulifolia,3141676,,423
16060,Rourea,minor,7780480,,148
16061,Rubus,chroosepalus,2995769,,204
16062,Nitrosalsola,micranthera,9344887,Salsola micranthera,306
16063,Heptapleurum,venulosum,3038373,Schefflera venulosa,441
16064,Shorea,seminis,4096990,,264
16065,Silene,linicola,5586656,,313
16066,Smilax,lanceaefolia,5553831,,62
16067,Smilax,perfoliata,5295267,,62
16068,Spilanthes,paniculata,9740476,,423
16069,Stevia,maimarensis,3125502,,423
16070,Strychnos,floribunda,5645148,,380
16071,Tetraena,coccinea,3987239,,192
16072,Trichilia,elegans,7271353,,255
16073,Trichilia,emetica,3190493,,255
16074,Uncaria,lanosa,5338237,Uncaria florida,381
16075,Urceola,rosea,5535797,,376
16076,Virola,michelii,8276084,,19
16077,Vochysia,vismiifolia,7288386,,238
16078,Achyrocline,satureioides,3139534,,423
16079,Iochroma,arborescens,10209961,Acnistus arborescens,388
16080,Aeschynomene,indica,2949250,,193
16081,Agathosma,bisulca,3834764,,257
16082,Anamirta,cocculus,3829613,,116
16083,Annickia,chlorantha,5407527,,15
16084,Annickia,kummerae,5792511,Annickia kummeriae,15
16085,Asteropyrum,cavaleriei,3929189,,118
16086,Berberis,amurensis,7300239,Berberies amurensis,112
16087,Berberis,diaphana,3981053,Berberies diaphana,112
16088,Berberis,dubia,3980861,Berberies dubia,112
16089,Berberis,chinensis,8172895,Berberies poiretii,112
16090,Berberis,potaninii,4938177,Berberies potaninii,112
16091,Berberis,thunbergii,3033896,Berberies thunbergii,112
16092,Berberis,aemulans,3981110,,112
16093,Berberis,aggregata,3981040,,112
16094,Berberis,asiatica,7539048,,112
16095,Berberis,barandana,3981860,,112
16096,Mahonia,bealei,3033888,Berberis bealei,112
16097,Berberis,canadensis,3033895,,112
16098,Berberis,cerasina,3982163,,112
16099,Berberis,cretica,7684385,,112
16100,Mahonia,eurybracteata,7300422,Berberis eurybracteata,112
16101,Mahonia,fortunei,3982081,Berberis fortunei,112
16102,Berberis,gagnepainii,4938160,,112
16103,Berberis,salicaria,3980824,Berberis giraldii,112
16104,Berberis,glauca,7664195,,112
16105,Mahonia,gracilipes,7300405,Berberis gracilipes,112
16106,Berberis,henryana,3980928,,112
16107,Berberis,ilicifolia,7689336,,112
16108,Berberis,lycium,8415406,,112
16109,Berberis,morrisonensis,3982012,,112
16110,Berberis,nummularia,3981055,,112
16111,Berberis,paravirescens,8291263,,112
16112,Berberis,pruinosa,3981583,,112
16113,Berberis,sibirica,7508354,,112
16114,Berberis,silva-taroucana,3981915,,112
16115,Berberis,taliensis,3981459,,112
16116,Berberis,caroli,3982281,Berberis vernae,112
16117,Berberis,virescens,3982255,,112
16118,Berberis,wilsoniae,3981814,,112
16119,Burasaia,madagascariensis,3829881,,116
16120,Calystegia,hederacea,2928449,,385
16121,Coleostephus,myconis,9466270,Chrysanthemum myconis,423
16122,Cocculus,carolinus,3033941,,116
16123,Coptis,chinensis,8371513,Coptis chinensis var. brevisepala,118
16124,Coptis,quinquefolia,7277301,,118
16125,Cryptantha,leiocarpa,2926316,,382
16126,Annickia,pilosa,5407543,Enantia pilosa,15
16127,Galium,lovcense,2913891,,381
16128,Garcinia,paucinervis,7896992,,160
16129,Haplophyllum,latifolium,8076456,,257
16130,Hildegardia,barteri,5545403,,265
16131,Horsfieldia,iryaghedhi,5564663,,19
16132,Hymenocallis,occidentalis,2860200,,63
16133,Tetraneuris,ivesiana,3112432,Hymenoxys ivesiana,423
16134,Karwinskia,subcordata,3874916,,203
16135,Macaranga,bicolor,3074378,,166
16136,Mahonia,leveilleana,3981734,Mahonia bodinieri,112
16137,Mahonia,eurybracteata,7300421,,112
16138,Mahonia,sheridaniana,8343666,Mahonia fargesii,112
16139,Mahonia,japonica,7828251,,112
16140,Mahonia,polyodonta,3981243,,112
16141,Mahonia,shenii,3981020,,112
16142,Tricerma,octogonum,3791865,Maytenus octogona,144
16143,Nectandra,megapotamica,5685055,Nectandra saligna,25
16144,Parabaena,megalocarpa,3829757,,116
16145,Parabaena,sagittata,3829683,,116
16146,Parabaena,tuberculata,3829663,,116
16147,Passiflora,coccinea,2874176,,179
16148,Plectranthus,ernstii,3904846,,396
16149,Rhigiocarya,racemifera,3830454,,116
16150,Sphenocentrum,jollyanum,3829666,,116
16151,Stephania,rotunda,5592764,Stephania glabra,116
16152,Stephania,miyiensis,5592789,,116
16153,Stephania,officinarum,5592780,,116
16154,Stephania,yunnanensis,7268735,,116
16155,Thalictrum,alpinum,3033134,,118
16156,Thalictrum,javanicum,7277787,,118
16157,Thalictrum,lankesteri,3928186,,118
16158,Paratinospora,sagittata,11546126,Tinospora capillipes,116
16159,Paratinospora,dentata,11050285,Tinospora dentata,116
16160,Tinospora,glabra,3830649,,116
16161,Tinospora,merrilliana,3830481,,116
16162,Trifolium,dubium,5359429,,193
16163,Trifolium,stellatum,5359037,,193
16164,Antidesma,bunius,3076436,,181
16165,Ouratea,multiflora,3694848,,177
16166,Teucrium,gracile,3896571,,396
16167,Teucrium,polium,3894393,Teucrium polium ssp. aurasianum,396
16168,Xanthocercis,zambesiaca,2975473,,193
16169,Olneya,tesota,2974564,,193
16170,Ammannia,baccifera,3188716,,233
16171,Coix,lacryma-jobi,2706301,,102
16172,Stemona,collinsae,3676597,,50
16173,Vanilla,mexicana,2803469,,75
16174,Acacia,pubescens,2980097,,193
16175,Acioa,longipendula,9517391,,159
16176,Aconitum,mokchangense,3922973,,118
16177,Inga,aptera,5357305,Affonsea aptera,193
16178,Bunium,ferulaceum,3641616,,439
16179,Bunium,pachypodum,3641006,Bunium incrassatum,439
16180,Caroxylon,inermis,3759502,,306
16181,Cleistanthus,collinus,4940432,,181
16182,Dirca,palustris,3188462,,270
16183,Eleutherine,bulbosa,2749556,,72
16184,Helichrysum,pedunculatum,3131980,,423
16185,Iberis,umbellata,5377303,,273
16186,Iris,susiana,5298150,Iris sofarana,72
16187,Justicia,heterocarpa,7264189,,390
16188,Leiocarpa,brevicompta,3145257,,423
16189,Monosis,volkameriifolia,4933937,,423
16190,Mucuna,imbricata,2951400,,193
16191,Myrtillocactus,geometrizans,7279778,Myrtillocactus geometrizan,312
16192,Paramacrolobium,coeruleum,2962899,,193
16193,Potentilla,asiatica,5367940,,204
16194,Potentilla,desertorum,5368331,,204
16195,Sibbaldianthe,orientalis,9257127,Potentilla orientalis,204
16196,Soda,schweinfurthii,11233681,Salsola schweinfurthii,306
16197,Santalum,obtusifolium,3788996,,298
16198,Saraca,indica,5359538,,193
16199,Schoepfia,californica,3685692,,303
16200,Senecio,atratus,3106931,,423
16201,Senegalia,lenticularis,7889085,,193
16202,Senegalia,torta,7367700,,193
16203,Trichosanthes,nervifolia,3623846,,219
16204,Vachellia,constricta,3795576,,193
16205,Desmos,dumosus,3155188,,15
16206,Annona,foetida,5407106,,15
16207,Justicia,patentiflora,3772432,Mananthes patentiflora,390
16208,Palafoxia,arida,3121712,,423
16209,Piper,montealegreanum,4184165,,13
16210,Primula,spectabilis,7842450,,362
16211,Senecio,mairetianus,3107784,,423
16212,Syzygium,antisepticum,3183617,,235
16213,Callistemon,polandii,3173445,,235
16214,Aphloia,theiformis,8190109,Aphloia madagascariensis,239
16215,Aphloia,theiformis,7274054,,239
16216,Fridericia,patellifera,8375350,Arrabidaea patellifera,391
16217,Cyclopia,genistoides,7508648,,193
16218,Cyclopia,maculata,5341867,,193
16219,Delairea,odorata,3134183,,423
16220,Gelasine,elongata,2746624,,72
16221,Gentianella,germanica,7539382,,379
16222,Gentianopsis,virgata,3169901,,379
16223,Hibiscus,liliastrum,3935934,,265
16224,Hiptage,benghalensis,3191302,,176
16225,Hypericum,asperuloides,3715271,,170
16226,Hypericum,barbatum,3715041,,170
16227,Hypericum,bupleuroides,3714639,,170
16228,Hypericum,calycinum,3189497,,170
16229,Hypericum,empetrifolium,8411092,,170
16230,Hypericum,formosissimum,3712606,,170
16231,Hypericum,origanifolium,7350942,,170
16232,Hypericum,polyphyllum,3713021,,170
16233,Hypericum,rochelii,3712127,,170
16234,Hypericum,spruneri,3711419,,170
16235,Hypericum,umbellatum,3715035,,170
16236,Hypericum,xylosteifolium,3714630,,170
16237,Iris,cengialti,7785316,,72
16238,Iris,nigricans,5298042,,72
16239,Iris,pumila,5298675,,72
16240,Iris,suaveolens,5298104,,72
16241,Iris,unguicularis,5298051,,72
16242,Moraea,australis,2744179,,72
16243,Moraea,setifolia,2744657,,72
16244,Tigridia,orthantha,5297465,Rigidella orthantha,72
16245,Salacia,reticulata,5579938,,144
16246,Senecio,mikanioides,3108757,,423
16247,Smilax,leucophylla,5295149,Smilax glycyphylla,62
16248,Swertia,chirayita,7419749,,379
16249,Swertia,cordata,7659827,,379
16250,Swertia,kouitchensis,5595996,,379
16251,Swertia,souliei,7753120,,379
16252,Tigridia,alpestris,5297470,,72
16253,Goniolimon,incanum,4089209,Limonium serbicum,332
16254,Portea,petropolitana,2694442,,94
16255,Aconitum,soongaricum,7276574,,118
16256,Ailanthus,excelsa,3709036,,260
16257,Alocasia,cucullata,5329867,,32
16258,Arisaema,decipiens,2866874,,32
16259,Ellisiophyllum,pinnatum,7333320,,408
16260,Teucrium,alborubrum,3898853,Kinostemon alborubrum,396
16261,Morella,pilulifera,3745006,Myrica pilulifera,211
16262,Cicer,pinnatifidum,2947331,,193
16263,Tanacetum,achilleifolium,3118488,,423
16264,Antirrhinum,hispanicum,7333199,,408
16265,Digitalis,viridiflora,5558970,,408
16266,Herissantia,tiubae,3940130,,265
16267,Buxus,madagascarica,3988094,,124
16268,Carphephorus,corymbosus,3112048,,423
16269,Lactuca,sibirica,3140552,,423
16270,Caesalpinia,cookiana,8749236,Caesalpinia coriana,193
16271,Cabralea,canjerana,3852479,Cabralea polytricha,255
16272,Caryodendron,orinocense,3055897,,166
16273,Prunus,virginiana,3022668,,204
16274,Rubus,spectabilis,2993761,,204
16275,Stemona,sessilifolia,2863347,,50
16276,Alloberberis,trifoliolata,11344814,Berberis trifoliolata,112
16277,Palicourea,acuminata,7763101,,381
16278,Aquilegia,coerulea,7226684,'Aquilegia caerulea',118
16279,Aconitum,plicatum,7276775,Aconitum callibotryon,118
16280,Actaea,spicata,5371473,,118
16281,Adonis,aestivalis,5371707,,118
16282,Adonis,vernalis,5371711,,118
16283,Aquilegia,alpina,3921499,,118
16284,Aquilegia,atrata,3921447,,118
16285,Aquilegia,canadensis,3033197,,118
16286,Aquilegia,chrysantha,3033196,,118
16287,Aquilegia,coerulea,3033188,,118
16288,Aquilegia,eximia,3033193,,118
16289,Aquilegia,formosa,3033169,,118
16290,Aquilegia,jonesii,3033183,,118
16291,Aquilegia,olympica,3930093,,118
16292,Aquilegia,skinneri,3929701,,118
16293,Aristolochia,baetica,3588865,,10
16294,Aristolochia,bracteolata,3588540,,10
16295,Aristolochia,clematitis,2873991,Aristolochia clematitis L.,10
16296,Isotrema,fangchi,11101354,Aristolochia fangchi,10
16297,Aristolochia,indica,7313567,,10
16298,Aristolochia,rotunda,2874019,Aristolochia rotunda L.,10
16299,Isotrema,macrophyllum,2873995,Aristolochia sipho,10
16300,Berberis,kawakamii,3981483,,112
16301,Chamaelirium,japonicum,11037976,Chionographis japonica,58
16302,Cissampelos,glaberrima,7268717,,116
16303,Clematis,parviloba,7277979,,118
16304,Clematis,recta,3033543,,118
16305,Cocculus,hirsutus,3829491,,116
16306,Cocculus,orbiculatus,3033943,Cocculus trilobus,116
16307,Croton,turumiquirensis,3058169,,166
16308,Delphinium,pentagynum,7277824,,118
16309,Hernandia,nymphaeifolia,3685338,,24
16310,Hypoestes,rosea,7551554,,390
16311,Hypserpa,nitida,3829876,,116
16312,Litsea,ligustrina,8331160,Litsea deccanensis,25
16313,Magnolia,rostrata,3152973,,20
16314,Magnolia,speciosa,3987858,,20
16315,Pachygone,ovata,7268715,,116
16316,Paraquilegia,anemonoides,3930309,,118
16317,Passiflora,suberosa,2874173,,179
16318,Pyrus,nivalis,8151172,Pyrus x nivalis,204
16319,Rhodiola,atuntsuensis,4200720,,132
16320,Thalictrum,baicalense,8008246,,118
16321,Thalictrum,calabricum,3930415,,118
16322,Thalictrum,elegans,3929460,,118
16323,Thalictrum,fendleri,3033120,,118
16324,Thalictrum,przewalskii,3926116,,118
16325,Thalictrum,sultanabadense,3924711,,118
16326,Zanthoxylum,mollissimum,3836492,Zanthoxylum anodynum,257
16327,Zanthoxylum,austrosinense,7269037,,257
16328,Melaleuca,globifera,5416169,,235
16329,Eucalyptus,gamophylla,3176852,,235
16330,Wurfbainia,vera,11050830,,93
16331,Erythrina,atitlanensis,5349511,,193
16332,Erythrina,flabelliformis,5349516,,193
16333,Erythrina,goldmanii,5349580,,193
16334,Erythrina,guatemalensis,5349514,,193
16335,Erythrina,macrophylla,5349564,,193
16336,Erythrina,mulungu,5349691,,193
16337,Erythrina,oaxacana,5349539,,193
16338,Erythrina,oliviae,5349662,,193
16339,Erythrina,steyermarkii,5349519,,193
16340,Erythrina,tajumulcensis,5349769,,193
16341,Erythrina,verna,5349690,,193
16342,Erythrina,zeyheri,5349495,,193
16343,Centrolobium,robustum,2945570,,193
16344,Dendrobium,farmeri,5317527,,75
16345,Diplotropis,purpurea,5355625,,193
16346,Melilotus,dentatus,8349589,,193
16347,Melilotus,elegans,2971036,,193
16348,Melilotus,infestus,2971033,,193
16349,Melilotus,neapolitanus,2971074,Melilotus neapolitana,193
16350,Melilotus,polonicus,2971056,,193
16351,Peltogyne,venosa,2952706,,193
16352,Philodendron,hederaceum,2871003,,32
16353,Populus,sieboldii,3805456,Populus sieboldi,187
16354,Isodon,parvifolius,5608895,Rabdosia parvifolia,396
16355,Sesbania,rostrata,2970714,,193
16356,Umtiza,listerana,2941177,,193
16357,Virgilia,oroboides,5350554,,193
16358,Xanthorrhoea,johnsonii,2779411,,65
16359,Xanthorrhoea,latifolia,2779419,,65
16360,Xanthorrhoea,minor,2779454,,65
16361,Pimpinella,wallichiana,6026764,Pimpinella monoica,439
16362,Corchorus,trilocularis,3152081,,265
16363,Delphinium,honanense,7278256,,118
16364,Helianthus,ciliaris,3119230,,423
16365,Gnidia,burchellii,5523449,Lasiosiphon burchellii,270
16366,Scaevola,taccada,6358362,,427
16367,Senecio,ovatus,4224085,Senecio stabianus,423
16368,Phyllocephalum,scabridum,3150404,Baccharoides lilacina,423
16369,Cionura,erecta,3572423,,376
16370,Croton,gossypiifolius,3059672,,166
16371,Eucalyptus,caleyi,3176830,,235
16372,Machilus,zuihoensis,7735412,Machilus zuihoensis var. mushaensis,25
16373,Neolitsea,variabillima,4179067,,25
16374,Piper,dactylostigmum,4188130,,13
16375,Pogostemon,travancoricus,7308804,,396
16376,Pulicaria,stephanocarpa,5831531,,423
16377,Schisandra,glaucescens,3745254,,6
16378,Ajuga,turkestanica,4931002,,396
16379,Trillium,tschonoskii,2742237,,58
16380,Aglaia,roxburghiana,5598022,,255
16381,Andira,parviflora,2952165,Andira paruiflora,193
16382,Carnegiea,gigantea,5384200,,312
16383,Ficus,macrophylla,5570636,,202
16384,Nicotiana,fragrans,7660899,,388
16385,Tillandsia,streptocarpa,2695421,,94
16386,Xanthosoma,robustum,5330897,,32
16387,Anisotome,pilifera,3641495,,439
16388,Anthriscus,nitida,8134008,,439
16389,Desmanthodium,guatemalense,3109863,,423
16390,Helichrysum,nudifolium,4245591,Helichrysum oxyphyllum,423
16391,Heteromorpha,arborescens,5832021,Heteromorpha arborescens var. abyssinica,439
16392,Laserpitium,gallicum,6026416,,439
16393,Meeboldia,delavayi,11177159,Meeboldia yunnanensis,439
16394,Osmorhiza,occidentalis,3034142,,439
16395,Schefflera,digitata,3038393,,441
16396,Maesa,chisia,3719488,,362
16397,Aletris,farinosa,2756106,,47
16398,Anabasis,setifera,5568513,,306
16399,Antiphiona,fragrans,3139416,,423
16400,Boronia,ledifolia,7269480,,257
16401,Boronia,thujona,3835142,,257
16402,Eucalyptus,camfieldii,3176297,,235
16403,Eucalyptus,dives,3176819,,235
16404,Geigeria,acaulis,9602031,,423
16405,Geigeria,rigida,3119872,,423
16406,Hofmeisteria,schaffneri,3089456,,423
16407,Hysterobaeckea,behrii,9260505,,235
16408,Galgera,decurrens,12199720,Laggera decurrens,423
16409,Machilus,acuminatissima,10822428,,25
16410,Micromeria,nervosa,5606270,,396
16411,Santalum,lanceolatum,8158000,,298
16412,Thymus,bovei,5607595,,396
16413,Thymus,karamarianicus,5606713,,396
16414,Thymus,migricus,5606287,,396
16415,Cymbopogon,polyneuros,4138314,Andropogon polyneuros,102
16416,Cephalanthus,natalensis,2923961,,381
16417,Croton,heliotropiifolius,3060038,,166
16418,Cuspidaria,convoluta,5668664,Cuspidaria pterocarpa,391
16419,Lomatia,arborescens,5636716,,121
16420,Lomatia,ilicifolia,7287147,,121
16421,Nauclea,diderrichii,5339118,,381
16422,Passiflora,jorullensis,7313411,,179
16423,Passiflora,menispermifolia,7313428,,179
16424,Protea,neriifolia,5637070,,121
16425,Rauvolfia,sellowii,3616569,,376
16426,Rauvolfia,sumatrana,3616339,,376
16427,Rauvolfia,verticillata,3616228,,376
16428,Simira,mexicana,5335256,,381
16429,Simira,salvadorensis,5335249,,381
16430,Strychnos,johnsonii,5645736,,380
16431,Uncaria,acida,9467042,,381
16432,Uncaria,attenuata,5338153,,381
16433,Uncaria,barbata,5338147,,381
16434,Uncaria,borneensis,5338175,,381
16435,Uncaria,callophylla,5338260,,381
16436,Uncaria,canescens,5338197,,381
16437,Uncaria,nervosa,5338161,,381
16438,Uncaria,orientalis,5338241,,381
16439,Zygophyllum,fabago,3189902,,192
16440,Syringa,reticulata,5549615,Syringa amurensis,402
16441,Lonchocarpus,rugosus,2969185,,193
16442,Aeonium,decorum,7334101,,132
16443,Polygonum,punctatum,10779688,,333
16444,Spiraea,brahuica,3027224,,204
16445,Buddleja,japonica,4055769,,411
16446,Gentiana,utriculosa,8352976,,379
16447,Gevuina,avellana,3996031,Gevuina avellana Mol.,121
16448,Jaborosa,laciniata,3801935,,388
16449,Psophocarpus,scandens,2944694,,193
16450,Clusia,burchellii,5555629,,160
16451,Clusia,grandiflora,5556447,,160
16452,Clusia,hilariana,5556404,,160
16453,Clusia,lanceolata,7330314,,160
16454,Clusia,rosea,5421060,,160
16455,Clusia,weddelliana,5555825,,160
16456,Lavandula,coronopifolia,7307841,,396
16457,Piper,swartzianum,3086327,,13
16458,Piper,tuberculatum,3086328,,13
16459,Clibadium,arboreum,3104739,,423
16460,Heuchera,micrantha,8365087,,142
16461,Heuchera,villosa,3032655,,142
16462,Melianthus,major,3845298,,226
16463,Croton,jatrophoides,3058688,,166
16464,Turraea,wakefieldii,3852224,,255
16465,Bouchea,pseudogervao,4083862,Bouchea fluminensis,415
16466,Citharexylum,flexuosum,7297206,,415
16467,Citharexylum,spinosum,2925396,Citharexylum fruticosum,415
16468,Lantana,viburnoides,7383157,,415
16469,Phlomis,cancellata,3888383,,396
16470,Phlomis,kotschyana,3887573,,396
16471,Phlomis,lycia,3887376,,396
16472,Allium,tripedale,2856882,,63
16473,Allophylus,cobbe,9364157,,258
16474,Alstonia,sphaerocapitata,5535585,,376
16475,Isotrema,griffithii,3589468,Aristolochia griffithii,10
16476,Isotrema,yunnanense,11053393,Aristolochia yunnanensis,10
16477,Browallia,speciosa,3800529,,388
16478,Cineraria,dieterlenii,3141225,,423
16479,Eccremocarpus,scaber,7298749,,391
16480,Echinops,sphaerocephalus,5392883,,423
16481,Jacaranda,racemosa,4093263,,391
16482,Laurus,novocanariensis,4177599,,25
16483,Lychnophora,passerina,5399395,,423
16484,Moquiniastrum,paniculatum,7933072,,423
16485,Picris,altissima,8147820,,423
16486,Picris,rhagadioloides,3093286,,423
16487,Polyalthia,cauliflora,3156385,Polyalthia beccarii,15
16488,Ipomoea,eriocarpa,5549118,Quamoclit angulata,385
16489,Reseda,duriaeana,7275928,,284
16490,Stokesia,laevis,5403935,,423
16491,Strychnos,solimoesana,5645444,,380
16492,Swertia,davidii,8017421,Swertia davidi,379
16493,Thymus,algeriensis,5607769,,396
16494,Dolomiaea,forrestii,3086725,Vladimiria denticulata,423
16495,Withania,aristata,3801209,,388
16496,Abuta,racemosa,7349979,,116
16497,Anthemis,ruthenica,3102823,,423
16498,Garcinia,humilis,3714283,,160
16499,Jurinea,eriobasis,5392466,,423
16500,Xylopia,africana,3157050,,15
16501,Iryanthera,lancifolia,3743924,,19
16502,Anthurium,versicolor,2872412,,32
16503,Clinopodium,chinense,8235527,Clinopodium chinense var. parviflorum,396
16504,Lindelofia,stylosa,7295368,Cynoglossum stylosum,382
16505,Eucalyptus,coccifera,3176305,,235
16506,Hamelia,patens,2902066,,381
16507,Lindelofia,stylosa,7295367,,382
16508,Chloranthus,multistachys,7576001,,28
16509,Commiphora,pyracanthoides,3993726,,253
16510,Senecio,pyrenaicus,3107170,Senecio tournefortii,423
16511,Zoegea,crinita,7336866,Zoegea baldschuanica,423
16512,Ageratum,tomentosum,8639099,,423
16513,Amphilophium,crucigerum,4931838,,391
16514,Chrysothamnus,stylosus,3148630,,423
16515,Polygala,sellowiana,8110967,Polygala sabulosa,195
16516,Carya,tonkinensis,4205522,,210
16517,Colubrina,elliptica,5372458,,203
16518,Excoecaria,kawakamii,3071669,,166
16519,Faramea,occidentalis,2898087,Faramea cyanea,381
16520,Nyssa,sinensis,7322071,,348
16521,Plantago,arenaria,7303015,Plantago indica,408
16522,Carphephorus,odoratissimus,7795803,Trilisa odoratissima,423
16523,Vernicia,fordii,3074906,,166
16524,Citrus,garrawayi,3832230,,257
16525,Erythrina,burana,5349569,,193
16526,Acanthus,mollis,5415455,,390
16527,Achillea,ageratifolia,7691980,,423
16528,Achillea,biserrata,3120300,,423
16529,Aiouea,trinervis,4183047,,25
16530,Aristolochia,macrocarpa,3589050,Aristolochia flos-avis,10
16531,Asarum,maximum,3589522,,10
16532,Boronia,pancheri,8872420,Boronella pancheri,257
16533,Buddleja,sessiliflora,3173335,,411
16534,Bupleurum,rigidum,6026935,,439
16535,Callicarpa,furfuracea,5609730,,396
16536,Caryodaphnopsis,baviensis,4180210,,25
16537,Sesamum,sesamoides,9681047,Ceratotheca sesamoides,406
16538,Sesamum,trilobum,9700256,Ceratotheca triloba,406
16539,Cleistanthus,patulus,3081567,,181
16540,Cochlearia,officinalis,5373276,,273
16541,Coelogyne,nitida,2811392,,75
16542,Corymbia,scabrida,5418389,,235
16543,Dicerocaryum,zanguebarium,3585148,,406
16544,Dichotomanthes,tristaniicarpa,2987750,,204
16545,Dracontium,spruceanum,5330716,Dracontium loretense,32
16546,Eminium,lehmannii,2867704,,32
16547,Eperua,bijuga,2943521,,193
16548,Eremophila,phyllopoda,7957202,,411
16549,Fleischmannia,hymenophylla,5399645,,423
16550,Fleischmannia,microstemon,5399722,,423
16551,Flindersia,amboinensis,3835679,,257
16552,Holubia,saccata,5527250,,406
16553,Homalium,laurifolium,7729276,,187
16554,Hypenia,salzmannii,3883818,,396
16555,Iberodes,linifolia,9629001,,382
16556,Jatropha,mahafalensis,3072979,,166
16557,Seseli,transcaucasicum,3629086,Libanotis transcaucasica,439
16558,Magnolia,mutabilis,7357520,,20
16559,Matsumurella,chinensis,8104802,,396
16560,Nectandra,amazonum,7304432,,25
16561,Palisota,barteri,2763803,,81
16562,Pandanus,boninensis,5327658,,49
16563,Paulownia,taiwaniana,3742749,,405
16564,Penstemon,campanulatus,3171583,,408
16565,Machilus,kurzii,4178752,Persea kurzii,25
16566,Phaulopsis,ciliata,3776442,Phaylopsis falcisepala,390
16567,Phelline,brachyphylla,4196459,,430
16568,Philotheca,citrina,3831516,,257
16569,Phyllarthron,comorense,4091606,,391
16570,Piper,austrosinense,4190388,,13
16571,Piper,mullesua,8023840,,13
16572,Piper,retrofractum,3086342,,13
16573,Podolepis,rugata,3100347,,423
16574,Proboscidea,louisianica,5415100,,400
16575,Pterodiscus,aurantiacus,5527224,,406
16576,Lomelosia,rotata,4102974,Scabiosa rotata,438
16577,Sesamothamnus,busseanus,3585278,,406
16578,Sesamum,calycinum,7313153,,406
16579,Sesamum,capense,3585133,,406
16580,Sesamum,latifolium,3585323,,406
16581,Sesamum,pedalioides,3585241,,406
16582,Sesamum,rigidum,8294792,,406
16583,Sesamum,triphyllum,3585152,,406
16584,Sibthorpia,europaea,3732653,,408
16585,Sideritis,candicans,7307906,Sideritis massoniana,396
16586,Stachyurus,praecox,7303926,,243
16587,Magnolia,hodgsonii,3153060,Talauma hodgsoni,20
16588,Torenia,violacea,3724873,,399
16589,Ursinia,anethoides,3089094,,423
16590,Verbesina,virginica,3148137,,423
16591,Virola,carinata,7333680,,19
16592,Virola,flexuosa,3743391,,19
16593,Virola,venosa,7333745,,19
16594,Zanthoxylum,acanthopodium,7269121,,257
16595,Zanthoxylum,caudatum,3832450,,257
16596,Zanthoxylum,ciliatum,3832327,,257
16597,Zanthoxylum,clava-herculis,8681996,,257
16598,Zanthoxylum,conspersipunctatum,3832096,,257
16599,Zanthoxylum,pluviatile,3835166,,257
16600,Zanthoxylum,tingoassuiba,3833611,,257
16601,Zanthoxylum,riedelianum,7595180,Zanthoxylum valens,257
16602,Margaritaria,indica,5383240,,181
16603,Dianthus,japonicus,7267525,,313
16604,Ficus,saussureana,9186600,,202
16605,Passiflora,ambigua,3586977,,179
16606,Passiflora,quadrangularis,2874183,,179
16607,Phlomis,integrifolia,3887685,,396
16608,Tanacetum,boreale,7392560,,423
16609,Aristolochia,arcuata,3589027,,10
16610,Caragana,microphylla,2943200,,193
16611,Cocculus,laurifolius,3829341,,116
16612,Cuscuta,salina,2927505,,385
16613,Cynanchum,maximoviczii,3577675,,376
16614,Cyperus,esculentus,2716226,,95
16615,Delphinium,geyeri,3033705,,118
16616,Dillenia,philippinensis,5383895,,128
16617,Hovea,linearis,7852094,,193
16618,Juncus,maritimus,2701869,,100
16619,Ligularia,latihastata,5395436,Ligularia brachyphylla,423
16620,Ligularia,nanchuanica,5395517,,423
16621,Lilium,japonicum,7560022,,57
16622,Malouetia,tamaquarina,8109993,,376
16623,Opuntia,macrorhiza,5384048,,312
16624,Perymenium,berlandieri,3132155,,423
16625,Physalis,philadelphica,8969026,,388
16626,Phytelephas,aequatorialis,2736296,,79
16627,Polygala,japonica,7293443,,195
16628,Quercus,castaneifolia,7930013,,209
16629,Shorea,wangtianshuea,4096465,,264
16630,Silene,conoidea,5384852,,313
16631,Sphenostylis,stenocarpa,2977764,,193
16632,Tribulus,cistoides,5421117,,192
16633,Vitex,doniana,3905809,,396
16634,Cannabis,indica,10798608,,199
16635,Eucalyptus,camaldulensis,7330677,Eucalyptus camaldulensis var. brevirostris,235
16636,Uvariopsis,solheidii,3157461,,15
16637,Verbascum,ballii,8184852,,411
16638,Actaea,podocarpa,5616574,,118
16639,Agathosma,venusta,3832460,,257
16640,Citrus,inflata,9292648,,257
16641,Ducrosia,anethifolia,3635646,,439
16642,Enydra,fluctuans,5402447,,423
16643,Eucalyptus,kochii,3176490,,235
16644,Heteropyxis,natalensis,5418504,,235
16645,Maesa,macrophylla,7358637,,362
16646,Nepenthes,rafflesiana,7167256,,328
16647,Hyptis,radicans,7847233,Peltodon radicans,396
16648,Psidium,larueotteanum,9289963,,235
16649,Psidium,rufum,5420661,,235
16650,Rhododendron,scabrifolium,7327737,,355
16651,Rhododendron,yunnanense,4173483,,355
16652,Solidago,litoralis,5389086,,423
16653,Wurfbainia,compacta,10929810,,93
16654,Wurfbainia,neoaurantiaca,10945383,,93
16655,Senecio,aegyptius,6300225,Senecio aegyptius var.discoideus,423
16656,Berchemiella,berchemiifolia,3875970,Berchemia berchemiifolia,203
16657,Parietaria,judaica,5361801,,206
16658,Ranunculus,aquatilis,3033464,,118
16659,Ranunculus,trichophyllus,10096320,Ranunculus aquatilis var. diffusus,118
16660,Ranunculus,hederaceus,3033477,,118
16661,Ranunculus,penicillatus,7278019,,118
16662,Ranunculus,rionii,3926532,,118
16663,Ranunculus,sphaerospermus,3924569,,118
16664,Ranunculus,ololeucos,7278260,,118
16665,Dovyalis,caffra,2874131,Aberia caffra,187
16666,Actinodaphne,pruinosa,4177012,,25
16667,Aloysia,chamaedryfolia,5667511,,415
16668,Aristeguietia,salvia,3142884,,423
16669,Baccharis,polifolia,3129769,,423
16670,Baccharis,uncinella,3129869,,423
16671,Boronia,gracilipes,3837821,,257
16672,Cineraria,britteniae,3141262,,423
16673,Cineraria,erodioides,3141214,,423
16674,Coreocarpus,arizonicus,3122472,,423
16675,Croton,flavens,3057734,,166
16676,Dipterocarpus,kerrii,4096913,,264
16677,Dolichos,kilimandscharicus,2975603,,193
16678,Clinopodium,pamphylicum,7306971,Drymosiphon pamphylicus,396
16679,Duguetia,glabriuscula,3157529,,15
16680,Eucalyptus,spathulata,3176390,,235
16681,Glycosmis,lucida,7719985,,257
16682,Guarea,kunthiana,3851727,,255
16683,Guarea,macrophylla,7271393,,255
16684,Guatteria,hirsuta,3155823,,15
16685,Guatteria,juruensis,3155951,,15
16686,Gutierrezia,solbrigii,5385113,,423
16687,Gutierrezia,spathulata,7668849,,423
16688,Helichrysum,petiolare,3131367,,423
16689,Helichrysum,revolutum,3131242,,423
16690,Hypericum,dyeri,3713154,,170
16691,Hypericum,lysimachioides,7609529,,170
16692,Leiocarpa,semicalva,3145264,,423
16693,Lessingianthus,mollissimus,3117881,,423
16694,Lippia,integrifolia,7297704,,415
16695,Lonchocarpus,yucatanensis,2969081,,193
16696,Lophostemon,suaveolens,3188420,,235
16697,Melampodium,divaricatum,3138949,,423
16698,Mikania,houstoniana,11088382,,423
16699,Murraya,microphylla,5594591,,257
16700,Naucleopsis,oblongifolia,3767082,Naucleopsis mello-barretoi,202
16701,Ocotea,catharinensis,4176150,,25
16702,Olearia,lepidophylla,5405138,,423
16703,Olearia,teretifolia,7426836,,423
16704,Oxandra,asbeckii,3154736,,15
16705,Salvia,coccinea,9278365,,396
16706,Senecio,canchahuinganquensis,3106745,,423
16707,Sidastrum,tehuacanum,3939738,,265
16708,Silene,dioica,5384795,,313
16709,Trichilia,lepidota,7271255,,255
16710,Vittadinia,gracilis,3138899,,423
16711,Croton,arboreus,3057687,croton arboreous,166
16712,Crotalaria,agatiflora,2942820,,193
16713,Crotalaria,becquetii,2942351,,193
16714,Abelmoschus,sagittifolius,3940600,,265
16715,Justicia,ghiesbregtiana,10951164,Justicia ghiestreghtiana,390
16716,Calea,hymenolepis,3147651,,423
16717,Kielmeyera,reticulata,3713613,,156
16718,Lippia,scaberrima,4084203,,415
16719,Swietenia,humilis,3849992,,255
16720,Barleria,alluaudii,8353410,,390
16721,Tephrosia,hookeriana,5342210,,193
16722,Tephrosia,purpurea,7224752,Tephrosia lanceolata,193
16723,Haplophyllum,rosmarinifolium,7417934,,257
16724,Ruta,tuberculata,3832068,,257
16725,Indigofera,oblongifolia,2971726,,193
16726,Lespedeza,floribunda,2955761,,193
16727,Lomatia,myricoides,5636607,Lomatia longifolia,121
16728,Pandanus,veitchii,11174039,Pandanus veitchi,49
16729,Balanophora,polyandra,4195086,,293
16730,Berberis,aetnensis,3981087,,112
16731,Berberis,aristata,3982087,,112
16732,Berberis,aristatoserrulata,5733708,Berberis aristato-serrulata,112
16733,Berberis,boliviana,3981592,,112
16734,Berberis,brevissima,3981193,,112
16735,Berberis,candidula,3982320,,112
16736,Berberis,dictyophylla,3981019,,112
16737,Mahonia,napaulensis,3981498,Berberis duclouxiana,112
16738,Berberis,himalaica,3982310,,112
16739,Mahonia,nervosa,3033875,Berberis nervosa,112
16740,Berberis,petiolaris,7300416,,112
16741,Berberis,rigidifolia,7300254,,112
16742,Berberis,soulieana,3981831,,112
16743,Berberis,stenophylla,8143254,,112
16744,Berberis,swaseyi,3033882,,112
16745,Berberis,verruculosa,3982312,,112
16746,Berberis,virgetorum,3982188,,112
16747,Berberis,wilsonii,9077996,Berberis wilsonae,112
16748,Coprosma,foetidissima,2911506,,381
16749,Corynanthe,johimbe,2909155,,381
16750,Coscinium,fenestratum,5592750,,116
16751,Daphniphyllum,macropodum,7344634,,134
16752,Boeberastrum,anthemidifolium,3098844,Dyssodia anthemidifolia,423
16753,Eschscholzia,caespitosa,2888385,,117
16754,Eumachia,montana,10762800,,381
16755,Girgensohnia,oppositiflora,5568010,,306
16756,Tetragonotheca,helianthoides,3150306,Gonotheca helianthoides,423
16757,Harpullia,cupanioides,3786912,,258
16758,Iva,cheiranthifolia,5402619,,423
16759,Lespedeza,maximowiczii,8013440,Lespedeza maximowiczi,193
16760,Lilium,rubrum,11130356,,57
16761,Lobelia,siphilitica,5409120,Lobelia syphilitica,426
16762,Mahonia,philippinensis,3981351,,112
16763,Clematis,zeylanica,3926315,Naravelia zeylandica,118
16764,Pausinystalia,yohimba,8637691,Pausinylstalia yohimbe,381
16765,Psathyrotes,ramosissima,3100729,,423
16766,Pseudognaphalium,adnatum,9273319,,423
16767,Thalictrum,hernandezii,3928702,,118
16768,Thalictrum,honanense,3928613,,118
16769,Thalictrum,tuberosum,3924279,,118
16770,Toxicodendron,pubescens,3190629,,251
16771,Trifolium,diffusum,5358912,,193
16772,Zanthoxylum,acuminatum,8414338,Zanthoxylum ocumarense,257
16773,Acacia,coriacea,2978913,,193
16774,Hypericum,roeperianum,3712122,,170
16775,Cyclophyllum,coprosmoides,5336209,Canthium coprosmoides,381
16776,Erica,manipuliflora,7328591,,355
16777,Ophrys,fusca,2793158,,75
16778,Ophrys,lutea,9226313,,75
16779,Senegalia,berlandieri,2980082,,193
16780,Crepis,mollis,5403596,,423
16781,Tephrosia,nubica,5342029,,193
16782,Aeonium,goochiae,4198130,,132
16783,Grindelia,tenella,3146228,,423
16784,Lycium,bridgesii,8043512,,388
16785,Monanthotaxis,trichocarpa,3156037,,15
16786,Coelogyne,stricta,2811369,Coelogyne elata,75
16787,Crotalaria,paniculata,2942809,,193
16788,Annickia,polycarpa,5407547,Enantia polycarpa,15
16789,Oxalis,corniculata,8427624,,152
16790,Eumachia,rostrata,11002820,Psychotria rostrata,381
16791,Spatholobus,parviflorus,2977014,,193
16792,Spiraea,japonica,8170635,,204
16793,Tephrosia,cinerea,5342191,,193
16794,Tephrosia,interrupta,5342111,,193
16795,Tephrosia,macropoda,5342101,,193
16796,Tephrosia,pentaphylla,5342255,,193
16797,Geum,calthifolium,5370036,,204
16798,Myriophyllum,spicatum,5361760,,136
16799,Rubus,hiraseanus,2995893,,204
16800,Rubus,hirsutus,2989128,,204
16801,Rubus,masakii,2999840,,204
16802,Rubus,nishimuranus,2999354,,204
16803,Rubus,ohmineanus,2995538,,204
16804,Crotalaria,mildbraedii,2942640,Crotalaria mildbraedi,193
16805,Dioecrescis,erythroclada,2904954,,381
16806,Nymphaea,lasiophylla,3697480,,4
16807,Nymphaea,lingulata,3697420,,4
16808,Nymphaea,rudgeana,7918469,,4
16809,Callistemon,acuminatus,3173434,,235
16810,Melaleuca,nodosa,5415804,Callistemon juniperinus,235
16811,Callistemon,salignus,3173480,,235
16812,Callistemon,viridiflorus,3173438,Callistemon salignus var.viridiflorus,235
16813,Laennecia,coulteri,3111858,,423
16814,Lycoris,squamigera,5326179,,63
16815,Betula,dauurica,10718756,,207
16816,Dalbergia,villosa,2968560,Dalbergia barretoana,193
16817,Mussaenda,macrophylla,2892409,,381
16818,Phytolacca,bogotensis,3084020,,331
16819,Serjania,triquetra,5576660,,258
16820,Stauntonia,yaoshanensis,4191654,Stauntonia obovatifoliola Hayata subsp.intermedia,115
16821,Adenopeltis,serrata,3061372,,166
16822,Allium,atroviolaceum,2857640,,63
16823,Cerastium,alpinum,3085450,,313
16824,Diplotaenia,damavandica,3637246,,439
16825,Lagochilus,proskorjakovii,7402353,,396
16826,Lagochilus,pubescens,5608254,,396
16827,Ozothamnus,argophyllus,3112002,,423
16828,Satureja,adamovicii,3883417,,396
16829,Satureja,fukarekii,3881500,,396
16830,Limnanthes,douglasii,5334527,,281
16831,Ixora,finlaysoniana,2905676,,381
16832,Ajuga,chamaecistus,7307249,,396
16833,Amberboa,moschata,3122190,,423
16834,Asparagus,dumosus,2768721,,64
16835,Asparagus,filicinus,2768732,,64
16836,Axyris,amaranthoides,6447806,,306
16837,Blitum,bonus-henricus,8044896,,306
16838,Chenopodium,pallidicaule,6447752,,306
16839,Cotoneaster,dielsianus,3025896,Cotoneaster splendens,204
16840,Cyanotis,vaga,5303311,,81
16841,Dianthus,hoeltzeri,3811946,,313
16842,Gomphrena,affinis,7323477,,306
16843,Gomphrena,canescens,7323372,,306
16844,Gomphrena,cunninghamii,3673664,,306
16845,Gomphrena,haageana,3084902,,306
16846,Gomphrena,serrata,3084909,,306
16847,Hebanthe,pulverulenta,3674221,,306
16848,Helleborus,odorus,3923636,Helleborus cyclophyllus,118
16849,Helleborus,odorus,7277077,,118
16850,Helleborus,purpurascens,7889472,,118
16851,Kalanchoe,prolifera,7750564,,132
16852,Klasea,centauroides,3097769,,423
16853,Klasea,sogdiana,4217341,,423
16854,Leucadendron,salignum,5637611,Leucadendron adscendens,121
16855,Gagea,serotina,5299766,Lloydia serotina,57
16856,Magnolia,chevalieri,3153394,Manglietia phuthoensis,20
16857,Eremophila,deserti,5565700,Myoporum deserti,411
16858,Ourisia,caespitosa,3728811,,408
16859,Ourisia,macrocarpa,7332029,,408
16860,Ourisia,macrophylla,7332025,,408
16861,Persoonia,elliptica,5637642,,121
16862,Pfaffia,glomerata,7323527,,306
16863,Pfaffia,iresinoides,7323495,,306
16864,Pimpinella,heyneana,8052918,,439
16865,Plantago,maritima,3189755,,408
16866,Poranopsis,discifera,3680281,,385
16867,Pulsatilla,alpina,7278071,,118
16868,Pulsatilla,ambigua,10951421,,118
16869,Pulsatilla,montana,7277925,,118
16870,Pulsatilla,occidentalis,3033625,,118
16871,Pulsatilla,pratensis,7277878,,118
16872,Pulsatilla,turczaninovii,7277822,,118
16873,Pulsatilla,vernalis,3928615,,118
16874,Pulsatilla,vulgaris,3033621,,118
16875,Leuzea,integrifolia,3142247,Rhaponticum integrifolium,423
16876,Rhaponticum,lyratum,8335278,,423
16877,Leuzea,carthamoides,7940882,Rhaponticum orientale,423
16878,Sagina,japonica,3085389,,313
16879,Sida,szechuensis,5617345,,265
16880,Silene,brahuica,5584985,,313
16881,Silene,chalcedonica,5584611,,313
16882,Silene,nemoralis,5585899,Silene italica ssp.nemaralis,313
16883,Silene,latifolia,5384805,,313
16884,Silene,longicalycina,5586600,,313
16885,Silene,nutans,5384781,,313
16886,Silene,scabrifolia,7954214,,313
16887,Silene,spergulifolia,8213329,,313
16888,Silene,supina,5588234,,313
16889,Silene,tomentella,5587954,,313
16890,Silene,turkestanica,5587802,,313
16891,Silene,viridiflora,7543027,,313
16892,Smirnowia,turkestana,2965195,,193
16893,Trianthema,pilosum,7487298,Trianthema pilosa,305
16894,Trianthema,turgidifolium,7531757,Trianthema turgidifolia,305
16895,Trillium,smallii,2742309,,58
16896,Vepris,fitoravina,3834534,,257
16897,Vicia,sativa,2975035,Vicia sativa subsp. nigra,193
16898,Vitex,canescens,7374978,,396
16899,Vitex,cymosa,7309596,,396
16900,Vitex,gardneriana,3905549,,396
16901,Vitex,scabra,3903080,,396
16902,Vitex,strickeri,3902724,,396
16903,Vitex,thyrsiflora,3902598,,396
16904,Crotalaria,globifera,2942923,,193
16905,Crotalaria,recta,2942274,,193
16906,Aiouea,tonduzii,9744148,,25
16907,Alangium,vitiense,3701833,,342
16908,Aglaia,cucullata,5597813,Amoora cucullata,255
16909,Ancistrocladus,guineensis,3659003,,308
16910,Aster,yomena,7536079,,423
16911,Buddleja,coriacea,4055468,Buddleia coriacea,411
16912,Bulbostylis,barbata,5292372,,95
16913,Bupleurum,rotundifolium,3034554,,439
16914,Carrichtera,annua,5375285,,273
16915,Caryopteris,glutinosa,3897750,,396
16916,Chorizanthe,diffusa,2888935,,333
16917,Cleistopholis,glauca,3154010,,15
16918,Combretum,cacoucia,8396259,,231
16919,Corispermum,marschallii,3759530,,306
16920,Couepia,paraensis,2984805,,159
16921,Fimbristylis,crosslandii,10725636,Crosslandia setifolia,95
16922,Crotalaria,nitens,2941866,,193
16923,Croton,aromaticus,3057545,,166
16924,Croton,lacciferus,8114478,,166
16925,Cyathochaeta,avenacea,2711973,,95
16926,Delphinium,freynii,7922577,,118
16927,Diosma,pilosa,3837060,,257
16928,Eleocharis,cylindrostachys,2717802,,95
16929,Phlomoides,glabra,3885594,Eremostachys glabra,396
16930,Erica,verticillata,7616979,,355
16931,Erigeron,apiculatus,8151771,,423
16932,Eucalyptus,amygdalina,3176185,,235
16933,Eugenia,choapamensis,5416820,,235
16934,Eugenia,prasina,5417605,,235
16935,Fimbristylis,eremophila,2708773,,95
16936,Gnaphalium,gracile,8260204,,423
16937,Goodenia,ovata,7262256,,427
16938,Helenium,atacamense,5401817,,423
16939,Helichrysum,melanacme,3131968,,423
16940,Herniaria,polygama,3594045,,313
16941,Hydrangea,anomala,7318939,,345
16942,Hydrangea,quercifolia,2985993,,345
16943,Hymenoxys,integrifolia,3139126,,423
16944,Ilex,coriacea,5414223,,416
16945,Ilex,cymosa,5533710,,416
16946,Ilex,geniculata,5533668,,416
16947,Ilex,longipes,5414262,,416
16948,Ilex,macfadyenii,5414230,,416
16949,Ilex,martiniana,7315803,,416
16950,Ilex,micrococca,7315754,,416
16951,Ilex,myrtifolia,8223071,,416
16952,Ilex,tectonica,5533855,,416
16953,Ilex,uraiensis,5534489,,416
16954,Kielmeyera,corymbosa,7330268,,156
16955,Lathyrus,digitatus,5356461,,193
16956,Lathyrus,pseudocicera,5356538,,193
16957,Lepidosperma,effusum,2731213,,95
16958,Lepidosperma,filiforme,2731245,,95
16959,Lepidosperma,lineare,2731147,,95
16960,Liparophyllum,gunnii,3825744,,428
16961,Mesomelaena,pseudostygia,5291372,,95
16962,Moringa,concanensis,3752341,,282
16963,Nymphoides,peltata,8810827,,428
16964,Ocotea,holdridgeiana,4180854,,25
16965,Onobrychis,biebersteinii,2972825,,193
16966,Opuntia,chlorotica,5384111,,312
16967,Opuntia,littoralis,5384134,,312
16968,Opuntia,phaeacantha,5384038,,312
16969,Oreobolus,pumilio,2711906,,95
16970,Parinari,rodolphii,2984970,,159
16971,Patersonia,sericea,2747011,,72
16972,Peucedanum,morisonii,7745120,,439
16973,Physalis,philadelphica,5581168,Physalis philadelphica var. immaculata,388
16974,Piper,heterophyllum,7305322,,13
16975,Quillaja,brasiliensis,3029372,,196
16976,Rhododendron,falconeri,7327519,,355
16977,Rohdea,aurantiaca,7390115,,64
16978,Rosa,sericea,8272846,,204
16979,Rotala,verticillaris,7286067,,233
16980,Salvia,clinopodioides,3905811,,396
16981,Attalea,princeps,2732736,Scheelea princeps,79
16982,Schoenia,cassiniana,5401791,,423
16983,Sedum,lydium,5690814,,132
16984,Sedum,meyeri-johannis,5690593,,132
16985,Sedum,samium,7334140,,132
16986,Senna,skinneri,2957767,,193
16987,Sicana,odorifera,2874500,,219
16988,Strychnos,dinklagei,5645332,,380
16989,Symplocos,oblongifolia,7750070,,368
16990,Syringodium,isoetifolium,2864078,,34
16991,Tagetes,zypaquinensis,3088474,,423
16992,Tephrosia,major,5342143,,193
16993,Trixis,michuacana,5398945,,423
16994,Valeriana,stolonifera,7298871,,438
16995,Vateria,copallifera,4096481,,264
16996,Veratrum,viride,7575112,,58
16997,Vicia,biennis,2974859,Vicia picta,193
16998,Witsenia,maura,2743266,,72
16999,Acer,pictum,6359081,acer mono,258
17000,Aconitum,glandulosum,3925022,Aconitum altaicum,118
17001,Cryptocoryne,spiralis,2869170,,32
17002,Daviesia,latifolia,2956033,,193
17003,Euphorbia,copiapina,3068901,,166
17004,Heterophragma,quadriloculare,4091635,,391
17005,Hibiscus,rosa-sinensis,3152559,,265
17006,Liabum,eggersii,3103479,,423
17007,Marsdenia,sinensis,3575369,,376
17008,Morinda,longiflora,5339967,,381
17009,Phelipanche,aegyptiaca,3729265,,403
17010,Polygonum,recumbens,5652401,,333
17011,Sarmienta,scandens,3819432,,395
17012,Toxicoscordion,venenosum,2741783,,58
17013,Ungernia,trisphaera,2858132,,63
17014,Arisaema,erubescens,2867313,,32
17015,Blighia,sapida,3189955,,258
17016,Cussonia,holstii,3035216,,441
17017,Elattostachys,apetala,3784600,,258
17018,Guettarda,angelica,2894768,,381
17019,Helwingia,japonica,7326897,,418
17020,Lomelosia,olivieri,4103092,,438
17021,Macropanax,dispermus,3037404,,441
17022,Parochetus,communis,2981777,,193
17023,Peperomia,amplexicaulis,3086472,,13
17024,Phyllanthus,lawii,5382438,,181
17025,Phyllanthus,polyphyllus,7706918,,181
17026,Phytolacca,dodecandra,3084025,,331
17027,Pometia,pinnata,5577338,,258
17028,Sapindus,mukorossi,5421133,,258
17029,Sapindus,saponaria,8017915,,258
17030,Sapindus,trifoliatus,5421131,,258
17031,Stachyurus,chinensis,7303923,,243
17032,Stauntonia,chinensis,4191606,,115
17033,Stauntonia,latifolia,7850263,,115
17034,Zygophyllum,obliquum,3986878,,192
17035,Clutia,abyssinica,3917675,,180
17036,Corydalis,turtschaninovii,5530503,Corydalis vernyi,117
17037,Pinalia,acutifolia,5314125,Eria acutifolia,75
17038,Kielmeyera,petiolaris,7330231,,156
17039,Afromorus,mesozygia,11122103,Morus lactea,202
17040,Rhododendron,reticulatum,7327850,,355
17041,Tabernaemontana,odoratissima,3615543,,376
17042,Crotalaria,fascicularis,2942631,,193
17043,Biophytum,sensitivum,3628231,,152
17044,Calophyllum,venulosum,6032506,,156
17045,Campylospermum,glaucum,5552815,,177
17046,Hippobromus,pauciflorus,3786253,,258
17047,Patersonia,glabrata,2746965,,72
17048,Acacia,paradoxa,2981159,,193
17049,Greyia,flanaganii,3750353,,222
17050,Nothofagus,gunnii,2874974,,212
17051,Cedrela,montana,7271324,,255
17052,Croton,betulaster,3059608,,166
17053,Osteospermum,ilicifolium,3138399,,423
17054,Aquilegia,vulgaris,3033191,,118
17055,Astragalus,caspicus,5353004,,193
17056,Coprosma,lucida,7679994,,381
17057,Cotylelobium,melanoxylon,4096722,,264
17058,Crambe,tataria,5373485,,273
17059,Crepis,pontana,5403682,Crepis bocconi,423
17060,Delphinium,elatum,3033757,,118
17061,Dendrobium,falconeri,5317673,,75
17062,Dianthus,longicalyx,3811075,,313
17063,Fritillaria,persica,5300527,,57
17064,Phalaenopsis,cornu-cervi,5310879,,75
17065,Pulicaria,burchardii,3095669,,423
17066,Quercus,xalapensis,2880707,Quercus serra,209
17067,Oedera,acerosa,9724901,Relhania acerosa,423
17068,Richardia,brasiliensis,5337499,,381
17069,Richardia,grandiflora,5337460,,381
17070,Sorghum,halepense,2705185,,102
17071,Tabebuia,impetiginosa,10778380,,391
17072,Trigonella,stellata,5360417,,193
17073,Trinia,scabra,5540633,,439
17074,Degeneria,vitiensis,7945597,,16
17075,Niphogeton,dissecta,6027423,,439
17076,Peperomia,subspathulata,4184909,,13
17077,Piper,artanthe,7306083,,13
17078,Aglaia,edulis,5597757,,255
17079,Dodonaea,lobulata,8291801,,258
17080,Grindelia,glutinosa,7923100,,423
17081,Heliopsis,helianthoides,5396474,,423
17082,Lecocarpus,lecocarpoides,3091146,,423
17083,Pulicaria,odora,3095683,,423
17084,Galanthus,plicatus,2855338,,63
17085,Galanthus,plicatus,2855339,Galanthus plicatus spp.byzantinus,63
17086,Clausena,emarginata,3837012,,257
17087,Coreopsis,capillacea,3134015,,423
17088,Ophiorrhiza,filistipula,5340681,,381
17089,Pedicularis,olgae,3740608,,403
17090,Physocarpus,opulifolius,2988354,,204
17091,Anthocercis,ilicifolia,7300169,,388
17092,Lannea,coromandelica,3661151,Lannea grandis,251
17093,Medinilla,fengii,3867234,,234
17094,Datura,kymatocarpa,2928750,,388
17095,Matthiola,incana,8207952,Matthiola incana R.Br.,273
17096,Senecio,otites,3107865,Senecio otiles,423
17097,Thespesia,populnea,3152795,,265
17098,Angophora,hispida,3177421,,235
17099,Astragalus,dasyanthus,5342797,,193
17100,Astragalus,icmadophilus,5346730,,193
17101,Bupleurum,longeradiatum,3637942,,439
17102,Dysphania,procera,7610852,,306
17103,Goodyera,schlechtendaliana,2840611,,75
17104,Lilium,auratum,2753106,,57
17105,Mercurialis,annua,3062975,,166
17106,Strumpfia,maritima,2893335,,381
17107,Justicia,micrantha,7910787,Justicia neesii,390
17108,Phyllanthus,poilanei,5381093,,181
17109,Pogonospermum,ciliare,3775170,,390
17110,Dillenia,bracteata,5681560,,128
17111,Schumacheria,castaneifolia,5680868,,128
17112,Aloe,hildebrandtii,2777533,,65
17113,Uvaria,cuneifolia,6308628,Ellipeia cuneifolia,15
17114,Fissistigma,bracteolatum,3157393,,15
17115,Fissistigma,retusum,3157386,,15
17116,Uvaria,welwitschii,3154356,,15
17117,Portulaca,grandiflora,3084700,,334
17118,Oxylobus,adscendens,8002695,,423
17119,Vaccinium,microcarpum,8344892,Vaccinium microcarpa,355
17120,Cinnamodendron,dinisii,3877827,Capsicodendron dinisii,8
17121,Brickellia,glomerata,5388416,,423
17122,Aldama,gilliesii,9235132,Viguiera gilliesii,423
17123,Dicentra,cucullaria,2888548,,117
17124,Dicentra,eximia,2888546,,117
17125,Lysicarpus,angustifolius,3185889,,235
17126,Coleus,defoliatus,11085683,Plectranthus defoliatus,396
17127,Centaurea,granatensis,3129053,,423
17128,Ammannia,coccinea,3188711,,233
17129,Chamaecytisus,pygmaeus,5354557,,193
17130,Euchresta,tubulosa,2951866,,193
17131,Galium,melanantherum,2915192,,381
17132,Justicia,ramosa,3770446,,390
17133,Lespedeza,cuneata,8114276,,193
17134,Lysimachia,pendens,4006680,,362
17135,Lysimachia,remyi,3169373,,362
17136,Melastoma,dodecandrum,3861607,,234
17137,Passiflora,platyloba,7313348,,179
17138,Phoenix,rupicola,5293176,,79
17139,Sechium,edule,7317530,Sicyos edulis,219
17140,Karpatiosorbus,hybrida,9478021,Sorbus decipiens,204
17141,Karpatiosorbus,devoniensis,9489928,Sorbus devoniensis,204
17142,Sorbus,margittaiana,8338463,,204
17143,Sorbus,sudetica,7754719,,204
17144,Trollius,ledebourii,3922841,Trollius ledebouri,118
17145,Aeonium,spathulatum,4197615,,132
17146,Ambrosia,camphorata,3110670,,423
17147,Buddleja,macrostachya,4055437,,411
17148,Cirsium,setidens,3112677,,423
17149,Clerodendrum,phlomoides,3890520,,396
17150,Hymenoxys,jamesii,3150199,,423
17151,Iva,frutescens,5402625,,423
17152,Onopordum,nervosum,3094921,,423
17153,Hyoseris,lucida,3134551,,423
17154,Asarum,sagittarioides,3589141,,10
17155,Dinosperma,erythrococca,3831291,dinosperma erythrococca,257
17156,Dorstenia,gigas,3764871,,202
17157,Feroniella,lucida,3835743,,257
17158,Ferulago,subvelutina,3635253,Ferulago turcomanica,439
17159,Kitagawia,baicalensis,3631912,,439
17160,Komaroviopsis,anisosperma,11445023,Komarovia anisosperma,439
17161,Leutea,turcomanica,7615288,,439
17162,Prangos,asperula,3635081,Prangos haussknechtii,439
17163,Seseli,abolinii,3632483,,439
17164,Seseli,eriocephalum,3631421,,439
17165,Dichelostemma,multiflorum,2772274,,64
17166,Ancistrocladus,likoko,3659015,,308
17167,Vachellia,planifrons,8213314,Acacia planifrons,193
17168,Aiouea,hammeliana,9766663,,25
17169,Ajania,gracilis,3112292,,423
17170,Alhagi,kirghisorum,2945095,,193
17171,Artocarpus,lacucha,7873234,Artocarpus dadah,202
17172,Desmoncus,polyacanthos,2738831,,79
17173,Fagus,sylvatica,2882316,,209
17174,Macrosolen,globosus,5639051,,294
17175,Margaretta,rosea,7985433,,376
17176,Mitrella,kentii,5407424,,15
17177,Muehlenbeckia,platyclada,8160440,,333
17178,Okoubaka,aubrevillei,3789183,,300
17179,Potentilla,longifolia,8265563,,204
17180,Prosopis,torquata,5358501,,193
17181,Salix,myrsinifolia,5372875,,187
17182,Schisandra,propinqua,8320641,,6
17183,Seseli,montanum,6026420,,439
17184,Taxillus,liquidambaricola,7287894,,294
17185,Vachellia,erioloba,3974776,,193
17186,Perralderia,coronopifolia,3125356,,423
17187,Anthemis,melampodina,3122545,,423
17188,Centaurea,kurdica,3127994,,423
17189,Choisya,dumosa,3833370,Choisya mollis,257
17190,Critonia,morifolia,5385749,,423
17191,Critonia,sexangularis,5385777,,423
17192,Cyrtocymura,cincta,3130438,,423
17193,Dracocephalum,komarovii,8428611,Dracocephalum komarovi,396
17194,Helenium,vernale,5401832,,423
17195,Lepidaploa,leptoclada,3099718,,423
17196,Magnolia,garrettii,3152906,,20
17197,Magnolia,nilagirica,3153206,,20
17198,Magnolia,virginiana,3153639,,20
17199,Magnolia,gloriensis,3153408,Talauma gloriensis,20
17200,Asarina,procumbens,3729273,,408
17201,Asparagus,gonoclados,2768451,,64
17202,Beyeria,latifolia,5380392,,166
17203,Blepharis,linariifolia,5575474,,390
17204,Blepharis,linearifolia,7367597,,390
17205,Blumea,densiflora,5395751,,423
17206,Brassica,alba,7691550,,273
17207,Centaurea,kilaea,3128877,,423
17208,Colchicum,autumnale,2739622,,55
17209,Crotalaria,pallida,2942716,Crotalaria pallida var. obovata,193
17210,Dalea,elegans,5353113,,193
17211,Dendrobium,crystallinum,5316675,,75
17212,Dodecadenia,grandiflora,7304381,,25
17213,Eschenbachia,japonica,3126384,,423
17214,Euonymus,grandiflorus,7265594,,144
17215,Ficus,subcuneata,5570072,,202
17216,Gonospermum,revolutum,3117128,,423
17217,Hymenocallis,arenicola,2860283,,63
17218,Ibicella,lutea,3172647,,400
17219,Laennecia,sophiifolia,3126178,,423
17220,Salvia,compressa,3905309,,396
17221,Salvia,korolkovii,7792564,Salvia kopolnovii,396
17222,Scorzonera,virgata,3110999,,423
17223,Scutellaria,adenostegia,5610185,,396
17224,Scutellaria,karjaginii,8219423,Scutellaria karjagini,396
17225,Silene,baccifera,10953644,,313
17226,Swertia,tetrapetala,7270079,,379
17227,Teucrium,vincentinum,3892506,,396
17228,Vernonanthura,amplexicaulis,3110464,,423
17229,Veronica,teucrium,3725062,,408
17230,Clinopodium,nepeta,8916040,Calamintha nepeta,396
17231,Ocimum,lamiifolium,8276681,,396
17232,Millettia,micans,5355857,,193
17233,Ochrosperma,citriodorum,3186873,Baeckea citriodora,235
17234,Anemone,begoniifolia,3927566,,118
17235,Astragalus,pectinatus,5343722,,193
17236,Coffea,pseudozanguebariae,2895326,,381
17237,Cosmos,hybridus,9595373,,423
17238,Croton,vaillantii,3060332,Croton plumieri,166
17239,Melampodium,rosei,3138977,,423
17240,Coelogyne,uniflora,2784149,Panisea uniflora,75
17241,Pilosella,officinarum,9458333,,423
17242,Roystonea,regia,2733755,,79
17243,Ferula,rigidula,3636690,,439
17244,Lindelofia,anchusoides,7295381,,382
17245,Senecio,helodes,3107472,,423
17246,Senecio,iodanthus,10966385,,423
17247,Senecio,macedonicus,3108351,,423
17248,Senecio,mulgediifolius,3109141,,423
17249,Senecio,roseus,8012099,,423
17250,Acmella,alba,5386728,,423
17251,Acmella,radicans,5386729,,423
17252,Acourtia,nana,5388168,,423
17253,Ajania,achilleoides,3112235,,423
17254,Artocarpus,chama,3765040,,202
17255,Athanasia,pinnata,7898736,,423
17256,Callicarpa,arborea,5609976,,396
17257,Cnidoscolus,elasticus,3073586,,166
17258,Cnidoscolus,vitifolius,3073633,,166
17259,Lepidaploa,sagraeana,3099732,,423
17260,Silene,nutans,7267465,Melandrium nutans,313
17261,Mammea,punctata,7879906,Ochrocarpos punctatus,156
17262,Olearia,axillaris,7979053,,423
17263,Onoseris,gnaphalioides,3143140,,423
17264,Pegolettia,retrofracta,3139183,,423
17265,Piptolepis,leptospermoides,5387932,,423
17266,Isodon,setschwanensis,5608846,Rabdosia setschwanensis,396
17267,Ratibida,columnifera,3087173,,423
17268,Senecio,crassissimus,4238247,,423
17269,Spilanthes,leiocarpa,3092855,,423
17270,Tabernaemontana,pachysiphon,3615365,,376
17271,Triumfetta,flavescens,4260291,,265
17272,Ursinia,rigidula,3089014,,423
17273,Vernonia,arkansana,5396835,,423
17274,Prionostemma,aspera,5579703,,144
17275,Vantanea,peruviana,3649043,,169
17276,Eryngium,ilicifolium,11077607,,439
17277,Pulmonaria,officinalis,5341204,,382
17278,Strychnos,malacoclados,5645497,,380
17279,Artemisia,loureiroi,3121445,,423
17280,Agastache,aurantiaca,3888988,,396
17281,Galium,verum,9063248,,381
17282,Nonea,rosea,2926041,,382
17283,Vicia,hybrida,2975257,,193
17284,Vicia,melanops,7426824,,193
17285,Vicia,noeana,2975097,,193
17286,Zostera,noltii,2863938,,43
17287,Cassia,sieberiana,5357182,,193
17288,Hemerocallis,thunbergii,2781038,,65
17289,Kniphofia,uvaria,5305033,Kniphofia aloides,65
17290,Scilla,bifolia,2767506,Scilla bifolia L.,64
17291,Thespesia,garckeana,3936465,,265
17292,Eremophila,bignoniiflora,7401439,,411
17293,Badula,barthesia,7722284,,362
17294,Connarus,monocarpus,7453823,,148
17295,Gnidia,latifolia,5524662,,270
17296,Lasianthus,acuminatissimus,5337161,,381
17297,Myrsine,guianensis,3169446,,362
17298,Oxalis,purpurata,8315947,,152
17299,Myrsine,maximowiczii,3720856,Rapanea maximowiczii,362
17300,Malmea,depressa,3158187,,15
17301,Rhododendron,kotschyi,4172452,,355
17302,Strychnos,mitscherlichii,7289320,,380
17303,Vitex,cauliflora,3881628,,396
17304,Calopogonium,mucunoides,2959433,,193
17305,Bambusa,vulgaris,7661971,Bambusa vulgaris Schrad. ex J.C.Wendl.,102
17306,Beilschmiedia,collina,4177915,,25
17307,Urtica,cannabina,5670989,,206
17308,Aniba,affinis,4181816,,25
17309,Aniba,muca,4180858,,25
17310,Austromatthaea,elegans,3783091,,26
17311,Uvaria,dulcis,3156543,,15
17312,Uvaria,versicolor,3154419,,15
17313,Ferula,karatavica,3638090,,439
17314,Amyris,brenesii,5593053,,257
17315,Amyris,diatrypa,5421192,,257
17316,Annona,pittieri,5407115,,15
17317,Arracacia,xanthorrhiza,3034509,,439
17318,Boronia,algida,3832318,,257
17319,Conchocarpus,inopinatus,3835514,,257
17320,Croton,joufra,3058375,,166
17321,Cynometra,hankei,2966923,,193
17322,Eucalyptus,laevopinea,3176497,,235
17323,Ficus,sycomorus,5361921,,202
17324,Lepechinia,hastata,2926566,,396
17325,Maquira,calophylla,3763735,,202
17326,Peucedanum,mashanense,3629268,,439
17327,Kitagawia,terebinthacea,6026562,Peucedanum terebinthaceum,439
17328,Seseli,asperulum,3632519,,439
17329,Berberis,tabiensis,3981465,,112
17330,Garcinia,atroviridis,3711121,,160
17331,Gentiana,purpurea,8207244,,379
17332,Gouania,lupuloides,5372440,,203
17333,Aster,shimadae,6135771,Kalimeris shimadae,423
17334,Pachysandra,procumbens,2984677,,124
17335,Sterculia,urens,5406674,,265
17336,Trema,cannabina,4159373,Trema dielsiana,199
17337,Ambrosia,cumanensis,3110647,,423
17338,Anthemis,cretica,4241748,Anthemis carpatica,423
17339,Artemisia,tripartita,3121425,,423
17340,Chrysanthemum,ornatum,3091497,,423
17341,Handelia,trichophylla,3134041,,423
17342,Polychrysum,tadshikorum,3103520,,423
17343,Jacobaea,maritima,11153937,Senecio cineraria,423
17344,Senecio,crucifolius,7431207,Senecio crucifolia,423
17345,Senecio,incanus,7355787,,423
17346,Jacobaea,paludosa,7222765,Senecio paludosus L.,423
17347,Acer,saccharum,3189859,,258
17348,Ostericum,palustre,3637114,Angelica pancicii,439
17349,Cassinia,arcuata,5390398,,423
17350,Combretum,albopunctatum,3698691,,231
17351,Cryptocarya,strictifolia,4181415,,25
17352,Cryptostylis,arachnites,2806951,Cryptostylis fulva,75
17353,Senecio,quadridentatus,3107661,Erechtites quadridentata,423
17354,Flourensia,retinophylla,3094561,,423
17355,Glycyrrhiza,astragalina,2965744,,193
17356,Goniothalamus,borneensis,3154556,,15
17357,Goniothalamus,griffithii,3154519,,15
17358,Helichrysum,formosissimum,3131124,,423
17359,Helichrysum,trilineatum,3131483,,423
17360,Helichrysum,zeyheri,3131741,,423
17361,Hura,crepitans,5380015,,166
17362,Lophopappus,tarapacanus,3120475,,423
17363,Diyaminauclea,zeylanica,2919630,Neonauclea zeylanica,381
17364,Piper,hostmannianum,7305149,,13
17365,Piper,rugosum,4184876,,13
17366,Psychotria,leiocarpa,2910821,,381
17367,Roemeria,hybrida,7315023,,117
17368,Aldama,arenaria,7697176,Viguiera arenaria,423
17369,Sarcomelicope,leiocarpa,3831827,,257
17370,Sarcomelicope,megistophylla,3831821,,257
17371,Adenostyles,alliariae,3133702,,423
17372,Adenostyles,alpina,7223542,Adenostyles glabra,423
17373,Adenostyles,leucophylla,3133716,Adenostyles leucophylla (Willd.) Rchb.,423
17374,Agave,toumeyana,2766871,,64
17375,Caucasalia,macrophylla,3093380,,423
17376,Jacobaea,gigantea,5388638,,423
17377,Melampyrum,pratense,7693914,,403
17378,Pericallis,hybrida,8656996,Pericallis x hybrida (Scheidw.) B. Nord,423
17379,Pycnanthemum,muticum,2927374,,396
17380,Rhodomyrtus,macrocarpa,3179990,,235
17381,Senecio,ampullaceus,3107337,,423
17382,Senecio,bollei,3106872,,423
17383,Senecio,eremophilus,6299961,Senecio eremophilus var. kingii,423
17384,Senecio,fistulosus,8007514,,423
17385,Senecio,glaucus,3108685,,423
17386,Senecio,oxyphyllus,3107163,,423
17387,Senecio,patagonicus,8025863,,423
17388,Senecio,propinquus,3108436,,423
17389,Senecio,rosmarinifolius,3106771,,423
17390,Chrysocoma,ciliata,8389589,,423
17391,Corallocarpus,epigaeus,7666595,,219
17392,Rudbeckia,mollis,4934247,,423
17393,Actaea,vaginata,5616556,,118
17394,Actaea,nanchuanensis,7738152,Cimicifuga nanchuenensis,118
17395,Amomum,latifolium,8062906,,93
17396,Calceolaria,salicifolia,3742161,,393
17397,Fagonia,bruguieri,6384901,,192
17398,Gardenia,obtusifolia,5335148,,381
17399,Aristolochia,brevipes,2874017,,10
17400,Aristolochia,coryi,2874016,,10
17401,Prunus,buergeri,3023384,,204
17402,Prunus,buergeriana,3023404,,204
17403,Prunus,grayana,3021963,,204
17404,Acer,campestre,3189863,,258
17405,Alstonia,venenata,5535596,,376
17406,Arracacia,nelsonii,3636187,,439
17407,Baccaurea,courtallensis,3082076,,181
17408,Picradeniopsis,xylopoda,9236357,Bahia xylopoda,423
17409,Bauhinia,divaricata,2953439,,193
17410,Cineraria,atriplicifolia,3141270,,423
17411,Clerodendrum,nutans,8173793,,396
17412,Pelecyphora,vivipara,11498251,Coryphantha vivipara,312
17413,Cremanthodium,arnicoides,3137258,,423
17414,Crepis,pulchra,5403272,,423
17415,Crinodendron,patagua,4031011,,150
17416,Croton,membranaceus,3059708,,166
17417,Croton,sublyratus,3059809,,166
17418,Curcuma,heyneana,2757572,,93
17419,Dendrobium,brymerianum,5316521,,75
17420,Dioscorea,dregeana,2754819,,46
17421,Drimia,indica,2776661,,64
17422,Duguetia,hadrantha,3157624,,15
17423,Electranthera,mutica,8872556,,423
17424,Eleocharis,acutangula,2716800,,95
17425,Eleocharis,dulcis,2717712,,95
17426,Eleutherococcus,trichodon,3035326,,441
17427,Emilia,coccinea,5401509,,423
17428,Epaltes,brasiliensis,3132663,,423
17429,Epidendrum,fulgens,5320861,,75
17430,Euphorbia,fischeri,3067021,,166
17431,Euphorbia,milii,3067157,,166
17432,Fagonia,cretica,6384851,,192
17433,Farfugium,hiberniflorum,3101210,,423
17434,Ferula,arrigonii,3639539,,439
17435,Garcinia,afzelii,3711270,,160
17436,Garcinia,huillensis,3714294,,160
17437,Grewia,tenax,7311070,,265
17438,Guatteria,dumetorum,3155961,,15
17439,Xanthocephalum,gymnospermoides,6304779,Gutierrezia gymnospermoides,423
17440,Hovea,acutifolia,2974744,,193
17441,Kaunia,lasiophthalma,3140605,,423
17442,Kermadecia,elliptica,3994550,,121
17443,Kielmeyera,variabilis,7330205,,156
17444,Krameria,tomentosa,7309948,,191
17445,Leplaea,mayombensis,3851402,,255
17446,Linaria,genistifolia,5415013,,408
17447,Litsea,umbellata,7304473,,25
17448,Lonchocarpus,minimiflorus,2969141,,193
17449,Lophanthera,lactescens,5634534,,176
17450,Loxocalyx,urticifolius,5605923,,396
17451,Malus,orientalis,3001430,,204
17452,Melicope,indica,3832873,,257
17453,Melicope,latifolia,3832733,,257
17454,Medicosma,sessiliflora,3834121,Melicope sessiliflora,257
17455,Mikania,cordata,5398634,,423
17456,Mikania,decora,5398385,,423
17457,Mitrephora,vulpina,3155084,,15
17458,Musella,lasiocarpa,2763088,,91
17459,Neoraputia,magnifica,7269405,,257
17460,Mespilodaphne,corymbosa,4175702,Ocotea corymbosa,25
17461,Osteospermum,corymbosum,3093572,,423
17462,Oxybasis,rubra,7725469,,306
17463,Perezia,multiflora,5391359,,423
17464,Pericallis,cruenta,8303747,,423
17465,Peteravenia,malvaefolia,6291515,,423
17466,Phagnalon,purpurascens,3150077,,423
17467,Phanera,roxburghiana,11892517,Phanera retusa,193
17468,Pittosporum,illicioides,7303899,,445
17469,Polyanthina,nemorosa,3101687,,423
17470,Pseudelephantopus,spicatus,7521283,,423
17471,Pulicaria,scabra,3095638,,423
17472,Prunus,ceylanica,3023388,Pygeum acuminatum,204
17473,Ranunculus,silerifolius,7277264,,118
17474,Rubus,allegheniensis,8235931,,204
17475,Rubus,rosifolius,7794187,Rubus rosaefolius,204
17476,Ruprechtia,tangarana,4033707,,333
17477,Salvia,tchihatcheffii,3886087,,396
17478,Setaria,glauca,7551033,,102
17479,Sideritis,lasiantha,3890355,,396
17480,Smyrnium,cordifolium,3638892,,439
17481,Stemona,curtisii,2863319,,50
17482,Sterculia,balanghas,7820224,,265
17483,Stevia,lemmonii,3125721,Stevia lemmoni,423
17484,Styrax,obassia,5541162,,367
17485,Tephrosia,madrensis,5342196,,193
17486,Tephrosia,uniflora,8031700,,193
17487,Thalictrum,pubescens,3033146,,118
17488,Tillandsia,brachycaulos,2695328,,94
17489,Tillandsia,fasciculata,2695969,,94
17490,Trichogonia,santosii,5387761,,423
17491,Ulmus,uyematsui,5680261,,205
17492,Umtiza,listeriana,3975078,,193
17493,Unonopsis,guatterioides,3157798,,15
17494,Vellozia,piresiana,2863544,,52
17495,Verbesina,turbacensis,3148048,,423
17496,Zinnia,citrea,3111751,,423
17497,Combretum,fruticosum,3698513,,231
17498,Combretum,laxum,7908521,,231
17499,Dendrobium,parishii,8424867,,75
17500,Teucrium,hyrcanicum,3896203,,396
17501,Aloe,excelsa,2777959,,65
17502,Colobanthus,quitensis,5588218,,313
17503,Dendrobium,secundum,5316971,,75
17504,Dendrophorbium,pericaule,3109971,,423
17505,Deschampsia,antarctica,4144844,,102
17506,Greigia,sphacelata,2693922,,94
17507,Humbertacalia,tomentosa,4233389,,423
17508,Leiocarpa,leptolepis,3145259,,423
17509,Ligusticopsis,brachyloba,3640651,Ligusticum brachylobum,439
17510,Lolium,multiflorum,4129708,,102
17511,Neomirandea,parasitica,3090065,,423
17512,Packera,dubia,11125000,Packera tomentosa,423
17513,Phleum,pratense,9014945,,102
17514,Roldana,sundbergii,3141663,,423
17515,Scrophularia,sambucifolia,3736059,,411
17516,Stereospermum,kunthianum,4092124,,391
17517,Torilis,arvensis,6308252,Torilis radiata,439
17518,Hymenaea,verrucosa,2950730,Trachylobium verrucosum,193
17519,Verbesina,gigantea,3147859,,423
17520,Verbesina,myriocephala,3147847,,423
17521,Tephrosia,nana,5342547,,193
17522,Withania,adpressa,9130109,,388
17523,Angelonia,integerrima,3742036,,408
17524,Hazardia,squarrosa,9216767,Hazardia squarrosa var. grindelioides,423
17525,Daucus,virgatus,3640163,,439
17526,Linzia,rosenii,9461206,,423
17527,Doona,congestiflora,4097014,,264
17528,Erythrina,variegata,10703194,Erythrina variegata var. orientalis,193
17529,Helichrysum,thapsus,3131429,,423
17530,Sideritis,incana,7307661,Sideritis incana subsp. incana,396
17531,Ambassa,hochstetteri,3124138,,423
17532,Cotoneaster,integrifolius,3026105,,204
17533,Cotoneaster,symondsii,9406329,,204
17534,Heptapleurum,obovatum,7519369,Schefflera rotundifolia,441
17535,Causonis,trifolia,10995009,,190
17536,Galanthus,caucasicus,8122257,,63
17537,Leucojum,vernum,2860409,,63
17538,Narcissus,bujei,2858659,,63
17539,Narcissus,poeticus,2858581,,63
17540,Narcissus,leonensis,12233816,Narcissus primigenius,63
17541,Betula,luminifera,5332182,,207
17542,Eucalyptus,marginata,3177295,,235
17543,Mora,excelsa,5355414,,193
17544,Meconopsis,paniculata,3603949,,117
17545,Erythranthe,lutea,7730307,Mimulus luteus,407
17546,Agave,neopringlei,2775447,,64
17547,Alstroemeria,angustifolia,2753650,,53
17548,Bomarea,salsilla,2754058,,53
17549,Brunsvigia,bosmaniae,2853399,,63
17550,Brunsvigia,comptonii,2853406,,63
17551,Brunsvigia,litoralis,2853402,,63
17552,Brunsvigia,radulosa,2853422,,63
17553,Urceolina,subedentata,5326821,Caliphruria subedentata,63
17554,Calostemma,luteum,2860392,,63
17555,Conanthera,bifolia,2860852,,76
17556,Crinum,jagus,2853913,,63
17557,Crinum,macowanii,2853929,,63
17558,Crinum,variabile,2853873,,63
17559,Cyanella,alba,2860889,,76
17560,Cyrtanthus,brachyscyphus,5325987,,63
17561,Cyrtanthus,herrei,5326071,,63
17562,Cyrtanthus,montanus,5325992,,63
17563,Cyrtanthus,obrienii,5326057,,63
17564,Nothofagus,glauca,2874969,Fagus glauca,212
17565,Flindersia,bourjotiana,3835620,,257
17566,Galanthus,woronowii,2855439,Galanthus woronowii Losinsk.,63
17567,Gethyllis,gregoriana,2855199,,63
17568,Gethyllis,verticillata,2855221,,63
17569,Haemanthus,carneus,2855120,,63
17570,Haemanthus,coccineus,2855143,,63
17571,Haemanthus,crispus,2855108,,63
17572,Haemanthus,montanus,2855129,,63
17573,Hessea,breviflora,5326593,,63
17574,Hippeastrum,argentinum,2854554,,63
17575,Narcissus,confusus,2858371,,63
17576,Narcissus,medioluteus,2858896,Narcissus x medioluteus Mill.,63
17577,Narcissus,poeticus,2858582,Narcissus x verbanensis (Herb.) M. Roem.,63
17578,Nerine,undulata,5326908,Nerine alta,63
17579,Nerine,filamentosa,5326857,,63
17580,Nerine,humilis,5326937,,63
17581,Nerine,huttonii,5643308,,63
17582,Nerine,masonorum,5326849,,63
17583,Nerine,pudica,5326852,,63
17584,Phaedranassa,dubia,2853989,,63
17585,Rauhia,multiflora,2859302,,63
17586,Strumaria,barbariae,4014036,,63
17587,Strumaria,chaplinii,2859785,,63
17588,Strumaria,gemmata,2859794,,63
17589,Strumaria,salteri,2859730,,63
17590,Strumaria,tenella,2859749,,63
17591,Strumaria,truncata,2859716,,63
17592,Tribonanthes,longipetala,2765690,,82
17593,Tribonanthes,uniflora,2765692,,82
17594,Zephyranthes,chlorosolen,2859847,,63
17595,Ipomopsis,aggregata,2927979,,361
17596,Tephrosia,tinctoria,5342323,,193
17597,Achillea,latiloba,3120134,,423
17598,Anemopaegma,arvense,9302445,Anemopaegma mirandum,391
17599,Vogtia,microphylla,9295148,Tanacetum microphyllum,423
17600,Lavandula,antineae,7307881,,396
17601,Alkanna,tinctoria,5341257,,382
17602,Senecio,faberi,3107126,,423
17603,Senecio,sylvaticus,3107987,,423
17604,Vicoa,divaricata,3095604,,423
17605,Atropa,baetica,3802666,,388
17606,Cyphanthera,tasmanica,3799996,,388
17607,Pauridiantha,liebrechtsiana,2915354,Commitheca liebrechtsiana,381
17608,Coprosma,linariifolia,2911605,,381
17609,Coprosma,rotundifolia,2911543,,381
17610,Coprosma,tenuicaulis,2911374,,381
17611,Galium,semiamictum,2914940,,381
17612,Hedyotis,capitellata,7801198,,381
17613,Morinda,tomentosa,5339893,Morinda tinctoria var.tomentosa.,381
17614,Dimetia,hedyotidea,10719202,Oldenlandia hedyotidea,381
17615,Prismatomeris,fragrans,2909763,,381
17616,Galega,orientalis,2975663,,193
17617,Leptospermum,brachyandrum,3181908,Agonis abnormis,235
17618,Berkheya,bergiana,3115241,,423
17619,Brillantaisia,lamium,3778361,,390
17620,Butia,capitata,2736211,,79
17621,Chilopsis,linearis,5415072,,391
17622,Dendrophorbium,elatum,9948625,,423
17623,Dimerostemma,asperatum,3130332,,423
17624,Drimiopsis,maculata,2776471,,64
17625,Epaltes,australis,7782873,,423
17626,Helichrysum,anomalum,3131109,,423
17627,Helichrysum,dregeanum,3132069,,423
17628,Hopea,hainanensis,5669066,,264
17629,Lessingianthus,linearis,3117736,,423
17630,Monanthotaxis,capea,3155989,,15
17631,Morithamnus,crassus,3130370,,423
17632,Dimorphotheca,barberae,5402361,Osteospermum barberae,423
17633,Packera,werneriifolia,8053778,,423
17634,Prinsepia,uniflora,3025403,,204
17635,Rhododendron,ciliatum,4166478,,355
17636,Rhododendron,davidsonianum,4165276,,355
17637,Rhododendron,hanceanum,4174466,,355
17638,Rhododendron,trichanthum,7908113,,355
17639,Rhododendron,zaleucum,7328714,,355
17640,Sophora,denudata,2958990,,193
17641,Sphaeranthus,kirkii,4248118,Sphaeranthus kirkii var. cyathuloides,423
17642,Sphaeromorphaea,australis,3125384,,423
17643,Zanthoxylum,hawaiiense,3190080,,257
17644,Zieria,compacta,7269015,,257
17645,Fraxinus,quadrangulata,3172370,,402
17646,Corylus,chinensis,2876088,,207
17647,Fritillaria,unibracteata,5300797,,57
17648,Hemsleya,amabilis,3625604,,219
17649,Lepidaploa,myriocephala,3124658,,423
17650,Ambrosia,cordifolia,3110694,,423
17651,Conoclinium,dissectum,3090339,Conoclinium greggii,423
17652,Paepalanthus,polyanthus,5287363,,97
17653,Solanum,fraxinifolium,2932789,,388
17654,Stramentopappus,pooleae,3124101,Vernonia pooleae,423
17655,Wrightia,arborea,5535418,Wrightia tomentosa,376
17656,Acacia,suaveolens,2979671,,193
17657,Aconitum,liljestrandii,7277055,,118
17658,Dendrocalamus,strictus,2703316,,102
17659,Echinocereus,engelmannii,3084111,,312
17660,Funtumia,africana,3169842,,376
17661,Mansonia,gagei,7467227,,265
17662,Distimake,quinquefolius,9340539,Merremia quinquefolia,385
17663,Stranvaesia,davidiana,3000406,Photinia davidiana,204
17664,Senecio,volckmannii,3108778,Senecio rosmarinus,423
17665,Stranvaesia,davidiana,7271689,Stranvaesia davidiana var. davidiana,204
17666,Angelica,shikokiana,5540746,,439
17667,Bituminaria,plumosa,10814701,,193
17668,Brosimum,melanopotamicum,3763052,,202
17669,Coronilla,juncea,5348659,,193
17670,Cullen,cinereum,3966627,,193
17671,Cullen,lachnostachys,3966595,,193
17672,Cullen,tomentosum,2948937,Cullen obtusifolium,193
17673,Cullen,pustulatum,3966552,,193
17674,Dictamnus,hispanicus,5593064,,257
17675,Grewia,asiatica,3152080,,265
17676,Hoita,macrostachya,2943710,,193
17677,Hymenidium,densiflorum,3633799,,439
17678,Melicope,barbigera,3190236,,257
17679,Melicope,borbonica,7269132,,257
17680,Orbexilum,lupinellus,2944069,Orbexilum lupinellum,193
17681,Orbexilum,pedunculatum,7832161,,193
17682,Otholobium,glandulosum,3913185,,193
17683,Pediomelum,canescens,2944129,,193
17684,Pediomelum,subacaule,2959964,,193
17685,Nematolepis,squamea,7269427,Phebalium argenteum,257
17686,Prionosciadium,thapsoides,6026363,,439
17687,Psoralea,leucantha,8413115,,193
17688,Cullen,martini,7671765,Psoralea martinii,193
17689,Coronilla,orientalis,5349977,Securigera orientalis,193
17690,Tephrosia,nitens,7732095,,193
17691,Zanthoxylum,flavum,3190092,,257
17692,Artemisia,australis,7721893,,423
17693,Chrysosplenium,maximowiczii,5567368,,142
17694,Hemizonia,congesta,4241634,Hemizonia lutescens,423
17695,Laphamia,rupestris,4208172,Perityle rupestris,423
17696,Ferula,loscosii,6027025,,439
17697,Copaifera,copaibo,12260954,Copaifera reticulata,193
17698,Coryphantha,ottonis,3955673,,312
17699,Muscari,comosum,2769204,Leopoldia comosa,64
17700,Lobelia,camporum,5409088,,426
17701,Ocotea,macrophylla,7538896,,25
17702,Caloncoba,welwitschii,3878245,Oncoba welwitschii,153
17703,Parkia,biglandulosa,5348816,,193
17704,Phlomis,rigida,3886577,,396
17705,Solanum,linnaeanum,2929062,,388
17706,Bursera,schlechtendalii,3994299,,253
17707,Hernandia,cordigera,3685447,,24
17708,Podolepis,canescens,3100338,,423
17709,Panaetia,lessonii,4248326,Podolepis lessonii,423
17710,Aconitum,sczukinii,7276628,Aconitum vilmorini,118
17711,Alphonsea,mollis,3154143,,15
17712,Annona,acuminata,5407198,,15
17713,Annona,cacans,5407186,,15
17714,Annona,cristalensis,5407157,,15
17715,Annona,dioica,5407109,,15
17716,Beilschmiedia,alloiophylla,4178492,,25
17717,Cananga,brandisiana,5836239,,15
17718,Cissampelos,sympodialis,7268779,,116
17719,Disepalum,anomalum,3154689,,15
17720,Enicosanthum,acuminatum,3155241,,15
17721,Eupomatia,bennettii,8344770,,17
17722,Fissistigma,punctulatum,3157306,,15
17723,Glossocalyx,longicuspis,3782116,,27
17724,Goniothalamus,cheliensis,3154671,,15
17725,Goniothalamus,scortechinii,3154536,,15
17726,Goniothalamus,tapis,3154590,,15
17727,Guatteria,goudotiana,3155888,,15
17728,Guatteria,modesta,3155844,,15
17729,Guatteria,punctata,3155772,,15
17730,Hornschuchia,obliqua,5407557,,15
17731,Hubera,nitidissima,7425146,,15
17732,Laurelia,sempervirens,3783125,,21
17733,Limaciopsis,loangensis,3830755,,116
17734,Magnolia,baillonii,3153077,,20
17735,Magnolia,mexicana,3152979,,20
17736,Mitrephora,teysmannii,3155085,Mitrephora maingayi,15
17737,Mortonia,palmeri,5579545,,144
17738,Polyalthia,insignis,3156487,,15
17739,Polyalthia,sinclairiana,3648914,,15
17740,Pseuduvaria,rugosa,3157701,,15
17741,Sapranthus,palanga,3154711,,15
17742,Siparuna,guianensis,7264535,,27
17743,Uvaria,argentea,3156920,,15
17744,Camptacra,gracilis,3099133,,423
17745,Ligularia,calthifolia,5395459,Ligularia calthaefolia,423
17746,Petasites,frigidus,6300538,Petasites frigidus var. palmatus,423
17747,Centranthus,macrosiphon,7298966,,438
17748,Astragalus,brachystachys,5343078,,193
17749,Coleus,hadiensis,10964472,,396
17750,Heterotheca,psammophila,5700819,,423
17751,Phyllarthron,bojeranum,4091625,Phyllarthron madagascariensis,391
17752,Salvia,heldreichiana,3900534,,396
17753,Salvia,xanthocheila,3883665,,396
17754,Tanacetum,cilicicum,3118328,,423
17755,Tanacetum,cilicium,6077386,,423
17756,Teucrium,capitatum,7308671,Teucrium polium var.alba.,396
17757,Aglaia,mariannensis,5597448,,255
17758,Sideritis,gossypina,3891052,,396
17759,Sideritis,villosa,7307331,,396
17760,Jacobaea,abrotanifolia,7222767,Senecio abrotanifolius L.,423
17761,Jacobaea,ambigua,5831395,Senecio ambiguus,423
17762,Senecio,doronicum,3107708,,423
17763,Jacobaea,othonnae,12183241,Senecio othonnae,423
17764,Bryonia,cretica,2874496,,219
17765,Bryonia,verrucosa,3624918,,219
17766,Ceratosanthes,hilariana,3622141,,219
17767,Cucurbita,andreana,3623921,,219
17768,Gonystylus,keithii,3568739,,270
17769,Thiollierea,montana,11098560,Morierina montana,381
17770,Brugmansia,sanguinea,5341760,,388
17771,Mandragora,turcomanica,5581319,,388
17772,Ligularia,japonica,5395421,,423
17773,Lotononis,fruticoides,2945289,,193
17774,Lotononis,lenticula,2945415,,193
17775,Lotononis,parviflora,2945231,,193
17776,Senecio,adnatus,3109131,,423
17777,Senecio,oryzetorum,3106901,,423
17778,Aegiphila,lhotskiana,3891963,,396
17779,Banisteriopsis,muricata,3985018,Banisteriopsis argentea,176
17780,Dianthus,barbatus,3085421,,313
17781,Plectranthus,ecklonii,3904963,,396
17782,Bridelia,tomentosa,3076120,,181
17783,Garcinia,merguensis,7447549,,160
17784,Phyllanthus,acutissimus,5381397,Phyllanthus acutissima,181
17785,Balduina,angustifolia,3104988,,423
17786,Clerodendrum,petasites,8191194,,396
17787,Gaillardia,aestivalis,5387851,,423
17788,Gaillardia,powellii,5387872,,423
17789,Inula,obtusifolia,3148324,,423
17790,Inula,oculus-christi,9175693,,423
17791,Jasonia,tuberosa,3150720,,423
17792,Layia,septentrionalis,5393006,,423
17793,Lourteigia,ballotifolia,3087492,,423
17794,Phyllospadix,iwatensis,2863956,,43
17795,Ratibida,latipalearis,3087183,,423
17796,Scutellaria,przewalskii,5608450,,396
17797,Mosquitoxylum,jamaicense,7321670,,251
17798,Pyrola,asarifolia,2888271,,355
17799,Nuphar,japonica,7326938,,4
17800,Nelsonia,canescens,5415356,Nelsonia campestris,390
17801,Poliothyrsis,sinensis,7526042,,187
17802,Micropholis,crassipedicellata,5333946,Sideroxylon crassipedicellatum,364
17803,Meconopsis,grandis,3600916,,117
17804,Licania,densiflora,2985567,,159
17805,Zinnia,acerosa,3111789,,423
17806,Rumex,dentatus,2889038,Rumex dentata,333
17807,Vismia,guineensis,7704323,,170
17808,Syzygium,anisatum,3184661,Backhousia anisata,235
17809,Illicium,henryi,3592301,,6
17810,Illicium,lanceolatum,3592332,,6
17811,Illicium,micranthum,7314078,,6
17812,Melicope,christophersenii,3190353,Pelea christophersenii,257
17813,Rosa,carolina,7272185,Rosa parviflora,204
17814,Stetsonia,coryne,7284653,,312
17815,Abelmoschus,ficulneus,3940858,,265
17816,Abutilon,persicum,3936654,,265
17817,Bastardiopsis,densiflora,7279441,,265
17818,Callianthe,picta,7900084,,265
17819,Callianthe,striata,8162439,,265
17820,Cienfuegosia,drummondii,3152247,,265
17821,Fuertesimalva,limensis,3935653,,265
17822,Gossypium,mustelinum,3933330,,265
17823,Hibiscus,calyphyllus,3152574,,265
17824,Hibiscus,fuscus,3937211,,265
17825,Hibiscus,laevis,3152576,,265
17826,Hibiscus,mutabilis,3152555,,265
17827,Hibiscus,ovalifolius,3935028,,265
17828,Hibiscus,trionum,3152560,,265
17829,Hochreutinera,hasslerana,3940119,,265
17830,Hoheria,glabrata,3940102,,265
17831,Iliamna,remota,6377799,,265
17832,Kerria,japonica,5371450,,204
17833,Kydia,calycina,7279431,,265
17834,Malva,trimestris,3940326,Lavatera trimestris,265
17835,Malachra,capitata,3152763,,265
17836,Malope,trifida,3935421,,265
17837,Malva,alcea,3152365,,265
17838,Malva,kashmiriana,7732201,,265
17839,Malva,multiflora,3933415,,265
17840,Malva,nicaeensis,3152367,,265
17841,Malva,parviflora,3152378,,265
17842,Malva,verticillata,3152377,,265
17843,Malvastrum,coromandelinum,3939515,,265
17844,Modiola,caroliniana,8338793,,265
17845,Napaea,dioica,5406715,,265
17846,Pavonia,burchellii,5619236,,265
17847,Pavonia,leptocalyx,5618768,,265
17848,Pavonia,zeylonica,10746336,Pavonia odorata,265
17849,Pavonia,sepium,7279161,,265
17850,Pavonia,urens,5617982,,265
17851,Pavonia,zeylanica,5617913,,265
17852,Phymosia,umbellata,3935508,,265
17853,Sida,glabra,5406764,,265
17854,Sida,rhombifolia,5406735,,265
17855,Sidalcea,oregana,8428499,,265
17856,Tarasa,operculata,3936738,,265
17857,Thespesia,danis,7279062,,265
17858,Thespesia,lampas,7279053,,265
17859,Urena,procumbens,7278922,,265
17860,Urena,repanda,7776337,,265
17861,Wissadula,paraguayensis,3934055,,265
17862,Hypoestes,forskaolii,3777618,Hypoestes forsskaolii,390
17863,Trichilia,hispida,3850190,,255
17864,Anogeissus,acuminata,7327109,,231
17865,Terminalia,phillyreifolia,9357375,,231
17866,Khaya,madagascariensis,3851956,,255
17867,Hypericum,sinaicum,3711550,,170
17868,Clausena,brevistyla,7269498,,257
17869,Dendrophorbium,amplexicaule,3111490,,423
17870,Felicia,filifolia,5401203,,423
17871,Haplocarpha,lanata,3134516,,423
17872,Jungia,stuebelii,5402223,,423
17873,Psiadia,ceylanica,7336594,,423
17874,Tristaniopsis,collina,3188050,,235
17875,Agathosma,unicarpellata,3832498,,257
17876,Astragalus,tibetanus,5344500,,193
17877,Bulbine,latifolia,5304878,,65
17878,Gypsophila,acutifolia,8402808,,313
17879,Kniphofia,acraea,5305010,,65
17880,Kniphofia,flammula,5305090,,65
17881,Kniphofia,rooperi,5305028,,65
17882,Kniphofia,tysonii,5305058,,65
17883,Elsholtzia,nipponica,3900329,,396
17884,Jacobaea,alpina,5388598,,423
17885,Salvia,karelinii,10803681,Perovskia angustifolia,396
17886,Croton,macrostachys,3918183,Croton macrostachys A.Rich,166
17887,Sphallerocarpus,gracilis,3638168,,439
17888,Arctanthemum,arcticum,5927553,Dendranthema arcticum,423
17889,Conchocarpus,ruber,10929279,Almeidea rubra,257
17890,Comptonella,sessilifoliola,3835927,,257
17891,Melicope,littoralis,3832664,Euodia littoralis,257
17892,Melicope,littoralis,7552115,Evodia littoralis,257
17893,Medicosma,subsessilis,3834184,,257
17894,Melicope,fatraina,3833222,,257
17895,Macaranga,denticulata,3073960,,166
17896,Monotes,africanus,8177827,Monotes africana,264
17897,Artemisia,pygmaea,3120917,,423
17898,Calostemma,purpureum,2860387,,63
17899,Coryphantha,cornifera,3084436,,312
17900,Crinum,lugardiae,2853652,,63
17901,Pancratium,foetidum,2853270,,63
17902,Sisymbrium,officinale,3046890,,273
17903,Vachellia,jacquemontii,7973204,Acacia jacquemontii,193
17904,Coleonema,pulchrum,5594393,,257
17905,Othonna,arborescens,3094477,,423
17906,Pelargonium,zonale,9609002,,229
17907,Sideroxylon,foetidissimum,2887138,,364
17908,Solanum,barbulatum,2931795,Solanum ecuadorense,388
17909,Dracocephalum,foetidum,3902929,,396
17910,Helichrysum,tenuiculum,3131857,,423
17911,Prostanthera,lasianthos,7308211,,396
17912,Caiophora,tenuis,4021447,,347
17913,Guettarda,speciosa,2894828,,381
17914,Ixanthus,viscosus,3839773,,379
17915,Loasa,acanthifolia,8284128,,347
17916,Mentzelia,heterosepala,5646208,,347
17917,Nasa,chenopodiifolia,5646424,,347
17918,Nasa,tingomariensis,5646425,,347
17919,Vinca,major,3169708,,376
17920,Hydrocotyle,ramiflora,3635641,,441
17921,Polyspora,ceylanica,8203755,,370
17922,Solidago,wrightii,5388909,,423
17923,Trichosanthes,multiloba,3623874,,219
17924,Pandanus,utilis,5327557,,49
17925,Senra,incana,3933983,Senna incana,265
17926,Amphicarpaea,bracteata,2960161,,193
17927,Butea,frondosa,7677617,,193
17928,Cajanus,scarabaeoides,2960284,,193
17929,Calicotome,spinosa,2956359,,193
17930,Calopogonium,caeruleum,7661174,,193
17931,Camptosema,rubicundum,2963247,,193
17932,Canavalia,eurycarpa,2962192,,193
17933,Clitoria,falcata,2946543,,193
17934,Craspedolobium,unijugum,8236424,Craspedolobium schochii,193
17935,Cytisus,arboreus,5354706,Cytisus baeticus,193
17936,Cytisus,commutatus,5354577,,193
17937,Cytisus,fontanesii,5354480,,193
17938,Dalbergia,pervillei,2968537,Dalbergia obtusa,193
17939,Dalbergia,oliveri,2968432,,193
17940,Polhillides,velutina,10829464,Desmodium velutinum,193
17941,Dipogon,lignosus,5349965,,193
17942,Dunbaria,villosa,5356310,,193
17943,Erinacea,anthyllis,2977757,,193
17944,Eriosema,glomeratum,5928705,,193
17945,Eriosema,nutans,5348948,,193
17946,Bolusafra,bituminosa,2958159,Fagelia bituminosa,193
17947,Flemingia,paniculata,5359909,,193
17948,Galactia,jussiaeana,2984214,,193
17949,Genista,albida,5347692,,193
17950,Genista,cupanii,5347731,,193
17951,Genista,hispanica,5347761,,193
17952,Genista,hystrix,5347662,,193
17953,Genista,linifolia,5347599,,193
17954,Genista,microphylla,5347681,,193
17955,Genista,pulchella,5347708,,193
17956,Genista,sericea,5347781,,193
17957,Genista,tridens,5347749,,193
17958,Genista,ulicina,5347555,,193
17959,Glycine,clandestina,5359647,,193
17960,Glycine,latifolia,5359678,,193
17961,Kennedia,coccinea,2959172,,193
17962,Kennedia,nigricans,2959166,,193
17963,Kennedia,procurrens,2959171,,193
17964,Kennedia,rubicunda,2959161,,193
17965,Macroptilium,bracteatum,2945040,,193
17966,Macroptilium,martii,2945043,,193
17967,Ophiorrhiza,kunstleri,5340740,,381
17968,Psoralea,spicata,2978041,Otholobium spicatum,193
17969,Psoralea,wilmsii,2978036,Otholobium wilmsii,193
17970,Penstemon,teucrioides,3171441,,408
17971,Phaseolus,coccineus,5350466,,193
17972,Pseudeminia,comosa,2946338,,193
17973,Pseudoeriosema,borianii,2946495,,193
17974,Pseudovigna,argentea,2945113,,193
17975,Handroanthus,chrysanthus,7298485,Tabebuia chrysantha,391
17976,Trifolium,fragiferum,5358935,,193
17977,Trifolium,rubens,5359249,,193
17978,Gomphrena,boliviana,7323403,,306
17979,Gomphrena,martiana,3084905,,306
17980,Medicosma,cunninghamii,3834287,,257
17981,Scutellaria,dumetorum,5609576,Scutellaria caerulea,396
17982,Scutellaria,hypericifolia,7308729,,396
17983,Scutellaria,likiangensis,5608999,,396
17984,Scutellaria,oxystegia,5608640,,396
17985,Scutellaria,rehderiana,5608398,,396
17986,Scutellaria,squarrosa,5608115,,396
17987,Scutellaria,viscidula,5607891,,396
17988,Annona,tomentosa,5407286,,15
17989,Calotis,multicaulis,3098182,,423
17990,Campanula,ossetica,5411996,,426
17991,Castilleja,rubicundula,3735169,Castilleja rubicundula var. lithospermoides,403
17992,Catalpa,speciosa,3172612,,391
17993,Cephalaria,pastricensis,4104113,,438
17994,Torilis,trichosperma,3632335,Chaetosciadium trichospermum,439
17995,Cirsium,heterophyllum,3113745,,423
17996,Codonopsis,foetens,5412897,,426
17997,Cotula,turbinata,3112098,,423
17998,Cymbidium,goeringii,5305668,,75
17999,Dracocephalum,rupestre,3901985,,396
18000,Elymus,canadensis,5290282,,102
18001,Gymnarrhena,micrantha,3103902,,423
18002,Lavandula,mairei,6710243,Lavandula mairei var. antiatlantica,396
18003,Linum,grandiflorum,2873926,,174
18004,Lomatium,dissectum,3034268,,439
18005,Parodiodoxa,chionophila,3054153,,273
18006,Salix,brachypoda,5581797,,187
18007,Salix,caspica,8228557,,187
18008,Salix,caucasica,5583025,,187
18009,Salix,daphnoides,9153437,,187
18010,Salix,glauca,5372963,,187
18011,Salix,gracilistyla,7104103,,187
18012,Salix,kochiana,8178612,,187
18013,Salix,saxatilis,7266521,,187
18014,Sanvitalia,procumbens,3104106,,423
18015,Soulamea,muelleri,3708695,,260
18016,Trifolium,ochroleucon,5359209,,193
18017,Turgenia,latifolia,3034778,,439
18018,Verbascum,pyroliforme,3736694,,411
18019,Veronica,fuhsii,3731344,,408
18020,Veronica,thymoides,3724973,Veronica thymoides ssp. pseudocinerea,408
18021,Veronicastrum,sibiricum,7331522,,408
18022,Xyris,longiscapa,2692679,,110
18023,Xyris,obtusiuscula,2693084,,110
18024,Allanblackia,stuhlmannii,3713122,,160
18025,Aspalathus,capitata,5348279,,193
18026,Aspalathus,chortophila,5348243,,193
18027,Aspalathus,cordata,5347911,,193
18028,Aspalathus,hirta,5348248,,193
18029,Aspalathus,juniperina,5348179,,193
18030,Aspalathus,longifolia,5348168,,193
18031,Aspalathus,nivea,5348384,,193
18032,Aspalathus,perfoliata,5348371,,193
18033,Boehmeria,caudata,7610513,,206
18034,Chamaecytisus,ruthenicus,5354537,,193
18035,Gymnospermium,darwasicum,3981718,,112
18036,Leptolobium,dasycarpum,5358422,,193
18037,Liparia,calycina,3978025,,193
18038,Liparia,capitata,3978021,,193
18039,Liparia,hirsuta,3977981,,193
18040,Liparia,laevigata,3977975,,193
18041,Liparia,latifolia,3977971,,193
18042,Liparia,parva,2941165,,193
18043,Liparia,splendens,2941159,,193
18044,Lupinus,albescens,2964724,,193
18045,Lupinus,aschenbornii,2964258,,193
18046,Lupinus,gibertianus,2964329,,193
18047,Lupinus,hintonii,3910311,,193
18048,Lupinus,linearis,2963806,,193
18049,Lupinus,perennis,2964435,,193
18050,Ormosia,amazonica,5355607,,193
18051,Ormosia,cinerea,5355600,,193
18052,Ormosia,coutinhoi,5355467,,193
18053,Ormosia,krugii,5355557,,193
18054,Ormosia,macrocalyx,5355476,,193
18055,Ormosia,pachycarpa,5355468,,193
18056,Pearsonia,aristata,5353044,,193
18057,Pearsonia,bracteata,5353069,,193
18058,Pearsonia,cajanifolia,5353065,,193
18059,Pearsonia,flava,5353038,,193
18060,Pearsonia,grandifolia,5353045,,193
18061,Pearsonia,metallifera,5353042,,193
18062,Pearsonia,obovata,5353064,,193
18063,Pearsonia,sessilifolia,5353048,,193
18064,Pearsonia,uniflora,5353068,,193
18065,Podalyria,biflora,5352158,,193
18066,Podalyria,buxifolia,7827793,,193
18067,Podalyria,cordata,5352142,,193
18068,Rafnia,acuminata,3961996,,193
18069,Rafnia,angulata,2974531,,193
18070,Rafnia,elliptica,2974536,,193
18071,Rafnia,opposita,2974552,,193
18072,Rafnia,racemosa,2974537,,193
18073,Robynsiophyton,vanderystii,2945817,,193
18074,Rothia,hirsuta,5353602,,193
18075,Rothia,indica,5353606,,193
18076,Wiborgia,fusca,5353866,,193
18077,Wiborgia,obcordata,5353865,,193
18078,Wiborgia,sericea,5353855,,193
18079,Fitzalania,heteropetala,3156228,,15
18080,Asteromyrtus,angustifolia,3185238,,235
18081,Helichrysum,pendulum,3131761,,423
18082,Lycopus,australis,5605810,,396
18083,Populus,jackii,3040241,Populus × jackii,187
18084,Rhododendron,triflorum,7328966,Rhododendron triflorum bauhiniiflorum,355
18085,Strobilanthes,auriculata,7263204,,390
18086,Cremanthodium,ellisii,9859663,,423
18087,Thymus,martinezii,5606346,,396
18088,Neomirandea,guevarii,3090077,,423
18089,Asparagus,acutifolius,2768995,,64
18090,Homoranthus,biflorus,3185469,,235
18091,Homoranthus,binghiensis,3185481,,235
18092,Homoranthus,bornhardtiensis,3185482,,235
18093,Homoranthus,cernuus,3185491,,235
18094,Homoranthus,croftianus,3185470,,235
18095,Homoranthus,darwinioides,3185493,,235
18096,Homoranthus,decasetus,3185471,,235
18097,Homoranthus,decumbens,3185496,,235
18098,Homoranthus,flavescens,3185472,,235
18099,Homoranthus,floydii,3185483,,235
18100,Homoranthus,homoranthoides,3185498,,235
18101,Homoranthus,lunatus,3185475,,235
18102,Homoranthus,melanostictus,3185484,,235
18103,Homoranthus,montanus,3185505,,235
18104,Homoranthus,papillatus,3185476,,235
18105,Homoranthus,porteri,3185506,,235
18106,Homoranthus,prolixus,3185477,,235
18107,Homoranthus,thomasii,3185485,,235
18108,Homoranthus,tropicus,3185508,,235
18109,Homoranthus,virgatus,3185478,,235
18110,Homoranthus,wilhelmii,3185487,,235
18111,Homoranthus,zeteticorum,3185509,,235
18112,Pteronia,stricta,5394707,,423
18113,Senecio,pseudoorientalis,3108635,Senecio pseudo-orientalis,423
18114,Achillea,filipendulina,3120284,,423
18115,Deguelia,rufescens,2960239,,193
18116,Dioncophyllum,thollonii,4161357,,315
18117,Erica,vagans,5333408,,355
18118,Fraxinus,bungeana,3684700,,402
18119,Fraxinus,floribunda,7326078,,402
18120,Fraxinus,paxiana,3682241,,402
18121,Olea,exasperata,7502977,,402
18122,Olea,woodiana,7326137,,402
18123,Passiflora,cyanea,3587002,,179
18124,Phlomoides,loasifolia,3885342,,396
18125,Phytolacca,acinosa,8359411,Phytolacca esculenta,331
18126,Ulmus,macrocarpa,7303600,,205
18127,Werneria,dactylophylla,6064275,Xenophyllum dactylophyllum,423
18128,Helietta,parvifolia,3190143,,257
18129,Spermacoce,neohispida,2918315,,381
18130,Artocarpus,kemando,3764693,,202
18131,Calyptocarpus,vialis,3091480,,423
18132,Croton,costatus,3058795,,166
18133,Dahlia,scapigera,5387170,,423
18134,Epithelantha,micromeris,8013485,,312
18135,Markhamia,zanzibarica,5668590,,391
18136,Virola,guggenheimii,3743314,,19
18137,Satureja,salzmannii,3903557,,396
18138,Averrhoa,bilimbi,2891640,,152
18139,Solanum,erianthum,2931461,,388
18140,Pimpinella,javana,5539256,,439
18141,Guaiacum,sanctum,3189908,,192
18142,Greenmaniella,resinosa,3118715,,423
18143,Iva,imbricata,5402626,,423
18144,Ondetia,linearis,3103320,,423
18145,Actaea,yunnanensis,5616552,,118
18146,Arctostaphylos,pumila,2882603,,355
18147,Centaurium,cachanlahuen,5595161,,379
18148,Eucalyptus,mckieana,3176437,,235
18149,Helianthus,gracilentus,3119236,,423
18150,Mildbraediodendron,excelsum,2982847,Mildbraediodendron excelsa,193
18151,Ulex,nanus,7969940,,193
18152,Ateleia,glazioveana,5361709,ateleia glazioviana,193
18153,Polylepis,australis,5370540,,204
18154,Pilocarpus,riedelianus,3837144,,257
18155,Clematis,grata,7683806,,118
18156,Fagus,orientalis,2882360,,209
18157,Gaillardia,suavis,5387838,,423
18158,Habenaria,intermedia,2828690,,75
18159,Duhaldea,cuspidata,3126666,,423
18160,Espeletia,glandulosa,3101678,Espeletiopsis glandulosa,423
18161,Helichrysum,chrysargyrum,3132020,,423
18162,Hippia,frutescens,5386438,,423
18163,Senecio,erosus,3107877,,423
18164,Syncolostemon,welwitschii,3900063,,396
18165,Bursera,permollis,3992676,,253
18166,Eriope,macrostachya,7308647,,396
18167,Lapiedra,martinezii,2860661,,63
18168,Allocasuarina,distyla,9676223,,208
18169,Allocasuarina,verticillata,2891902,,208
18170,Casuarina,stricta,2891904,,208
18171,Vataireopsis,araroba,2965590,Andira araroba,193
18172,Condalia,buxifolia,5602931,,203
18173,Cucumis,sativus,7344961,Cucumis sativus var. sativus,219
18174,Lamprothamnus,zanguebaricus,5335614,,381
18175,Tripora,divaricata,3888672,,396
18176,Alpinia,pricei,5302207,,93
18177,Persicaria,limbata,4034594,,333
18178,Verbesina,caracasana,4254398,,423
18179,Aristeguietia,discolor,3110133,,423
18180,Tibetiodes,latisquamata,10869839,Aster heliopsis,423
18181,Bruguiera,rhynchopetala,7764720,,186
18182,Leucocera,sympaganthera,11704663,Calycera sympaganthera,425
18183,Capparis,orientalis,5601705,,275
18184,Colubrina,asiatica,5372467,,203
18185,Curio,repens,3149628,,423
18186,Curio,talinoides,4242044,Curio talinoides var. chordifolius,423
18187,Eleutherococcus,sieboldianus,3035473,,441
18188,Erythroxylum,engleri,3694461,,165
18189,Ficus,barteri,5571582,,202
18190,Micranthes,tolmiei,5567572,,142
18191,Oreocnide,rubescens,4099400,,206
18192,Piptostigma,fasciculatum,3648339,,15
18193,Pulicaria,mauritanica,8258605,,423
18194,Rhynchosia,hirta,5350747,,193
18195,Saruma,henryi,3588934,,10
18196,Senecio,kleiniiformis,3107246,,423
18197,Senna,hirsuta,11114024,Senna hirsuta var. hirsuta,193
18198,Strychnos,pseudoquina,7289399,,380
18199,Stylosanthes,erecta,2975724,,193
18200,Trillium,undulatum,2742335,,58
18201,Vatica,oblongifolia,5669238,,264
18202,Vernonia,fasciculata,5397564,,423
18203,Flourensia,oolepis,3094568,,423
18204,Aloe,perryi,2777196,,65
18205,Aloe,rupestris,2777808,,65
18206,Bryonia,melanocarpa,3625918,,219
18207,Bellendena,montana,3996780,,121
18208,Epimedium,sempervirens,3981899,Epimedium rugosum,112
18209,Goniothalamus,donnaiensis,3154499,,15
18210,Senecio,provincialis,3107166,,423
18211,Yucca,faxoniana,2775736,,64
18212,Echinacea,atrorubens,3150915,,423
18213,Centaurea,persica,10936200,,423
18214,Quercus,petraea,9601356,Quercus iberica,209
18215,Aeonium,arboreum,7334148,Aeonium manriquiorum,132
18216,Eucryphia,moorei,8303905,,149
18217,Haplopappus,taeda,3100400,,423
18218,Nolana,rostrata,9119515,,388
18219,Pelargonium,fulgidum,9770413,,229
18220,Physalis,pruinosa,6402729,Physalis nicandroides var. attenuata,388
18221,Teucrium,webbianum,3892431,,396
18222,Rhaphiolepis,deflexa,10855510,Eriobotrya deflexa,204
18223,Acacia,howittii,2979398,,193
18224,Fumana,thymifolia,7365597,,262
18225,Geranium,rotundifolium,2891031,,229
18226,Geranium,yemense,2890978,,229
18227,Hackelia,velutina,2925919,,382
18228,Cedrela,toona,11012978,,255
18229,Clematis,delavayi,7276836,,118
18230,Amorpha,nana,7656548,,193
18231,Andrographis,lineata,3769482,,390
18232,Artocarpus,gomezianus,3764819,,202
18233,Chamaecrista,dentata,9226104,Cassia dentata,193
18234,Causonis,japonica,4055350,,190
18235,Cissus,antarctica,7130688,,190
18236,Corydalis,humosa,5531324,,117
18237,Corymbia,haematoxylon,5418469,,235
18238,Corymbia,papuana,5418495,,235
18239,Corymbia,abergiana,5418475,Eucalyptus abergiana,235
18240,Eucalyptus,campaspe,3176937,Eucalyptus campospe,235
18241,Eucalyptus,crebra,3176920,,235
18242,Corymbia,dichromophloia,5418451,Eucalyptus dichromophloia,235
18243,Eucalyptus,eremophila,3177158,,235
18244,Corymbia,erythrophloia,5418467,Eucalyptus erythrophloia,235
18245,Eucalyptus,gardneri,3176687,,235
18246,Eucalyptus,griffithsii,3176538,,235
18247,Corymbia,gummifera,5418493,Eucalyptus gummifera,235
18248,Corymbia,intermedia,5418413,Eucalyptus intermedia,235
18249,Eucalyptus,nowraensis,3716168,,235
18250,Eucalyptus,nutans,3176407,,235
18251,Corymbia,polycarpa,5418395,Eucalyptus polycarpa,235
18252,Eucalyptus,pruinosa,3176679,,235
18253,Eucalyptus,stricklandii,3176475,,235
18254,Corymbia,trachyphloia,5418455,Eucalyptus trachyphloia,235
18255,Eucalyptus,woodwardii,3176456,,235
18256,Festuca,versuta,2704974,,102
18257,Gentiana,flavomaculata,7270626,Gentiana flavo-maculata,379
18258,Glochidion,wrightii,3080738,,181
18259,Holodiscus,discolor,2987780,,204
18260,Hordeum,bogdanii,4932614,,102
18261,Hordeum,brachyantherum,2706066,,102
18262,Hordeum,brevisubulatum,4149617,,102
18263,Lolium,persicum,2706225,,102
18264,Lolium,rigidum,2706218,,102
18265,Moullava,spicata,2941155,,193
18266,Poa,alsodes,2704219,,102
18267,Rhoicissus,rhomboidea,4053629,,190
18268,Rumex,hastatus,7739918,,333
18269,Schizocarphus,nervosus,2771381,,64
18270,Smilax,aspera,5295044,,62
18271,Smilax,excelsa,5295073,,62
18272,Vaccinium,arboreum,2882828,,355
18273,Veratrum,album,2742119,,58
18274,Vitis,chunganensis,5658551,,190
18275,Vitis,davidi,8535344,Vitis davidii,190
18276,Vitis,rupestris,5372398,,190
18277,Yucca,periculosa,2775556,,64
18278,Yucca,schidigera,2775710,,64
18279,Artemisia,dolosa,3121150,,423
18280,Ricinocarpos,stylosus,3072249,,166
18281,Bulbophyllum,retusiusculum,2843150,,75
18282,Fagraea,berteroana,6388630,,379
18283,Eriostemon,banksii,5594052,,257
18284,Agrostophyllum,callosum,2802835,,75
18285,Althaea,rosea,7786241,,265
18286,Piper,hymenophyllum,7667840,,13
18287,Aconitum,chiisanense,3926437,,118
18288,Agathosma,peglerae,3833312,,257
18289,Angostura,longiflora,3836724,,257
18290,Vepris,tabouensis,3834000,Araliopsis tabouensis,257
18291,Artocarpus,odoratissimus,2984571,,202
18292,Melicope,quadrilocularis,3831719,Boninia glabra,257
18293,Cryptocarya,massoy,4183427,Cinnamomum massoia,25
18294,Haplophyllum,dubium,7376854,Haplophyllum dubium Eug.Kor.,257
18295,Hortia,regia,5594646,,257
18296,Lagochilus,hirsutissimus,5608349,,396
18297,Pertya,robusta,3130277,Macroclinidium robustum,423
18298,Melicope,xanthoxyloides,3838227,,257
18299,Coleus,autranii,5928955,Solenostemon sylvaticus,396
18300,Vepris,bilocularis,3834708,,257
18301,Zanthoxylum,delagoense,3831806,,257
18302,Zanthoxylum,tragodes,3833580,,257
18303,Zanthoxylum,viride,3833197,,257
18304,Angelica,archangelica,7065260,Archangelica officinalis,439
18305,Cereus,aethiops,7283787,,312
18306,Glycine,max,7224944,Soja hispida,193
18307,Cymbidium,giganteum,7511408,,75
18308,Cymbidium,iridioides,5305725,,75
18309,Diospyros,srilankana,7469854,Diospyros oblongifolia,354
18310,Neolitsea,buisanensis,7304495,,25
18311,Ophrys,arachnitiformis,2792669,,75
18312,Angelica,dahurica,7224044,Angelica dahurica var.dahurica,439
18313,Angelica,glauca,5537742,,439
18314,Eryngium,alpinum,3633778,Eryngium alpinum L.,439
18315,Ficus,benghalensis,5361919,Ficus bengalensis,202
18316,Ficus,palmata,5361916,,202
18317,Tetrataenium,rigens,8534233,Heracleum candolleanum,439
18318,Seseli,dichotomum,3631601,,439
18319,Seseli,korovinii,3630777,,439
18320,Seseli,lehmannianum,3630699,,439
18321,Seseli,ponticum,3629912,,439
18322,Aloe,adigratana,2777956,,65
18323,Aloe,alooides,2778145,,65
18324,Aloe,buchlohii,2777521,,65
18325,Aloe,cameronii,2777200,,65
18326,Aloe,divaricata,2777899,,65
18327,Aloe,dolomitica,8188478,,65
18328,Aloe,elegans,2777382,,65
18329,Aloe,flexilifolia,2777457,,65
18330,Aloe,forbesii,2777338,,65
18331,Aloe,hemmingii,2777818,,65
18332,Aloe,hendrickxii,2777807,,65
18333,Aloe,inermis,2777950,,65
18334,Aloe,jucunda,2777678,,65
18335,Aloe,kirkii,3696842,,65
18336,Aloe,lavranosii,2777839,,65
18337,Aloe,macleayi,2777715,,65
18338,Aloe,massawana,2778113,,65
18339,Aloe,mcloughlinii,7835669,,65
18340,Aloe,milne-redheadii,2777459,,65
18341,Aloe,peckii,2777916,,65
18342,Aloe,retrospiciens,2777369,,65
18343,Aloe,rupicola,2777771,,65
18344,Aloe,scobinifolia,2778135,,65
18345,Aloe,scorpioides,2778126,,65
18346,Aloe,secundiflora,7069928,Aloe secundiflora var. secundiflora,65
18347,Aloe,secundiflora,8226519,Aloe secundiflora var. tweediae,65
18348,Aloe,somaliensis,2777387,,65
18349,Aloe,spectabilis,2778223,,65
18350,Aloe,striata,2778035,,65
18351,Aloiampelos,striatula,9287107,Aloe striatula,65
18352,Aloe,suarezensis,2777869,,65
18353,Aloe,tomentosa,2777906,,65
18354,Aloe,turkanensis,2777197,,65
18355,Aloe,vanbalenii,2778077,,65
18356,Aloe,verecunda,2777461,,65
18357,Aloe,vryheidensis,2778083,,65
18358,Aloiampelos,tenuior,9568726,,65
18359,Aloidendron,barberae,9444837,,65
18360,Aloidendron,eminens,9412114,,65
18361,Aloidendron,pillansii,9372012,,65
18362,Iryanthera,grandis,3743999,,19
18363,Aconitum,columbianum,3033668,,118
18364,Burasaia,australis,3829921,,116
18365,Burasaia,congesta,3829911,,116
18366,Coptis,japonica,12270150,Coptis japonica Makino.,118
18367,Fissistigma,balansae,3157325,,15
18368,Adenium,obesum,3619258,Adenium somalense,376
18369,Agave,kerchovei,2766803,,64
18370,Alectra,arvensis,3724900,,403
18371,Alectra,sessiliflora,7331592,,403
18372,Leptostelma,maxima,3111603,Aster maximus,423
18373,Atroxima,afzeliana,4050746,,195
18374,Aureolaria,flava,3170761,,403
18375,Synthyris,alpina,3172145,Besseya alpina,408
18376,Buddleja,albiflora,4055853,,411
18377,Buddleja,alternifolia,3173337,,411
18378,Buddleja,auriculata,4055596,,411
18379,Buddleja,brasiliensis,7288250,,411
18380,Campylanthus,glaber,7333177,,408
18381,Campylanthus,salsoloides,8164714,,408
18382,Castilleja,hispida,3170620,,403
18383,Chaerophyllum,temulum,3034650,,439
18384,Cordylanthus,capitatus,5414585,,403
18385,Cordylanthus,parviflorus,5414582,,403
18386,Cordylanthus,ramosus,5414575,,403
18387,Cordylanthus,tenuis,5414580,,403
18388,Cordylanthus,wrightii,5414592,,403
18389,Dianella,tasmanica,5305181,,65
18390,Eritrichium,incanum,7295113,,382
18391,Euphrasia,pectinata,3171969,,403
18392,Euphrasia,salisburgensis,7591079,,403
18393,Eusideroxylon,zwageri,3033968,,25
18394,Ficus,pantoniana,7262414,,202
18395,Geigeria,plumosa,3119836,,423
18396,Globularia,nudicaulis,7265189,,408
18397,Goodenia,strophiolata,3761903,,427
18398,Jamesbrittenia,dissecta,3740971,,411
18399,Lagotis,integrifolia,7760153,,408
18400,Libidibia,coriaria,2958707,,193
18401,Lindera,pipericarpa,5685578,,25
18402,Melampyrum,chlorostachyum,3725823,,403
18403,Paederota,lutea,8328500,,408
18404,Pedicularis,bracteosa,3171700,,403
18405,Pedicularis,chinensis,3725425,,403
18406,Pedicularis,crenulata,3171702,,403
18407,Pedicularis,groenlandica,3171729,,403
18408,Pedicularis,kansuensis,3742190,,403
18409,Pedicularis,racemosa,7400180,,403
18410,Penstemon,barrettiae,3171511,,408
18411,Penstemon,ovatus,8414914,,408
18412,Plantago,amplexicaulis,7303042,,408
18413,Plantago,argentea,7553757,,408
18414,Plantago,rhodosperma,3189717,,408
18415,Rhinanthus,alectorolophus,3172045,Rhinanthus alectorolophus (Scop.) Pollich,403
18416,Rhinanthus,antiquus,3742873,Rhinanthus antiquus (Sterneck) Schinz & Thell,403
18417,Rhinanthus,glacialis,7333429,Rhinanthus glacialis Personnat,403
18418,Scrophularia,alpestris,8264029,,411
18419,Scrophularia,oblongifolia,7670408,,411
18420,Scrophularia,racemosa,3736211,,411
18421,Solanum,mauritianum,2931469,,388
18422,Tephrosia,noctiflora,5342209,,193
18423,Ventilago,goughii,3877752,,203
18424,Verbascum,cheiranthifolium,3740654,,411
18425,Verbascum,lagurus,7332975,,411
18426,Veronica,bellidioides,3733851,,408
18427,Veronica,cymbalaria,3172068,,408
18428,Veronica,filiformis,3172100,,408
18429,Veronica,lavaudiana,3730006,,408
18430,Veronica,pulvinaris,3727207,,408
18431,Veronica,thomsonii,7331645,,408
18432,Veronica,turrilliana,3724648,,408
18433,Dracaena,angustifolia,5304502,,64
18434,Anonidium,mannii,3158147,,15
18435,Meiocarpidium,lepidotum,3158649,,15
18436,Uvariastrum,zenkeri,3158095,,15
18437,Crotalaria,cephalotes,2942429,,193
18438,Crotalaria,cunninghamii,2941971,,193
18439,Crotalaria,grahamiana,2941791,,193
18440,Crotalaria,mysorensis,2941738,,193
18441,Crotalaria,nana,2942687,,193
18442,Crotalaria,paulina,2941787,,193
18443,Crotalaria,quinquefolia,2942956,,193
18444,Crotalaria,sagittalis,2942194,,193
18445,Crotalaria,scassellatii,2942317,,193
18446,Crotalaria,stipularia,2942894,,193
18447,Lindelofia,longiflora,4066410,Lindelofia spectabilis,382
18448,Aframomum,aulacocarpos,2758872,,93
18449,Milicia,excelsa,3763589,Chlorophora excelsa,202
18450,Phyllanthus,angkorensis,5382101,,181
18451,Capitanopsis,albida,3897990,Plectranthus albidus,396
18452,Stapelia,grandiflora,7968832,,376
18453,Trema,humbertii,4160126,,199
18454,Achillea,wilsoniana,9598742,,423
18455,Zephyranthes,ananuca,11101052,Hippeastrum ananuca,63
18456,Narcissus,minor,2858420,,63
18457,Narcissus,munozii-garmendiae,2858670,,63
18458,Narcissus,pallidiflorus,2858403,Narcissus pseudonarcissus subsp. pallidiflorus,63
18459,Acourtia,runcinata,5388204,Perezia runcinata,423
18460,Betula,pubescens,7226602,Betula alba,207
18461,Coccoloba,acrostichoides,4034186,,333
18462,Coryphantha,elephantidens,3956548,Coryphantha greenwoodii,312
18463,Euonymus,atropurpureus,3169121,,144
18464,Euphorbia,sequieriana,4930716,,166
18465,Microcybe,multiflora,7269573,,257
18466,Narcissus,bulbocodium,5950286,Narcissus nivalis,63
18467,Pittosporum,pentandrum,2986294,,445
18468,Salvia,beckeri,3883947,,396
18469,Trichosanthes,dioica,2874607,,219
18470,Artemisia,dracunculus,7222946,Achillea dracunculus,423
18471,Achillea,formosa,3120305,,423
18472,Achillea,glaberrima,3120133,,423
18473,Aspilia,platyphylla,5396412,,423
18474,Ctenium,aromaticum,5290066,,102
18475,Piper,formosum,4190605,,13
18476,Piper,glaberrimum,4189117,,13
18477,Tanacetum,macrophyllum,3118526,,423
18478,Zanthoxylum,caribaeum,3190118,,257
18479,Calycadenia,mollis,3093009,,423
18480,Calycadenia,pauciflora,3093015,,423
18481,Calycadenia,truncata,3093011,,423
18482,Psydrax,subcordatus,2893059,Psydrax subcordata,381
18483,Acacia,buxifolia,2979355,,193
18484,Acacia,decora,2978514,,193
18485,Acacia,rubida,2979923,,193
18486,Lasthenia,californica,7222188,Baeria chrysostoma,423
18487,Cirsium,chinense,3113226,,423
18488,Coreopsis,californica,3134033,,423
18489,Coreopsis,calliopsidea,3133974,,423
18490,Coreopsis,douglasii,3133972,,423
18491,Coreopsis,gladiata,3133873,Coreopsis falcata,423
18492,Coreopsis,gigantea,3134001,,423
18493,Coreopsis,hamiltonii,3133913,,423
18494,Coreopsis,integrifolia,3134030,,423
18495,Coreopsis,latifolia,3133907,,423
18496,Coreopsis,leavenworthii,3133918,,423
18497,Coreopsis,maritima,3133980,,423
18498,Coreopsis,mcvaughii,3133963,,423
18499,Coreopsis,nudata,3134005,,423
18500,Coreopsis,palmata,3133989,,423
18501,Coreopsis,paludosa,3134019,,423
18502,Coreopsis,petrophila,3133943,,423
18503,Coreopsis,petrophiloides,3133911,,423
18504,Coreopsis,pringlei,3133988,,423
18505,Coreopsis,rhyacophila,3133944,,423
18506,Coreopsis,rosea,3133869,,423
18507,Coreopsis,tripteris,3133996,,423
18508,Electranthera,cuneifolia,8859994,,423
18509,Electranthera,parvifolia,9097999,,423
18510,Heterosperma,mexicanum,9840650,,423
18511,Leucostele,werdermanniana,10900530,Trichocereus werdermannianus,312
18512,Ventilago,vitiensis,3877406,,203
18513,Ferula,equisetacea,3638784,,439
18514,Ferula,rutbaensis,3636666,,439
18515,Ferulago,antiochia,3635965,,439
18516,Mespilodaphne,foetens,4175655,Ocotea foetens,25
18517,Oenanthe,peucedanifolia,5540247,Oenanthe peucedanifolia Pollich,439
18518,Ajuga,relicta,3886705,,396
18519,Gymnosporia,confertiflora,8360840,Maytenus cinfertiflorus,144
18520,Stevia,grisebachiana,4242236,,423
18521,Hardwickia,binata,5350021,,193
18522,Mappianthus,iodoides,3596820,,371
18523,Artemisia,klotzschiana,4228153,,423
18524,Asarum,satsumense,8500474,,10
18525,Geum,geoides,5369648,Coluria geoides,204
18526,Dahlia,sherffii,5387127,,423
18527,Delphinium,yunnanense,3925849,,118
18528,Flourensia,fiebrigii,3094544,,423
18529,Hexastylis,arifolia,7096653,Hexastylis arifolia var. arifolia,10
18530,Augusta,austrocaledonica,5335695,Lindenia austro-caledonica,381
18531,Sassafras,tzumu,4178417,,25
18532,Conchocarpus,marginatus,3835372,,257
18533,Eucalyptus,globoidea,3177046,,235
18534,Ageratina,arsenei,5400379,,423
18535,Amyris,sylvatica,7894693,Amyris plumieri,257
18536,Centranthus,ruber,2888740,,438
18537,Cupania,americana,3189961,,258
18538,Erysimum,crepidifolium,3048522,,273
18539,Espeletia,uribei,3105056,,423
18540,Kadsura,philippinensis,3745308,,6
18541,Phillyrea,angustifolia,7325947,,402
18542,Schisandra,bicolor,7335134,Schisandra bicolor var. tuberculata,6
18543,Staehelina,dubia,3112552,,423
18544,Philotheca,myoporoides,7268826,Eriostemon myoporoides,257
18545,Datura,leichhardtii,7893055,,388
18546,Elaeodendron,xylocarpum,3169186,,144
18547,Brickellia,scoparia,5388397,,423
18548,Eupatorium,microphyllum,7728100,,423
18549,Lasiolaena,santosii,3089484,,423
18550,Salvia,dominica,3903762,,396
18551,Teucrium,pseudochamaepitys,3894066,,396
18552,Chaenactis,douglasii,3114810,,423
18553,Eriophyllum,lanatum,3130472,,423
18554,Lonchocarpus,castilloi,2969068,,193
18555,Senecio,integrifolius,7509408,,423
18556,Calceolaria,densifolia,7358621,,393
18557,Calceolaria,dentata,8080850,,393
18558,Calceolaria,paposana,7897260,,393
18559,Podophyllum,majorense,8290266,Dysosma majorensis,112
18560,Haplophyllum,alberti-regelii,8212579,,257
18561,Justicia,gendarussa,7447231,,390
18562,Uraria,acuminata,2956578,,193
18563,Carduus,nigrescens,7984807,,423
18564,Carduus,vivariensis,4210773,,423
18565,Launaea,mucronata,6082364,Launaea cassiniana,423
18566,Balduina,uniflora,3104992,,423
18567,Beyeria,leschenaultii,5380396,,166
18568,Erigeron,philadelphicus,3119285,,423
18569,Glycosmis,trifoliata,3831268,,257
18570,Pluchea,baccharis,3132723,Pluchea rosea,423
18571,Xanthorrhoea,media,2779426,,65
18572,Leptospermum,continentale,3181835,,235
18573,Melaleuca,concinna,5416089,,235
18574,Ajuga,salicifolia,7428158,,396
18575,Breynia,rostrata,5383021,,181
18576,Camellia,amplexicaulis,3591183,,370
18577,Glochidion,rubrum,3080882,,181
18578,Mussaenda,arcuata,2892439,,381
18579,Verbascum,densiflorum,3171939,,411
18580,Ardisia,sieboldii,7330962,,362
18581,Artocarpus,lowii,3764563,,202
18582,Casearia,lucida,7474579,,187
18583,Crotalaria,prostrata,2942090,,193
18584,Dichapetalum,toxicarium,4196020,,163
18585,Lycianthes,biflora,7299714,,388
18586,Nicotiana,longiflora,2928766,,388
18587,Ophryosporus,piquerioides,7627373,,423
18588,Piper,demeraranum,7305442,,13
18589,Anthoshorea,javanica,12177487,Shorea javanica,264
18590,Solanum,abutiloides,2931646,,388
18591,Solanum,adoense,7391246,,388
18592,Solanum,bonariense,2929628,,388
18593,Solanum,caavurana,2929091,,388
18594,Solanum,canense,2930906,,388
18595,Solanum,capsicoides,2929362,,388
18596,Solanum,carolinense,2932011,,388
18597,Solanum,donianum,2929566,,388
18598,Solanum,hazenii,2932177,,388
18599,Solanum,laciniatum,2930439,,388
18600,Solanum,panduraeforme,2932859,,388
18601,Solanum,pseudolulo,2930827,,388
18602,Solanum,robustum,2931442,,388
18603,Solanum,sessiliflorum,2930435,,388
18604,Solanum,sycophanta,2931039,,388
18605,Solanum,trilobatum,2931071,,388
18606,Solanum,umbellatum,2929008,,388
18607,Solanum,umbelliferum,2932678,,388
18608,Solanum,viarum,2931914,,388
18609,Stachys,inflata,7306496,,396
18610,Tephrosia,hildebrandtii,5342025,,193
18611,Aloe,archeri,2777462,,65
18612,Aloe,babatiensis,2778202,,65
18613,Aloe,deserti,2777250,,65
18614,Aloe,fibrosa,2777703,,65
18615,Aloe,francombei,2777198,,65
18616,Aloe,labworana,2777156,,65
18617,Aloe,morijensis,2777833,,65
18618,Aloe,murina,2777505,,65
18619,Aloe,palmiformis,2777217,,65
18620,Aloe,parvidens,2778082,,65
18621,Kumara,plicatilis,9611708,Aloe plicatilis,65
18622,Aloe,pustuligemma,2777875,,65
18623,Aloe,schweinfurthii,2778213,,65
18624,Aegilops,neglecta,4138080,,102
18625,Beta,vulgaris,7068845,Beta vulgaris L. var. saccharifera,306
18626,Cuscuta,lehmanniana,3678394,,385
18627,Diospyros,chamaethamnus,4071396,,354
18628,Ligularia,cyathiceps,5395392,,423
18629,Lilium,mackliniae,2753252,,57
18630,Stereospermum,zenkeri,8231462,,391
18631,Kickxia,aegyptiaca,8199984,Linaria aegyptiaca subsp. fruticosa,408
18632,Ferula,penninervis,3636972,,439
18633,Crinum,asiaticum,7227600,Crinum asiaticum var. asiaticum,63
18634,Galanthus,gracilis,2855425,,63
18635,Ungernia,spiralis,2858131,,63
18636,Erythrina,falcata,5349565,,193
18637,Ornithogalum,montanum,2773325,,64
18638,Osmitopsis,asteriscoides,3110760,,423
18639,Swertia,bimaculata,5596357,,379
18640,Aeonium,arboreum,4198625,Aeonium arboreum var. holochrysum,132
18641,Artemisia,dalailamae,3121522,Artemisia dalai-lamae,423
18642,Digitalis,purpurea,5708907,Digitalis nevadensis,408
18643,Physalis,nicandroides,7299833,,388
18644,Senecio,smithii,3108356,,423
18645,Wedelia,helianthoides,7753499,,423
18646,Campsiandra,guayanensis,3931849,,193
18647,Feretia,apodanthera,2899651,,381
18648,Fritillaria,anhuiensis,5300665,,57
18649,Fritillaria,przewalskii,5300378,,57
18650,Conium,chaerophylloides,3634793,,439
18651,Asclepias,glaucescens,3170302,,376
18652,Crepidiastrum,denticulatum,3094819,,423
18653,Crepis,napifera,5403419,,423
18654,Leucheria,thermarum,7378280,Leuceria thermarum,423
18655,Liatris,ohlingerae,3104275,,423
18656,Pluchea,carolinensis,3132710,,423
18657,Abuta,grandifolia,3830518,Abuta concolor,116
18658,Cota,triumfetti,7335912,Anthemis triumfetti,423
18659,Beilschmiedia,obtusifolia,8309765,,25
18660,Camassia,cusickii,2769078,,64
18661,Cassipourea,gummiflua,3873856,,186
18662,Celastrus,scandens,3169171,,144
18663,Cota,austriaca,5390636,,423
18664,Euryops,linifolius,5395071,,423
18665,Garuga,floribunda,8176092,Garuga gamblei,253
18666,Iva,hayesiana,5402615,,423
18667,Linaria,purpurea,5415012,,408
18668,Melampodium,cinereum,3138974,,423
18669,Parentucellia,latifolia,8049400,,403
18670,Pilidiostigma,glabrum,3188141,,235
18671,Piper,decurrens,4187709,,13
18672,Psydrax,dicoccos,2893147,,381
18673,Qualea,grandiflora,4030658,,238
18674,Salvia,clevelandii,2927024,Salvia clevelandi,396
18675,Salvia,corrugata,3905260,,396
18676,Spermacoce,alata,2918871,,381
18677,Spermacoce,latifolia,2918292,,381
18678,Sporobolus,alterniflorus,9394776,,102
18679,Stevia,potrerensis,3125490,,423
18680,Teucrium,creticum,3897353,,396
18681,Levieria,acuminata,3782977,,26
18682,Phyllanthus,engleri,5381589,,181
18683,Osteospermum,microcarpum,3093596,,423
18684,Senecio,subulatus,7827299,,423
18685,Leionema,ralstonii,3835984,Phebalium ralstoni,257
18686,Senecio,spartioides,3107552,,423
18687,Zanthoxylum,dissitum,7268883,,257
18688,Zanthoxylum,insulare,7738674,,257
18689,Dimerostemma,vestitum,3130312,,423
18690,Eupatorium,cuneifolium,5402804,,423
18691,Eupatorium,linearifolium,5402801,Eupatorium glaucescens,423
18692,Gaillardia,cabrerae,5387871,,423
18693,Thalictrum,omeiense,3926831,,118
18694,Tripterygium,doianum,5579631,,144
18695,Leptospermum,polygalifolium,3181788,,235
18696,Myristica,cinnamomea,5564454,,19
18697,Nassauvia,magellanica,3099092,,423
18698,Bupleurum,marginatum,6027033,,439
18699,Bupleurum,marginatum,3637743,Bupleurum marginatum var. stenophyllum,439
18700,Zeravschania,pauciradiata,5539832,,439
18701,Beta,corolliflora,5383927,,306
18702,Beta,lomatogona,5383925,,306
18703,Patellifolia,procumbens,3757792,Beta procumbens,306
18704,Beta,trigyna,5383926,,306
18705,Cotoneaster,pannosus,3025572,Cotoneaster pannosa,204
18706,Iris,tenuifolia,5298016,,72
18707,Aglaia,rimosa,5598028,Aglaia elliptifolia,255
18708,Anthemis,cupaniana,3122565,,423
18709,Aristotelia,chilensis,5651082,,150
18710,Artemisia,freyniana,3121694,,423
18711,Baptisia,versicolor,8227735,,193
18712,Buxus,bodinieri,3988030,,124
18713,Carum,appuanum,6026685,,439
18714,Casearia,graveolens,6043379,,187
18715,Catunaregam,obovata,2910920,,381
18716,Centaurea,affinis,3127506,,423
18717,Psephellus,integrifolius,3137976,Centaurea meyeriana,423
18718,Coprosma,propinqua,2911549,,381
18719,Dipsacus,fullonum,8435025,,438
18720,Echinocereus,cinerascens,10972091,,312
18721,Endospermum,diadenum,3063636,,166
18722,Eryngium,bourgatii,7318448,,439
18723,Eryngium,dilatatum,7562337,,439
18724,Eucalyptus,piperita,3176629,,235
18725,Garcinia,brevipedicellata,3710833,,160
18726,Gerbera,linnaei,5388673,Gerbera asplenifolia,423
18727,Givotia,madagascariensis,3071137,,166
18728,Haplophyllum,kowalenskyi,7635962,,257
18729,Jurinea,albicaulis,5392613,,423
18730,Keetia,multiflora,2919667,,381
18731,Lantana,involucrata,2925313,,415
18732,Layia,carnosa,5392987,,423
18733,Layia,chrysanthemoides,5392983,,423
18734,Layia,glandulosa,5392986,,423
18735,Layia,platyglossa,5392998,,423
18736,Leionema,phylicifolium,3836002,,257
18737,Lycium,chinense,3797805,Lycium chinense var. potaninii,388
18738,Matayba,arborescens,3784467,,258
18739,Nicotiana,glutinosa,2928758,,388
18740,Nothospondias,staudtii,3708980,,260
18741,Pancratium,longiflorum,2853262,,63
18742,Ramonda,myconi,5588846,,395
18743,Scaphopetalum,thonneri,3669064,,265
18744,Soulamea,fraxinifolia,3708708,,260
18745,Spondias,dulcis,3190595,,251
18746,Tamilnadia,uliginosa,2891981,,381
18747,Ulmus,parvifolia,5361869,,205
18748,Wendlandia,tinctoria,5338713,,381
18749,Malpighia,glabra,5421429,,176
18750,Gmelina,philippensis,6410769,,396
18751,Hippeastrum,glaucescens,2854456,,63
18752,Hymenocallis,latifolia,9401026,Hymenocallis latifolia var. latifolia,63
18753,Sternbergia,clusiana,5326783,,63
18754,Ungernia,vvedenskyi,2858135,,63
18755,Dahlia,tubulata,7590378,,423
18756,Pterocaulon,balansae,5392200,,423
18757,Pterocaulon,lanatum,5392203,,423
18758,Strychnos,soubrensis,5645424,,380
18759,Persicaria,odorata,8075816,Polygonum odoratum,333
18760,Xylopia,caudata,3157024,,15
18761,Aconitum,anthora,3033670,,118
18762,Artemisia,crithmifolia,3120692,,423
18763,Baccharis,montana,3129368,Baccharis elaeagnoides,423
18764,Baccharis,elaegnoides,4251194,Baccharis eleagnoides,423
18765,Cirsium,maritimum,8108947,,423
18766,Isodon,enanderianus,5609032,,396
18767,Lithocarpus,dealbatus,8857371,,209
18768,Friesodielsia,kingii,3156797,Oxymitra kingii,15
18769,Sideritis,sventenii,3888608,,396
18770,Galbulimima,belgraveana,3682055,,18
18771,Peperomia,galioides,7305021,,13
18772,Lychnophorella,blanchetii,10735878,Lychnophora blanchetii,423
18773,Tanacetum,larvatum,3118214,,423
18774,Fumaria,macrocarpa,7314774,,117
18775,Amsinckia,calycina,4060237,,382
18776,Amsinckia,douglasiana,2925887,,382
18777,Lycopsis,arvensis,9309359,Anchusa arvensis (L.) Bieb.,382
18778,Oreocarya,virgata,2926164,Cryptantha virgata,382
18779,Mertensia,ciliata,5341240,,382
18780,Oreocarya,cana,2926167,,382
18781,Oreocarya,flava,2926315,,382
18782,Symphytum,uplandicum,2926068,,382
18783,Cousinia,pterocaulos,3101795,,423
18784,Leucas,lanata,7788585,,396
18785,Callostylis,rigida,2815025,Tylostylis discolor,75
18786,Senecio,ceratophylloides,3109041,,423
18787,Senecio,selloi,3108638,,423
18788,Piper,interruptum,4184434,,13
18789,Allamanda,blanchetii,3169835,,376
18790,Himatanthus,bracteatus,7317391,Plumeria bracteata,376
18791,Hasteola,suaveolens,3151877,,423
18792,Packera,aurea,3114043,,423
18793,Senecio,reicheanus,3108679,,423
18794,Calobota,saharae,4929856,,193
18795,Coelidium,fourcadei,5359972,,193
18796,Cytisus,balansae,5354626,,193
18797,Cytisus,beanii,7807501,,193
18798,Echinospartum,lusitanicum,2959225,,193
18799,Eranthemum,pulchellum,3172936,,390
18800,Helichrysum,albirosulatum,3132022,,423
18801,Leobordea,eriantha,7640572,,193
18802,Leobordea,longicephala,8225828,,193
18803,Lotononis,alpina,2945299,,193
18804,Leobordea,divaricata,10854254,Lotononis calycina,193
18805,Leobordea,carinata,7784512,Lotononis carinata,193
18806,Lotononis,comptonii,2945427,,193
18807,Lotononis,divaricata,2945252,,193
18808,Listia,heterophylla,5349425,Lotononis listii,193
18809,Lotononis,meyeri,2945242,,193
18810,Lupinus,consentinii,11211185,,193
18811,Lupinus,gussoneanus,3972042,,193
18812,Lupinus,polycarpus,2963812,,193
18813,Maackia,amurensis,6309724,Maackia amurensis subsp. buergeri,193
18814,Ormosia,coccinea,5355587,,193
18815,Stirtonanthus,insignis,2944675,,193
18816,Templetonia,egena,5360128,,193
18817,Valeriana,ajanensis,4095636,Valeriana fasciculata,438
18818,Aralia,stipulata,3037000,Aralia taibaiensis,441
18819,Boehmeria,japonica,7300501,,206
18820,Boehmeria,sieboldiana,4101147,,206
18821,Echinops,talassicus,5392775,,423
18822,Elatostema,brevifolium,4101244,Pellionia minima,206
18823,Elatostema,scabrum,7740279,Pellionia pellucida,206
18824,Pentanisia,prunelloides,2898462,,381
18825,Phoenix,paludosa,5293182,,79
18826,Homalolepis,ferruginea,9285448,Simaba ferruginea,260
18827,Garcinia,forbesii,3714626,,160
18828,Critonia,portoricensis,5385788,,423
18829,Nanorrhinum,asparagoides,3737255,Kickxia asparagoides,408
18830,Kickxia,commutata,8111514,,408
18831,Orthocarpus,luteus,3171645,,403
18832,Orthocarpus,tolmiei,3171646,,403
18833,Melaleuca,cordata,5415933,,235
18834,Crinum,glaucum,2853650,,63
18835,Ismene,longipetala,5326965,,63
18836,Narcissus,bulbocodium,2858846,,63
18837,Narcissus,hispanicus,2858384,,63
18838,Scadoxus,multiflorus,2860677,,63
18839,Zephyranthes,rosea,2859817,,63
18840,Astragalus,melilotoides,5345380,,193
18841,Carex,nigra,2724925,,95
18842,Eremanthus,goyazensis,3133665,,423
18843,Ericameria,linearifolia,3102946,,423
18844,Eugenia,axillaris,5416259,,235
18845,Prosopis,humilis,5358509,,193
18846,Prosopis,ruizlealii,5358549,,193
18847,Reineckea,carnea,2772865,,64
18848,Sarcotoxicum,salicifolium,3873079,,275
18849,Tagetes,stenophylla,3088559,,423
18850,Vachellia,caven,3795588,,193
18851,Aglaia,leucophylla,5597514,,255
18852,Castela,polyandra,3708933,,260
18853,Didymocheton,variabilis,11762160,Dysoxylum variabile,255
18854,Astragalus,buchtormensis,5343513,,193
18855,Astragalus,exscapus,5343540,,193
18856,Ononis,fruticosa,2977293,,193
18857,Anarrhinum,pedatum,3742394,,408
18858,Antirrhinum,siculum,7740323,,408
18859,Cymbalaria,muralis,8200663,,408
18860,Gambelia,speciosa,5414593,,408
18861,Linaria,arcusangeli,7865843,,408
18862,Linaria,flava,7612469,,408
18863,Ainsliaea,acerifolia,3133793,,423
18864,Ainsliaea,fragrans,3133817,,423
18865,Brachylaena,nereifolia,4231588,,423
18866,Thymus,loscosii,7307052,,396
18867,Garcinia,mannii,3713805,,160
18868,Curcuma,picta,2757656,,93
18869,Clarkia,heterandra,5420973,,236
18870,Oenothera,linifolia,3188878,,236
18871,Drosera,gigantea,3191018,,316
18872,Pimelea,prostrata,3568952,,270
18873,Adenocarpus,boudyi,2951637,,193
18874,Youngia,denticulata,7543840,,423
18875,Aglaia,odoratissima,5597346,,255
18876,Amomyrtus,luma,3186044,,235
18877,Artabotrys,stenopetalus,3154879,,15
18878,Coreopsis,senaria,3133866,,423
18879,Euodia,hortensis,5594509,,257
18880,Geigeria,odontoptera,3119874,,423
18881,Helichrysum,subglomeratum,3132040,,423
18882,Hypericum,foliosum,8027347,,170
18883,Osteospermum,auriculatum,3126615,,423
18884,Phlomis,olivieri,3886963,,396
18885,Piper,fallax,4191512,Piper lamarckianum,13
18886,Rhododendron,augustinii,7328064,,355
18887,Rhododendron,rubiginosum,7327799,,355
18888,Rhododendron,triflorum,7328965,,355
18889,Senecio,oerstedianus,3108418,,423
18890,Senecio,zapahuirensis,3107164,,423
18891,Stachys,balansae,7306824,,396
18892,Arisaema,heterophyllum,2867360,,32
18893,Strobilanthes,japonica,3769041,Championella japonica,390
18894,Fritillaria,walujewii,5300642,,57
18895,Fritillaria,yuminensis,5300576,,57
18896,Gnaphalium,polycaulon,5390831,,423
18897,Proboscidea,louisianica,7226243,Martynia louisiana,400
18898,Salacia,fruticosa,7779185,,144
18899,Vetiveria,zizanioides,7352653,,102
18900,Sophora,songorica,2958960,Ammothamnus songoricus,193
18901,Helianthus,strumosus,3119211,,423
18902,Euphrosyne,acerosa,5401782,Iva acerosa,423
18903,Amorphophallus,eichleri,2871660,,32
18904,Allium,giganteum,2857111,,63
18905,Calpurnia,aurea,2956417,,193
18906,Commiphora,gileadensis,3993077,,253
18907,Corynandra,chelidonii,7356039,,277
18908,Gazania,rigens,3112455,,423
18909,Lagochilus,setulosus,5608234,,396
18910,Dianthera,sessilis,5573164,Siphonoglossa sessilis,390
18911,Neurolaena,macrocephala,3096768,,423
18912,Flaveria,brownii,3086828,,423
18913,Helenium,thurberi,5401859,,423
18914,Helichrysum,gymnocomum,3131269,,423
18915,Oenothera,pilosella,3188916,,236
18916,Oenothera,spachiana,3188883,,236
18917,Pseudognaphalium,oxyphyllum,3101047,,423
18918,Tagetes,subulata,3088551,,423
18919,Ilex,pernyi,5534631,,416
18920,Ferula,conocaula,3639024,,439
18921,Peucedanum,officinale,7224204,Peucedanum stenocarpum,439
18922,Solanum,bukasovii,8095649,,388
18923,Solanum,candolleanum,3799175,Solanum canasense,388
18924,Solanum,mochiquense,2931507,Solanum chancayense,388
18925,Solanum,commersonii,7653915,,388
18926,Solanum,hjertingii,2929727,,388
18927,Solanum,hougasii,2932138,,388
18928,Solanum,iopetalum,2932446,,388
18929,Solanum,juzepczukii,6402139,,388
18930,Solanum,kurtzianum,2931296,,388
18931,Solanum,laxissimum,2931803,,388
18932,Solanum,medians,2932228,,388
18933,Solanum,multiinterruptum,6402667,,388
18934,Solanum,oxycarpum,2930459,,388
18935,Solanum,pinnatisectum,2931452,,388
18936,Solanum,polyadenium,2929284,,388
18937,Solanum,stoloniferum,2930498,,388
18938,Solanum,vernei,2932633,,388
18939,Solanum,verrucosum,2932434,,388
18940,Philotheca,obovalis,3838209,Eriostemon obovalis,257
18941,Garcinia,terpnophylla,3712530,,160
18942,Papilionanthe,teres,2833897,,75
18943,Parodia,scopa,7281140,,312
18944,Polycarpaea,corymbosa,3085781,,313
18945,Sesbania,speciosa,7632881,,193
18946,Syzygium,siamense,3182011,,235
18947,Centrolobium,paraense,2945579,,193
18948,Psorothamnus,arborescens,2940481,Psorothamnus arborescens var. minutifolius,193
18949,Croton,chilensis,3059289,,166
18950,Epimedium,diphyllum,8334678,,112
18951,Lamium,galeobdolon,2927324,,396
18952,Salvia,scrophulariifolia,11054827,Perovskia scrophularifolia,396
18953,Polypremum,procumbens,5415472,,413
18954,Salix,arctica,5372665,,187
18955,Salix,candida,5372888,,187
18956,Salix,cinerea,5372605,,187
18957,Salix,eleagnos,5372655,,187
18958,Salix,lapponum,7104074,,187
18959,Salix,pentandra,5372647,,187
18960,Salix,phylicifolia,7918641,,187
18961,Salix,triandra,7103891,,187
18962,Vittadinia,cuneata,3138897,,423
18963,Agave,lecheguilla,3723563,,64
18964,Cabralea,canjerana,7271503,Cabralea eichleriana,255
18965,Dysoxylum,gotadhora,3850114,,255
18966,Vincetoxicum,polyanthum,5525425,Tylophora crebriflora,376
18967,Alnus,subcordata,2876563,,207
18968,Ardisia,quinquegona,7331031,,362
18969,Artocarpus,elasticus,7425575,,202
18970,Delphinium,raveyi,3928091,Consolida raveyi,118
18971,Gentianella,turkestanorum,3839508,Gentiana turkestanorum,379
18972,Lactuca,canadensis,3140315,,423
18973,Vaccinium,membranaceum,9060377,,355
18974,Aeonium,urbicum,7333984,,132
18975,Vernoniopsis,caudata,3127450,,423
18976,Loeseliastrum,depressum,4056163,,361
18977,Aloe,scabrifolia,2777365,,65
18978,Pyracantha,angustifolia,2988222,,204
18979,Shepherdia,canadensis,5372427,,201
18980,Asarum,asperum,3589094,Asarum asperum var. geaster,10
18981,Crotalaria,brevidens,2942220,,193
18982,Crotalaria,breviflora,2941772,,193
18983,Crotalaria,incana,2942375,,193
18984,Crotalaria,naragutensis,2942473,,193
18985,Crotalaria,tetragona,2942157,,193
18986,Dorobaea,pimpinellifolia,3151233,,423
18987,Emilia,javanica,5401600,,423
18988,Ficus,erecta,5571945,,202
18989,Fordia,cauliflora,5350420,,193
18990,Jacobaea,cilicia,5388623,,423
18991,Lotononis,azurea,2945438,,193
18992,Lotononis,brevicaulis,2945225,,193
18993,Lotononis,caerulescens,2945227,,193
18994,Lotononis,elongata,2945439,,193
18995,Lotononis,lotononoides,2945325,,193
18996,Lotononis,pulchella,2945273,,193
18997,Lotononis,purpurascens,2945277,,193
18998,Lotononis,rigida,2945411,,193
18999,Lotononis,sericophylla,2945385,,193
19000,Lotononis,trichodes,2945376,,193
19001,Packera,multilobata,8042589,,423
19002,Sagotia,racemosa,5377870,,166
19003,Schizogyne,glaberrima,3089828,,423
19004,Senecio,cisplatinus,3108718,,423
19005,Senecio,covasii,3107475,,423
19006,Senecio,fabrisii,3107139,,423
19007,Senecio,heterotrichius,3107775,,423
19008,Senecio,heterotrichus,4933574,,423
19009,Senecio,hualtaranensis,3107834,,423
19010,Senecio,jacalensis,10990012,,423
19011,Senecio,leucostachys,3107798,,423
19012,Senecio,longipilus,3106952,Senecio longibolus,423
19013,Senecio,madrensis,3107965,,423
19014,Senecio,malacitanus,6064174,,423
19015,Senecio,pampeanus,3106949,,423
19016,Senecio,prionopterus,3108656,,423
19017,Senecio,ragonesei,3107274,,423
19018,Synotis,cappa,5402653,,423
19019,Crotalaria,lanceolata,2941820,,193
19020,Crotalaria,spartioides,2942696,,193
19021,Senecio,glandulosus,7740391,,423
19022,Senecio,grisebachii,3107977,,423
19023,Senecio,nevadensis,3108888,,423
19024,Senecio,retrorsus,3107538,,423
19025,Senecio,uspallatensis,3107400,,423
19026,Metrosideros,nervulosa,3185431,,235
19027,Phaseolus,calcaratus,11143770,,193
19028,Caesalpinia,major,11131378,,193
19029,Agrimonia,nipponica,3002101,,204
19030,Alangium,villosum,7326265,,342
19031,Amelanchier,alnifolia,3855057,Amelanchier alnifolia var. semiintegrifolia,204
19032,Artemisia,stelleriana,3121391,,423
19033,Athrixia,phylicoides,3087104,,423
19034,Diospyros,tricolor,4071296,,354
19035,Echinacea,paradoxa,3150925,,423
19036,Philotheca,deserti,7268856,Eriostemon deserti,257
19037,Filipendula,purpurea,2987983,,204
19038,Fragaria,iinumae,3029930,,204
19039,Fragaria,nipponica,3029900,,204
19040,Galium,tricornutum,2913452,,381
19041,Gloxinia,erinoides,5589075,,395
19042,Hemarthria,altissima,2706322,,102
19043,Hintonia,standleyana,5336473,,381
19044,Hydrostachys,angustisecta,3610776,,346
19045,Hydrostachys,insignis,3610796,,346
19046,Hydrostachys,polymorpha,3610779,,346
19047,Lecocarpus,pinnatifidus,3091151,,423
19048,Linaria,maroccana,5415016,,408
19049,Lomatium,macrocarpum,3034329,,439
19050,Lonicera,implexa,7272699,,438
19051,Ruehssia,cundurango,11152945,Marsdenia cundurango,376
19052,Neillia,tanakae,2987948,,204
19053,Passiflora,murucuja,2874177,,179
19054,Potentilla,centigrana,5367878,,204
19055,Potentilla,cryptotaeniae,5367832,,204
19056,Potentilla,freyniana,5366691,,204
19057,Pourthiaea,villosa,8356787,,204
19058,Prunus,sargentii,3020955,,204
19059,Rubus,babae,2996811,,204
19060,Rubus,deliciosus,2999961,,204
19061,Rubus,foliosus,7880586,,204
19062,Rubus,microphyllus,7562870,,204
19063,Rubus,nigakuma,2997634,,204
19064,Rubus,nikaii,2996016,,204
19065,Rubus,pedatus,2993074,,204
19066,Rubus,pseudochingii,2992907,,204
19067,Rubus,sieboldii,2995482,,204
19068,Rubus,sumatranus,2989270,,204
19069,Rubus,tawadanus,2997695,,204
19070,Rubus,toyorensis,2997742,,204
19071,Rubus,utchinensis,2995854,,204
19072,Salvia,lineata,3897503,,396
19073,Poterium,tenuifolium,5370518,Sanguisorba tenuifolia,204
19074,Geum,pentapetalum,5369913,Sieversia pentapetala,204
19075,Solanum,corymbosum,2929459,,388
19076,Solanum,hirtum,2929212,Solanum meridense,388
19077,Solanum,peruvianum,2929299,,388
19078,Sorbus,alnifolia,3012762,,204
19079,Spiraea,blumei,3026935,,204
19080,Spiraea,nipponica,3027341,,204
19081,Spiraea,nipponica,3027350,Spiraea nipponica var. tosaensis,204
19082,Urtica,urens,5361815,,206
19083,Acaciella,angustissima,2981071,Acacia angustissima,193
19084,Aesculus,assamica,3672337,Aesculus punduana,258
19085,Agave,americana,2767032,Agave melliflua,64
19086,Alchornea,sidifolia,3055491,,166
19087,Alpinia,malaccensis,5302216,,93
19088,Amsonia,ciliata,3169696,Amsonia angustifolia,376
19089,Anacardium,parvifolium,5544253,,251
19090,Angostura,granulosa,3836810,,257
19091,Aniba,terminalis,4180290,,25
19092,Antennaria,alpina,5385561,Antennaria cana,423
19093,Antizoma,angustifolia,3830390,,116
19094,Aria,elegans,7272192,,204
19095,Aristolochia,grandiflora,2874014,,10
19096,Aristolochia,kwangsiensis,11149188,,10
19097,Aristolochia,labiata,2874002,,10
19098,Aristolochia,ringens,2873998,,10
19099,Artemisia,anethifolia,7692274,,423
19100,Asarum,splendens,8558697,Asarum chingchengense,10
19101,Asclepias,mellodora,7537973,,376
19102,Asparagus,tenuifolius,2768817,Asparagus tenuifolium,64
19103,Astragalus,densifolius,7606584,,193
19104,Betula,costata,5331601,,207
19105,Bosistoa,pentacocca,7269204,,257
19106,Brosimum,rubescens,3762826,,202
19107,Caloncoba,lophocarpa,3878287,,153
19108,Capparis,spinosa,8009467,Capparis aegyptia,275
19109,Capparis,spinosa,5602120,Capparis leucophylla,275
19110,Capparis,zeylanica,5601836,,275
19111,Caragana,conferta,2943223,,193
19112,Carpesium,lipskyi,3094837,,423
19113,Castanopsis,indica,5332911,,209
19114,Celtis,laevigata,2984491,,199
19115,Centrosema,sagittatum,7830690,,193
19116,Cephalocroton,cordofanus,3055908,,166
19117,Cestrum,dumetorum,7300199,,388
19118,Chione,venosa,7221429,Chione venosa (sw.) Urban var.venosa,381
19119,Chisocheton,macrophyllus,8390404,,255
19120,Chukrasia,tabularis,4934732,,255
19121,Cineraria,aspera,3141247,,423
19122,Clarisia,racemosa,5572170,Clarisia racemosa R.et P.,202
19123,Clarkia,exilis,5420941,,236
19124,Clausena,pentaphylla,11005269,Clausena pentaphylla (Roxb.)DC.,257
19125,Cnestis,ferruginea,3686799,,148
19126,Coffea,charrieriana,3848906,,381
19127,Coffea,congensis,2895563,,381
19128,Coffea,heterocalyx,2895470,,381
19129,Coffea,humblotiana,2895499,,381
19130,Coffea,humilis,2895475,,381
19131,Coffea,kapakata,2895473,,381
19132,Coffea,liberica,7221488,Coffea liberica var. liberica,381
19133,Coffea,sessiliflora,2895517,,381
19134,Coffea,stenophylla,2895488,,381
19135,Commelina,chamissonis,2764158,,81
19136,Crataegus,pentagyna,3014430,,204
19137,Crotalaria,walkeri,2942736,,193
19138,Croton,diasii,3059582,,166
19139,Cussonia,paniculata,3035211,,441
19140,Cylindropuntia,echinocarpa,3952975,Cylindropuntia echinocarpus,312
19141,Cynanchum,boudieri,7312674,Cynanchum taiwanianum,376
19142,Decachaeta,scabrella,3095704,,423
19143,Decaspermum,blancoi,3180083,,235
19144,Muellera,obtusa,7625128,Derris obtusa,193
19145,Deguelia,rariflora,7642562,Derris rariflora,193
19146,Dilodendron,bipinnatum,7265077,,258
19147,Dioscorea,cyphocarpa,2754854,,46
19148,Dioscorea,mangenotiana,2755533,,46
19149,Diospyros,chaetocarpa,4071408,,354
19150,Diospyros,ebenaster,3032983,,354
19151,Diospyros,kirkii,4071137,,354
19152,Diospyros,revoluta,3032982,,354
19153,Diospyros,texana,3032981,,354
19154,Dorstenia,barteri,3765974,Dorstenia barteri var. subtriangularis,202
19155,Duguetia,eximia,3157550,,15
19156,Didymocheton,roseus,11726237,Dysoxylum roseum,255
19157,Echinocereus,triglochidiatus,3084112,,312
19158,Echinopsis,oxygona,7281375,Echinopsis tubiflora,312
19159,Elaeagnus,triflora,7293096,,201
19160,Embothrium,coccineum,7124132,,121
19161,Emmotum,nitens,7314425,,373
19162,Empleurum,unicapsulare,7618673,,257
19163,Endlicheria,sericea,4175646,,25
19164,Engelhardia,spicata,7310512,,210
19165,Entandrophragma,candollei,3850993,,255
19166,Coptosperma,nigrescens,2893864,Enterospermum pruinosum,381
19167,Erysimum,cuspidatum,3048411,,273
19168,Erysimum,diffusum,3048288,,273
19169,Erythrina,chiriquensis,5349573,,193
19170,Erythrina,standleyana,5349703,,193
19171,Erythrochiton,brasiliensis,5593639,,257
19172,Erythrophleum,africanum,2971189,,193
19173,Erythroxylum,pictum,3694198,,165
19174,Syzygium,praecox,3184583,Eugenia wallichii,235
19175,Euphorbia,lamprocarpa,3067108,,166
19176,Ferula,transiliensis,3636152,,439
19177,Ficus,obtusifolia,5361910,,202
19178,Flindersia,ifflaiana,3835446,,257
19179,Furcraea,cabuya,2769847,,64
19180,Galium,uliginosum,2913556,,381
19181,Garcinia,echinocarpa,3714760,,160
19182,Gymnosporia,arbutifolia,7265517,,144
19183,Gynocardia,odorata,3878096,,153
19184,Gypsophila,patrinii,7267583,Gypsophila patrini,313
19185,Haplophyllum,multicaule,5593146,,257
19186,Haplophyllum,schelkovnikovii,7419473,,257
19187,Hawkesiophyton,ulei,3803090,,388
19188,Hedysarum,sajanicum,2960881,,193
19189,Helenium,aromaticum,5401861,,423
19190,Heliocarpus,donnellsmithii,4261742,,265
19191,Pseudobaccharis,spartioides,3129221,Heterothalamus spartioides,423
19192,Casimirella,rupestris,3596704,Humirianthera rupestris,371
19193,Iryanthera,elliptica,3744033,,19
19194,Iryanthera,hostmannii,3743981,,19
19195,Iryanthera,laevis,3743937,,19
19196,Iryanthera,ulei,3743150,,19
19197,Isodon,irroratus,5608994,,396
19198,Isodon,trichocarpus,5608821,,396
19199,Jacobaea,maritima,5388595,,423
19200,Jatropha,dioica,3072862,,166
19201,Jatropha,integerrima,3073017,,166
19202,Jatropha,weddeliana,3073106,,166
19203,Kielmeyera,excelsa,7330261,,156
19204,Kleinia,madagascariensis,5405696,,423
19205,Kyrsteniopsis,spinaciifolia,3089221,,423
19206,Lithocarpus,glaber,5332388,,209
19207,Litsea,pseudoelongata,7460687,Litsea lii,25
19208,Lysiloma,acapulcense,2965803,,193
19209,Macrolobium,bifolium,2948777,,193
19210,Melanochyla,caesia,3661430,,251
19211,Mezilaurus,ita-uba,4182249,Mezilaurus itauba,25
19212,Naucleopsis,caloneura,3767273,,202
19213,Rhodostemonodaphne,miranda,4179036,Nectandra miranda,25
19214,Neoboutonia,melleri,3070670,,166
19215,Ocotea,argyrophylla,4177527,,25
19216,Oocephala,staehelinoides,9477107,,423
19217,Oriastrum,lycopodioides,3141502,,423
19218,Oxytropis,altaica,5360822,,193
19219,Pancovia,laurentii,5577345,,258
19220,Panopsis,sessilifolia,5638181,,121
19221,Paramignya,monophylla,7269299,,257
19222,Parmentiera,aculeata,7533857,,391
19223,Paullinia,tomentosa,3787257,,258
19224,Pavonia,schiedeana,5618317,,265
19225,Peltogyne,confertiflora,2952692,,193
19226,Pentacalia,streptothamna,9072629,,423
19227,Peteravenia,schultzii,3102883,,423
19228,Phytolacca,dioica,7309625,,331
19229,Pimpinella,thellungiana,6026796,,439
19230,Piper,wallichii,4187359,,13
19231,Piptostigma,glabrescens,3154993,,15
19232,Platymiscium,floribundum,7275596,Platymiscium praecox,193
19233,Primulina,hedyotidea,7476691,,395
19234,Prosopis,alpataco,5358517,,193
19235,Prosopis,denudans,5358503,,193
19236,Prunus,samydoides,3021783,,204
19237,Pseudognaphalium,lanuginosum,3101012,,423
19238,Psilostrophe,tagetina,3087652,,423
19239,Psilostrophe,villosa,3087650,,423
19240,Qualea,labouriauana,4030499,,238
19241,Quercus,microphylla,2879555,,209
19242,Rhododendron,veitchianum,4174642,,355
19243,Ruppia,maritima,2864004,,40
19244,Sabia,parviflora,8238324,,122
19245,Salvia,hians,3900330,,396
19246,Salvia,puberula,3890527,,396
19247,Saurauia,excelsa,7270765,,349
19248,Saussurea,neopulchella,5404701,,423
19249,Lomelosia,songarica,4102940,Scabiosa soongorica,438
19250,Selinum,carvifolia,5371781,,439
19251,Semecarpus,anacardium,7360607,,251
19252,Senecio,lyratus,7712789,,423
19253,Serjania,confertiflora,7265008,,258
19254,Seseli,cuneifolium,3631730,,439
19255,Sideritis,mascaensis,10940283,Sideritis lotsyi var. mascaensis,396
19256,Simarouba,versicolor,7329580,,260
19257,Solanum,cardiophyllum,2929226,,388
19258,Solidago,sempervirens,5388927,,423
19259,Speranskia,tuberculata,3072591,,166
19260,Sphenoclea,zeylanica,3158672,,389
19261,Stephania,sinica,5592751,,116
19262,Strychnos,aculeata,5645169,,380
19263,Strychnos,dolichothyrsa,5645298,,380
19264,Talinum,fruticosum,3084670,,340
19265,Tapirira,guianensis,7321555,,251
19266,Tephrosia,polyphylla,5342058,,193
19267,Terminalia,impediens,3698711,,231
19268,Thapsia,tenuifolia,5538643,,439
19269,Theobroma,sylvestre,4939552,,265
19270,Tilia,americana,3152042,,265
19271,Tinomiscium,petiolare,7388872,,116
19272,Trattinnickia,rhoifolia,7286794,,253
19273,Triumfetta,semitriloba,3152072,,265
19274,Urtica,fissa,7788593,,206
19275,Veratrum,formosanum,2742159,,58
19276,Vernonanthura,phosphorica,3110512,,423
19277,Vernonia,polyantha,5396651,,423
19278,Virola,caducifolia,3743600,,19
19279,Virola,divergens,3743485,,19
19280,Vouacapoua,pallidior,2940385,,193
19281,Xanthium,spinosum,9252785,Xanthium catharticum,423
19282,Xylosma,flexuosa,2874119,,187
19283,Zea,mays,7546411,Zea mays mays,102
19284,Vasconcellea,pentagona,10961701,Carica pentagonia,276
19285,Amsonia,tabernaemontana,3169689,,376
19286,Arundina,graminifolia,2795522,,75
19287,Chaetanthera,euphrasioides,8316266,,423
19288,Cyrtopodium,macrobulbon,5541739,,75
19289,Galeola,faberi,5315065,,75
19290,Sisymbrium,austriacum,3046913,,273
19291,Sonchus,mauritanicus,3105806,,423
19292,Brugmansia,versicolor,5581019,Brugmansia versicolor Lagerh.,388
19293,Kalaharia,uncinata,7308498,Clerodendrum uncinatum,396
19294,Diplostephium,cinereum,3090636,,423
19295,Mabea,caudata,3071762,,166
19296,Xanthorrhoea,fulva,2779432,,65
19297,Croton,californicus,3059942,,166
19298,Melicope,broadbentiana,3833749,,257
19299,Abuta,rufescens,3830210,,116
19300,Campanula,pyramidalis,5410661,,426
19301,Greenwayodendron,suaveolens,3156191,,15
19302,Guatteria,lehmannii,3155890,Guatteria lehmanii,15
19303,Guatteria,saffordiana,3155703,,15
19304,Limacia,oblonga,5592838,,116
19305,Lysichiton,camtschatcensis,2869301,Lysichiton camtschatcense,32
19306,Ophiorrhiza,bracteata,5340887,,381
19307,Polyalthia,suaveolens,3156192,,15
19308,Telitoxicum,peruvianum,3829689,,116
19309,Ferula,orientalis,3637115,,439
19310,Cypripedium,macranthos,2820423,,75
19311,Euphorbia,lata,3068382,,166
19312,Flourensia,resinosa,3094571,,423
19313,Indigofera,kirilowii,2971804,Indigofera kirilowi,193
19314,Mimulus,moschatus,7333158,,407
19315,Populus,beijingensis,8195914,Populus bejingensis,187
19316,Populus,canadensis,8190077,,187
19317,Populus,xiaohei,3804138,,187
19318,Dracaena,trifasciata,11041822,Sansevieria trifasciata,64
19319,Scutellaria,glabrata,5609399,,396
19320,Centrosema,virginianum,2964906,,193
19321,Cicer,montbretii,2947310,,193
19322,Cicer,rechingeri,2947296,,193
19323,Cicer,reticulatum,2947370,,193
19324,Dalbergia,lanceolaria,2940397,,193
19325,Dalbergia,nigrescens,2968399,,193
19326,Knema,glomerata,3743493,,19
19327,Maackia,fauriei,10858808,,193
19328,Imbralyx,leucanthus,11405495,Millettia pendula,193
19329,Pickeringia,montana,8284069,,193
19330,Pterocarpus,soyauxii,5349273,,193
19331,Trifolium,willdenovii,5358922,,193
19332,Trigonella,anguina,5360431,,193
19333,Trigonella,arabica,5360465,,193
19334,Trigonella,glabra,5360466,,193
19335,Trigonella,laciniata,5360397,,193
19336,Trigonella,maritima,7744054,,193
19337,Trigonella,spicata,5360410,,193
19338,Metrosideros,sclerocarpa,7619480,,235
19339,Renealmia,chrysotricha,5302552,,93
19340,Chadsia,grevei,2939931,,193
19341,Muellera,unifoliolata,8775399,Lonchocarpus unifoliolatus,193
19342,Piscidia,mollis,2956056,,193
19343,Tephrosia,abbottiae,5342388,,193
19344,Angelica,dahurica,5733712,Angelica dahurica var. formosana,439
19345,Ligusticopsis,wallichiana,3640486,,439
19346,Achillea,leptophylla,7863079,,423
19347,Oxybasis,urbica,7418706,,306
19348,Aldama,cordifolia,9167793,Viguiera cordifolia,423
19349,Teucrium,corymbosum,7308603,,396
19350,Liparis,nervosa,5322999,,75
19351,Artabotrys,suaveolens,3154973,,15
19352,Camptorrhiza,strumosa,2740373,,55
19353,Dicentra,canadensis,2888554,,117
19354,Dicranostigma,leptopodum,7953280,Dicranostigma franchetianum,117
19355,Ocotea,brenesii,4176675,,25
19356,Papaver,lisae,3600901,,117
19357,Reseda,lutea,3040252,,284
19358,Siparuna,gesnerioides,3782637,,27
19359,Stephania,brachyandra,5592659,,116
19360,Strychnopsis,thouarsii,3830173,,116
19361,Aphananthe,aspera,4159921,,199
19362,Nyssa,sylvatica,5383717,,348
19363,Paepalanthus,geniculatus,5286741,,97
19364,Krubera,peregrina,7954376,,439
19365,Balsamorhiza,careyana,3137235,,423
19366,Micromelum,hirsutum,3837612,,257
19367,Laphamia,bisetosa,4208384,Perityle bisetosa,423
19368,Perityle,californica,3146383,,423
19369,Laphamia,villosa,3146407,Perityle villosa,423
19370,Wurfbainia,villosa,11028552,Wurfbainia villosa var. xanthioides,93
19371,Acradenia,frankliniae,3837220,,257
19372,Xanthorrhoea,arborea,2779430,,65
19373,Xanthorrhoea,semiplana,2779442,,65
19374,Andryala,integrifolia,3105508,Andryala cedretorum,423
19375,Mikaniopsis,cissampelina,3094342,Senecio cissampelinus,423
19376,Strychnos,scheffleri,5645529,,380
19377,Arthrocaulon,macrostachyum,9417609,,306
19378,Haloxylon,tamariscifolium,3758918,,306
19379,Cephalocereus,mezcalaensis,3954267,Neobuxbaumia multiareolata,312
19380,Cephalocereus,scoparius,3957335,Neobuxbaumia scoparia,312
19381,Cephalocereus,tetetzo,8365573,Neobuxbaumia tetetzo,312
19382,Alstonia,angustifolia,8050421,,376
19383,Cleome,ovalifolia,7979513,,277
19384,Atalantia,stenocarpa,5593709,Glycosmis stenocarpa,257
19385,Xanthium,pensylvanicum,8219294,Xanthium pennsylvanicum,423
19386,Xanthium,orientale,6306076,Xanthium riparium,423
19387,Cuphea,painteri,7588985,,233
19388,Blackstonia,perfoliata,6366886,,379
19389,Centaurium,littorale,5414469,,379
19390,Frasera,albicaulis,3169993,,379
19391,Frasera,albomarginata,3170009,,379
19392,Gentiana,prostrata,8187441,Gentiana karelinii,379
19393,Swainsona,luteola,2943476,,193
19394,Swertia,dilatata,5596247,,379
19395,Swertia,nervosa,7474198,,379
19396,Swertia,patens,5595660,,379
19397,Swertia,racemosa,7432237,,379
19398,Agelaea,pentagyna,8048616,,148
19399,Arthrostylis,aphylla,2719171,,95
19400,Bulbostylis,densa,5292267,,95
19401,Castilleja,fissifolia,8130967,,403
19402,Cyperus,sculptus,2714363,,95
19403,Exocarya,sclerioides,2711706,,95
19404,Ficinia,nodosa,2711622,,95
19405,Fimbristylis,caespitosa,2708039,,95
19406,Fimbristylis,cephalophora,2708214,,95
19407,Fimbristylis,ferruginea,2708137,,95
19408,Fimbristylis,littoralis,2709087,,95
19409,Fimbristylis,nutans,2708312,,95
19410,Fimbristylis,schultzii,2708620,,95
19411,Gahnia,lanigera,2710060,,95
19412,Isolepis,habra,2713289,,95
19413,Isolepis,inundata,2713131,,95
19414,Isolepis,prolifera,2713129,,95
19415,Lepidosperma,neesii,2731162,,95
19416,Lepidosperma,urophorum,2731225,,95
19417,Mesomelaena,graciliceps,5291374,,95
19418,Miscanthus,sinensis,2706026,,102
19419,Oreobolus,distichus,2711898,,95
19420,Ptilothrix,deusta,5292996,,95
19421,Rhynchospora,leae,2721275,,95
19422,Sasa,veitchii,4128359,,102
19423,Schoenoplectiella,mucronata,5827389,,95
19424,Schoenus,moorei,2709891,,95
19425,Schoenus,sparteus,2709995,,95
19426,Schoenus,submicrostachyus,2709804,,95
19427,Schoenus,unispiculatus,2709946,,95
19428,Scleria,sphacelata,2712783,,95
19429,Trachystylis,stradbrokensis,2731313,,95
19430,Tricostularia,pauciflora,2711955,,95
19431,Xerophyta,retinervis,2863482,,52
19432,Carex,acutiformis,2723099,,95
19433,Carex,hyalinolepis,2727019,,95
19434,Carex,riparia,2718117,,95
19435,Sasa,cernua,5676679,,102
19436,Triticum,turgidum,8389446,Triticum dicoccon,102
19437,Triticum,monococcum,7883427,,102
19438,Triticum,turgidum,6313049,Triticum polonicum,102
19439,Leucas,urticifolia,7375957,,396
19440,Chamelaucium,uncinatum,3188340,,235
19441,Euphorbia,squamosa,3065023,euphorbia squamosa,166
19442,Crotalaria,burhia,2941981,,193
19443,Aspidosperma,megalocarpon,7316950,,376
19444,Erythrina,excelsa,5349558,,193
19445,Iris,milesii,5297959,,72
19446,Cyperus,polystachyos,2730407,,95
19447,Platysace,linearifolia,3633403,,439
19448,Aulospermum,ibapense,3632582,Cymopterus watsonii,439
19449,Cotinus,obovatus,3190520,,251
19450,Cytinus,ruber,3941138,,263
19451,Euonymus,verrucosus,7723078,,144
19452,Euphorbia,teheranica,3065278,,166
19453,Swintonia,foxworthyi,3660533,,251
19454,Abelmoschus,moschatus,8312665,,265
19455,Agave,gracilipes,2767165,,64
19456,Brickellia,oliganthes,5388369,Brickellia kellermanii,423
19457,Dendrobium,wardianum,5317089,,75
19458,Hibiscus,vitifolius,3152562,,265
19459,Hypocalyptus,sophoroides,2968965,,193
19460,Intsia,palembanica,2963233,,193
19461,Lotus,polyphyllus,5631720,,193
19462,Medicago,doliata,2965459,,193
19463,Plinia,pinnata,5415600,,235
19464,Hilliardiella,hirsuta,4235404,Vernonia hirsuta,423
19465,Vicia,bithynica,2975309,,193
19466,Vicia,johannis,2975312,,193
19467,Oreocome,arguta,7934884,Ligusticum elatum,439
19468,Brickellia,grandiflora,5388389,,423
19469,Mertensia,bakeri,5341226,,382
19470,Mertensia,oblongifolia,5341217,,382
19471,Parsonsia,eucalyptophylla,5536380,,376
19472,Parsonsia,straminea,7317057,,376
19473,Syzygium,hemilamprum,7223928,Acmena hemilampra,235
19474,Anabasis,salsa,5568516,,306
19475,Artemisia,terrae-albae,3121435,,423
19476,Astragalus,ammodendron,5346363,,193
19477,Atriplex,cana,8199059,,306
19478,Calligonum,aphyllum,6391833,,333
19479,Carissa,macrocarpa,5414420,,376
19480,Ceratocarpus,arenarius,6035781,,306
19481,Convolvulus,erinaceus,7421223,,385
19482,Cucumis,metuliferus,8350997,,219
19483,Echinops,dubjanskyi,7732656,,423
19484,Euphorbia,lancifolia,3068838,,166
19485,Leymus,racemosus,2706374,,102
19486,Limonium,suffruticosum,4089375,,332
19487,Perideridia,oregana,3034545,,439
19488,Phyllanthus,acidus,5381567,,181
19489,Rumex,tianschanicus,4035491,,333
19490,Salix,pulchra,5372732,,187
19491,Salsola,laricifolia,7552906,,306
19492,Suaeda,acuminata,3757118,,306
19493,Anaphalis,triplinervis,3136929,,423
19494,Delphinium,anthriscifolium,3923581,,118
19495,Miconia,affinis,3188559,,234
19496,Pentalinon,luteum,3169681,Urechites suberecta,376
19497,Madhuca,pasquieri,2883272,,364
19498,Corydalis,casimiriana,7314888,Corydalis stewartii,117
19499,Ehrendorferia,chrysantha,2888518,Dicentra chrysantha,117
19500,Chisocheton,cumingianus,7271242,,255
19501,Cineraria,saxifraga,3141220,,423
19502,Euphorbia,lactea,3069859,,166
19503,Gymnocladus,dioicus,2944215,,193
19504,Helleborus,thibetanus,3923441,,118
19505,Monactis,macbridei,5393375,,423
19506,Baliospermum,solanifolium,3062296,Baliospermum montanum,166
19507,Athroisma,proteiforme,3130358,,423
19508,Walsholaria,muelleri,10844030,Olearia muelleri,423
19509,Beilschmiedia,oreophila,4175827,,25
19510,Lonchocarpus,sericeus,2969156,Derris sericea,193
19511,Lippia,micromera,2925388,,415
19512,Origanum,bilgeri,3895232,,396
19513,Origanum,munzurense,3894298,,396
19514,Palicourea,semirasa,2898890,Palicourea fendleri,381
19515,Stachys,cretica,2927296,,396
19516,Thymbra,sintenisii,7307911,,396
19517,Thymus,leucostomus,7307123,,396
19518,Thymus,praecox,5341449,,396
19519,Corydalis,heterocarpa,8151573,,117
19520,Pseudofumaria,alba,7315063,,117
19521,Stephania,bancroftii,5592664,,116
19522,Stephania,dicentrinifera,5592618,Stephania dicentrinifera H.S.Lo.et.M.Yang,116
19523,Stephania,dolichopoda,5592598,Stephania dolichopoda Diels,116
19524,Stephania,hainanensis,5592851,Stephania hainanensis H.S.Lo & Y.,116
19525,Stephania,intermedia,5592832,,116
19526,Stephania,kuinanensis,5592813,Stephania kuinanensis H.S.Lo.,116
19527,Stephania,kwangsiensis,5592812,Stephania kwangsiensis H.S.Lo,116
19528,Stephania,mashanica,5592796,Stephania mashanica H.S.Lo & B.N.,116
19529,Stephania,suberosa,5592748,,116
19530,Barnardia,japonica,9347583,Scilla scilloides,64
19531,Symplocos,glomerata,8134327,,368
19532,Hyptis,brachiata,3882539,,396
19533,Sideritis,glacialis,7307755,,396
19534,Sideritis,granatensis,7801543,,396
19535,Sideritis,osteoxyla,3889543,,396
19536,Sideritis,pusilla,7307458,,396
19537,Sideritis,scordioides,7307412,,396
19538,Sideritis,serrata,3888771,,396
19539,Sideritis,spinulosa,7307384,,396
19540,Rindera,austroechinata,4059978,,382
19541,Rindera,tetraspis,9524958,Rindera baldschuanica,382
19542,Solenanthus,circinnatus,7763953,Solenanthus circinatus,382
19543,Critoniopsis,jalcana,3101556,,423
19544,Limbarda,crithmoides,3088761,,423
19545,Phlomis,herba-venti,8963408,Phlomis herba-venti subsp. pungens,396
19546,Beilschmiedia,podagrica,4183520,,25
19547,Ceratocapnos,turbinata,3603725,Ceratocapnos palaestinus,117
19548,Delphinium,ternatum,3926868,,118
19549,Iris,decora,5298353,,72
19550,Litsea,wightiana,4179519,,25
19551,Papaver,pilosum,7738141,,117
19552,Phoenicanthus,obliquus,3157402,Phoenicanthus obliqua,15
19553,Platycapnos,tenuiloba,7315275,,117
19554,Centaurea,kandavanensis,3127552,,423
19555,Falcataria,falcata,10691906,Albizia falcataria,193
19556,Berberis,chilensis,7300410,,112
19557,Comptonia,aspleniifolia,8168148,Comptonia asplenifolia,211
19558,Cryptocarya,kurzii,4176116,,25
19559,Dendropanax,chevalieri,3035049,,441
19560,Eleutherococcus,henryi,3035432,,441
19561,Eleutherococcus,leucorrhizus,8657375,Eleutherococcus setchuenensis,441
19562,Holacantha,emoryi,5421374,,260
19563,Hovenia,trichocarpa,7273737,Hovenia trichocarea,203
19564,Ilex,asprella,7315881,,416
19565,Magnolia,duperreana,3152895,Kmeria duperreana,20
19566,Magnolia,sphaerantha,3153504,Michelia sphaerantha,20
19567,Chlorocardium,rodiei,4178451,Nectandra rodiei,25
19568,Nicotiana,acuminata,2928781,,388
19569,Passerina,corymbosa,5523473,,270
19570,Pedicularis,alaschanica,3726847,,403
19571,Penstemon,deustus,7637634,,408
19572,Pteroceltis,tatarinowii,4159853,,199
19573,Rinorea,anguifera,4077503,,189
19574,Syringa,pubescens,5549619,Syringa velutina,402
19575,Trichogonia,prancei,5387759,Trichogonia prancii,423
19576,Trochodendron,aralioides,4191567,,123
19577,Vinca,major,6421609,Vinca major var. variegata,376
19578,Amorphophallus,margaritifer,2871781,,32
19579,Semenovia,suffruticosa,5537922,,439
19580,Swertia,hookeri,5596092,,379
19581,Swertia,lawii,5595957,,379
19582,Swertia,speciosa,8005337,Swertia perfoliata,379
19583,Ardisia,floribunda,7618793,,362
19584,Casearia,arguta,7595115,,187
19585,Cupania,glabra,3189962,,258
19586,Fagaropsis,angolensis,3835869,,257
19587,Furcraea,stricta,2769791,Furcraea elegans,64
19588,Mikania,sessilifolia,5398662,,423
19589,Pentaceras,australe,7860049,,257
19590,Pentaceras,australis,7657679,,257
19591,Simaba,grandifolia,3708720,Pierreodendron africanum,260
19592,Simaba,africana,3709033,Quassia africana,260
19593,Simaba,polyphylla,3709105,,260
19594,Coptosperma,graveolens,2893836,Tarenna graveolens,381
19595,Thladiantha,dubia,2874538,,219
19596,Zanthoxylum,caribaeum,7704043,Zanthoxylum elephantiasis,257
19597,Acacia,carneorum,2979027,Acacia carnei,193
19598,Gongora,quinquenervis,2839157,,75
19599,Neomoorea,wallisii,2802937,,75
19600,Prunus,fruticosa,3023098,,204
19601,Croton,alnifolius,3059585,,166
19602,Trigonostemon,longifolius,3063356,Trigonostemon howii,166
19603,Ambrosia,tomentosa,3110615,,423
19604,Calycadenia,villosa,3093005,,423
19605,Diuranthera,inarticulata,2768064,,64
19606,Piptadenia,retusa,11074877,,193
19607,Billbergia,buchholtzii,2693747,,94
19608,Fraxinus,micrantha,3682890,,402
19609,Rhodiola,gelida,7636572,,132
19610,Inula,macrophylla,8052592,,423
19611,Ranunculus,biternatus,3923443,,118
19612,Ranunculus,moseleyi,3921687,,118
19613,Ranunculus,pseudotrullifolius,3927871,,118
19614,Doronicum,hungaricum,3143026,,423
19615,Helleborus,foetidus,6375040,Helleborus foetidus L.,118
19616,Helleborus,niger,3033107,Helleborus niger L.,118
19617,Helleborus,orientalis,6374953,Helleborus orientalis Lam.,118
19618,Parthenium,glomeratum,3086786,,423
19619,Piliostigma,reticulatum,2953137,,193
19620,Agathosma,affinis,3834983,,257
19621,Agathosma,cedrimontana,3834637,,257
19622,Agathosma,ciliaris,3834605,,257
19623,Agathosma,collina,3834573,,257
19624,Agathosma,dielsiana,3834376,,257
19625,Agathosma,eriantha,3834276,,257
19626,Agathosma,lanceolata,7589482,,257
19627,Agathosma,martiana,3833652,,257
19628,Aralia,dasyphylla,3036936,,441
19629,Artemisia,turanica,3120914,,423
19630,Buxus,rugulosa,7286012,,124
19631,Dendrobium,denneanum,5315372,Dendrobium aurantiacum var. denneanum,75
19632,Dendrobium,capillipes,5317391,,75
19633,Duguetia,furfuracea,3157605,,15
19634,Ferula,oopoda,3637152,Ferula badhysi,439
19635,Lepiniopsis,ternatensis,3615059,,376
19636,Metalasia,cephalotes,8396386,,423
19637,Philotheca,pachyphylla,3838186,,257
19638,Pterocaulon,sphacelatum,5392227,,423
19639,Suaeda,nudiflora,7660955,,306
19640,Uncaria,perrottetii,5338116,,381
19641,Calanthe,sylvatica,2795267,,75
19642,Clusia,pernambucensis,5556118,,160
19643,Clinopodium,arkansanum,2926930,,396
19644,Clinopodium,menthifolium,11007246,,396
19645,Hesperozygis,ringens,3885141,,396
19646,Mentha,grandiflora,3900471,,396
19647,Mentha,timija,3894734,,396
19648,Pelargonium,tomentosum,7954301,,229
19649,Amyema,miquelii,4000948,,294
19650,Cornus,macrophylla,3663105,,342
19651,Pinalia,multiflora,5314039,Eria multiflora,75
19652,Osteospermum,junceum,3093579,,423
19653,Philotheca,pinoides,3838169,,257
19654,Solanum,orbignianum,3799032,,388
19655,Strychnos,mellodora,5645409,,380
19656,Perityle,brandegeeana,4240240,Amauria rotundifolia,423
19657,Anabasis,aphylla,5568963,,306
19658,Aspalathus,spinosa,5348110,,193
19659,Calobota,elongata,7660394,,193
19660,Calobota,pungens,4929860,,193
19661,Chamaecytisus,prolifer,7344665,,193
19662,Lupinus,affinis,2963805,,193
19663,Lupinus,barkeri,2964662,,193
19664,Lupinus,diffusus,2964138,,193
19665,Lupinus,ornatus,2964090,,193
19666,Podalyria,sericea,5352146,,193
19667,Rafnia,capensis,7822887,,193
19668,Ocotea,porphyria,7871169,,25
19669,Chenopodium,vulvaria,3083932,,306
19670,Erysimum,marschallianum,3048613,,273
19671,Jungia,spectabilis,5402237,,423
19672,Physalis,viscosa,5341766,,388
19673,Sullivantia,hapemanii,3032917,,142
19674,Sullivantia,oregana,3032911,,142
19675,Sullivantia,sullivantii,3032913,Sullivantia renifolia,142
19676,Aloe,bellatula,2777604,,65
19677,Aloe,rauhii,2777679,,65
19678,Aloe,soutpansbergensis,2777310,,65
19679,Aloe,suffulta,2777407,,65
19680,Ariocarpus,kotschoubeyanus,7283031,,312
19681,Ariocarpus,scaphirostris,4927403,Ariocarpus scapharostrus,312
19682,Croton,humilis,3057995,,166
19683,Lobivia,hertrichiana,7284100,Echinopsis hertrichiana,312
19684,Lobivia,mamillosa,10978082,Echinopsis mamillosa,312
19685,Lobivia,pentlandii,7283685,Echinopsis pentlandii,312
19686,Espostoa,lanata,3941299,Espostoa huanucensis,312
19687,Grusonia,clavata,3956653,,312
19688,Gymnocalycium,bodenbenderianum,7283471,,312
19689,Gymnocalycium,gibbosum,7283040,Gymnocalycium chubutense,312
19690,Gymnocalycium,gibbosum,10806578,,312
19691,Gymnocalycium,marsoneri,7282826,,312
19692,Gymnocalycium,monvillei,7282726,,312
19693,Gymnocalycium,oenanthemum,7282619,,312
19694,Gymnocalycium,quehlianum,7282427,,312
19695,Gymnocalycium,reductum,6381024,Gymnocalycium reductum var. leeanum,312
19696,Gymnocalycium,uebelmannianum,3951015,,312
19697,Lobivia,backebergii,7284707,Lobivia bachenbergii,312
19698,Cochemiea,grahamii,3945144,Mammillaria microcarpa,312
19699,Palicourea,marcgravii,2899270,,381
19700,Senegalia,roemeriana,2978625,,193
19701,Senegalia,schweinfurthii,7831469,,193
19702,Turbinicarpus,alonsoi,3950869,,312
19703,Turbinicarpus,lophophoroides,7281951,,312
19704,Kadenicarpus,pseudomacrochele,7280259,Turbinicarpus pseudomacrochele,312
19705,Turbinicarpus,pseudopectinatus,7281845,,312
19706,Turbinicarpus,schmiedickeanus,7281752,,312
19707,Argyreia,hookeri,3678859,Argyreia hookeri Clarke,385
19708,Brunfelsia,nitida,2932911,,388
19709,Calystegia,soldanella,7646357,Calystegia soldanella (L.) Roem.et Schult.,385
19710,Convolvulus,caput-medusae,3681152,Convolvulus caput-medusae Lowe,385
19711,Convolvulus,cneorum,8069501,Convolvulus cneorum L.,385
19712,Convolvulus,sabatius,7521880,Convolvulus sabatius ssp.mauritanicus,385
19713,Falkia,repens,7912535,Falkia repens L.,385
19714,Ipomoea,hederifolia,2928624,,385
19715,Ipomoea,obscura,2928565,Ipomoea obscura Ker.,385
19716,Ipomoea,setifera,2928636,,385
19717,Aniseia,luxurians,9730688,Iseia luxurians,385
19718,Maripa,panamensis,5549221,,385
19719,Distimake,cissoides,9444833,Merremia cissoides,385
19720,Porana,volubilis,5829182,,385
19721,Ipomoea,abutiloides,3679213,Turbina abutiloides,385
19722,Haemanthus,multiflorus,7737268,,63
19723,Mentha,rotundifolia,8974899,,396
19724,Myristica,ceylanica,5564510,,19
19725,Trifolium,ochroleucon,10733366,Trifolium caucasicum,193
19726,Acis,autumnalis,5326565,,63
19727,Crinum,stuhlmannii,2853685,Crinum delagoense,63
19728,Crinum,ornatum,2853725,Crinum scabrum,63
19729,Crinum,zeylanicum,2853722,,63
19730,Cyrtanthus,ventricosus,5326034,Cyrtanthus pallidus,63
19731,Urceolina,grandiflora,5325598,Eucharis grandiflora,63
19732,Zephyranthes,tubispatha,2853559,Habranthus tubispathus,63
19733,Hosta,plantaginea,2771287,,64
19734,Leucojum,autumnale,8035273,Leucojium autumnale,63
19735,Narcissus,leonensis,2858335,,63
19736,Narcissus,moschatus,2858321,Narcissus tortuosus,63
19737,Ungernia,ferganica,2858128,,63
19738,Zephyranthes,texana,7669712,,63
19739,Narcissus,incomparabilis,2859255,narcissus incomparabilis,63
19740,Euphorbia,tuckeyana,3066079,,166
19741,Anisotes,sessiliflorus,7264409,,390
19742,Arisaema,consanguineum,2866814,,32
19743,Clerodendrum,serratum,8355397,,396
19744,Delphinium,dzavakhischwilii,3921338,,118
19745,Exocarpos,cupressiformis,7564453,,298
19746,Gardenia,erubescens,5335013,,381
19747,Genipa,americana,2895593,,381
19748,Helenium,pinnatifidum,5401870,,423
19749,Licaria,aurea,4183168,,25
19750,Lumnitzera,littorea,5421047,,231
19751,Pedicularis,chamissonis,3171680,,403
19752,Rothmannia,longiflora,2906247,,381
19753,Reseda,phyteuma,3040253,Sesamoides pygmaea,284
19754,Silene,tunicoides,5587836,,313
19755,Tarenna,gracilipes,2895874,,381
19756,Veronica,japonensis,3730364,,408
19757,Veronica,ovata,3728373,Veronica kiusiana,408
19758,Veronica,ligustrifolia,3729924,Veronica ligustrifolia A.Cunn,408
19759,Veronica,andersonii,3734429,Veronica x andersonii Lindl. et Pax,408
19760,Wulfenia,baldaccii,3742271,Wulfenia baldaccii Degen,408
19761,Microchirita,micromusa,7613028,Chirita micromusa,395
19762,Neolitsea,pallens,7304420,Litsea consimilis,25
19763,Monanthotaxis,cauliflora,3156026,,15
19764,Mycaranthes,floribunda,6316159,,75
19765,Eriogonum,annuum,2889698,,333
19766,Lunaria,annua,5373324,,273
19767,Acamptopappus,sphaerocephalus,3113874,,423
19768,Bidens,graveolens,8068409,,423
19769,Cissus,adnata,4052376,,190
19770,Garcinia,hermonii,3714355,,160
19771,Helichrysum,setosum,3131866,,423
19772,Iris,xiphium,5297966,,72
19773,Lasthenia,glabrata,3144277,,423
19774,Liparis,kumokiri,5323070,,75
19775,Nardophyllum,lanatum,5390223,,423
19776,Nepeta,cilicia,9227018,,396
19777,Nepeta,concolor,5610654,,396
19778,Rutidosis,murchisonii,3140890,,423
19779,Sclerocarpus,sessilifolius,3145349,,423
19780,Sideritis,varoi,7830043,,396
19781,Solanum,linearifolium,7586398,,388
19782,Tamarix,ramosissima,2874700,,341
19783,Brassica,oleracea,10961835,Brassica oleraceae convar. capitata var. capitata L.f. alba,273
19784,Sisymbrium,strictissimum,3046850,Sisymbrium strictissimum L.,273
19785,Tovaria,pendula,5377847,,289
19786,Eriosema,kraussianum,5349171,,193
19787,Hortia,oreadica,5594652,,257
19788,Notobubon,galbanum,3642534,,439
19789,Oreoseris,delavayi,9722517,,423
19790,Phebalium,anceps,7529806,,257
19791,Bassia,indica,5568213,,306
19792,Colignonia,scandens,3701262,,329
19793,Panax,bipinnatifidus,5372265,Panax pseudoginseng subsp.himalaicus.var.angustifolius.,441
19794,Panax,zingiberensis,5372281,,441
19795,Azorella,madreporica,6026493,,439
19796,Asarum,hatsushimae,3588545,,10
19797,Asarum,nipponicum,3589358,Asarum nipponicum var. nankaiense,10
19798,Nestegis,cunninghamii,3683988,,402
19799,Leptospermum,lanigerum,3181859,,235
19800,Myrcia,tylophylla,10814269,,235
19801,Lotononis,involucrata,2945412,,193
19802,Leobordea,polycephala,8428559,Lotononis polycephala,193
19803,Packera,dimorphophylla,7223037,Packera dimorphophylla var. dimorphophylla,423
19804,Espeletia,jahnii,3122356,Ruilopezia jahnii,423
19805,Senecio,aureus,8299464,,423
19806,Sideritis,ilicifolia,7307676,,396
19807,Dalbergia,horrida,2968707,Dalbergia sympathetica,193
19808,Helichrysum,rugulosum,3132033,,423
19809,Moullava,tortuosa,9379301,,193
19810,Rhododendron,vaccinioides,4174738,,355
19811,Strobilanthes,formosana,3780866,,390
19812,Leucanthemum,atratum,8422562,,423
19813,Zanthoxylum,thomense,3833696,,257
19814,Centaurea,involucrata,3128954,,423
19815,Clinopodium,menthifolium,7096204,Calamintha sylvatica,396
19816,Thymus,caespititius,7307689,,396
19817,Thymus,mastichina,7307002,,396
19818,Crepidiastrum,keiskeanum,3145160,,423
19819,Crepis,multicaulis,8357633,,423
19820,Launaea,spinosa,8324490,Launaea spinosa Sch. Bip.,423
19821,Scorzoneroides,crocea,3133469,Leontodon croceus,423
19822,Scorzoneroides,carpetana,10745516,Leontodon duboisii,423
19823,Scorzoneroides,helvetica,3133515,Leontodon helveticus,423
19824,Scorzoneroides,montana,9629475,Leontodon montaniformis,423
19825,Scorzoneroides,montana,4244711,Leontodon montanus subsp. melanotrichus,423
19826,Scorzoneroides,pyrenaica,9238843,Leontodon pyrenaicus,423
19827,Scorzoneroides,montana,3133502,Scorzoneroides montana (Lam.) Holub,423
19828,Scorzoneroides,pyrenaica,3133504,Scorzoneroides pyrenaica (Gouan) Holub,423
19829,Scorzoneroides,rilaensis,3133491,Scorzoneroides rilaensis (Hayek) Holub,423
19830,Taraxacum,sonchoides,5831079,,423
19831,Terminalia,parvifolia,9455981,buchenavia parviflora,231
19832,Dianella,caerulea,5305277,,65
19833,Dianella,nigra,5305214,,65
19834,Ligularia,dentata,9482404,Ligularia clivorum,423
19835,Picrolemma,sprucei,3708755,Picrolemma pseudocoffea,260
19836,Rumex,palustris,4037603,,333
19837,Nymphaea,amazonum,2882425,,4
19838,Crotalaria,axillaris,8045368,,193
19839,Arenaria,venezuelana,7268190,,313
19840,Cistus,symphytifolius,7331231,,262
19841,Veronica,undulata,3172083,,408
19842,Isodon,tenuifolius,5608826,,396
19843,Salvia,granitica,3901084,,396
19844,Camellia,hongkongensis,3590325,,370
19845,Euphorbia,scordiifolia,3066916,,166
19846,Potentilla,sundaica,5366582,Potentilla kleiniana,204
19847,Rubus,buergeri,2991442,,204
19848,Rubus,calycinoides,8426571,,204
19849,Decaryia,madagascariensis,4938897,,314
19850,Delphinium,trifoliolatum,3926632,,118
19851,Kaunia,rufescens,3140597,Eupatorium rufescens,423
19852,Lomatium,columbianum,3034252,,439
19853,Muraltia,spinosa,7225532,Nylandtia spinosa,195
19854,Ranunculus,illyricus,7277455,,118
19855,Maesa,indica,7736989,,362
19856,Maesa,japonica,9477469,,362
19857,Basilicum,polystachyon,3882375,,396
19858,Crotalaria,emarginella,2942585,,193
19859,Dillenia,pentagyna,5681100,,128
19860,Indigofera,aspalathoides,2971981,,193
19861,Koanophyllon,pittieri,3144979,,423
19862,Schisandra,rubriflora,3745220,,6
19863,Simarouba,amara,7720664,,260
19864,Aesculus,indica,8566446,,258
19865,Bredemeyera,floribunda,7293394,,195
19866,Bupleurum,exaltatum,6027110,,439
19867,Bupleurum,lancifolium,3034557,,439
19868,Bupleurum,nanum,3637593,,439
19869,Bupleurum,semicompositum,3636403,,439
19870,Calamagrostis,arundinacea,4109084,,102
19871,Campanula,glomerata,5409986,Campanula maleevii,426
19872,Chuanminshen,violaceum,3639759,,439
19873,Cineraria,abyssinica,3141243,,423
19874,Datura,ceratocaula,3798966,,388
19875,Doronicum,corsicum,3143021,,423
19876,Doronicum,orientale,3142967,,423
19877,Doronicum,pardalianches,3142951,,423
19878,Esenbeckia,pumila,7269616,,257
19879,Eucalyptus,alpina,3717566,,235
19880,Fagonia,arabica,6384929,,192
19881,Ficus,variifolia,5571767,,202
19882,Hancornia,speciosa,3169679,,376
19883,Hedysarum,varium,2960985,,193
19884,Hemitomes,congestum,2888334,,355
19885,Leucadendron,microcephalum,5637889,,121
19886,Microcitrus,australasica,3190063,,257
19887,Oenothera,coryi,3188918,,236
19888,Oryctes,nevadensis,5341851,,388
19889,Persicaria,stelligera,4032707,,333
19890,Physalis,longifolia,5341818,,388
19891,Polygala,flavescens,7923369,Polygala flavescens ssp. flavescens,195
19892,Pulicaria,salviifolia,3095552,,423
19893,Senecio,macroglossus,3107720,,423
19894,Senna,rugosa,2957831,,193
19895,Senna,wislizeni,2957275,,193
19896,Trichosanthes,pilosa,7998035,,219
19897,Iva,asperifolia,5402616,,423
19898,Knema,elegans,3743588,,19
19899,Lobelia,fistulosa,5408693,,426
19900,Chrysopogon,zizanioides,5677150,,102
19901,Boehmeria,platanifolia,7473660,,206
19902,Aspalathus,linearis,5348220,,193
19903,Cynanchum,ovalifolium,3576680,Cynanchum formosanum,376
19904,Iris,spuria,5298963,Iris carthaliniae,72
19905,Neopallasia,pectinata,3092827,,423
19906,Vismia,pentagyna,3713672,,170
19907,Achillea,holosericea,3120168,,423
19908,Conospermum,stoechadis,7286979,,121
19909,Alluaudia,humbertii,5687103,,314
19910,Pauridiantha,callicarpoides,2915419,,381
19911,Mallotus,pallidus,5378688,,166
19912,Cestrum,diurnum,2928789,,388
19913,Tarchonanthus,camphoratus,3141279,,423
19914,Salacia,longipes,7265765,,144
19915,Baccharis,varians,3129774,,423
19916,Euphrasia,regelii,3727286,,403
19917,Bougainvillea,spectabilis,7167078,,329
19918,Eucalyptus,decorticans,3176776,,235
19919,Crossostephium,chinense,7970844,,423
19920,Centaurea,hierapolitana,3128743,,423
19921,Pelargonium,odoratissimum,8313325,,229
19922,Daphne,mezereum,5420852,,270
19923,Potamogeton,perfoliatus,5301200,,39
19924,Centaurea,rhaetica,3127587,,423
19925,Blumenbachia,insignis,5646406,,347
19926,Gamocarpha,graminea,11210554,Boopis graminea,425
19927,Vitis,rotundifolia,5372394,,190
19928,Elaeagnus,glabra,7293101,,201
19929,Dracocephalum,multicaule,7911751,,396
19930,Plantago,albicans,8424834,,408
19931,Helichrysum,amorginum,4249462,,423
19932,Senecio,glutinosus,8316709,,423
19933,Vicia,balansae,2974880,,193
19934,Oenothera,biennis,3188924,,236
19935,Dendroviguiera,adenophylla,9427470,,423
19936,Tagetes,minuta,3088481,,423
19937,Acmella,ciliata,5386775,,423
19938,Psephellus,marschallianus,3137861,Centaurea marschalliana,423
19939,Taraxacum,alpinum,8714673,Taraxacum alpinum (Hoppe) Hegetschw.,423
19940,Hypericum,reflexum,7475619,,170
