Foundation URI,Linearization URI,Code,BlockId,Title,ClassKind,DepthInKind,IsResidual,ChapterNo,BrowserLink,isLeaf,Primary tabulation,Grouping1,Grouping2,Grouping3,Grouping4,Grouping5,CodingNote,Parent,Version:2026 Jan 17 - 05:30 UTC
http://id.who.int/icd/entity/1516623224,http://id.who.int/icd/release/11/mms/1516623224,,BlockL1-6A0,- Neurodevelopmental disorders,block,1.0,False,6.0,,False,,,,,,,,http://id.who.int/icd/entity/334423054,
http://id.who.int/icd/entity/605267007,http://id.who.int/icd/release/11/mms/605267007,6A00,,- - Disorders of intellectual development,category,1.0,False,6.0,,False,True,BlockL1-6A0,,,,,"Use additional code, if desired, to identify any known aetiology.",http://id.who.int/icd/entity/1516623224,
http://id.who.int/icd/entity/33269655,http://id.who.int/icd/release/11/mms/33269655,6A01,,- - Developmental speech or language disorders,category,1.0,False,6.0,,False,True,BlockL1-6A0,,,,,,http://id.who.int/icd/entity/1516623224,
http://id.who.int/icd/entity/437815624,http://id.who.int/icd/release/11/mms/437815624,6A02,,- - Autism spectrum disorder,category,1.0,False,6.0,,False,True,BlockL1-6A0,,,,,,http://id.who.int/icd/entity/1516623224,
http://id.who.int/icd/entity/2099676649,http://id.who.int/icd/release/11/mms/2099676649,6A03,,- - Developmental learning disorder,category,1.0,False,6.0,,False,True,BlockL1-6A0,,,,,,http://id.who.int/icd/entity/1516623224,
http://id.who.int/icd/entity/148247104,http://id.who.int/icd/release/11/mms/148247104,6A04,,- - Developmental motor coordination disorder,category,1.0,False,6.0,,True,True,BlockL1-6A0,,,,,,http://id.who.int/icd/entity/1516623224,
http://id.who.int/icd/entity/821852937,http://id.who.int/icd/release/11/mms/821852937,6A05,,- - Attention deficit hyperactivity disorder,category,1.0,False,6.0,,False,True,BlockL1-6A0,,,,,,http://id.who.int/icd/entity/1516623224,
http://id.who.int/icd/entity/1111628448,http://id.who.int/icd/release/11/mms/1111628448,6A06,,- - Stereotyped movement disorder,category,1.0,False,6.0,,False,True,BlockL1-6A0,,,,,,http://id.who.int/icd/entity/1516623224,
,http://id.who.int/icd/release/11/mms/1516623224/other,6A0Y,,- - Other specified neurodevelopmental disorders,category,1.0,True,6.0,,True,True,BlockL1-6A0,,,,,,http://id.who.int/icd/entity/1516623224,
,http://id.who.int/icd/release/11/mms/1516623224/unspecified,6A0Z,,"- - Neurodevelopmental disorders, unspecified",category,1.0,True,6.0,,True,True,BlockL1-6A0,,,,,,http://id.who.int/icd/entity/1516623224,
http://id.who.int/icd/entity/405565289,http://id.who.int/icd/release/11/mms/405565289,,BlockL1-6A2,- Schizophrenia or other primary psychotic disorders,block,1.0,False,6.0,,False,,,,,,,,http://id.who.int/icd/entity/334423054,
http://id.who.int/icd/entity/1683919430,http://id.who.int/icd/release/11/mms/1683919430,6A20,,- - Schizophrenia,category,1.0,False,6.0,,False,True,BlockL1-6A2,,,,,,http://id.who.int/icd/entity/405565289,
http://id.who.int/icd/entity/106339515,http://id.who.int/icd/release/11/mms/106339515,6A21,,- - Schizoaffective disorder,category,1.0,False,6.0,,False,True,BlockL1-6A2,,,,,,http://id.who.int/icd/entity/405565289,
http://id.who.int/icd/entity/18178000,http://id.who.int/icd/release/11/mms/18178000,6A22,,- - Schizotypal disorder,category,1.0,False,6.0,,True,True,BlockL1-6A2,,,,,,http://id.who.int/icd/entity/405565289,
http://id.who.int/icd/entity/284410555,http://id.who.int/icd/release/11/mms/284410555,6A23,,- - Acute and transient psychotic disorder,category,1.0,False,6.0,,False,True,BlockL1-6A2,,,,,,http://id.who.int/icd/entity/405565289,
http://id.who.int/icd/entity/1974996783,http://id.who.int/icd/release/11/mms/1974996783,6A24,,- - Delusional disorder,category,1.0,False,6.0,,False,True,BlockL1-6A2,,,,,,http://id.who.int/icd/entity/405565289,
http://id.who.int/icd/entity/1358754380,http://id.who.int/icd/release/11/mms/1358754380,6A25,,- - Symptomatic manifestations of primary psychotic disorders,category,1.0,False,6.0,,False,False,BlockL1-6A2,,,,,These categories should never be used in primary coding. The codes are provided for use as supplementary or additional codes when it is desired to identify the presence of these symptoms in primary psychotic disorders.,http://id.who.int/icd/entity/405565289,
,http://id.who.int/icd/release/11/mms/405565289/other,6A2Y,,- - Other specified primary psychotic disorder,category,1.0,True,6.0,,True,True,BlockL1-6A2,,,,,,http://id.who.int/icd/entity/405565289,
,http://id.who.int/icd/release/11/mms/405565289/unspecified,6A2Z,,"- - Schizophrenia or other primary psychotic disorders, unspecified",category,1.0,True,6.0,,True,True,BlockL1-6A2,,,,,,http://id.who.int/icd/entity/405565289,
http://id.who.int/icd/entity/486722075,http://id.who.int/icd/release/11/mms/486722075,,BlockL1-6A4,- Catatonia,block,1.0,False,6.0,,False,,,,,,,,http://id.who.int/icd/entity/334423054,
http://id.who.int/icd/entity/556568822,http://id.who.int/icd/release/11/mms/556568822,6A40,,- - Catatonia associated with another mental disorder,category,1.0,False,6.0,,True,True,BlockL1-6A4,,,,,,http://id.who.int/icd/entity/486722075,
http://id.who.int/icd/entity/289492002,http://id.who.int/icd/release/11/mms/289492002,6A41,,- - Catatonia induced by substances or medications,category,1.0,False,6.0,,True,True,BlockL1-6A4,,,,,,http://id.who.int/icd/entity/486722075,
,http://id.who.int/icd/release/11/mms/486722075/unspecified,6A4Z,,"- - Catatonia, unspecified",category,1.0,True,6.0,,True,True,BlockL1-6A4,,,,,,http://id.who.int/icd/entity/486722075,
http://id.who.int/icd/entity/76398729,http://id.who.int/icd/release/11/mms/76398729,,BlockL1-6A6,- Mood disorders,block,1.0,False,6.0,,False,,,,,,,,http://id.who.int/icd/entity/334423054,
http://id.who.int/icd/entity/613065957,http://id.who.int/icd/release/11/mms/613065957,,BlockL2-6A6,- - Bipolar or related disorders,block,2.0,False,6.0,,False,,BlockL1-6A6,,,,,,http://id.who.int/icd/entity/76398729,
http://id.who.int/icd/entity/1456478153,http://id.who.int/icd/release/11/mms/1456478153,6A60,,- - - Bipolar type I disorder,category,1.0,False,6.0,,False,True,BlockL1-6A6,BlockL2-6A6,,,,,http://id.who.int/icd/entity/613065957,
http://id.who.int/icd/entity/199053300,http://id.who.int/icd/release/11/mms/199053300,6A61,,- - - Bipolar type II disorder,category,1.0,False,6.0,,False,True,BlockL1-6A6,BlockL2-6A6,,,,,http://id.who.int/icd/entity/613065957,
http://id.who.int/icd/entity/1427638883,http://id.who.int/icd/release/11/mms/1427638883,6A62,,- - - Cyclothymic disorder,category,1.0,False,6.0,,True,True,BlockL1-6A6,BlockL2-6A6,,,,,http://id.who.int/icd/entity/613065957,
,http://id.who.int/icd/release/11/mms/613065957/other,6A6Y,,- - - Other specified bipolar or related disorders,category,1.0,True,6.0,,True,True,BlockL1-6A6,BlockL2-6A6,,,,,http://id.who.int/icd/entity/613065957,
,http://id.who.int/icd/release/11/mms/613065957/unspecified,6A6Z,,"- - - Bipolar or related disorders, unspecified",category,1.0,True,6.0,,True,True,BlockL1-6A6,BlockL2-6A6,,,,,http://id.who.int/icd/entity/613065957,
http://id.who.int/icd/entity/1563440232,http://id.who.int/icd/release/11/mms/1563440232,,BlockL2-6A7,- - Depressive disorders,block,2.0,False,6.0,,False,,BlockL1-6A6,,,,,,http://id.who.int/icd/entity/76398729,
http://id.who.int/icd/entity/578635574,http://id.who.int/icd/release/11/mms/578635574,6A70,,- - - Single episode depressive disorder,category,1.0,False,6.0,,False,True,BlockL1-6A6,BlockL2-6A7,,,,,http://id.who.int/icd/entity/1563440232,
http://id.who.int/icd/entity/1194756772,http://id.who.int/icd/release/11/mms/1194756772,6A71,,- - - Recurrent depressive disorder,category,1.0,False,6.0,,False,True,BlockL1-6A6,BlockL2-6A7,,,,,http://id.who.int/icd/entity/1563440232,
http://id.who.int/icd/entity/810797047,http://id.who.int/icd/release/11/mms/810797047,6A72,,- - - Dysthymic disorder,category,1.0,False,6.0,,True,True,BlockL1-6A6,BlockL2-6A7,,,,,http://id.who.int/icd/entity/1563440232,
http://id.who.int/icd/entity/314468192,http://id.who.int/icd/release/11/mms/314468192,6A73,,- - - Mixed depressive and anxiety disorder,category,1.0,False,6.0,,True,True,BlockL1-6A6,BlockL2-6A7,,,,,http://id.who.int/icd/entity/1563440232,
,http://id.who.int/icd/release/11/mms/1563440232/other,6A7Y,,- - - Other specified depressive disorders,category,1.0,True,6.0,,True,True,BlockL1-6A6,BlockL2-6A7,,,,,http://id.who.int/icd/entity/1563440232,
,http://id.who.int/icd/release/11/mms/1563440232/unspecified,6A7Z,,"- - - Depressive disorders, unspecified",category,1.0,True,6.0,,True,True,BlockL1-6A6,BlockL2-6A7,,,,,http://id.who.int/icd/entity/1563440232,
http://id.who.int/icd/entity/496273089,http://id.who.int/icd/release/11/mms/496273089,6A80,,- - Symptomatic and course presentations for mood episodes in mood disorders,category,1.0,False,6.0,,False,True,BlockL1-6A6,,,,,These categories should never be used in primary coding. The codes are provided for use as supplementary or additional codes when it is desired to identify specific clinically important features of mood episodes in mood disorders.,http://id.who.int/icd/entity/76398729,
,http://id.who.int/icd/release/11/mms/76398729/other,6A8Y,,- - Other specified mood disorders,category,1.0,True,6.0,,True,True,BlockL1-6A6,,,,,,http://id.who.int/icd/entity/76398729,
,http://id.who.int/icd/release/11/mms/76398729/unspecified,6A8Z,,"- - Mood disorders, unspecified",category,1.0,True,6.0,,True,True,BlockL1-6A6,,,,,,http://id.who.int/icd/entity/76398729,
http://id.who.int/icd/entity/1336943699,http://id.who.int/icd/release/11/mms/1336943699,,BlockL1-6B0,- Anxiety or fear-related disorders,block,1.0,False,6.0,,False,,,,,,,,http://id.who.int/icd/entity/334423054,
http://id.who.int/icd/entity/1712535455,http://id.who.int/icd/release/11/mms/1712535455,6B00,,- - Generalised anxiety disorder,category,1.0,False,6.0,,True,True,BlockL1-6B0,,,,,,http://id.who.int/icd/entity/1336943699,
http://id.who.int/icd/entity/56162827,http://id.who.int/icd/release/11/mms/56162827,6B01,,- - Panic disorder,category,1.0,False,6.0,,True,True,BlockL1-6B0,,,,,,http://id.who.int/icd/entity/1336943699,
http://id.who.int/icd/entity/530592394,http://id.who.int/icd/release/11/mms/530592394,6B02,,- - Agoraphobia,category,1.0,False,6.0,,True,True,BlockL1-6B0,,,,,,http://id.who.int/icd/entity/1336943699,
http://id.who.int/icd/entity/239513569,http://id.who.int/icd/release/11/mms/239513569,6B03,,- - Specific phobia,category,1.0,False,6.0,,True,True,BlockL1-6B0,,,,,,http://id.who.int/icd/entity/1336943699,
http://id.who.int/icd/entity/2062286624,http://id.who.int/icd/release/11/mms/2062286624,6B04,,- - Social anxiety disorder,category,1.0,False,6.0,,True,True,BlockL1-6B0,,,,,,http://id.who.int/icd/entity/1336943699,
http://id.who.int/icd/entity/830200631,http://id.who.int/icd/release/11/mms/830200631,6B05,,- - Separation anxiety disorder,category,1.0,False,6.0,,True,True,BlockL1-6B0,,,,,,http://id.who.int/icd/entity/1336943699,
http://id.who.int/icd/entity/167946871,http://id.who.int/icd/release/11/mms/167946871,6B06,,- - Selective mutism,category,1.0,False,6.0,,True,True,BlockL1-6B0,,,,,,http://id.who.int/icd/entity/1336943699,
,http://id.who.int/icd/release/11/mms/1336943699/other,6B0Y,,- - Other specified anxiety or fear-related disorders,category,1.0,True,6.0,,True,True,BlockL1-6B0,,,,,,http://id.who.int/icd/entity/1336943699,
,http://id.who.int/icd/release/11/mms/1336943699/unspecified,6B0Z,,"- - Anxiety or fear-related disorders, unspecified",category,1.0,True,6.0,,True,True,BlockL1-6B0,,,,,,http://id.who.int/icd/entity/1336943699,
http://id.who.int/icd/entity/1321276661,http://id.who.int/icd/release/11/mms/1321276661,,BlockL1-6B2,- Obsessive-compulsive or related disorders,block,1.0,False,6.0,,False,,,,,,,,http://id.who.int/icd/entity/334423054,
http://id.who.int/icd/entity/1582741816,http://id.who.int/icd/release/11/mms/1582741816,6B20,,- - Obsessive-compulsive disorder,category,1.0,False,6.0,,False,True,BlockL1-6B2,,,,,,http://id.who.int/icd/entity/1321276661,
http://id.who.int/icd/entity/731724655,http://id.who.int/icd/release/11/mms/731724655,6B21,,- - Body dysmorphic disorder,category,1.0,False,6.0,,False,True,BlockL1-6B2,,,,,,http://id.who.int/icd/entity/1321276661,
http://id.who.int/icd/entity/1119008568,http://id.who.int/icd/release/11/mms/1119008568,6B22,,- - Olfactory reference disorder,category,1.0,False,6.0,,False,True,BlockL1-6B2,,,,,,http://id.who.int/icd/entity/1321276661,
http://id.who.int/icd/entity/675329566,http://id.who.int/icd/release/11/mms/675329566,6B23,,- - Hypochondriasis,category,1.0,False,6.0,,False,True,BlockL1-6B2,,,,,,http://id.who.int/icd/entity/1321276661,
http://id.who.int/icd/entity/1991016628,http://id.who.int/icd/release/11/mms/1991016628,6B24,,- - Hoarding disorder,category,1.0,False,6.0,,False,True,BlockL1-6B2,,,,,,http://id.who.int/icd/entity/1321276661,
http://id.who.int/icd/entity/1121465374,http://id.who.int/icd/release/11/mms/1121465374,6B25,,- - Body-focused repetitive behaviour disorders,category,1.0,False,6.0,,False,True,BlockL1-6B2,,,,,,http://id.who.int/icd/entity/1321276661,
,http://id.who.int/icd/release/11/mms/1321276661/other,6B2Y,,- - Other specified obsessive-compulsive or related disorders,category,1.0,True,6.0,,True,True,BlockL1-6B2,,,,,,http://id.who.int/icd/entity/1321276661,
,http://id.who.int/icd/release/11/mms/1321276661/unspecified,6B2Z,,"- - Obsessive-compulsive or related disorders, unspecified",category,1.0,True,6.0,,True,True,BlockL1-6B2,,,,,,http://id.who.int/icd/entity/1321276661,
http://id.who.int/icd/entity/991786158,http://id.who.int/icd/release/11/mms/991786158,,BlockL1-6B4,- Disorders specifically associated with stress,block,1.0,False,6.0,,False,,,,,,,,http://id.who.int/icd/entity/334423054,
http://id.who.int/icd/entity/2070699808,http://id.who.int/icd/release/11/mms/2070699808,6B40,,- - Post traumatic stress disorder,category,1.0,False,6.0,,True,True,BlockL1-6B4,,,,,,http://id.who.int/icd/entity/991786158,
http://id.who.int/icd/entity/585833559,http://id.who.int/icd/release/11/mms/585833559,6B41,,- - Complex post traumatic stress disorder,category,1.0,False,6.0,,True,True,BlockL1-6B4,,,,,,http://id.who.int/icd/entity/991786158,
http://id.who.int/icd/entity/1183832314,http://id.who.int/icd/release/11/mms/1183832314,6B42,,- - Prolonged grief disorder,category,1.0,False,6.0,,True,True,BlockL1-6B4,,,,,,http://id.who.int/icd/entity/991786158,
http://id.who.int/icd/entity/264310751,http://id.who.int/icd/release/11/mms/264310751,6B43,,- - Adjustment disorder,category,1.0,False,6.0,,True,True,BlockL1-6B4,,,,,,http://id.who.int/icd/entity/991786158,
http://id.who.int/icd/entity/1867081699,http://id.who.int/icd/release/11/mms/1867081699,6B44,,- - Reactive attachment disorder,category,1.0,False,6.0,,True,True,BlockL1-6B4,,,,,,http://id.who.int/icd/entity/991786158,
http://id.who.int/icd/entity/467941148,http://id.who.int/icd/release/11/mms/467941148,6B45,,- - Disinhibited social engagement disorder,category,1.0,False,6.0,,True,True,BlockL1-6B4,,,,,,http://id.who.int/icd/entity/991786158,
,http://id.who.int/icd/release/11/mms/991786158/other,6B4Y,,- - Other specified disorders specifically associated with stress,category,1.0,True,6.0,,True,True,BlockL1-6B4,,,,,,http://id.who.int/icd/entity/991786158,
,http://id.who.int/icd/release/11/mms/991786158/unspecified,6B4Z,,"- - Disorders specifically associated with stress, unspecified",category,1.0,True,6.0,,True,True,BlockL1-6B4,,,,,,http://id.who.int/icd/entity/991786158,
http://id.who.int/icd/entity/108180424,http://id.who.int/icd/release/11/mms/108180424,,BlockL1-6B6,- Dissociative disorders,block,1.0,False,6.0,,False,,,,,,,,http://id.who.int/icd/entity/334423054,
http://id.who.int/icd/entity/1069443471,http://id.who.int/icd/release/11/mms/1069443471,6B60,,- - Dissociative neurological symptom disorder,category,1.0,False,6.0,,False,True,BlockL1-6B6,,,,,,http://id.who.int/icd/entity/108180424,
http://id.who.int/icd/entity/626975732,http://id.who.int/icd/release/11/mms/626975732,6B61,,- - Dissociative amnesia,category,1.0,False,6.0,,False,True,BlockL1-6B6,,,,,,http://id.who.int/icd/entity/108180424,
http://id.who.int/icd/entity/1807490186,http://id.who.int/icd/release/11/mms/1807490186,6B62,,- - Trance disorder,category,1.0,False,6.0,,True,True,BlockL1-6B6,,,,,,http://id.who.int/icd/entity/108180424,
http://id.who.int/icd/entity/1374925579,http://id.who.int/icd/release/11/mms/1374925579,6B63,,- - Possession trance disorder,category,1.0,False,6.0,,True,True,BlockL1-6B6,,,,,,http://id.who.int/icd/entity/108180424,
http://id.who.int/icd/entity/1829103493,http://id.who.int/icd/release/11/mms/1829103493,6B64,,- - Dissociative identity disorder,category,1.0,False,6.0,,True,True,BlockL1-6B6,,,,,,http://id.who.int/icd/entity/108180424,
http://id.who.int/icd/entity/988400777,http://id.who.int/icd/release/11/mms/988400777,6B65,,- - Partial dissociative identity disorder,category,1.0,False,6.0,,True,True,BlockL1-6B6,,,,,,http://id.who.int/icd/entity/108180424,
http://id.who.int/icd/entity/253124068,http://id.who.int/icd/release/11/mms/253124068,6B66,,- - Depersonalization-derealization disorder,category,1.0,False,6.0,,True,True,BlockL1-6B6,,,,,,http://id.who.int/icd/entity/108180424,
,http://id.who.int/icd/release/11/mms/108180424/other,6B6Y,,- - Other specified dissociative disorders,category,1.0,True,6.0,,True,True,BlockL1-6B6,,,,,,http://id.who.int/icd/entity/108180424,
,http://id.who.int/icd/release/11/mms/108180424/unspecified,6B6Z,,"- - Dissociative disorders, unspecified",category,1.0,True,6.0,,True,True,BlockL1-6B6,,,,,,http://id.who.int/icd/entity/108180424,
http://id.who.int/icd/entity/1412387537,http://id.who.int/icd/release/11/mms/1412387537,,BlockL1-6B8,- Feeding or eating disorders,block,1.0,False,6.0,,False,,,,,,,,http://id.who.int/icd/entity/334423054,
http://id.who.int/icd/entity/263852475,http://id.who.int/icd/release/11/mms/263852475,6B80,,- - Anorexia Nervosa,category,1.0,False,6.0,,False,True,BlockL1-6B8,,,,,,http://id.who.int/icd/entity/1412387537,
http://id.who.int/icd/entity/509381842,http://id.who.int/icd/release/11/mms/509381842,6B81,,- - Bulimia Nervosa,category,1.0,False,6.0,,True,True,BlockL1-6B8,,,,,,http://id.who.int/icd/entity/1412387537,
http://id.who.int/icd/entity/1673294767,http://id.who.int/icd/release/11/mms/1673294767,6B82,,- - Binge eating disorder,category,1.0,False,6.0,,True,True,BlockL1-6B8,,,,,,http://id.who.int/icd/entity/1412387537,
http://id.who.int/icd/entity/1242188600,http://id.who.int/icd/release/11/mms/1242188600,6B83,,- - Avoidant-restrictive food intake disorder,category,1.0,False,6.0,,True,True,BlockL1-6B8,,,,,,http://id.who.int/icd/entity/1412387537,
http://id.who.int/icd/entity/833390860,http://id.who.int/icd/release/11/mms/833390860,6B84,,- - Pica,category,1.0,False,6.0,,True,True,BlockL1-6B8,,,,,,http://id.who.int/icd/entity/1412387537,
http://id.who.int/icd/entity/1205760590,http://id.who.int/icd/release/11/mms/1205760590,6B85,,- - Rumination-regurgitation disorder,category,1.0,False,6.0,,True,True,BlockL1-6B8,,,,,,http://id.who.int/icd/entity/1412387537,
,http://id.who.int/icd/release/11/mms/1412387537/other,6B8Y,,- - Other specified feeding or eating disorders,category,1.0,True,6.0,,True,True,BlockL1-6B8,,,,,,http://id.who.int/icd/entity/1412387537,
,http://id.who.int/icd/release/11/mms/1412387537/unspecified,6B8Z,,"- - Feeding or eating disorders, unspecified",category,1.0,True,6.0,,True,True,BlockL1-6B8,,,,,,http://id.who.int/icd/entity/1412387537,
http://id.who.int/icd/entity/1884115764,http://id.who.int/icd/release/11/mms/1884115764,,BlockL1-6C0,- Elimination disorders,block,1.0,False,6.0,,False,,,,,,,,http://id.who.int/icd/entity/334423054,
http://id.who.int/icd/entity/1157749237,http://id.who.int/icd/release/11/mms/1157749237,6C00,,- - Enuresis,category,1.0,False,6.0,,False,True,BlockL1-6C0,,,,,,http://id.who.int/icd/entity/1884115764,
http://id.who.int/icd/entity/313374467,http://id.who.int/icd/release/11/mms/313374467,6C01,,- - Encopresis,category,1.0,False,6.0,,False,True,BlockL1-6C0,,,,,,http://id.who.int/icd/entity/1884115764,
,http://id.who.int/icd/release/11/mms/1884115764/unspecified,6C0Z,,"- - Elimination disorders, unspecified",category,1.0,True,6.0,,True,True,BlockL1-6C0,,,,,,http://id.who.int/icd/entity/1884115764,
http://id.who.int/icd/entity/794195577,http://id.who.int/icd/release/11/mms/794195577,,BlockL1-6C2,- Disorders of bodily distress or bodily experience,block,1.0,False,6.0,,False,,,,,,,,http://id.who.int/icd/entity/334423054,
http://id.who.int/icd/entity/767044268,http://id.who.int/icd/release/11/mms/767044268,6C20,,- - Bodily distress disorder,category,1.0,False,6.0,,False,True,BlockL1-6C2,,,,,,http://id.who.int/icd/entity/794195577,
http://id.who.int/icd/entity/256572629,http://id.who.int/icd/release/11/mms/256572629,6C21,,- - Body integrity dysphoria,category,1.0,False,6.0,,True,True,BlockL1-6C2,,,,,,http://id.who.int/icd/entity/794195577,
,http://id.who.int/icd/release/11/mms/794195577/other,6C2Y,,- - Other specified disorders of bodily distress or bodily experience,category,1.0,True,6.0,,True,True,BlockL1-6C2,,,,,,http://id.who.int/icd/entity/794195577,
,http://id.who.int/icd/release/11/mms/794195577/unspecified,6C2Z,,"- - Disorders of bodily distress or bodily experience, unspecified",category,1.0,True,6.0,,True,True,BlockL1-6C2,,,,,,http://id.who.int/icd/entity/794195577,
http://id.who.int/icd/entity/1602669465,http://id.who.int/icd/release/11/mms/1602669465,,BlockL1-6C4,- Disorders due to substance use or addictive behaviours,block,1.0,False,6.0,,False,,,,,,,,http://id.who.int/icd/entity/334423054,
http://id.who.int/icd/entity/590211325,http://id.who.int/icd/release/11/mms/590211325,,BlockL2-6C4,- - Disorders due to substance use,block,2.0,False,6.0,,False,,BlockL1-6C4,,,,,,http://id.who.int/icd/entity/1602669465,
http://id.who.int/icd/entity/1676588433,http://id.who.int/icd/release/11/mms/1676588433,6C40,,- - - Disorders due to use of alcohol,category,1.0,False,6.0,,False,True,BlockL1-6C4,BlockL2-6C4,,,,,http://id.who.int/icd/entity/590211325,
http://id.who.int/icd/entity/1913137404,http://id.who.int/icd/release/11/mms/1913137404,6C41,,- - - Disorders due to use of cannabis,category,1.0,False,6.0,,False,True,BlockL1-6C4,BlockL2-6C4,,,,,http://id.who.int/icd/entity/590211325,
http://id.who.int/icd/entity/804833492,http://id.who.int/icd/release/11/mms/804833492,6C42,,- - - Disorders due to use of synthetic cannabinoids,category,1.0,False,6.0,,False,True,BlockL1-6C4,BlockL2-6C4,,,,,http://id.who.int/icd/entity/590211325,
http://id.who.int/icd/entity/111507461,http://id.who.int/icd/release/11/mms/111507461,6C43,,- - - Disorders due to use of opioids,category,1.0,False,6.0,,False,True,BlockL1-6C4,BlockL2-6C4,,,,,http://id.who.int/icd/entity/590211325,
http://id.who.int/icd/entity/390325614,http://id.who.int/icd/release/11/mms/390325614,6C44,,"- - - Disorders due to use of sedatives, hypnotics or anxiolytics",category,1.0,False,6.0,,False,True,BlockL1-6C4,BlockL2-6C4,,,,,http://id.who.int/icd/entity/590211325,
http://id.who.int/icd/entity/1689089786,http://id.who.int/icd/release/11/mms/1689089786,6C45,,- - - Disorders due to use of cocaine,category,1.0,False,6.0,,False,True,BlockL1-6C4,BlockL2-6C4,,,,,http://id.who.int/icd/entity/590211325,
http://id.who.int/icd/entity/1016273204,http://id.who.int/icd/release/11/mms/1016273204,6C46,,"- - - Disorders due to use of stimulants including amphetamines, methamphetamine or methcathinone",category,1.0,False,6.0,,False,True,BlockL1-6C4,BlockL2-6C4,,,,,http://id.who.int/icd/entity/590211325,
http://id.who.int/icd/entity/1605818663,http://id.who.int/icd/release/11/mms/1605818663,6C47,,- - - Disorders due to use of synthetic cathinones,category,1.0,False,6.0,,False,True,BlockL1-6C4,BlockL2-6C4,,,,,http://id.who.int/icd/entity/590211325,
http://id.who.int/icd/entity/31898480,http://id.who.int/icd/release/11/mms/31898480,6C48,,- - - Disorders due to use of caffeine,category,1.0,False,6.0,,False,True,BlockL1-6C4,BlockL2-6C4,,,,,http://id.who.int/icd/entity/590211325,
http://id.who.int/icd/entity/1967909777,http://id.who.int/icd/release/11/mms/1967909777,6C49,,- - - Disorders due to use of hallucinogens,category,1.0,False,6.0,,False,True,BlockL1-6C4,BlockL2-6C4,,,,,http://id.who.int/icd/entity/590211325,
http://id.who.int/icd/entity/268445189,http://id.who.int/icd/release/11/mms/268445189,6C4A,,- - - Disorders due to use of nicotine,category,1.0,False,6.0,,False,True,BlockL1-6C4,BlockL2-6C4,,,,,http://id.who.int/icd/entity/590211325,
http://id.who.int/icd/entity/1835610951,http://id.who.int/icd/release/11/mms/1835610951,6C4B,,- - - Disorders due to use of volatile inhalants,category,1.0,False,6.0,,False,True,BlockL1-6C4,BlockL2-6C4,,,,,http://id.who.int/icd/entity/590211325,
http://id.who.int/icd/entity/1218193465,http://id.who.int/icd/release/11/mms/1218193465,6C4C,,"- - - Disorders due to use of methylene-dioxymethamphetamine [MDMA] or related drugs, including methylene-dioxyamphetamine [MDA]",category,1.0,False,6.0,,False,True,BlockL1-6C4,BlockL2-6C4,,,,,http://id.who.int/icd/entity/590211325,
http://id.who.int/icd/entity/470484338,http://id.who.int/icd/release/11/mms/470484338,6C4D,,- - - Disorders due to use of dissociative drugs including ketamine or phencyclidine (PCP),category,1.0,False,6.0,,False,True,BlockL1-6C4,BlockL2-6C4,,,,,http://id.who.int/icd/entity/590211325,
http://id.who.int/icd/entity/136511187,http://id.who.int/icd/release/11/mms/136511187,6C4E,,"- - - Disorders due to use of other specified psychoactive substances, including medications",category,1.0,False,6.0,,False,True,BlockL1-6C4,BlockL2-6C4,,,,,http://id.who.int/icd/entity/590211325,
http://id.who.int/icd/entity/601226803,http://id.who.int/icd/release/11/mms/601226803,6C4F,,"- - - Disorders due to use of multiple specified psychoactive substances, including medications",category,1.0,False,6.0,,False,True,BlockL1-6C4,BlockL2-6C4,,,,,http://id.who.int/icd/entity/590211325,
http://id.who.int/icd/entity/1414319298,http://id.who.int/icd/release/11/mms/1414319298,6C4G,,- - - Disorders due to use of unknown or unspecified psychoactive substances,category,1.0,False,6.0,,False,True,BlockL1-6C4,BlockL2-6C4,,,,,http://id.who.int/icd/entity/590211325,
http://id.who.int/icd/entity/247116319,http://id.who.int/icd/release/11/mms/247116319,6C4H,,- - - Disorders due to use of non-psychoactive substances,category,1.0,False,6.0,,False,True,BlockL1-6C4,BlockL2-6C4,,,,,http://id.who.int/icd/entity/590211325,
,http://id.who.int/icd/release/11/mms/590211325/other,6C4Y,,- - - Other specified disorders due to substance use,category,1.0,True,6.0,,True,True,BlockL1-6C4,BlockL2-6C4,,,,,http://id.who.int/icd/entity/590211325,
,http://id.who.int/icd/release/11/mms/590211325/unspecified,6C4Z,,"- - - Disorders due to substance use, unspecified",category,1.0,True,6.0,,True,True,BlockL1-6C4,BlockL2-6C4,,,,,http://id.who.int/icd/entity/590211325,
http://id.who.int/icd/entity/499894965,http://id.who.int/icd/release/11/mms/499894965,,BlockL2-6C5,- - Disorders due to addictive behaviours,block,2.0,False,6.0,,False,,BlockL1-6C4,,,,,,http://id.who.int/icd/entity/1602669465,
http://id.who.int/icd/entity/1041487064,http://id.who.int/icd/release/11/mms/1041487064,6C50,,- - - Gambling disorder,category,1.0,False,6.0,,False,True,BlockL1-6C4,BlockL2-6C5,,,,,http://id.who.int/icd/entity/499894965,
http://id.who.int/icd/entity/1448597234,http://id.who.int/icd/release/11/mms/1448597234,6C51,,- - - Gaming disorder,category,1.0,False,6.0,,False,True,BlockL1-6C4,BlockL2-6C5,,,,,http://id.who.int/icd/entity/499894965,
,http://id.who.int/icd/release/11/mms/499894965/other,6C5Y,,- - - Other specified disorders due to addictive behaviours,category,1.0,True,6.0,,True,True,BlockL1-6C4,BlockL2-6C5,,,,,http://id.who.int/icd/entity/499894965,
,http://id.who.int/icd/release/11/mms/499894965/unspecified,6C5Z,,"- - - Disorders due to addictive behaviours, unspecified",category,1.0,True,6.0,,True,True,BlockL1-6C4,BlockL2-6C5,,,,,http://id.who.int/icd/entity/499894965,
http://id.who.int/icd/entity/826065555,http://id.who.int/icd/release/11/mms/826065555,,BlockL1-6C7,- Impulse control disorders,block,1.0,False,6.0,,False,,,,,,,,http://id.who.int/icd/entity/334423054,
http://id.who.int/icd/entity/1532500290,http://id.who.int/icd/release/11/mms/1532500290,6C70,,- - Pyromania,category,1.0,False,6.0,,True,True,BlockL1-6C7,,,,,,http://id.who.int/icd/entity/826065555,
http://id.who.int/icd/entity/804604349,http://id.who.int/icd/release/11/mms/804604349,6C71,,- - Kleptomania,category,1.0,False,6.0,,True,True,BlockL1-6C7,,,,,"If stealing occurs within the context of conduct-dissocial disorder or a manic episode, Kleptomania should not be diagnosed separately.",http://id.who.int/icd/entity/826065555,
http://id.who.int/icd/entity/1630268048,http://id.who.int/icd/release/11/mms/1630268048,6C72,,- - Compulsive sexual behaviour disorder,category,1.0,False,6.0,,True,True,BlockL1-6C7,,,,,,http://id.who.int/icd/entity/826065555,
http://id.who.int/icd/entity/295017661,http://id.who.int/icd/release/11/mms/295017661,6C73,,- - Intermittent explosive disorder,category,1.0,False,6.0,,True,True,BlockL1-6C7,,,,,,http://id.who.int/icd/entity/826065555,
,http://id.who.int/icd/release/11/mms/826065555/other,6C7Y,,- - Other specified impulse control disorders,category,1.0,True,6.0,,True,True,BlockL1-6C7,,,,,,http://id.who.int/icd/entity/826065555,
,http://id.who.int/icd/release/11/mms/826065555/unspecified,6C7Z,,"- - Impulse control disorders, unspecified",category,1.0,True,6.0,,True,True,BlockL1-6C7,,,,,,http://id.who.int/icd/entity/826065555,
http://id.who.int/icd/entity/310393530,http://id.who.int/icd/release/11/mms/310393530,,BlockL1-6C9,- Disruptive behaviour or dissocial disorders,block,1.0,False,6.0,,False,,,,,,,,http://id.who.int/icd/entity/334423054,
http://id.who.int/icd/entity/1487528823,http://id.who.int/icd/release/11/mms/1487528823,6C90,,- - Oppositional defiant disorder,category,1.0,False,6.0,,False,True,BlockL1-6C9,,,,,,http://id.who.int/icd/entity/310393530,
http://id.who.int/icd/entity/719572464,http://id.who.int/icd/release/11/mms/719572464,6C91,,- - Conduct-dissocial disorder,category,1.0,False,6.0,,False,True,BlockL1-6C9,,,,,,http://id.who.int/icd/entity/310393530,
,http://id.who.int/icd/release/11/mms/310393530/other,6C9Y,,- - Other specified disruptive behaviour or dissocial disorders,category,1.0,True,6.0,,True,True,BlockL1-6C9,,,,,,http://id.who.int/icd/entity/310393530,
,http://id.who.int/icd/release/11/mms/310393530/unspecified,6C9Z,,"- - Disruptive behaviour or dissocial disorders, unspecified",category,1.0,True,6.0,,True,True,BlockL1-6C9,,,,,,http://id.who.int/icd/entity/310393530,
http://id.who.int/icd/entity/37291724,http://id.who.int/icd/release/11/mms/37291724,,BlockL1-6D1,- Personality disorders and related traits,block,1.0,False,6.0,,False,,,,,,,,http://id.who.int/icd/entity/334423054,
http://id.who.int/icd/entity/941859884,http://id.who.int/icd/release/11/mms/941859884,6D10,,- - Personality disorder,category,1.0,False,6.0,,False,True,BlockL1-6D1,,,,,,http://id.who.int/icd/entity/37291724,
http://id.who.int/icd/entity/1128733473,http://id.who.int/icd/release/11/mms/1128733473,6D11,,- - Prominent personality traits or patterns,category,1.0,False,6.0,,False,True,BlockL1-6D1,,,,,"The following categories should ONLY be used in combination with a Personality disorder category (Mild, Moderate, or Severe) or Personality difficulty.",http://id.who.int/icd/entity/37291724,
http://id.who.int/icd/entity/2110604642,http://id.who.int/icd/release/11/mms/2110604642,,BlockL1-6D3,- Paraphilic disorders,block,1.0,False,6.0,,False,,,,,,,,http://id.who.int/icd/entity/334423054,
http://id.who.int/icd/entity/141881468,http://id.who.int/icd/release/11/mms/141881468,6D30,,- - Exhibitionistic disorder,category,1.0,False,6.0,,True,True,BlockL1-6D3,,,,,,http://id.who.int/icd/entity/2110604642,
http://id.who.int/icd/entity/1832861162,http://id.who.int/icd/release/11/mms/1832861162,6D31,,- - Voyeuristic disorder,category,1.0,False,6.0,,True,True,BlockL1-6D3,,,,,,http://id.who.int/icd/entity/2110604642,
http://id.who.int/icd/entity/517058174,http://id.who.int/icd/release/11/mms/517058174,6D32,,- - Pedophilic disorder,category,1.0,False,6.0,,True,True,BlockL1-6D3,,,,,,http://id.who.int/icd/entity/2110604642,
http://id.who.int/icd/entity/1890228613,http://id.who.int/icd/release/11/mms/1890228613,6D33,,- - Coercive sexual sadism disorder,category,1.0,False,6.0,,True,True,BlockL1-6D3,,,,,,http://id.who.int/icd/entity/2110604642,
http://id.who.int/icd/entity/1580013387,http://id.who.int/icd/release/11/mms/1580013387,6D34,,- - Frotteuristic disorder,category,1.0,False,6.0,,True,True,BlockL1-6D3,,,,,,http://id.who.int/icd/entity/2110604642,
http://id.who.int/icd/entity/1582257458,http://id.who.int/icd/release/11/mms/1582257458,6D35,,- - Other paraphilic disorder involving non-consenting individuals,category,1.0,False,6.0,,True,True,BlockL1-6D3,,,,,,http://id.who.int/icd/entity/2110604642,
http://id.who.int/icd/entity/2055403635,http://id.who.int/icd/release/11/mms/2055403635,6D36,,- - Paraphilic disorder involving solitary behaviour or consenting individuals,category,1.0,False,6.0,,True,True,BlockL1-6D3,,,,,,http://id.who.int/icd/entity/2110604642,
,http://id.who.int/icd/release/11/mms/2110604642/unspecified,6D3Z,,"- - Paraphilic disorders, unspecified",category,1.0,True,6.0,,True,True,BlockL1-6D3,,,,,,http://id.who.int/icd/entity/2110604642,
http://id.who.int/icd/entity/430567349,http://id.who.int/icd/release/11/mms/430567349,,BlockL1-6D5,- Factitious disorders,block,1.0,False,6.0,,False,,,,,,,,http://id.who.int/icd/entity/334423054,
http://id.who.int/icd/entity/790764418,http://id.who.int/icd/release/11/mms/790764418,6D50,,- - Factitious disorder imposed on self,category,1.0,False,6.0,,True,True,BlockL1-6D5,,,,,,http://id.who.int/icd/entity/430567349,
http://id.who.int/icd/entity/775605963,http://id.who.int/icd/release/11/mms/775605963,6D51,,- - Factitious disorder imposed on another,category,1.0,False,6.0,,True,True,BlockL1-6D5,,,,,"The diagnosis of Factitious Disorder Imposed on Another is assigned to the individual who is feigning, falsifying or inducing the symptoms in another person, not to the person who is presented as having the symptoms. Occasionally the individual induces or falsifies symptoms in a pet rather than in another person.",http://id.who.int/icd/entity/430567349,
,http://id.who.int/icd/release/11/mms/430567349/unspecified,6D5Z,,"- - Factitious disorders, unspecified",category,1.0,True,6.0,,True,True,BlockL1-6D5,,,,,,http://id.who.int/icd/entity/430567349,
http://id.who.int/icd/entity/213458094,http://id.who.int/icd/release/11/mms/213458094,,BlockL1-6D7,- Neurocognitive disorders,block,1.0,False,6.0,,False,,,,,,,,http://id.who.int/icd/entity/334423054,
http://id.who.int/icd/entity/897917531,http://id.who.int/icd/release/11/mms/897917531,6D70,,- - Delirium,category,1.0,False,6.0,,False,True,BlockL1-6D7,,,,,,http://id.who.int/icd/entity/213458094,
http://id.who.int/icd/entity/195531803,http://id.who.int/icd/release/11/mms/195531803,6D71,,- - Mild neurocognitive disorder,category,1.0,False,6.0,,True,False,BlockL1-6D7,,,,,,http://id.who.int/icd/entity/213458094,
http://id.who.int/icd/entity/386330688,http://id.who.int/icd/release/11/mms/386330688,6D72,,- - Amnestic disorder,category,1.0,False,6.0,,False,True,BlockL1-6D7,,,,,,http://id.who.int/icd/entity/213458094,
http://id.who.int/icd/entity/546689346,http://id.who.int/icd/release/11/mms/546689346,,BlockL2-6D8,- - Dementia,block,2.0,False,6.0,,False,,BlockL1-6D7,,,,,"This category should only be used for primary tabulation, if the aetiology of the dementia is unknown. If the aetiology of the dementia is known code to the aetiology of the dementia for primary tabulation. ",,
,,,,,,,,,,,,,,,,,,,
"When dementia is due to multiple aetiologies, code all that apply.",http://id.who.int/icd/entity/213458094,,,,,,,,,,,,,,,,,,
http://id.who.int/icd/entity/795022044,http://id.who.int/icd/release/11/mms/795022044,6D80,,- - - Dementia due to Alzheimer disease,category,1.0,False,6.0,,False,False,BlockL1-6D7,BlockL2-6D8,,,,This category should never be used in primary tabulation. The codes are provided for use as supplementary or additional codes when it is desired to identify the presence of dementia in diseases classified elsewhere.,http://id.who.int/icd/entity/546689346,
,,,,,,,,,,,,,,,,,,,
"When dementia is due to multiple aetiologies, code all that apply.",http://id.who.int/icd/entity/795022044,,,,,,,,,,,,,,,,,,
,,,,,,,,,,,,,,,,,,,
"When dementia is due to multiple aetiologies, code all that apply.",http://id.who.int/icd/entity/795022044,,,,,,,,,,,,,,,,,,
,,,,,,,,,,,,,,,,,,,
"When dementia is due to multiple aetiologies, code all that apply.",http://id.who.int/icd/entity/795022044,,,,,,,,,,,,,,,,,,
,,,,,,,,,,,,,,,,,,,
"When dementia is due to multiple aetiologies, code all that apply.",http://id.who.int/icd/entity/795022044,,,,,,,,,,,,,,,,,,
http://id.who.int/icd/entity/1365258270,http://id.who.int/icd/release/11/mms/1365258270,6D81,,- - - Dementia due to cerebrovascular disease,category,1.0,False,6.0,,True,False,BlockL1-6D7,BlockL2-6D8,,,,This category should never be used in primary tabulation. The codes are provided for use as supplementary or additional codes when it is desired to identify the presence of dementia in diseases classified elsewhere.,http://id.who.int/icd/entity/546689346,
http://id.who.int/icd/entity/1777436789,http://id.who.int/icd/release/11/mms/1777436789,6D82,,- - - Dementia due to Lewy body disease,category,1.0,False,6.0,,True,False,BlockL1-6D7,BlockL2-6D8,,,,This category should never be used in primary tabulation. The codes are provided for use as supplementary or additional codes when it is desired to identify the presence of dementia in diseases classified elsewhere.,,
,,,,,,,,,,,,,,,,,,,
"When dementia is due to multiple aetiologies, code all that apply.",http://id.who.int/icd/entity/546689346,,,,,,,,,,,,,,,,,,
http://id.who.int/icd/entity/831337417,http://id.who.int/icd/release/11/mms/831337417,6D83,,- - - Frontotemporal dementia,category,1.0,False,6.0,,True,False,BlockL1-6D7,BlockL2-6D8,,,,This category should never be used in primary tabulation. The codes are provided for use as supplementary or additional codes when it is desired to identify the presence of dementia in diseases classified elsewhere.,,
,,,,,,,,,,,,,,,,,,,
"When dementia is due to multiple aetiologies, code all that apply.",http://id.who.int/icd/entity/546689346,,,,,,,,,,,,,,,,,,
http://id.who.int/icd/entity/1710319105,http://id.who.int/icd/release/11/mms/1710319105,6D84,,- - - Dementia due to psychoactive substances including medications,category,1.0,False,6.0,,False,False,BlockL1-6D7,BlockL2-6D8,,,,This category should never be used in primary tabulation. The codes are provided for use as supplementary or additional codes when it is desired to identify the presence of dementia in diseases classified elsewhere.,,
,,,,,,,,,,,,,,,,,,,
"When dementia is due to multiple aetiologies, code all that apply.",http://id.who.int/icd/entity/546689346,,,,,,,,,,,,,,,,,,
,,,,,,,,,,,,,,,,,,,
"When dementia is due to multiple aetiologies, code all that apply. ",,,,,,,,,,,,,,,,,,,
,,,,,,,,,,,,,,,,,,,
This category should not be used to describe cognitive changes due to thiamine deficiency associated with chronic alcohol use.,http://id.who.int/icd/entity/1710319105,,,,,,,,,,,,,,,,,,
,,,,,,,,,,,,,,,,,,,
"When dementia is due to multiple aetiologies, code all that apply.",http://id.who.int/icd/entity/1710319105,,,,,,,,,,,,,,,,,,
,,,,,,,,,,,,,,,,,,,
"When dementia is due to multiple aetiologies, code all that apply.",http://id.who.int/icd/entity/1710319105,,,,,,,,,,,,,,,,,,
http://id.who.int/icd/entity/1468768235,http://id.who.int/icd/release/11/mms/1468768235,6D85,,- - - Dementia due to diseases classified elsewhere,category,1.0,False,6.0,,False,False,BlockL1-6D7,BlockL2-6D8,,,,This category should never be used in primary tabulation. The codes are provided for use as supplementary or additional codes when it is desired to identify the presence of dementia in diseases classified elsewhere.,,
,,,,,,,,,,,,,,,,,,,
"When dementia is due to multiple aetiologies, code all that apply.",http://id.who.int/icd/entity/546689346,,,,,,,,,,,,,,,,,,
,,,,,,,,,,,,,,,,,,,
"When dementia is due to multiple aetiologies, code all that apply.",http://id.who.int/icd/entity/1468768235,,,,,,,,,,,,,,,,,,
,,,,,,,,,,,,,,,,,,,
"When dementia is due to multiple aetiologies, code all that apply.",http://id.who.int/icd/entity/1468768235,,,,,,,,,,,,,,,,,,
,,,,,,,,,,,,,,,,,,,
"When dementia is due to multiple aetiologies, code all that apply.",http://id.who.int/icd/entity/1468768235,,,,,,,,,,,,,,,,,,
,,,,,,,,,,,,,,,,,,,
"When dementia is due to multiple aetiologies, code all that apply.",http://id.who.int/icd/entity/1468768235,,,,,,,,,,,,,,,,,,
,,,,,,,,,,,,,,,,,,,
"When dementia is due to multiple aetiologies, code all that apply.",http://id.who.int/icd/entity/1468768235,,,,,,,,,,,,,,,,,,
,,,,,,,,,,,,,,,,,,,
"When dementia is due to multiple aetiologies, code all that apply.",http://id.who.int/icd/entity/1468768235,,,,,,,,,,,,,,,,,,
,,,,,,,,,,,,,,,,,,,
"When dementia is due to multiple aetiologies, code all that apply.",http://id.who.int/icd/entity/1468768235,,,,,,,,,,,,,,,,,,
,,,,,,,,,,,,,,,,,,,
"When dementia is due to multiple aetiologies, code all that apply.",http://id.who.int/icd/entity/1468768235,,,,,,,,,,,,,,,,,,
,,,,,,,,,,,,,,,,,,,
"When dementia is due to multiple aetiologies, code all that apply.",http://id.who.int/icd/entity/1468768235,,,,,,,,,,,,,,,,,,
http://id.who.int/icd/entity/148241182,http://id.who.int/icd/release/11/mms/148241182,6D86,,- - - Behavioural or psychological disturbances in dementia,category,1.0,False,6.0,,False,False,BlockL1-6D7,BlockL2-6D8,,,,These categories should never be used in primary tabulation. The codes are provided for use as supplementary or additional codes when it is desired to identify the presence of behavioural or psychological disturbance in dementia.,,
,,,,,,,,,,,,,,,,,,,
Code all that apply.,http://id.who.int/icd/entity/546689346,,,,,,,,,,,,,,,,,,
,http://id.who.int/icd/release/11/mms/546689346/other,6D8Y,,"- - - Dementia, other specified cause",category,1.0,True,6.0,,True,True,BlockL1-6D7,BlockL2-6D8,,,,,http://id.who.int/icd/entity/546689346,
,http://id.who.int/icd/release/11/mms/546689346/unspecified,6D8Z,,"- - - Dementia, unknown or unspecified cause",category,1.0,True,6.0,,True,True,BlockL1-6D7,BlockL2-6D8,,,,,http://id.who.int/icd/entity/546689346,
,http://id.who.int/icd/release/11/mms/213458094/other,6E0Y,,- - Other specified neurocognitive disorders,category,1.0,True,6.0,,True,True,BlockL1-6D7,,,,,,http://id.who.int/icd/entity/213458094,
,http://id.who.int/icd/release/11/mms/213458094/unspecified,6E0Z,,"- - Neurocognitive disorders, unspecified",category,1.0,True,6.0,,True,True,BlockL1-6D7,,,,,,http://id.who.int/icd/entity/213458094,
http://id.who.int/icd/entity/882114523,http://id.who.int/icd/release/11/mms/882114523,,BlockL1-6E2,"- Mental or behavioural disorders associated with pregnancy, childbirth or the puerperium",block,1.0,False,6.0,,False,,,,,,,,http://id.who.int/icd/entity/334423054,
http://id.who.int/icd/entity/1124422593,http://id.who.int/icd/release/11/mms/1124422593,6E20,,"- - Mental or behavioural disorders associated with pregnancy, childbirth or the puerperium, without psychotic symptoms",category,1.0,False,6.0,,True,False,BlockL1-6E2,,,,,,http://id.who.int/icd/entity/882114523,
http://id.who.int/icd/entity/380591392,http://id.who.int/icd/release/11/mms/380591392,6E21,,"- - Mental or behavioural disorders associated with pregnancy, childbirth or the puerperium, with psychotic symptoms",category,1.0,False,6.0,,True,False,BlockL1-6E2,,,,,,http://id.who.int/icd/entity/882114523,
,http://id.who.int/icd/release/11/mms/882114523/unspecified,6E2Z,,"- - Mental or behavioural disorders associated with pregnancy, childbirth or the puerperium, unspecified",category,1.0,True,6.0,,True,True,BlockL1-6E2,,,,,,http://id.who.int/icd/entity/882114523,
http://id.who.int/icd/entity/523677473,http://id.who.int/icd/release/11/mms/523677473,6E40,,- Psychological or behavioural factors affecting disorders or diseases classified elsewhere,category,1.0,False,6.0,,False,True,,,,,,,http://id.who.int/icd/entity/334423054,
http://id.who.int/icd/entity/302122526,http://id.who.int/icd/release/11/mms/302122526,,BlockL1-6E6,- Secondary mental or behavioural syndromes associated with disorders or diseases classified elsewhere,block,1.0,False,6.0,,False,,,,,,,,http://id.who.int/icd/entity/334423054,
http://id.who.int/icd/entity/255980141,http://id.who.int/icd/release/11/mms/255980141,6E60,,- - Secondary neurodevelopmental syndrome,category,1.0,False,6.0,,False,False,BlockL1-6E6,,,,,,http://id.who.int/icd/entity/302122526,
http://id.who.int/icd/entity/696956921,http://id.who.int/icd/release/11/mms/696956921,6E61,,- - Secondary psychotic syndrome,category,1.0,False,6.0,,False,False,BlockL1-6E6,,,,,,http://id.who.int/icd/entity/302122526,
http://id.who.int/icd/entity/216291184,http://id.who.int/icd/release/11/mms/216291184,6E62,,- - Secondary mood syndrome,category,1.0,False,6.0,,False,False,BlockL1-6E6,,,,,,http://id.who.int/icd/entity/302122526,
http://id.who.int/icd/entity/2131412196,http://id.who.int/icd/release/11/mms/2131412196,6E63,,- - Secondary anxiety syndrome,category,1.0,False,6.0,,True,False,BlockL1-6E6,,,,,,http://id.who.int/icd/entity/302122526,
http://id.who.int/icd/entity/1126473669,http://id.who.int/icd/release/11/mms/1126473669,6E64,,- - Secondary obsessive-compulsive or related syndrome,category,1.0,False,6.0,,True,False,BlockL1-6E6,,,,,,http://id.who.int/icd/entity/302122526,
http://id.who.int/icd/entity/440469874,http://id.who.int/icd/release/11/mms/440469874,6E65,,- - Secondary dissociative syndrome,category,1.0,False,6.0,,True,False,BlockL1-6E6,,,,,,http://id.who.int/icd/entity/302122526,
http://id.who.int/icd/entity/1638354338,http://id.who.int/icd/release/11/mms/1638354338,6E66,,- - Secondary impulse control syndrome,category,1.0,False,6.0,,True,False,BlockL1-6E6,,,,,,http://id.who.int/icd/entity/302122526,
http://id.who.int/icd/entity/235421675,http://id.who.int/icd/release/11/mms/235421675,6E67,,- - Secondary neurocognitive syndrome,category,1.0,False,6.0,,True,False,BlockL1-6E6,,,,,,http://id.who.int/icd/entity/302122526,
http://id.who.int/icd/entity/1324394161,http://id.who.int/icd/release/11/mms/1324394161,6E68,,- - Secondary personality change,category,1.0,False,6.0,,True,False,BlockL1-6E6,,,,,,http://id.who.int/icd/entity/302122526,
http://id.who.int/icd/entity/518306574,http://id.who.int/icd/release/11/mms/518306574,6E69,,- - Secondary catatonia syndrome,category,1.0,False,6.0,,True,False,BlockL1-6E6,,,,,"Use additional code, if desired, for any underlying disorder if known.",http://id.who.int/icd/entity/302122526,
,http://id.who.int/icd/release/11/mms/302122526/other,6E6Y,,- - Other specified secondary mental or behavioural syndrome,category,1.0,True,6.0,,True,True,BlockL1-6E6,,,,,,http://id.who.int/icd/entity/302122526,
,http://id.who.int/icd/release/11/mms/302122526/unspecified,6E6Z,,"- - Secondary mental or behavioural syndrome, unspecified",category,1.0,True,6.0,,True,True,BlockL1-6E6,,,,,,http://id.who.int/icd/entity/302122526,
,http://id.who.int/icd/release/11/mms/334423054/other,6E8Y,,"- Other specified mental, behavioural or neurodevelopmental disorders",category,1.0,True,6.0,,True,True,,,,,,,http://id.who.int/icd/entity/334423054,
,http://id.who.int/icd/release/11/mms/334423054/unspecified,6E8Z,,"- Mental, behavioural or neurodevelopmental disorders, unspecified",category,1.0,True,6.0,,True,True,,,,,,,http://id.who.int/icd/entity/334423054,
http://id.who.int/icd/entity/1296093776,http://id.who.int/icd/release/11/mms/1296093776,,,Diseases of the nervous system,chapter,1.0,False,8.0,,False,,,,,,,,,
http://id.who.int/icd/entity/384289569,http://id.who.int/icd/release/11/mms/384289569,,BlockL1-8A0,- Movement disorders,block,1.0,False,8.0,,False,,,,,,,,http://id.who.int/icd/entity/1296093776,
http://id.who.int/icd/entity/2024168133,http://id.who.int/icd/release/11/mms/2024168133,8A00,,- - Parkinsonism,category,1.0,False,8.0,,False,True,BlockL1-8A0,,,,,,http://id.who.int/icd/entity/384289569,
http://id.who.int/icd/entity/981681252,http://id.who.int/icd/release/11/mms/981681252,8A01,,- - Choreiform disorders,category,1.0,False,8.0,,False,True,BlockL1-8A0,,,,,,http://id.who.int/icd/entity/384289569,
http://id.who.int/icd/entity/2145753518,http://id.who.int/icd/release/11/mms/2145753518,8A02,,- - Dystonic disorders,category,1.0,False,8.0,,False,True,BlockL1-8A0,,,,,,http://id.who.int/icd/entity/384289569,
http://id.who.int/icd/entity/1705355202,http://id.who.int/icd/release/11/mms/1705355202,8A03,,- - Ataxic disorders,category,1.0,False,8.0,,False,True,BlockL1-8A0,,,,,,http://id.who.int/icd/entity/384289569,
http://id.who.int/icd/entity/645263329,http://id.who.int/icd/release/11/mms/645263329,8A04,,- - Disorders associated with tremor,category,1.0,False,8.0,,False,True,BlockL1-8A0,,,,,,http://id.who.int/icd/entity/384289569,
http://id.who.int/icd/entity/1894671574,http://id.who.int/icd/release/11/mms/1894671574,8A05,,- - Tic disorders,category,1.0,False,8.0,,False,True,BlockL1-8A0,,,,,,http://id.who.int/icd/entity/384289569,
http://id.who.int/icd/entity/1231935480,http://id.who.int/icd/release/11/mms/1231935480,8A06,,- - Myoclonic disorders,category,1.0,False,8.0,,False,True,BlockL1-8A0,,,,,,http://id.who.int/icd/entity/384289569,
http://id.who.int/icd/entity/460883639,http://id.who.int/icd/release/11/mms/460883639,8A07,,- - Certain specified movement disorder,category,1.0,False,8.0,,False,True,BlockL1-8A0,,,,,,http://id.who.int/icd/entity/384289569,
,http://id.who.int/icd/release/11/mms/384289569/other,8A0Y,,- - Other specified movement disorders,category,1.0,True,8.0,,True,True,BlockL1-8A0,,,,,,http://id.who.int/icd/entity/384289569,
,http://id.who.int/icd/release/11/mms/384289569/unspecified,8A0Z,,"- - Movement disorders, unspecified",category,1.0,True,8.0,,True,True,BlockL1-8A0,,,,,,http://id.who.int/icd/entity/384289569,
http://id.who.int/icd/entity/1719545571,http://id.who.int/icd/release/11/mms/1719545571,,BlockL1-8A2,- Disorders with neurocognitive impairment as a major feature,block,1.0,False,8.0,,False,,,,,,,,http://id.who.int/icd/entity/1296093776,
http://id.who.int/icd/entity/1611724421,http://id.who.int/icd/release/11/mms/1611724421,8A20,,- - Alzheimer disease,category,1.0,False,8.0,,True,True,BlockL1-8A2,,,,,,http://id.who.int/icd/entity/1719545571,
http://id.who.int/icd/entity/1345814274,http://id.who.int/icd/release/11/mms/1345814274,8A21,,- - Progressive focal atrophies,category,1.0,False,8.0,,False,True,BlockL1-8A2,,,,,,http://id.who.int/icd/entity/1719545571,
http://id.who.int/icd/entity/2091156678,http://id.who.int/icd/release/11/mms/2091156678,8A22,,- - Lewy body disease,category,1.0,False,8.0,,True,True,BlockL1-8A2,,,,,,http://id.who.int/icd/entity/1719545571,
http://id.who.int/icd/entity/2099230583,http://id.who.int/icd/release/11/mms/2099230583,8A23,,- - Frontotemporal lobar degeneration,category,1.0,False,8.0,,True,True,BlockL1-8A2,,,,,,http://id.who.int/icd/entity/1719545571,
,http://id.who.int/icd/release/11/mms/1719545571/other,8A2Y,,- - Other specified disorders with neurocognitive impairment as a major feature,category,1.0,True,8.0,,True,True,BlockL1-8A2,,,,,,http://id.who.int/icd/entity/1719545571,
,http://id.who.int/icd/release/11/mms/1719545571/unspecified,8A2Z,,"- - Disorders with neurocognitive impairment as a major feature, unspecified",category,1.0,True,8.0,,True,True,BlockL1-8A2,,,,,,http://id.who.int/icd/entity/1719545571,
http://id.who.int/icd/entity/724748131,http://id.who.int/icd/release/11/mms/724748131,,BlockL1-8A4,- Multiple sclerosis or other white matter disorders,block,1.0,False,8.0,,False,,,,,,,,http://id.who.int/icd/entity/1296093776,
http://id.who.int/icd/entity/1298865187,http://id.who.int/icd/release/11/mms/1298865187,8A40,,- - Multiple sclerosis,category,1.0,False,8.0,,False,True,BlockL1-8A4,,,,,,http://id.who.int/icd/entity/724748131,
http://id.who.int/icd/entity/1690813510,http://id.who.int/icd/release/11/mms/1690813510,8A41,,- - Isolated demyelinating syndromes of the central nervous system,category,1.0,False,8.0,,False,True,BlockL1-8A4,,,,,,http://id.who.int/icd/entity/724748131,
http://id.who.int/icd/entity/1390433308,http://id.who.int/icd/release/11/mms/1390433308,8A42,,- - Acute disseminated encephalomyelitis,category,1.0,False,8.0,,False,True,BlockL1-8A4,,,,,,http://id.who.int/icd/entity/724748131,
http://id.who.int/icd/entity/744293382,http://id.who.int/icd/release/11/mms/744293382,8A43,,- - Neuromyelitis optica,category,1.0,False,8.0,,False,True,BlockL1-8A4,,,,,,http://id.who.int/icd/entity/724748131,
http://id.who.int/icd/entity/468040251,http://id.who.int/icd/release/11/mms/468040251,8A44,,- - Leukodystrophies,category,1.0,False,8.0,,False,True,BlockL1-8A4,,,,,,http://id.who.int/icd/entity/724748131,
http://id.who.int/icd/entity/1494277413,http://id.who.int/icd/release/11/mms/1494277413,8A45,,- - Secondary white matter disorders,category,1.0,False,8.0,,False,False,BlockL1-8A4,,,,,,http://id.who.int/icd/entity/724748131,
http://id.who.int/icd/entity/1441661203,http://id.who.int/icd/release/11/mms/1441661203,8A46,,- - Central demyelination of corpus callosum,category,1.0,False,8.0,,True,True,BlockL1-8A4,,,,,,http://id.who.int/icd/entity/724748131,
,http://id.who.int/icd/release/11/mms/724748131/other,8A4Y,,- - Other specified multiple sclerosis or other white matter disorders,category,1.0,True,8.0,,True,True,BlockL1-8A4,,,,,,http://id.who.int/icd/entity/724748131,
,http://id.who.int/icd/release/11/mms/724748131/unspecified,8A4Z,,"- - Multiple sclerosis or other white matter disorders, unspecified",category,1.0,True,8.0,,True,True,BlockL1-8A4,,,,,,http://id.who.int/icd/entity/724748131,
http://id.who.int/icd/entity/1397288146,http://id.who.int/icd/release/11/mms/1397288146,,BlockL1-8A6,- Epilepsy or seizures,block,1.0,False,8.0,,False,,,,,,,"Use additional code, if desired, to identify the type of seizure.",http://id.who.int/icd/entity/1296093776,
http://id.who.int/icd/entity/2073711696,http://id.who.int/icd/release/11/mms/2073711696,8A60,,- - Epilepsy due to structural or metabolic conditions or diseases,category,1.0,False,8.0,,False,True,BlockL1-8A6,,,,,,http://id.who.int/icd/entity/1397288146,
http://id.who.int/icd/entity/517052870,http://id.who.int/icd/release/11/mms/517052870,8A61,,- - Genetic or presumed genetic syndromes primarily expressed as epilepsy,category,1.0,False,8.0,,False,True,BlockL1-8A6,,,,,,http://id.who.int/icd/entity/1397288146,
http://id.who.int/icd/entity/1786562875,http://id.who.int/icd/release/11/mms/1786562875,8A62,,- - Epileptic encephalopathies,category,1.0,False,8.0,,False,True,BlockL1-8A6,,,,,,http://id.who.int/icd/entity/1397288146,
http://id.who.int/icd/entity/1376414432,http://id.who.int/icd/release/11/mms/1376414432,8A63,,- - Seizure due to acute causes,category,1.0,False,8.0,,False,False,BlockL1-8A6,,,,,,http://id.who.int/icd/entity/1397288146,
http://id.who.int/icd/entity/2006527791,http://id.who.int/icd/release/11/mms/2006527791,8A64,,- - Single seizure due to remote causes,category,1.0,False,8.0,,True,False,BlockL1-8A6,,,,,,http://id.who.int/icd/entity/1397288146,
http://id.who.int/icd/entity/429021871,http://id.who.int/icd/release/11/mms/429021871,8A65,,- - Single unprovoked seizure,category,1.0,False,8.0,,True,True,BlockL1-8A6,,,,,,http://id.who.int/icd/entity/1397288146,
http://id.who.int/icd/entity/906174792,http://id.who.int/icd/release/11/mms/906174792,8A66,,- - Status epilepticus,category,1.0,False,8.0,,False,True,BlockL1-8A6,,,,,,http://id.who.int/icd/entity/1397288146,
http://id.who.int/icd/entity/1988362682,http://id.who.int/icd/release/11/mms/1988362682,8A67,,- - Acute repetitive seizures,category,1.0,False,8.0,,True,True,BlockL1-8A6,,,,,,http://id.who.int/icd/entity/1397288146,
http://id.who.int/icd/entity/539646260,http://id.who.int/icd/release/11/mms/539646260,8A68,,- - Types of seizures,category,1.0,False,8.0,,False,False,BlockL1-8A6,,,,,,http://id.who.int/icd/entity/1397288146,
,http://id.who.int/icd/release/11/mms/1397288146/other,8A6Y,,- - Other specified epilepsy or seizures,category,1.0,True,8.0,,True,True,BlockL1-8A6,,,,,,http://id.who.int/icd/entity/1397288146,
,http://id.who.int/icd/release/11/mms/1397288146/unspecified,8A6Z,,"- - Epilepsy or seizures, unspecified",category,1.0,True,8.0,,True,True,BlockL1-8A6,,,,,,http://id.who.int/icd/entity/1397288146,
http://id.who.int/icd/entity/28995849,http://id.who.int/icd/release/11/mms/28995849,,BlockL1-8A8,- Headache disorders,block,1.0,False,8.0,,False,,,,,,,,http://id.who.int/icd/entity/1296093776,
http://id.who.int/icd/entity/669367341,http://id.who.int/icd/release/11/mms/669367341,8A80,,- - Migraine,category,1.0,False,8.0,,False,True,BlockL1-8A8,,,,,,http://id.who.int/icd/entity/28995849,
http://id.who.int/icd/entity/1410019257,http://id.who.int/icd/release/11/mms/1410019257,8A81,,- - Tension-type headache,category,1.0,False,8.0,,False,True,BlockL1-8A8,,,,,,http://id.who.int/icd/entity/28995849,
http://id.who.int/icd/entity/607078588,http://id.who.int/icd/release/11/mms/607078588,8A82,,- - Trigeminal autonomic cephalalgias,category,1.0,False,8.0,,True,True,BlockL1-8A8,,,,,,http://id.who.int/icd/entity/28995849,
http://id.who.int/icd/entity/1350703173,http://id.who.int/icd/release/11/mms/1350703173,8A83,,- - Other primary headache disorder,category,1.0,False,8.0,,True,True,BlockL1-8A8,,,,,,http://id.who.int/icd/entity/28995849,
http://id.who.int/icd/entity/296971178,http://id.who.int/icd/release/11/mms/296971178,8A84,,- - Secondary headache,category,1.0,False,8.0,,False,False,BlockL1-8A8,,,,,,http://id.who.int/icd/entity/28995849,
http://id.who.int/icd/entity/1099694795,http://id.who.int/icd/release/11/mms/1099694795,8A85,,- - Painful cranial neuropathies or other facial pains,category,1.0,False,8.0,,True,True,BlockL1-8A8,,,,,,http://id.who.int/icd/entity/28995849,
,http://id.who.int/icd/release/11/mms/28995849/other,8A8Y,,- - Other specified headache disorders,category,1.0,True,8.0,,True,True,BlockL1-8A8,,,,,,http://id.who.int/icd/entity/28995849,
,http://id.who.int/icd/release/11/mms/28995849/unspecified,8A8Z,,"- - Headache disorders, unspecified",category,1.0,True,8.0,,True,True,BlockL1-8A8,,,,,,http://id.who.int/icd/entity/28995849,
http://id.who.int/icd/entity/843843448,http://id.who.int/icd/release/11/mms/843843448,,BlockL1-8B0,- Cerebrovascular diseases,block,1.0,False,8.0,,False,,,,,,,,http://id.who.int/icd/entity/1296093776,
http://id.who.int/icd/entity/1990827977,http://id.who.int/icd/release/11/mms/1990827977,,BlockL2-8B0,- - Intracranial haemorrhage,block,2.0,False,8.0,,False,,BlockL1-8B0,,,,,,http://id.who.int/icd/entity/843843448,
http://id.who.int/icd/entity/873092535,http://id.who.int/icd/release/11/mms/873092535,8B00,,- - - Intracerebral haemorrhage,category,1.0,False,8.0,,False,True,BlockL1-8B0,BlockL2-8B0,,,,,http://id.who.int/icd/entity/1990827977,
http://id.who.int/icd/entity/1363253283,http://id.who.int/icd/release/11/mms/1363253283,8B01,,- - - Subarachnoid haemorrhage,category,1.0,False,8.0,,False,True,BlockL1-8B0,BlockL2-8B0,,,,,http://id.who.int/icd/entity/1990827977,
http://id.who.int/icd/entity/1376522306,http://id.who.int/icd/release/11/mms/1376522306,8B02,,- - - Nontraumatic subdural haemorrhage,category,1.0,False,8.0,,True,True,BlockL1-8B0,BlockL2-8B0,,,,This entity is not part of the definition of stroke.,http://id.who.int/icd/entity/1990827977,
http://id.who.int/icd/entity/927456728,http://id.who.int/icd/release/11/mms/927456728,8B03,,- - - Nontraumatic epidural haemorrhage,category,1.0,False,8.0,,True,True,BlockL1-8B0,BlockL2-8B0,,,,This entity is not part of the definition of stroke.,http://id.who.int/icd/entity/1990827977,
,http://id.who.int/icd/release/11/mms/1990827977/unspecified,8B0Z,,"- - - Intracranial haemorrhage, unspecified",category,1.0,True,8.0,,True,True,BlockL1-8B0,BlockL2-8B0,,,,,http://id.who.int/icd/entity/1990827977,
http://id.who.int/icd/entity/1427441570,http://id.who.int/icd/release/11/mms/1427441570,,BlockL2-8B1,- - Cerebral ischaemia,block,2.0,False,8.0,,False,,BlockL1-8B0,,,,,,http://id.who.int/icd/entity/843843448,
http://id.who.int/icd/entity/826335789,http://id.who.int/icd/release/11/mms/826335789,8B10,,- - - Transient ischaemic attack,category,1.0,False,8.0,,False,True,BlockL1-8B0,BlockL2-8B1,,,,,http://id.who.int/icd/entity/1427441570,
http://id.who.int/icd/entity/636274910,http://id.who.int/icd/release/11/mms/636274910,8B11,,- - - Cerebral ischaemic stroke,category,1.0,False,8.0,,False,True,BlockL1-8B0,BlockL2-8B1,,,,"When the cause of ischaemic stroke is known, code to the cause. When the cause of ischaemic stroke is not known, code to 8B11.5-. When the cause of stroke is not known, code to 8B20 Stroke not known if ischaemic or haemorrhagic.",http://id.who.int/icd/entity/1427441570,
,http://id.who.int/icd/release/11/mms/1427441570/other,8B1Y,,- - - Other specified cerebral ischaemia,category,1.0,True,8.0,,True,True,BlockL1-8B0,BlockL2-8B1,,,,,http://id.who.int/icd/entity/1427441570,
,http://id.who.int/icd/release/11/mms/1427441570/unspecified,8B1Z,,"- - - Cerebral ischaemia, unspecified",category,1.0,True,8.0,,True,True,BlockL1-8B0,BlockL2-8B1,,,,,http://id.who.int/icd/entity/1427441570,
http://id.who.int/icd/entity/1442995018,http://id.who.int/icd/release/11/mms/1442995018,8B20,,- - Stroke not known if ischaemic or haemorrhagic,category,1.0,False,8.0,,True,True,BlockL1-8B0,,,,,,http://id.who.int/icd/entity/843843448,
http://id.who.int/icd/entity/1935481507,http://id.who.int/icd/release/11/mms/1935481507,8B21,,- - Cerebrovascular disease with no acute cerebral symptom,category,1.0,False,8.0,,False,True,BlockL1-8B0,,,,,,http://id.who.int/icd/entity/843843448,
http://id.who.int/icd/entity/581897143,http://id.who.int/icd/release/11/mms/581897143,8B22,,- - Certain specified cerebrovascular diseases,category,1.0,False,8.0,,False,True,BlockL1-8B0,,,,,,http://id.who.int/icd/entity/843843448,
http://id.who.int/icd/entity/1606819573,http://id.who.int/icd/release/11/mms/1606819573,8B23,,- - Cerebrovascular abnormalities,category,1.0,False,8.0,,True,False,BlockL1-8B0,,,,,,http://id.who.int/icd/entity/843843448,
http://id.who.int/icd/entity/805990521,http://id.who.int/icd/release/11/mms/805990521,8B24,,- - Hypoxic-ischaemic encephalopathy,category,1.0,False,8.0,,False,True,BlockL1-8B0,,,,,,http://id.who.int/icd/entity/843843448,
http://id.who.int/icd/entity/982373217,http://id.who.int/icd/release/11/mms/982373217,8B25,,- - Late effects of cerebrovascular disease,category,1.0,False,8.0,,False,True,BlockL1-8B0,,,,,"Use of the code ”Late effects of cerebrovascular disease” requires that there are residual (still persisting) symptoms or signs after a previous cerebrovascular event. Codes for neurological symptoms may be added. Code first, the specific residual condition(s) resulting from a previous cerebrovascular event. ",,
,,,,,,,,,,,,,,,,,,,
Codes for acute stroke should be exclusively used for the acute stroke and immediately related hospitalisation episodes.,http://id.who.int/icd/entity/843843448,,,,,,,,,,,,,,,,,,
,,,,,,,,,,,,,,,,,,,
Codes for acute stroke should be exclusively used for the acute stroke and immediately related hospitalisation episodes.,http://id.who.int/icd/entity/982373217,,,,,,,,,,,,,,,,,,
,,,,,,,,,,,,,,,,,,,
Codes for acute stroke should be exclusively used for the acute stroke and immediately related hospitalisation episodes.,http://id.who.int/icd/entity/982373217,,,,,,,,,,,,,,,,,,
,,,,,,,,,,,,,,,,,,,
"Code first, the specific residual condition(s) resulting from a previous cerebrovascular event. ",,,,,,,,,,,,,,,,,,,
,,,,,,,,,,,,,,,,,,,
Codes for acute stroke should be exclusively used for the acute stroke and immediately related hospitalisation episodes.,http://id.who.int/icd/entity/982373217,,,,,,,,,,,,,,,,,,
,,,,,,,,,,,,,,,,,,,
"Code first, the specific residual condition(s) resulting from a previous cerebrovascular event. ",,,,,,,,,,,,,,,,,,,
,,,,,,,,,,,,,,,,,,,
Codes for acute stroke should be exclusively used for the acute stroke and immediately related hospitalisation episodes.,http://id.who.int/icd/entity/982373217,,,,,,,,,,,,,,,,,,
,,,,,,,,,,,,,,,,,,,
"Code first, the specific residual condition(s) resulting from a previous cerebrovascular event. ",,,,,,,,,,,,,,,,,,,
,,,,,,,,,,,,,,,,,,,
Codes for acute stroke should be exclusively used for the acute stroke and immediately related hospitalisation episodes.,http://id.who.int/icd/entity/982373217,,,,,,,,,,,,,,,,,,
http://id.who.int/icd/entity/1173205716,http://id.who.int/icd/release/11/mms/1173205716,8B26,,- - Vascular syndromes of brain in cerebrovascular diseases,category,1.0,False,8.0,,False,False,BlockL1-8B0,,,,,,http://id.who.int/icd/entity/843843448,
,http://id.who.int/icd/release/11/mms/843843448/unspecified,8B2Z,,"- - Cerebrovascular diseases, unspecified",category,1.0,True,8.0,,True,True,BlockL1-8B0,,,,,,http://id.who.int/icd/entity/843843448,
http://id.who.int/icd/entity/2021326314,http://id.who.int/icd/release/11/mms/2021326314,,BlockL1-8B4,- Spinal cord disorders excluding trauma,block,1.0,False,8.0,,False,,,,,,,,http://id.who.int/icd/entity/1296093776,
http://id.who.int/icd/entity/1490265028,http://id.who.int/icd/release/11/mms/1490265028,8B40,,- - Cauda equina syndrome,category,1.0,False,8.0,,True,True,BlockL1-8B4,,,,,,http://id.who.int/icd/entity/2021326314,
http://id.who.int/icd/entity/1993728609,http://id.who.int/icd/release/11/mms/1993728609,8B41,,- - Myelitis,category,1.0,False,8.0,,True,False,BlockL1-8B4,,,,,,http://id.who.int/icd/entity/2021326314,
http://id.who.int/icd/entity/740682437,http://id.who.int/icd/release/11/mms/740682437,8B42,,- - Myelopathy,category,1.0,False,8.0,,True,False,BlockL1-8B4,,,,,,http://id.who.int/icd/entity/2021326314,
http://id.who.int/icd/entity/889563712,http://id.who.int/icd/release/11/mms/889563712,8B43,,- - Non-compressive vascular myelopathies,category,1.0,False,8.0,,False,True,BlockL1-8B4,,,,,,http://id.who.int/icd/entity/2021326314,
http://id.who.int/icd/entity/344973791,http://id.who.int/icd/release/11/mms/344973791,8B44,,- - Degenerative myelopathic disorders,category,1.0,False,8.0,,False,True,BlockL1-8B4,,,,,,http://id.who.int/icd/entity/2021326314,
,http://id.who.int/icd/release/11/mms/2021326314/other,8B4Y,,- - Other specified spinal cord disorders excluding trauma,category,1.0,True,8.0,,True,True,BlockL1-8B4,,,,,,http://id.who.int/icd/entity/2021326314,
,http://id.who.int/icd/release/11/mms/2021326314/unspecified,8B4Z,,"- - Spinal cord disorders excluding trauma, unspecified",category,1.0,True,8.0,,True,True,BlockL1-8B4,,,,,,http://id.who.int/icd/entity/2021326314,
http://id.who.int/icd/entity/1861279867,http://id.who.int/icd/release/11/mms/1861279867,,BlockL1-8B6,- Motor neuron diseases or related disorders,block,1.0,False,8.0,,False,,,,,,,,http://id.who.int/icd/entity/1296093776,
http://id.who.int/icd/entity/661720689,http://id.who.int/icd/release/11/mms/661720689,8B60,,- - Motor neuron disease,category,1.0,False,8.0,,False,True,BlockL1-8B6,,,,,,http://id.who.int/icd/entity/1861279867,
http://id.who.int/icd/entity/71074342,http://id.who.int/icd/release/11/mms/71074342,8B61,,- - Spinal muscular atrophy,category,1.0,False,8.0,,False,True,BlockL1-8B6,,,,,,http://id.who.int/icd/entity/1861279867,
http://id.who.int/icd/entity/2018885243,http://id.who.int/icd/release/11/mms/2018885243,8B62,,- - Post polio progressive muscular atrophy,category,1.0,False,8.0,,True,True,BlockL1-8B6,,,,,,http://id.who.int/icd/entity/1861279867,
,http://id.who.int/icd/release/11/mms/1861279867/other,8B6Y,,- - Other specified motor neuron diseases or related disorders,category,1.0,True,8.0,,True,True,BlockL1-8B6,,,,,,http://id.who.int/icd/entity/1861279867,
,http://id.who.int/icd/release/11/mms/1861279867/unspecified,8B6Z,,"- - Motor neuron diseases or related disorders, unspecified",category,1.0,True,8.0,,True,True,BlockL1-8B6,,,,,,http://id.who.int/icd/entity/1861279867,
http://id.who.int/icd/entity/1730644960,http://id.who.int/icd/release/11/mms/1730644960,,BlockL1-8B8,"- Disorders of nerve root, plexus or peripheral nerves",block,1.0,False,8.0,,False,,,,,,,,http://id.who.int/icd/entity/1296093776,
http://id.who.int/icd/entity/359348642,http://id.who.int/icd/release/11/mms/359348642,,BlockL2-8B8,- - Disorders of cranial nerves,block,2.0,False,8.0,,False,,BlockL1-8B8,,,,,,http://id.who.int/icd/entity/1730644960,
http://id.who.int/icd/entity/1996431326,http://id.who.int/icd/release/11/mms/1996431326,8B80,,- - - Disorders of olfactory nerve,category,1.0,False,8.0,,True,True,BlockL1-8B8,BlockL2-8B8,,,,,http://id.who.int/icd/entity/359348642,
http://id.who.int/icd/entity/1697880826,http://id.who.int/icd/release/11/mms/1697880826,8B81,,- - - Disorders of vestibulocochlear nerve,category,1.0,False,8.0,,False,True,BlockL1-8B8,BlockL2-8B8,,,,,http://id.who.int/icd/entity/359348642,
http://id.who.int/icd/entity/76391627,http://id.who.int/icd/release/11/mms/76391627,8B82,,- - - Disorders of trigeminal nerve,category,1.0,False,8.0,,False,True,BlockL1-8B8,BlockL2-8B8,,,,,http://id.who.int/icd/entity/359348642,
http://id.who.int/icd/entity/377921406,http://id.who.int/icd/release/11/mms/377921406,8B83,,- - - Disorders of spinal accessory nerve,category,1.0,False,8.0,,True,True,BlockL1-8B8,BlockL2-8B8,,,,,http://id.who.int/icd/entity/359348642,
http://id.who.int/icd/entity/38948641,http://id.who.int/icd/release/11/mms/38948641,8B84,,- - - Disorders of hypoglossal nerve,category,1.0,False,8.0,,True,True,BlockL1-8B8,BlockL2-8B8,,,,,http://id.who.int/icd/entity/359348642,
http://id.who.int/icd/entity/85036106,http://id.who.int/icd/release/11/mms/85036106,8B85,,- - - Disorders of multiple cranial nerves,category,1.0,False,8.0,,True,True,BlockL1-8B8,BlockL2-8B8,,,,,http://id.who.int/icd/entity/359348642,
http://id.who.int/icd/entity/1729725109,http://id.who.int/icd/release/11/mms/1729725109,8B86,,- - - Disorders of vagus nerve,category,1.0,False,8.0,,True,True,BlockL1-8B8,BlockL2-8B8,,,,,http://id.who.int/icd/entity/359348642,
http://id.who.int/icd/entity/330617420,http://id.who.int/icd/release/11/mms/330617420,8B87,,- - - Disorders of glossopharyngeal nerve,category,1.0,False,8.0,,True,True,BlockL1-8B8,BlockL2-8B8,,,,,http://id.who.int/icd/entity/359348642,
http://id.who.int/icd/entity/1640393055,http://id.who.int/icd/release/11/mms/1640393055,8B88,,- - - Disorders of facial nerve,category,1.0,False,8.0,,False,True,BlockL1-8B8,BlockL2-8B8,,,,,http://id.who.int/icd/entity/359348642,
,http://id.who.int/icd/release/11/mms/359348642/other,8B8Y,,- - - Other specified disorders of cranial nerves,category,1.0,True,8.0,,True,True,BlockL1-8B8,BlockL2-8B8,,,,,http://id.who.int/icd/entity/359348642,
,http://id.who.int/icd/release/11/mms/359348642/unspecified,8B8Z,,"- - - Disorders of cranial nerves, unspecified",category,1.0,True,8.0,,True,True,BlockL1-8B8,BlockL2-8B8,,,,,http://id.who.int/icd/entity/359348642,
http://id.who.int/icd/entity/63858592,http://id.who.int/icd/release/11/mms/63858592,,BlockL2-8B9,- - Nerve root or plexus disorders,block,2.0,False,8.0,,False,,BlockL1-8B8,,,,,,http://id.who.int/icd/entity/1730644960,
http://id.who.int/icd/entity/1987479592,http://id.who.int/icd/release/11/mms/1987479592,8B90,,- - - Nerve root or plexus compressions,category,1.0,False,8.0,,True,False,BlockL1-8B8,BlockL2-8B9,,,,,http://id.who.int/icd/entity/63858592,
http://id.who.int/icd/entity/1367254559,http://id.who.int/icd/release/11/mms/1367254559,8B91,,- - - Brachial plexus disorders,category,1.0,False,8.0,,False,True,BlockL1-8B8,BlockL2-8B9,,,,,http://id.who.int/icd/entity/63858592,
http://id.who.int/icd/entity/875916171,http://id.who.int/icd/release/11/mms/875916171,8B92,,- - - Lumbosacral plexus disorders,category,1.0,False,8.0,,False,True,BlockL1-8B8,BlockL2-8B9,,,,,http://id.who.int/icd/entity/63858592,
http://id.who.int/icd/entity/1802542189,http://id.who.int/icd/release/11/mms/1802542189,8B93,,- - - Radiculopathy,category,1.0,False,8.0,,False,True,BlockL1-8B8,BlockL2-8B9,,,,,http://id.who.int/icd/entity/63858592,
http://id.who.int/icd/entity/1577503643,http://id.who.int/icd/release/11/mms/1577503643,8B94,,- - - Diabetic radiculoplexoneuropathy,category,1.0,False,8.0,,True,False,BlockL1-8B8,BlockL2-8B9,,,,,http://id.who.int/icd/entity/63858592,
http://id.who.int/icd/entity/1770509481,http://id.who.int/icd/release/11/mms/1770509481,8B95,,- - - Secondary brachial plexus lesion due to certain specified disorders,category,1.0,False,8.0,,True,True,BlockL1-8B8,BlockL2-8B9,,,,,http://id.who.int/icd/entity/63858592,
,http://id.who.int/icd/release/11/mms/63858592/other,8B9Y,,- - - Other specified nerve root or plexus disorders,category,1.0,True,8.0,,True,True,BlockL1-8B8,BlockL2-8B9,,,,,http://id.who.int/icd/entity/63858592,
,http://id.who.int/icd/release/11/mms/63858592/unspecified,8B9Z,,"- - - Nerve root or plexus disorders, unspecified",category,1.0,True,8.0,,True,True,BlockL1-8B8,BlockL2-8B9,,,,,http://id.who.int/icd/entity/63858592,
http://id.who.int/icd/entity/58868923,http://id.who.int/icd/release/11/mms/58868923,,BlockL2-8C0,- - Polyneuropathy,block,2.0,False,8.0,,False,,BlockL1-8B8,,,,,,http://id.who.int/icd/entity/1730644960,
http://id.who.int/icd/entity/788742861,http://id.who.int/icd/release/11/mms/788742861,8C00,,- - - Idiopathic progressive neuropathy,category,1.0,False,8.0,,True,True,BlockL1-8B8,BlockL2-8C0,,,,,http://id.who.int/icd/entity/58868923,
http://id.who.int/icd/entity/1719029386,http://id.who.int/icd/release/11/mms/1719029386,8C01,,- - - Inflammatory polyneuropathy,category,1.0,False,8.0,,False,True,BlockL1-8B8,BlockL2-8C0,,,,,http://id.who.int/icd/entity/58868923,
http://id.who.int/icd/entity/1584778394,http://id.who.int/icd/release/11/mms/1584778394,8C03,,- - - Other secondary polyneuropathy,category,1.0,False,8.0,,False,False,BlockL1-8B8,BlockL2-8C0,,,,,http://id.who.int/icd/entity/58868923,
,http://id.who.int/icd/release/11/mms/58868923/other,8C0Y,,- - - Other specified polyneuropathy,category,1.0,True,8.0,,True,True,BlockL1-8B8,BlockL2-8C0,,,,,http://id.who.int/icd/entity/58868923,
,http://id.who.int/icd/release/11/mms/58868923/unspecified,8C0Z,,"- - - Polyneuropathy, unspecified",category,1.0,True,8.0,,True,True,BlockL1-8B8,BlockL2-8C0,,,,,http://id.who.int/icd/entity/58868923,
http://id.who.int/icd/entity/1866592137,http://id.who.int/icd/release/11/mms/1866592137,,BlockL2-8C1,- - Mononeuropathy,block,2.0,False,8.0,,False,,BlockL1-8B8,,,,,,http://id.who.int/icd/entity/1730644960,
http://id.who.int/icd/entity/304675531,http://id.who.int/icd/release/11/mms/304675531,8C10,,- - - Mononeuropathies of upper limb,category,1.0,False,8.0,,False,False,BlockL1-8B8,BlockL2-8C1,,,,,http://id.who.int/icd/entity/1866592137,
http://id.who.int/icd/entity/2002990943,http://id.who.int/icd/release/11/mms/2002990943,8C11,,- - - Mononeuropathies of lower limb,category,1.0,False,8.0,,False,False,BlockL1-8B8,BlockL2-8C1,,,,,http://id.who.int/icd/entity/1866592137,
http://id.who.int/icd/entity/168436253,http://id.who.int/icd/release/11/mms/168436253,8C12,,- - - Certain specified mononeuropathies,category,1.0,False,8.0,,False,True,BlockL1-8B8,BlockL2-8C1,,,,,http://id.who.int/icd/entity/1866592137,
,http://id.who.int/icd/release/11/mms/1866592137/other,8C1Y,,- - - Mononeuropathy of other specified site,category,1.0,True,8.0,,True,True,BlockL1-8B8,BlockL2-8C1,,,,,http://id.who.int/icd/entity/1866592137,
,http://id.who.int/icd/release/11/mms/1866592137/unspecified,8C1Z,,- - - Mononeuropathy of unspecified site,category,1.0,True,8.0,,True,True,BlockL1-8B8,BlockL2-8C1,,,,,http://id.who.int/icd/entity/1866592137,
http://id.who.int/icd/entity/1820169460,http://id.who.int/icd/release/11/mms/1820169460,,BlockL2-8C2,- - Hereditary neuropathy,block,2.0,False,8.0,,False,,BlockL1-8B8,,,,,,http://id.who.int/icd/entity/1730644960,
http://id.who.int/icd/entity/1538134578,http://id.who.int/icd/release/11/mms/1538134578,8C20,,- - - Hereditary motor and sensory neuropathy,category,1.0,False,8.0,,False,True,BlockL1-8B8,BlockL2-8C2,,,,,http://id.who.int/icd/entity/1820169460,
http://id.who.int/icd/entity/1091217288,http://id.who.int/icd/release/11/mms/1091217288,8C21,,- - - Hereditary sensory or autonomic neuropathy,category,1.0,False,8.0,,False,True,BlockL1-8B8,BlockL2-8C2,,,,,http://id.who.int/icd/entity/1820169460,
,http://id.who.int/icd/release/11/mms/1820169460/other,8C2Y,,- - - Other specified hereditary neuropathy,category,1.0,True,8.0,,True,True,BlockL1-8B8,BlockL2-8C2,,,,,http://id.who.int/icd/entity/1820169460,
,http://id.who.int/icd/release/11/mms/1820169460/unspecified,8C2Z,,"- - - Hereditary neuropathy, unspecified",category,1.0,True,8.0,,True,True,BlockL1-8B8,BlockL2-8C2,,,,,http://id.who.int/icd/entity/1820169460,
,http://id.who.int/icd/release/11/mms/1730644960/other,8C4Y,,"- - Other specified disorders of nerve root, plexus or peripheral nerves",category,1.0,True,8.0,,True,True,BlockL1-8B8,,,,,,http://id.who.int/icd/entity/1730644960,
,http://id.who.int/icd/release/11/mms/1730644960/unspecified,8C4Z,,"- - Disorders of nerve root, plexus or peripheral nerves, unspecified",category,1.0,True,8.0,,True,True,BlockL1-8B8,,,,,,http://id.who.int/icd/entity/1730644960,
http://id.who.int/icd/entity/1297080916,http://id.who.int/icd/release/11/mms/1297080916,,BlockL1-8C6,- Diseases of neuromuscular junction or muscle,block,1.0,False,8.0,,False,,,,,,,,http://id.who.int/icd/entity/1296093776,
http://id.who.int/icd/entity/1425591047,http://id.who.int/icd/release/11/mms/1425591047,,BlockL2-8C6,- - Myasthenia gravis or certain specified neuromuscular junction disorders,block,2.0,False,8.0,,False,,BlockL1-8C6,,,,,,http://id.who.int/icd/entity/1297080916,
http://id.who.int/icd/entity/1270100227,http://id.who.int/icd/release/11/mms/1270100227,8C60,,- - - Myasthenia gravis,category,1.0,False,8.0,,False,True,BlockL1-8C6,BlockL2-8C6,,,,,http://id.who.int/icd/entity/1425591047,
http://id.who.int/icd/entity/1515367530,http://id.who.int/icd/release/11/mms/1515367530,8C61,,- - - Congenital myasthenic syndromes,category,1.0,False,8.0,,True,True,BlockL1-8C6,BlockL2-8C6,,,,,http://id.who.int/icd/entity/1425591047,
http://id.who.int/icd/entity/796417193,http://id.who.int/icd/release/11/mms/796417193,8C62,,- - - Lambert-Eaton syndrome,category,1.0,False,8.0,,True,True,BlockL1-8C6,BlockL2-8C6,,,,,http://id.who.int/icd/entity/1425591047,
,http://id.who.int/icd/release/11/mms/1425591047/other,8C6Y,,- - - Other specified neuromuscular junction disorders,category,1.0,True,8.0,,True,True,BlockL1-8C6,BlockL2-8C6,,,,,http://id.who.int/icd/entity/1425591047,
,http://id.who.int/icd/release/11/mms/1425591047/unspecified,8C6Z,,"- - - Neuromuscular junction disorders, unspecified",category,1.0,True,8.0,,True,True,BlockL1-8C6,BlockL2-8C6,,,,,http://id.who.int/icd/entity/1425591047,
http://id.who.int/icd/entity/833816211,http://id.who.int/icd/release/11/mms/833816211,,BlockL2-8C7,- - Primary disorders of muscles,block,2.0,False,8.0,,False,,BlockL1-8C6,,,,,,http://id.who.int/icd/entity/1297080916,
http://id.who.int/icd/entity/1464662404,http://id.who.int/icd/release/11/mms/1464662404,8C70,,- - - Muscular dystrophy,category,1.0,False,8.0,,False,True,BlockL1-8C6,BlockL2-8C7,,,,,http://id.who.int/icd/entity/833816211,
http://id.who.int/icd/entity/839332886,http://id.who.int/icd/release/11/mms/839332886,8C71,,- - - Myotonic disorders,category,1.0,False,8.0,,False,True,BlockL1-8C6,BlockL2-8C7,,,,,http://id.who.int/icd/entity/833816211,
http://id.who.int/icd/entity/1185572073,http://id.who.int/icd/release/11/mms/1185572073,8C72,,- - - Congenital myopathies,category,1.0,False,8.0,,False,True,BlockL1-8C6,BlockL2-8C7,,,,,http://id.who.int/icd/entity/833816211,
http://id.who.int/icd/entity/601991549,http://id.who.int/icd/release/11/mms/601991549,8C73,,- - - Mitochondrial myopathies,category,1.0,False,8.0,,False,True,BlockL1-8C6,BlockL2-8C7,,,,,http://id.who.int/icd/entity/833816211,
http://id.who.int/icd/entity/1222696062,http://id.who.int/icd/release/11/mms/1222696062,8C74,,- - - Periodic paralyses or disorders of muscle membrane excitability,category,1.0,False,8.0,,False,True,BlockL1-8C6,BlockL2-8C7,,,,,http://id.who.int/icd/entity/833816211,
http://id.who.int/icd/entity/596283352,http://id.who.int/icd/release/11/mms/596283352,8C75,,- - - Distal myopathies,category,1.0,False,8.0,,True,True,BlockL1-8C6,BlockL2-8C7,,,,,http://id.who.int/icd/entity/833816211,
http://id.who.int/icd/entity/125656853,http://id.who.int/icd/release/11/mms/125656853,8C76,,- - - Myofibrillar myopathy,category,1.0,False,8.0,,True,True,BlockL1-8C6,BlockL2-8C7,,,,,http://id.who.int/icd/entity/833816211,
http://id.who.int/icd/entity/1877039847,http://id.who.int/icd/release/11/mms/1877039847,8C77,,- - - Ocular myopathy,category,1.0,False,8.0,,True,True,BlockL1-8C6,BlockL2-8C7,,,,,http://id.who.int/icd/entity/833816211,
http://id.who.int/icd/entity/1397199211,http://id.who.int/icd/release/11/mms/1397199211,8C78,,- - - Malignant hyperthermia or hyperpyrexia,category,1.0,False,8.0,,True,True,BlockL1-8C6,BlockL2-8C7,,,,,http://id.who.int/icd/entity/833816211,
,http://id.who.int/icd/release/11/mms/833816211/other,8C7Y,,- - - Other specified primary disorders of muscles,category,1.0,True,8.0,,True,True,BlockL1-8C6,BlockL2-8C7,,,,,http://id.who.int/icd/entity/833816211,
,http://id.who.int/icd/release/11/mms/833816211/unspecified,8C7Z,,"- - - Primary disorders of muscles, unspecified",category,1.0,True,8.0,,True,True,BlockL1-8C6,BlockL2-8C7,,,,,http://id.who.int/icd/entity/833816211,
http://id.who.int/icd/entity/1159616108,http://id.who.int/icd/release/11/mms/1159616108,,BlockL2-8C8,- - Secondary myopathies,block,2.0,False,8.0,,False,,BlockL1-8C6,,,,,,http://id.who.int/icd/entity/1297080916,
http://id.who.int/icd/entity/1456167356,http://id.who.int/icd/release/11/mms/1456167356,8C80,,- - - Drug-induced myopathy,category,1.0,False,8.0,,True,True,BlockL1-8C6,BlockL2-8C8,,,,,http://id.who.int/icd/entity/1159616108,
http://id.who.int/icd/entity/1227790808,http://id.who.int/icd/release/11/mms/1227790808,8C81,,- - - Autoimmune myopathy,category,1.0,False,8.0,,True,False,BlockL1-8C6,BlockL2-8C8,,,,,http://id.who.int/icd/entity/1159616108,
http://id.who.int/icd/entity/952636146,http://id.who.int/icd/release/11/mms/952636146,8C82,,- - - Myopathy in certain specified infectious or parasitic disease,category,1.0,False,8.0,,True,False,BlockL1-8C6,BlockL2-8C8,,,,,http://id.who.int/icd/entity/1159616108,
http://id.who.int/icd/entity/946840192,http://id.who.int/icd/release/11/mms/946840192,8C83,,- - - Myopathy in certain specified endocrine disease,category,1.0,False,8.0,,True,False,BlockL1-8C6,BlockL2-8C8,,,,,http://id.who.int/icd/entity/1159616108,
http://id.who.int/icd/entity/248272428,http://id.who.int/icd/release/11/mms/248272428,8C84,,- - - Secondary rhabdomyolysis,category,1.0,False,8.0,,True,False,BlockL1-8C6,BlockL2-8C8,,,,,http://id.who.int/icd/entity/1159616108,
,http://id.who.int/icd/release/11/mms/1159616108/other,8C8Y,,- - - Other specified secondary myopathies,category,1.0,True,8.0,,True,True,BlockL1-8C6,BlockL2-8C8,,,,,http://id.who.int/icd/entity/1159616108,
,http://id.who.int/icd/release/11/mms/1159616108/unspecified,8C8Z,,"- - - Secondary myopathies, unspecified",category,1.0,True,8.0,,True,True,BlockL1-8C6,BlockL2-8C8,,,,,http://id.who.int/icd/entity/1159616108,
,http://id.who.int/icd/release/11/mms/1297080916/other,8D0Y,,- - Other specified diseases of muscle,category,1.0,True,8.0,,True,True,BlockL1-8C6,,,,,,http://id.who.int/icd/entity/1297080916,
,http://id.who.int/icd/release/11/mms/1297080916/unspecified,8D0Z,,"- - Diseases of muscle, unspecified",category,1.0,True,8.0,,True,True,BlockL1-8C6,,,,,,http://id.who.int/icd/entity/1297080916,
http://id.who.int/icd/entity/76906748,http://id.who.int/icd/release/11/mms/76906748,,BlockL1-8D2,- Cerebral palsy,block,1.0,False,8.0,,False,,,,,,,,http://id.who.int/icd/entity/1296093776,
http://id.who.int/icd/entity/1426032265,http://id.who.int/icd/release/11/mms/1426032265,8D20,,- - Spastic cerebral palsy,category,1.0,False,8.0,,False,True,BlockL1-8D2,,,,,,http://id.who.int/icd/entity/76906748,
http://id.who.int/icd/entity/812740125,http://id.who.int/icd/release/11/mms/812740125,8D21,,- - Dyskinetic cerebral palsy,category,1.0,False,8.0,,True,True,BlockL1-8D2,,,,,,http://id.who.int/icd/entity/76906748,
http://id.who.int/icd/entity/1134558601,http://id.who.int/icd/release/11/mms/1134558601,8D22,,- - Ataxic cerebral palsy,category,1.0,False,8.0,,True,True,BlockL1-8D2,,,,,,http://id.who.int/icd/entity/76906748,
http://id.who.int/icd/entity/1834138618,http://id.who.int/icd/release/11/mms/1834138618,8D23,,- - Worster-Drought syndrome,category,1.0,False,8.0,,True,True,BlockL1-8D2,,,,,,http://id.who.int/icd/entity/76906748,
,http://id.who.int/icd/release/11/mms/76906748/other,8D2Y,,- - Other specified cerebral palsy,category,1.0,True,8.0,,True,True,BlockL1-8D2,,,,,,http://id.who.int/icd/entity/76906748,
,http://id.who.int/icd/release/11/mms/76906748/unspecified,8D2Z,,"- - Cerebral palsy, unspecified",category,1.0,True,8.0,,True,True,BlockL1-8D2,,,,,,http://id.who.int/icd/entity/76906748,
http://id.who.int/icd/entity/1119245712,http://id.who.int/icd/release/11/mms/1119245712,,BlockL1-8D4,- Nutritional or toxic disorders of the nervous system,block,1.0,False,8.0,,False,,,,,,,,http://id.who.int/icd/entity/1296093776,
http://id.who.int/icd/entity/96676503,http://id.who.int/icd/release/11/mms/96676503,8D40,,- - Neurological disorders due to nutrient deficiency,category,1.0,False,8.0,,False,False,BlockL1-8D4,,,,,,http://id.who.int/icd/entity/1119245712,
http://id.who.int/icd/entity/2109612285,http://id.who.int/icd/release/11/mms/2109612285,8D41,,- - Neurological disorders due to an excess of micro or macro nutrients,category,1.0,False,8.0,,False,False,BlockL1-8D4,,,,,,http://id.who.int/icd/entity/1119245712,
http://id.who.int/icd/entity/2098488072,http://id.who.int/icd/release/11/mms/2098488072,8D42,,- - Neurological disorders due to overweight or obesity in adults or children,category,1.0,False,8.0,,True,False,BlockL1-8D4,,,,,,http://id.who.int/icd/entity/1119245712,
http://id.who.int/icd/entity/2083995737,http://id.who.int/icd/release/11/mms/2083995737,8D43,,- - Neurological disorders due to toxicity,category,1.0,False,8.0,,False,True,BlockL1-8D4,,,,,,http://id.who.int/icd/entity/1119245712,
http://id.who.int/icd/entity/1001737902,http://id.who.int/icd/release/11/mms/1001737902,8D44,,- - Alcohol-related neurological disorders,category,1.0,False,8.0,,False,True,BlockL1-8D4,,,,,,http://id.who.int/icd/entity/1119245712,
,http://id.who.int/icd/release/11/mms/1119245712/other,8D4Y,,- - Other specified nutritional or toxic disorders of the nervous system,category,1.0,True,8.0,,True,True,BlockL1-8D4,,,,,,http://id.who.int/icd/entity/1119245712,
,http://id.who.int/icd/release/11/mms/1119245712/unspecified,8D4Z,,"- - Nutritional or toxic disorders of the nervous system, unspecified",category,1.0,True,8.0,,True,True,BlockL1-8D4,,,,,,http://id.who.int/icd/entity/1119245712,
http://id.who.int/icd/entity/23958598,http://id.who.int/icd/release/11/mms/23958598,,BlockL1-8D6,- Disorders of cerebrospinal fluid pressure or flow,block,1.0,False,8.0,,False,,,,,,,,http://id.who.int/icd/entity/1296093776,
http://id.who.int/icd/entity/925785183,http://id.who.int/icd/release/11/mms/925785183,8D60,,- - Increased intracranial pressure,category,1.0,False,8.0,,False,True,BlockL1-8D6,,,,,,http://id.who.int/icd/entity/23958598,
http://id.who.int/icd/entity/363695674,http://id.who.int/icd/release/11/mms/363695674,8D61,,- - Intracranial hypotension,category,1.0,False,8.0,,False,True,BlockL1-8D6,,,,,,http://id.who.int/icd/entity/23958598,
http://id.who.int/icd/entity/1951379921,http://id.who.int/icd/release/11/mms/1951379921,8D62,,- - Cerebrospinal fluid rhinorrhoea,category,1.0,False,8.0,,True,True,BlockL1-8D6,,,,,,http://id.who.int/icd/entity/23958598,
http://id.who.int/icd/entity/396857647,http://id.who.int/icd/release/11/mms/396857647,8D63,,- - Cerebrospinal fluid otorrhoea,category,1.0,False,8.0,,True,True,BlockL1-8D6,,,,,,http://id.who.int/icd/entity/23958598,
http://id.who.int/icd/entity/574533444,http://id.who.int/icd/release/11/mms/574533444,8D64,,- - Hydrocephalus,category,1.0,False,8.0,,False,True,BlockL1-8D6,,,,,,http://id.who.int/icd/entity/23958598,
http://id.who.int/icd/entity/501432887,http://id.who.int/icd/release/11/mms/501432887,8D65,,- - Cerebrospinal fluid fistula,category,1.0,False,8.0,,True,True,BlockL1-8D6,,,,,,http://id.who.int/icd/entity/23958598,
http://id.who.int/icd/entity/1925186604,http://id.who.int/icd/release/11/mms/1925186604,8D66,,- - Syringomyelia or syringobulbia,category,1.0,False,8.0,,False,True,BlockL1-8D6,,,,,,http://id.who.int/icd/entity/23958598,
http://id.who.int/icd/entity/943887241,http://id.who.int/icd/release/11/mms/943887241,8D67,,- - Intracranial arachnoid cyst,category,1.0,False,8.0,,True,True,BlockL1-8D6,,,,,,http://id.who.int/icd/entity/23958598,
http://id.who.int/icd/entity/39546655,http://id.who.int/icd/release/11/mms/39546655,8D68,,- - Porencephalic cyst,category,1.0,False,8.0,,True,True,BlockL1-8D6,,,,,,http://id.who.int/icd/entity/23958598,
,http://id.who.int/icd/release/11/mms/23958598/other,8D6Y,,- - Other specified disorders of cerebrospinal fluid pressure or flow,category,1.0,True,8.0,,True,True,BlockL1-8D6,,,,,,http://id.who.int/icd/entity/23958598,
,http://id.who.int/icd/release/11/mms/23958598/unspecified,8D6Z,,"- - Disorders of cerebrospinal fluid pressure or flow, unspecified",category,1.0,True,8.0,,True,True,BlockL1-8D6,,,,,,http://id.who.int/icd/entity/23958598,
http://id.who.int/icd/entity/1397803237,http://id.who.int/icd/release/11/mms/1397803237,,BlockL1-8D8,- Disorders of autonomic nervous system,block,1.0,False,8.0,,False,,,,,,,,http://id.who.int/icd/entity/1296093776,
http://id.who.int/icd/entity/2116276188,http://id.who.int/icd/release/11/mms/2116276188,8D80,,- - Congenital malformations of the autonomic nervous system,category,1.0,False,8.0,,True,True,BlockL1-8D8,,,,,,http://id.who.int/icd/entity/1397803237,
http://id.who.int/icd/entity/277330929,http://id.who.int/icd/release/11/mms/277330929,8D81,,- - Inherited autonomic nervous system disorders,category,1.0,False,8.0,,True,True,BlockL1-8D8,,,,,,http://id.who.int/icd/entity/1397803237,
http://id.who.int/icd/entity/1160623406,http://id.who.int/icd/release/11/mms/1160623406,8D82,,- - Autoimmune disorders involving the autonomic nervous system,category,1.0,False,8.0,,True,True,BlockL1-8D8,,,,,,http://id.who.int/icd/entity/1397803237,
http://id.who.int/icd/entity/1581548100,http://id.who.int/icd/release/11/mms/1581548100,8D83,,- - Autonomic nervous system disorder due to infection,category,1.0,False,8.0,,True,False,BlockL1-8D8,,,,,,http://id.who.int/icd/entity/1397803237,
http://id.who.int/icd/entity/734022291,http://id.who.int/icd/release/11/mms/734022291,8D84,,- - Pure autonomic nervous system failure,category,1.0,False,8.0,,True,True,BlockL1-8D8,,,,,,http://id.who.int/icd/entity/1397803237,
http://id.who.int/icd/entity/203881550,http://id.who.int/icd/release/11/mms/203881550,8D85,,- - Autonomic nervous system disorder due to substances,category,1.0,False,8.0,,True,True,BlockL1-8D8,,,,,,http://id.who.int/icd/entity/1397803237,
http://id.who.int/icd/entity/1664269943,http://id.who.int/icd/release/11/mms/1664269943,8D86,,- - Autonomic nervous system hyperactivity,category,1.0,False,8.0,,True,True,BlockL1-8D8,,,,,,http://id.who.int/icd/entity/1397803237,
http://id.who.int/icd/entity/1788999168,http://id.who.int/icd/release/11/mms/1788999168,8D87,,- - Autonomic nervous system disorder due to certain specified neurodegenerative disorder,category,1.0,False,8.0,,False,True,BlockL1-8D8,,,,,,http://id.who.int/icd/entity/1397803237,
http://id.who.int/icd/entity/1521910549,http://id.who.int/icd/release/11/mms/1521910549,8D88,,- - Autonomic neuropathies,category,1.0,False,8.0,,False,True,BlockL1-8D8,,,,,,http://id.who.int/icd/entity/1397803237,
http://id.who.int/icd/entity/1611190259,http://id.who.int/icd/release/11/mms/1611190259,8D89,,- - Disorders of orthostatic tolerance,category,1.0,False,8.0,,False,True,BlockL1-8D8,,,,,,http://id.who.int/icd/entity/1397803237,
http://id.who.int/icd/entity/1525992437,http://id.who.int/icd/release/11/mms/1525992437,8D8A,,- - Focal or segmental autonomic disorders,category,1.0,False,8.0,,False,True,BlockL1-8D8,,,,,,http://id.who.int/icd/entity/1397803237,
http://id.who.int/icd/entity/253529546,http://id.who.int/icd/release/11/mms/253529546,8D8B,,- - Disorders affecting autonomic synaptic neurotransmission,category,1.0,False,8.0,,True,True,BlockL1-8D8,,,,,,http://id.who.int/icd/entity/1397803237,
http://id.who.int/icd/entity/1401282234,http://id.who.int/icd/release/11/mms/1401282234,8D8C,,- - Autonomic dysreflexia,category,1.0,False,8.0,,True,True,BlockL1-8D8,,,,,,http://id.who.int/icd/entity/1397803237,
http://id.who.int/icd/entity/468605135,http://id.who.int/icd/release/11/mms/468605135,8D8D,,- - Hypoglycaemia unawareness,category,1.0,False,8.0,,True,True,BlockL1-8D8,,,,,,http://id.who.int/icd/entity/1397803237,
,http://id.who.int/icd/release/11/mms/1397803237/other,8D8Y,,- - Other specified disorders of autonomic nervous system,category,1.0,True,8.0,,True,True,BlockL1-8D8,,,,,,http://id.who.int/icd/entity/1397803237,
,http://id.who.int/icd/release/11/mms/1397803237/unspecified,8D8Z,,"- - Disorders of autonomic nervous system, unspecified",category,1.0,True,8.0,,True,True,BlockL1-8D8,,,,,,http://id.who.int/icd/entity/1397803237,
http://id.who.int/icd/entity/1965146397,http://id.who.int/icd/release/11/mms/1965146397,,BlockL1-8E0,- Human prion diseases,block,1.0,False,8.0,,False,,,,,,,,http://id.who.int/icd/entity/1296093776,
http://id.who.int/icd/entity/1553463690,http://id.who.int/icd/release/11/mms/1553463690,8E00,,- - Sporadic Creutzfeldt-Jakob Disease,category,1.0,False,8.0,,True,True,BlockL1-8E0,,,,,,http://id.who.int/icd/entity/1965146397,
http://id.who.int/icd/entity/672974943,http://id.who.int/icd/release/11/mms/672974943,8E01,,- - Acquired prion disease,category,1.0,False,8.0,,False,True,BlockL1-8E0,,,,,,http://id.who.int/icd/entity/1965146397,
http://id.who.int/icd/entity/542527938,http://id.who.int/icd/release/11/mms/542527938,8E02,,- - Genetic prion diseases,category,1.0,False,8.0,,False,True,BlockL1-8E0,,,,,,http://id.who.int/icd/entity/1965146397,
http://id.who.int/icd/entity/172957869,http://id.who.int/icd/release/11/mms/172957869,8E03,,- - Variably protease sensitive prionopathy,category,1.0,False,8.0,,True,True,BlockL1-8E0,,,,,,http://id.who.int/icd/entity/1965146397,
,http://id.who.int/icd/release/11/mms/1965146397/other,8E0Y,,- - Other specified human prion diseases,category,1.0,True,8.0,,True,True,BlockL1-8E0,,,,,,http://id.who.int/icd/entity/1965146397,
,http://id.who.int/icd/release/11/mms/1965146397/unspecified,8E0Z,,"- - Human prion diseases, unspecified",category,1.0,True,8.0,,True,True,BlockL1-8E0,,,,,,http://id.who.int/icd/entity/1965146397,
http://id.who.int/icd/entity/81068077,http://id.who.int/icd/release/11/mms/81068077,,BlockL1-8E2,- Disorders of consciousness,block,1.0,False,8.0,,False,,,,,,,,http://id.who.int/icd/entity/1296093776,
http://id.who.int/icd/entity/920441900,http://id.who.int/icd/release/11/mms/920441900,8E20,,- - Persistent vegetative state,category,1.0,False,8.0,,True,True,BlockL1-8E2,,,,,,http://id.who.int/icd/entity/81068077,
http://id.who.int/icd/entity/151075161,http://id.who.int/icd/release/11/mms/151075161,8E21,,- - Permanent vegetative state,category,1.0,False,8.0,,True,True,BlockL1-8E2,,,,,,http://id.who.int/icd/entity/81068077,
http://id.who.int/icd/entity/1049761831,http://id.who.int/icd/release/11/mms/1049761831,8E22,,- - Minimally conscious state,category,1.0,False,8.0,,False,True,BlockL1-8E2,,,,,,http://id.who.int/icd/entity/81068077,
,http://id.who.int/icd/release/11/mms/81068077/other,8E2Y,,- - Other specified disorders of consciousness,category,1.0,True,8.0,,True,True,BlockL1-8E2,,,,,,http://id.who.int/icd/entity/81068077,
,http://id.who.int/icd/release/11/mms/81068077/unspecified,8E2Z,,"- - Disorders of consciousness, unspecified",category,1.0,True,8.0,,True,True,BlockL1-8E2,,,,,,http://id.who.int/icd/entity/81068077,
http://id.who.int/icd/entity/988657115,http://id.who.int/icd/release/11/mms/988657115,,BlockL1-8E4,- Certain disorders of the nervous system,block,1.0,False,8.0,,False,,,,,,,,http://id.who.int/icd/entity/1296093776,
http://id.who.int/icd/entity/631153919,http://id.who.int/icd/release/11/mms/631153919,8E40,,- - Disorders of the meninges excluding infection,category,1.0,False,8.0,,False,True,BlockL1-8E4,,,,,,http://id.who.int/icd/entity/988657115,
http://id.who.int/icd/entity/592562777,http://id.who.int/icd/release/11/mms/592562777,8E41,,- - Pachymeningitis,category,1.0,False,8.0,,False,True,BlockL1-8E4,,,,,,http://id.who.int/icd/entity/988657115,
http://id.who.int/icd/entity/931843870,http://id.who.int/icd/release/11/mms/931843870,8E42,,- - Superficial siderosis of the nervous system,category,1.0,False,8.0,,True,True,BlockL1-8E4,,,,,,http://id.who.int/icd/entity/988657115,
http://id.who.int/icd/entity/292232825,http://id.who.int/icd/release/11/mms/292232825,8E43,,- - Pain disorders,category,1.0,False,8.0,,False,True,BlockL1-8E4,,,,,,http://id.who.int/icd/entity/988657115,
http://id.who.int/icd/entity/1054910242,http://id.who.int/icd/release/11/mms/1054910242,8E44,,- - Post anoxic brain damage,category,1.0,False,8.0,,True,True,BlockL1-8E4,,,,,,http://id.who.int/icd/entity/988657115,
http://id.who.int/icd/entity/17562655,http://id.who.int/icd/release/11/mms/17562655,8E45,,- - Locked-in syndrome,category,1.0,False,8.0,,True,True,BlockL1-8E4,,,,,,http://id.who.int/icd/entity/988657115,
http://id.who.int/icd/entity/649014905,http://id.who.int/icd/release/11/mms/649014905,8E46,,- - Reye syndrome,category,1.0,False,8.0,,True,True,BlockL1-8E4,,,,,,http://id.who.int/icd/entity/988657115,
http://id.who.int/icd/entity/1375895174,http://id.who.int/icd/release/11/mms/1375895174,8E47,,"- - Encephalopathy, not elsewhere classified",category,1.0,False,8.0,,True,False,BlockL1-8E4,,,,,,http://id.who.int/icd/entity/988657115,
http://id.who.int/icd/entity/1993680150,http://id.who.int/icd/release/11/mms/1993680150,8E48,,"- - Encephalitis, not elsewhere classified",category,1.0,False,8.0,,True,True,BlockL1-8E4,,,,,,http://id.who.int/icd/entity/988657115,
http://id.who.int/icd/entity/569175314,http://id.who.int/icd/release/11/mms/569175314,8E49,,- - Postviral fatigue syndrome,category,1.0,False,8.0,,True,True,BlockL1-8E4,,,,,,http://id.who.int/icd/entity/988657115,
http://id.who.int/icd/entity/1058231555,http://id.who.int/icd/release/11/mms/1058231555,8E4A,,- - Paraneoplastic or autoimmune disorders of the nervous system,category,1.0,False,8.0,,False,False,BlockL1-8E4,,,,,,http://id.who.int/icd/entity/988657115,
http://id.who.int/icd/entity/1510094736,http://id.who.int/icd/release/11/mms/1510094736,,BlockL1-8E6,- Postprocedural disorders of the nervous system,block,1.0,False,8.0,,False,,,,,,,,http://id.who.int/icd/entity/1296093776,
http://id.who.int/icd/entity/2119823866,http://id.who.int/icd/release/11/mms/2119823866,8E60,,- - Post ventricular shunting leak,category,1.0,False,8.0,,True,True,BlockL1-8E6,,,,,,http://id.who.int/icd/entity/1510094736,
http://id.who.int/icd/entity/1326708572,http://id.who.int/icd/release/11/mms/1326708572,8E61,,- - Post radiation injury of the nervous system,category,1.0,False,8.0,,False,True,BlockL1-8E6,,,,,,http://id.who.int/icd/entity/1510094736,
http://id.who.int/icd/entity/650483154,http://id.who.int/icd/release/11/mms/650483154,8E62,,- - Postprocedural meningitis,category,1.0,False,8.0,,True,True,BlockL1-8E6,,,,,,http://id.who.int/icd/entity/1510094736,
http://id.who.int/icd/entity/1874488044,http://id.who.int/icd/release/11/mms/1874488044,8E63,,- - Post pump encephalopathy,category,1.0,False,8.0,,True,True,BlockL1-8E6,,,,,,http://id.who.int/icd/entity/1510094736,
http://id.who.int/icd/entity/1264526752,http://id.who.int/icd/release/11/mms/1264526752,8E64,,- - Multifocal cerebral infarctions,category,1.0,False,8.0,,True,True,BlockL1-8E6,,,,,,http://id.who.int/icd/entity/1510094736,
http://id.who.int/icd/entity/218792925,http://id.who.int/icd/release/11/mms/218792925,8E66,,- - Intracranial hypotension due to lumbar puncture,category,1.0,False,8.0,,True,True,BlockL1-8E6,,,,,,http://id.who.int/icd/entity/1510094736,
http://id.who.int/icd/entity/525068797,http://id.who.int/icd/release/11/mms/525068797,8E67,,- - Cerebrospinal fluid leak due to surgery or lumbar puncture,category,1.0,False,8.0,,True,True,BlockL1-8E6,,,,,,http://id.who.int/icd/entity/1510094736,
,http://id.who.int/icd/release/11/mms/1296093776/other,8E7Y,,- Other specified diseases of the nervous system,category,1.0,True,8.0,,True,True,,,,,,,http://id.who.int/icd/entity/1296093776,
,http://id.who.int/icd/release/11/mms/1296093776/unspecified,8E7Z,,"- Diseases of the nervous system, unspecified",category,1.0,True,8.0,,True,True,,,,,,,http://id.who.int/icd/entity/1296093776,
