Foundation URI,Linearization URI,Code,BlockId,Title,ClassKind,DepthInKind,IsResidual,ChapterNo,BrowserLink,isLeaf,Primary tabulation,Grouping1,Grouping2,Grouping3,Grouping4,Grouping5,CodingNote,Parent,Version:2026 Jan 17 - 05:30 UTC
http://id.who.int/icd/entity/1516623224,http://id.who.int/icd/release/11/mms/1516623224,,BlockL1-6A0,- Neurodevelopmental disorders,block,1.0,False,06,,False,,,,,,,,http://id.who.int/icd/entity/334423054,
http://id.who.int/icd/entity/605267007,http://id.who.int/icd/release/11/mms/605267007,6A00,,- - Disorders of intellectual development,category,1.0,False,06,,False,True,BlockL1-6A0,,,,,"Use additional code, if desired, to identify any known aetiology.",http://id.who.int/icd/entity/1516623224,
http://id.who.int/icd/entity/1207960454,http://id.who.int/icd/release/11/mms/1207960454,6A00.0,,"- - - Disorder of intellectual development, mild",category,2.0,False,06,,True,True,BlockL1-6A0,,,,,,http://id.who.int/icd/entity/605267007,
http://id.who.int/icd/entity/759942676,http://id.who.int/icd/release/11/mms/759942676,6A00.1,,"- - - Disorder of intellectual development, moderate",category,2.0,False,06,,True,True,BlockL1-6A0,,,,,,http://id.who.int/icd/entity/605267007,
http://id.who.int/icd/entity/1508286189,http://id.who.int/icd/release/11/mms/1508286189,6A00.2,,"- - - Disorder of intellectual development, severe",category,2.0,False,06,,True,True,BlockL1-6A0,,,,,,http://id.who.int/icd/entity/605267007,
http://id.who.int/icd/entity/1017992057,http://id.who.int/icd/release/11/mms/1017992057,6A00.3,,"- - - Disorder of intellectual development, profound",category,2.0,False,06,,True,True,BlockL1-6A0,,,,,,http://id.who.int/icd/entity/605267007,
http://id.who.int/icd/entity/1074941350,http://id.who.int/icd/release/11/mms/1074941350,6A00.4,,"- - - Disorder of intellectual development, provisional",category,2.0,False,06,,True,True,BlockL1-6A0,,,,,,http://id.who.int/icd/entity/605267007,
,http://id.who.int/icd/release/11/mms/605267007/unspecified,6A00.Z,,"- - - Disorders of intellectual development, unspecified",category,2.0,True,06,,True,True,BlockL1-6A0,,,,,,http://id.who.int/icd/entity/605267007,
http://id.who.int/icd/entity/33269655,http://id.who.int/icd/release/11/mms/33269655,6A01,,- - Developmental speech or language disorders,category,1.0,False,06,,False,True,BlockL1-6A0,,,,,,http://id.who.int/icd/entity/1516623224,
http://id.who.int/icd/entity/551966778,http://id.who.int/icd/release/11/mms/551966778,6A01.0,,- - - Developmental speech sound disorder,category,2.0,False,06,,True,True,BlockL1-6A0,,,,,,http://id.who.int/icd/entity/33269655,
http://id.who.int/icd/entity/654956298,http://id.who.int/icd/release/11/mms/654956298,6A01.1,,- - - Developmental speech fluency disorder,category,2.0,False,06,,True,True,BlockL1-6A0,,,,,,http://id.who.int/icd/entity/33269655,
http://id.who.int/icd/entity/862918022,http://id.who.int/icd/release/11/mms/862918022,6A01.2,,- - - Developmental language disorder,category,2.0,False,06,,False,True,BlockL1-6A0,,,,,,http://id.who.int/icd/entity/33269655,
http://id.who.int/icd/entity/822134099,http://id.who.int/icd/release/11/mms/822134099,6A01.20,,- - - - Developmental language disorder with impairment of receptive and expressive language,category,3.0,False,06,,True,True,BlockL1-6A0,,,,,,http://id.who.int/icd/entity/862918022,
http://id.who.int/icd/entity/1169003948,http://id.who.int/icd/release/11/mms/1169003948,6A01.21,,- - - - Developmental language disorder with impairment of mainly expressive language,category,3.0,False,06,,True,True,BlockL1-6A0,,,,,,http://id.who.int/icd/entity/862918022,
http://id.who.int/icd/entity/854708918,http://id.who.int/icd/release/11/mms/854708918,6A01.22,,- - - - Developmental language disorder with impairment of mainly pragmatic language,category,3.0,False,06,,True,True,BlockL1-6A0,,,,,,http://id.who.int/icd/entity/862918022,
http://id.who.int/icd/entity/1144287315,http://id.who.int/icd/release/11/mms/1144287315,6A01.23,,"- - - - Developmental language disorder, with other specified language impairment",category,3.0,False,06,,True,True,BlockL1-6A0,,,,,,http://id.who.int/icd/entity/862918022,
,http://id.who.int/icd/release/11/mms/33269655/other,6A01.Y,,- - - Other specified developmental speech or language disorders,category,2.0,True,06,,True,True,BlockL1-6A0,,,,,,http://id.who.int/icd/entity/33269655,
,http://id.who.int/icd/release/11/mms/33269655/unspecified,6A01.Z,,"- - - Developmental speech or language disorders, unspecified",category,2.0,True,06,,True,True,BlockL1-6A0,,,,,,http://id.who.int/icd/entity/33269655,
http://id.who.int/icd/entity/437815624,http://id.who.int/icd/release/11/mms/437815624,6A02,,- - Autism spectrum disorder,category,1.0,False,06,,False,True,BlockL1-6A0,,,,,,http://id.who.int/icd/entity/1516623224,
http://id.who.int/icd/entity/120443468,http://id.who.int/icd/release/11/mms/120443468,6A02.0,,- - - Autism spectrum disorder without disorder of intellectual development and with mild or no impairment of functional language,category,2.0,False,06,,True,True,BlockL1-6A0,,,,,,http://id.who.int/icd/entity/437815624,
http://id.who.int/icd/entity/767360910,http://id.who.int/icd/release/11/mms/767360910,6A02.1,,- - - Autism spectrum disorder with disorder of intellectual development and with mild or no impairment of functional language,category,2.0,False,06,,True,True,BlockL1-6A0,,,,,,http://id.who.int/icd/entity/437815624,
http://id.who.int/icd/entity/1283290231,http://id.who.int/icd/release/11/mms/1283290231,6A02.2,,- - - Autism spectrum disorder without disorder of intellectual development and with impaired functional language,category,2.0,False,06,,True,True,BlockL1-6A0,,,,,,http://id.who.int/icd/entity/437815624,
http://id.who.int/icd/entity/1477082111,http://id.who.int/icd/release/11/mms/1477082111,6A02.3,,- - - Autism spectrum disorder with disorder of intellectual development and with impaired functional language,category,2.0,False,06,,True,True,BlockL1-6A0,,,,,,http://id.who.int/icd/entity/437815624,
http://id.who.int/icd/entity/1686726595,http://id.who.int/icd/release/11/mms/1686726595,6A02.5,,- - - Autism spectrum disorder with disorder of intellectual development and with absence of functional language,category,2.0,False,06,,True,True,BlockL1-6A0,,,,,,http://id.who.int/icd/entity/437815624,
,http://id.who.int/icd/release/11/mms/437815624/other,6A02.Y,,- - - Other specified autism spectrum disorder,category,2.0,True,06,,True,True,BlockL1-6A0,,,,,,http://id.who.int/icd/entity/437815624,
,http://id.who.int/icd/release/11/mms/437815624/unspecified,6A02.Z,,"- - - Autism spectrum disorder, unspecified",category,2.0,True,06,,True,True,BlockL1-6A0,,,,,,http://id.who.int/icd/entity/437815624,
http://id.who.int/icd/entity/2099676649,http://id.who.int/icd/release/11/mms/2099676649,6A03,,- - Developmental learning disorder,category,1.0,False,06,,False,True,BlockL1-6A0,,,,,,http://id.who.int/icd/entity/1516623224,
http://id.who.int/icd/entity/1008636089,http://id.who.int/icd/release/11/mms/1008636089,6A03.0,,- - - Developmental learning disorder with impairment in reading,category,2.0,False,06,,True,True,BlockL1-6A0,,,,,,http://id.who.int/icd/entity/2099676649,
http://id.who.int/icd/entity/1498766637,http://id.who.int/icd/release/11/mms/1498766637,6A03.1,,- - - Developmental learning disorder with impairment in written expression,category,2.0,False,06,,True,True,BlockL1-6A0,,,,,,http://id.who.int/icd/entity/2099676649,
http://id.who.int/icd/entity/771231188,http://id.who.int/icd/release/11/mms/771231188,6A03.2,,- - - Developmental learning disorder with impairment in mathematics,category,2.0,False,06,,True,True,BlockL1-6A0,,,,,,http://id.who.int/icd/entity/2099676649,
http://id.who.int/icd/entity/848893551,http://id.who.int/icd/release/11/mms/848893551,6A03.3,,- - - Developmental learning disorder with other specified impairment of learning,category,2.0,False,06,,True,True,BlockL1-6A0,,,,,,http://id.who.int/icd/entity/2099676649,
,http://id.who.int/icd/release/11/mms/2099676649/unspecified,6A03.Z,,"- - - Developmental learning disorder, unspecified",category,2.0,True,06,,True,True,BlockL1-6A0,,,,,,http://id.who.int/icd/entity/2099676649,
http://id.who.int/icd/entity/148247104,http://id.who.int/icd/release/11/mms/148247104,6A04,,- - Developmental motor coordination disorder,category,1.0,False,06,,True,True,BlockL1-6A0,,,,,,http://id.who.int/icd/entity/1516623224,
http://id.who.int/icd/entity/821852937,http://id.who.int/icd/release/11/mms/821852937,6A05,,- - Attention deficit hyperactivity disorder,category,1.0,False,06,,False,True,BlockL1-6A0,,,,,,http://id.who.int/icd/entity/1516623224,
http://id.who.int/icd/entity/294762853,http://id.who.int/icd/release/11/mms/294762853,6A05.0,,"- - - Attention deficit hyperactivity disorder, predominantly inattentive presentation",category,2.0,False,06,,True,True,BlockL1-6A0,,,,,,http://id.who.int/icd/entity/821852937,
http://id.who.int/icd/entity/209556851,http://id.who.int/icd/release/11/mms/209556851,6A05.1,,"- - - Attention deficit hyperactivity disorder, predominantly hyperactive-impulsive presentation",category,2.0,False,06,,True,True,BlockL1-6A0,,,,,,http://id.who.int/icd/entity/821852937,
http://id.who.int/icd/entity/542202013,http://id.who.int/icd/release/11/mms/542202013,6A05.2,,"- - - Attention deficit hyperactivity disorder, combined presentation",category,2.0,False,06,,True,True,BlockL1-6A0,,,,,,http://id.who.int/icd/entity/821852937,
,http://id.who.int/icd/release/11/mms/821852937/other,6A05.Y,,"- - - Attention deficit hyperactivity disorder, other specified presentation",category,2.0,True,06,,True,True,BlockL1-6A0,,,,,,http://id.who.int/icd/entity/821852937,
,http://id.who.int/icd/release/11/mms/821852937/unspecified,6A05.Z,,"- - - Attention deficit hyperactivity disorder, presentation unspecified",category,2.0,True,06,,True,True,BlockL1-6A0,,,,,,http://id.who.int/icd/entity/821852937,
http://id.who.int/icd/entity/1111628448,http://id.who.int/icd/release/11/mms/1111628448,6A06,,- - Stereotyped movement disorder,category,1.0,False,06,,False,True,BlockL1-6A0,,,,,,http://id.who.int/icd/entity/1516623224,
http://id.who.int/icd/entity/399378708,http://id.who.int/icd/release/11/mms/399378708,6A06.0,,- - - Stereotyped movement disorder without self-injury,category,2.0,False,06,,True,True,BlockL1-6A0,,,,,,http://id.who.int/icd/entity/1111628448,
http://id.who.int/icd/entity/140042400,http://id.who.int/icd/release/11/mms/140042400,6A06.1,,- - - Stereotyped movement disorder with self-injury,category,2.0,False,06,,True,True,BlockL1-6A0,,,,,,http://id.who.int/icd/entity/1111628448,
,http://id.who.int/icd/release/11/mms/1111628448/unspecified,6A06.Z,,"- - - Stereotyped movement disorder, unspecified",category,2.0,True,06,,True,True,BlockL1-6A0,,,,,,http://id.who.int/icd/entity/1111628448,
,http://id.who.int/icd/release/11/mms/1516623224/other,6A0Y,,- - Other specified neurodevelopmental disorders,category,1.0,True,06,,True,True,BlockL1-6A0,,,,,,http://id.who.int/icd/entity/1516623224,
,http://id.who.int/icd/release/11/mms/1516623224/unspecified,6A0Z,,"- - Neurodevelopmental disorders, unspecified",category,1.0,True,06,,True,True,BlockL1-6A0,,,,,,http://id.who.int/icd/entity/1516623224,
http://id.who.int/icd/entity/405565289,http://id.who.int/icd/release/11/mms/405565289,,BlockL1-6A2,- Schizophrenia or other primary psychotic disorders,block,1.0,False,06,,False,,,,,,,,http://id.who.int/icd/entity/334423054,
http://id.who.int/icd/entity/1683919430,http://id.who.int/icd/release/11/mms/1683919430,6A20,,- - Schizophrenia,category,1.0,False,06,,False,True,BlockL1-6A2,,,,,,http://id.who.int/icd/entity/405565289,
http://id.who.int/icd/entity/625636921,http://id.who.int/icd/release/11/mms/625636921,6A20.0,,"- - - Schizophrenia, first episode",category,2.0,False,06,,False,True,BlockL1-6A2,,,,,,http://id.who.int/icd/entity/1683919430,
http://id.who.int/icd/entity/692993572,http://id.who.int/icd/release/11/mms/692993572,6A20.00,,"- - - - Schizophrenia, first episode, currently symptomatic",category,3.0,False,06,,True,True,BlockL1-6A2,,,,,,http://id.who.int/icd/entity/625636921,
http://id.who.int/icd/entity/553710121,http://id.who.int/icd/release/11/mms/553710121,6A20.01,,"- - - - Schizophrenia, first episode, in partial remission",category,3.0,False,06,,True,True,BlockL1-6A2,,,,,,http://id.who.int/icd/entity/625636921,
http://id.who.int/icd/entity/476035222,http://id.who.int/icd/release/11/mms/476035222,6A20.02,,"- - - - Schizophrenia, first episode, in full remission",category,3.0,False,06,,True,True,BlockL1-6A2,,,,,,http://id.who.int/icd/entity/625636921,
,http://id.who.int/icd/release/11/mms/625636921/unspecified,6A20.0Z,,"- - - - Schizophrenia, first episode, unspecified",category,3.0,True,06,,True,True,BlockL1-6A2,,,,,,http://id.who.int/icd/entity/625636921,
http://id.who.int/icd/entity/1150025154,http://id.who.int/icd/release/11/mms/1150025154,6A20.1,,"- - - Schizophrenia, multiple episodes",category,2.0,False,06,,False,True,BlockL1-6A2,,,,,,http://id.who.int/icd/entity/1683919430,
http://id.who.int/icd/entity/777415827,http://id.who.int/icd/release/11/mms/777415827,6A20.10,,"- - - - Schizophrenia, multiple episodes, currently symptomatic",category,3.0,False,06,,True,True,BlockL1-6A2,,,,,,http://id.who.int/icd/entity/1150025154,
http://id.who.int/icd/entity/132142084,http://id.who.int/icd/release/11/mms/132142084,6A20.11,,"- - - - Schizophrenia, multiple episodes, in partial remission",category,3.0,False,06,,True,True,BlockL1-6A2,,,,,,http://id.who.int/icd/entity/1150025154,
http://id.who.int/icd/entity/812873082,http://id.who.int/icd/release/11/mms/812873082,6A20.12,,"- - - - Schizophrenia, multiple episodes, in full remission",category,3.0,False,06,,True,True,BlockL1-6A2,,,,,,http://id.who.int/icd/entity/1150025154,
,http://id.who.int/icd/release/11/mms/1150025154/unspecified,6A20.1Z,,"- - - - Schizophrenia, multiple episodes, unspecified",category,3.0,True,06,,True,True,BlockL1-6A2,,,,,,http://id.who.int/icd/entity/1150025154,
http://id.who.int/icd/entity/317761311,http://id.who.int/icd/release/11/mms/317761311,6A20.2,,"- - - Schizophrenia, continuous",category,2.0,False,06,,False,True,BlockL1-6A2,,,,,,http://id.who.int/icd/entity/1683919430,
http://id.who.int/icd/entity/1254806731,http://id.who.int/icd/release/11/mms/1254806731,6A20.20,,"- - - - Schizophrenia, continuous, currently symptomatic",category,3.0,False,06,,True,True,BlockL1-6A2,,,,,,http://id.who.int/icd/entity/317761311,
http://id.who.int/icd/entity/1589500739,http://id.who.int/icd/release/11/mms/1589500739,6A20.21,,"- - - - Schizophrenia, continuous, in partial remission",category,3.0,False,06,,True,True,BlockL1-6A2,,,,,,http://id.who.int/icd/entity/317761311,
http://id.who.int/icd/entity/290515784,http://id.who.int/icd/release/11/mms/290515784,6A20.22,,"- - - - Schizophrenia, continuous, in full remission",category,3.0,False,06,,True,True,BlockL1-6A2,,,,,,http://id.who.int/icd/entity/317761311,
,http://id.who.int/icd/release/11/mms/317761311/unspecified,6A20.2Z,,"- - - - Schizophrenia, continuous, unspecified",category,3.0,True,06,,True,True,BlockL1-6A2,,,,,,http://id.who.int/icd/entity/317761311,
,http://id.who.int/icd/release/11/mms/1683919430/other,6A20.Y,,- - - Other specified episode of schizophrenia,category,2.0,True,06,,True,True,BlockL1-6A2,,,,,,http://id.who.int/icd/entity/1683919430,
,http://id.who.int/icd/release/11/mms/1683919430/unspecified,6A20.Z,,"- - - Schizophrenia, episode unspecified",category,2.0,True,06,,True,True,BlockL1-6A2,,,,,,http://id.who.int/icd/entity/1683919430,
http://id.who.int/icd/entity/106339515,http://id.who.int/icd/release/11/mms/106339515,6A21,,- - Schizoaffective disorder,category,1.0,False,06,,False,True,BlockL1-6A2,,,,,,http://id.who.int/icd/entity/405565289,
http://id.who.int/icd/entity/967849782,http://id.who.int/icd/release/11/mms/967849782,6A21.0,,"- - - Schizoaffective disorder, first episode",category,2.0,False,06,,False,True,BlockL1-6A2,,,,,,http://id.who.int/icd/entity/106339515,
http://id.who.int/icd/entity/1034374160,http://id.who.int/icd/release/11/mms/1034374160,6A21.00,,"- - - - Schizoaffective disorder, first episode, currently symptomatic",category,3.0,False,06,,True,True,BlockL1-6A2,,,,,,http://id.who.int/icd/entity/967849782,
http://id.who.int/icd/entity/584318803,http://id.who.int/icd/release/11/mms/584318803,6A21.01,,"- - - - Schizoaffective disorder, first episode, in partial remission",category,3.0,False,06,,True,True,BlockL1-6A2,,,,,,http://id.who.int/icd/entity/967849782,
http://id.who.int/icd/entity/5254456,http://id.who.int/icd/release/11/mms/5254456,6A21.02,,"- - - - Schizoaffective disorder, first episode, in full remission",category,3.0,False,06,,True,True,BlockL1-6A2,,,,,,http://id.who.int/icd/entity/967849782,
,http://id.who.int/icd/release/11/mms/967849782/unspecified,6A21.0Z,,"- - - - Schizoaffective disorder, first episode, unspecified",category,3.0,True,06,,True,True,BlockL1-6A2,,,,,,http://id.who.int/icd/entity/967849782,
http://id.who.int/icd/entity/1730029381,http://id.who.int/icd/release/11/mms/1730029381,6A21.1,,"- - - Schizoaffective disorder, multiple episodes",category,2.0,False,06,,False,True,BlockL1-6A2,,,,,,http://id.who.int/icd/entity/106339515,
http://id.who.int/icd/entity/963384259,http://id.who.int/icd/release/11/mms/963384259,6A21.10,,"- - - - Schizoaffective disorder, multiple episodes, currently symptomatic",category,3.0,False,06,,True,True,BlockL1-6A2,,,,,,http://id.who.int/icd/entity/1730029381,
http://id.who.int/icd/entity/468697510,http://id.who.int/icd/release/11/mms/468697510,6A21.11,,"- - - - Schizoaffective disorder, multiple episodes, in partial remission",category,3.0,False,06,,True,True,BlockL1-6A2,,,,,,http://id.who.int/icd/entity/1730029381,
http://id.who.int/icd/entity/746381528,http://id.who.int/icd/release/11/mms/746381528,6A21.12,,"- - - - Schizoaffective disorder, multiple episodes, in full remission",category,3.0,False,06,,True,True,BlockL1-6A2,,,,,,http://id.who.int/icd/entity/1730029381,
,http://id.who.int/icd/release/11/mms/1730029381/unspecified,6A21.1Z,,"- - - - Schizoaffective disorder, multiple episodes, unspecified",category,3.0,True,06,,True,True,BlockL1-6A2,,,,,,http://id.who.int/icd/entity/1730029381,
http://id.who.int/icd/entity/725134404,http://id.who.int/icd/release/11/mms/725134404,6A21.2,,"- - - Schizoaffective disorder, continuous",category,2.0,False,06,,False,True,BlockL1-6A2,,,,,,http://id.who.int/icd/entity/106339515,
http://id.who.int/icd/entity/2124501487,http://id.who.int/icd/release/11/mms/2124501487,6A21.20,,"- - - - Schizoaffective disorder, continuous, currently symptomatic",category,3.0,False,06,,True,True,BlockL1-6A2,,,,,,http://id.who.int/icd/entity/725134404,
http://id.who.int/icd/entity/566538430,http://id.who.int/icd/release/11/mms/566538430,6A21.21,,"- - - - Schizoaffective disorder, continuous, in partial remission",category,3.0,False,06,,True,True,BlockL1-6A2,,,,,,http://id.who.int/icd/entity/725134404,
http://id.who.int/icd/entity/439300824,http://id.who.int/icd/release/11/mms/439300824,6A21.22,,"- - - - Schizoaffective disorder, continuous, in full remission",category,3.0,False,06,,True,True,BlockL1-6A2,,,,,,http://id.who.int/icd/entity/725134404,
,http://id.who.int/icd/release/11/mms/725134404/unspecified,6A21.2Z,,"- - - - Schizoaffective disorder, continuous, unspecified",category,3.0,True,06,,True,True,BlockL1-6A2,,,,,,http://id.who.int/icd/entity/725134404,
,http://id.who.int/icd/release/11/mms/106339515/other,6A21.Y,,- - - Other specified schizoaffective disorder,category,2.0,True,06,,True,True,BlockL1-6A2,,,,,,http://id.who.int/icd/entity/106339515,
,http://id.who.int/icd/release/11/mms/106339515/unspecified,6A21.Z,,"- - - Schizoaffective disorder, unspecified",category,2.0,True,06,,True,True,BlockL1-6A2,,,,,,http://id.who.int/icd/entity/106339515,
http://id.who.int/icd/entity/18178000,http://id.who.int/icd/release/11/mms/18178000,6A22,,- - Schizotypal disorder,category,1.0,False,06,,True,True,BlockL1-6A2,,,,,,http://id.who.int/icd/entity/405565289,
http://id.who.int/icd/entity/284410555,http://id.who.int/icd/release/11/mms/284410555,6A23,,- - Acute and transient psychotic disorder,category,1.0,False,06,,False,True,BlockL1-6A2,,,,,,http://id.who.int/icd/entity/405565289,
http://id.who.int/icd/entity/1471861706,http://id.who.int/icd/release/11/mms/1471861706,6A23.0,,"- - - Acute and transient psychotic disorder, first episode",category,2.0,False,06,,False,True,BlockL1-6A2,,,,,,http://id.who.int/icd/entity/284410555,
http://id.who.int/icd/entity/1182509390,http://id.who.int/icd/release/11/mms/1182509390,6A23.00,,"- - - - Acute and transient psychotic disorder, first episode, currently symptomatic",category,3.0,False,06,,True,True,BlockL1-6A2,,,,,,http://id.who.int/icd/entity/1471861706,
http://id.who.int/icd/entity/987681130,http://id.who.int/icd/release/11/mms/987681130,6A23.01,,"- - - - Acute and transient psychotic disorder, first episode, in partial remission",category,3.0,False,06,,True,True,BlockL1-6A2,,,,,,http://id.who.int/icd/entity/1471861706,
http://id.who.int/icd/entity/1429171137,http://id.who.int/icd/release/11/mms/1429171137,6A23.02,,"- - - - Acute and transient psychotic disorder, first episode, in full remission",category,3.0,False,06,,True,True,BlockL1-6A2,,,,,,http://id.who.int/icd/entity/1471861706,
,http://id.who.int/icd/release/11/mms/1471861706/unspecified,6A23.0Z,,"- - - - Acute and transient psychotic disorder, first episode, unspecified",category,3.0,True,06,,True,True,BlockL1-6A2,,,,,,http://id.who.int/icd/entity/1471861706,
http://id.who.int/icd/entity/679604439,http://id.who.int/icd/release/11/mms/679604439,6A23.1,,"- - - Acute and transient psychotic disorder, multiple episodes",category,2.0,False,06,,False,True,BlockL1-6A2,,,,,,http://id.who.int/icd/entity/284410555,
http://id.who.int/icd/entity/448945092,http://id.who.int/icd/release/11/mms/448945092,6A23.10,,"- - - - Acute and transient psychotic disorder, multiple episodes, currently symptomatic",category,3.0,False,06,,True,True,BlockL1-6A2,,,,,,http://id.who.int/icd/entity/679604439,
http://id.who.int/icd/entity/873142442,http://id.who.int/icd/release/11/mms/873142442,6A23.11,,"- - - - Acute and transient psychotic disorder, multiple episodes, in partial remission",category,3.0,False,06,,True,True,BlockL1-6A2,,,,,,http://id.who.int/icd/entity/679604439,
http://id.who.int/icd/entity/710279230,http://id.who.int/icd/release/11/mms/710279230,6A23.12,,"- - - - Acute and transient psychotic disorder, multiple episodes, in full remission",category,3.0,False,06,,True,True,BlockL1-6A2,,,,,,http://id.who.int/icd/entity/679604439,
,http://id.who.int/icd/release/11/mms/679604439/unspecified,6A23.1Z,,"- - - - Acute and transient psychotic disorder, multiple episodes, unspecified",category,3.0,True,06,,True,True,BlockL1-6A2,,,,,,http://id.who.int/icd/entity/679604439,
,http://id.who.int/icd/release/11/mms/284410555/other,6A23.Y,,- - - Other specified acute and transient psychotic disorder,category,2.0,True,06,,True,True,BlockL1-6A2,,,,,,http://id.who.int/icd/entity/284410555,
,http://id.who.int/icd/release/11/mms/284410555/unspecified,6A23.Z,,"- - - Acute and transient psychotic disorder, unspecified",category,2.0,True,06,,True,True,BlockL1-6A2,,,,,,http://id.who.int/icd/entity/284410555,
http://id.who.int/icd/entity/1974996783,http://id.who.int/icd/release/11/mms/1974996783,6A24,,- - Delusional disorder,category,1.0,False,06,,False,True,BlockL1-6A2,,,,,,http://id.who.int/icd/entity/405565289,
http://id.who.int/icd/entity/386634703,http://id.who.int/icd/release/11/mms/386634703,6A24.0,,"- - - Delusional disorder, currently symptomatic",category,2.0,False,06,,True,True,BlockL1-6A2,,,,,,http://id.who.int/icd/entity/1974996783,
http://id.who.int/icd/entity/841168541,http://id.who.int/icd/release/11/mms/841168541,6A24.1,,"- - - Delusional disorder, in partial remission",category,2.0,False,06,,True,True,BlockL1-6A2,,,,,,http://id.who.int/icd/entity/1974996783,
http://id.who.int/icd/entity/229201285,http://id.who.int/icd/release/11/mms/229201285,6A24.2,,"- - - Delusional disorder, in full remission",category,2.0,False,06,,True,True,BlockL1-6A2,,,,,,http://id.who.int/icd/entity/1974996783,
,http://id.who.int/icd/release/11/mms/1974996783/unspecified,6A24.Z,,"- - - Delusional disorder, unspecified",category,2.0,True,06,,True,True,BlockL1-6A2,,,,,,http://id.who.int/icd/entity/1974996783,
http://id.who.int/icd/entity/1358754380,http://id.who.int/icd/release/11/mms/1358754380,6A25,,- - Symptomatic manifestations of primary psychotic disorders,category,1.0,False,06,,False,False,BlockL1-6A2,,,,,These categories should never be used in primary coding. The codes are provided for use as supplementary or additional codes when it is desired to identify the presence of these symptoms in primary psychotic disorders.,http://id.who.int/icd/entity/405565289,
http://id.who.int/icd/entity/521257551,http://id.who.int/icd/release/11/mms/521257551,6A25.0,,- - - Positive symptoms in primary psychotic disorders,category,2.0,False,06,,True,False,BlockL1-6A2,,,,,These categories should never be used in primary coding. The codes are provided for use as supplementary or additional codes when it is desired to identify the presence of these symptoms in primary psychotic disorders.,http://id.who.int/icd/entity/1358754380,
http://id.who.int/icd/entity/1893759206,http://id.who.int/icd/release/11/mms/1893759206,6A25.1,,- - - Negative symptoms in primary psychotic disorders,category,2.0,False,06,,True,False,BlockL1-6A2,,,,,These categories should never be used in primary coding. The codes are provided for use as supplementary or additional codes when it is desired to identify the presence of these symptoms in primary psychotic disorders.,http://id.who.int/icd/entity/1358754380,
http://id.who.int/icd/entity/797284789,http://id.who.int/icd/release/11/mms/797284789,6A25.2,,- - - Depressive mood symptoms in primary psychotic disorders,category,2.0,False,06,,True,False,BlockL1-6A2,,,,,These categories should never be used in primary coding. The codes are provided for use as supplementary or additional codes when it is desired to identify the presence of these symptoms in primary psychotic disorders.,http://id.who.int/icd/entity/1358754380,
http://id.who.int/icd/entity/342760401,http://id.who.int/icd/release/11/mms/342760401,6A25.3,,- - - Manic mood symptoms in primary psychotic disorders,category,2.0,False,06,,True,False,BlockL1-6A2,,,,,These categories should never be used in primary coding. The codes are provided for use as supplementary or additional codes when it is desired to identify the presence of these symptoms in primary psychotic disorders.,http://id.who.int/icd/entity/1358754380,
http://id.who.int/icd/entity/736393417,http://id.who.int/icd/release/11/mms/736393417,6A25.4,,- - - Psychomotor symptoms in primary psychotic disorders,category,2.0,False,06,,True,False,BlockL1-6A2,,,,,These categories should never be used in primary coding. The codes are provided for use as supplementary or additional codes when it is desired to identify the presence of these symptoms in primary psychotic disorders.,http://id.who.int/icd/entity/1358754380,
http://id.who.int/icd/entity/794423031,http://id.who.int/icd/release/11/mms/794423031,6A25.5,,- - - Cognitive symptoms in primary psychotic disorders,category,2.0,False,06,,True,False,BlockL1-6A2,,,,,These categories should never be used in primary coding. The codes are provided for use as supplementary or additional codes when it is desired to identify the presence of these symptoms in primary psychotic disorders.,http://id.who.int/icd/entity/1358754380,
,http://id.who.int/icd/release/11/mms/405565289/other,6A2Y,,- - Other specified primary psychotic disorder,category,1.0,True,06,,True,True,BlockL1-6A2,,,,,,http://id.who.int/icd/entity/405565289,
,http://id.who.int/icd/release/11/mms/405565289/unspecified,6A2Z,,"- - Schizophrenia or other primary psychotic disorders, unspecified",category,1.0,True,06,,True,True,BlockL1-6A2,,,,,,http://id.who.int/icd/entity/405565289,
http://id.who.int/icd/entity/486722075,http://id.who.int/icd/release/11/mms/486722075,,BlockL1-6A4,- Catatonia,block,1.0,False,06,,False,,,,,,,,http://id.who.int/icd/entity/334423054,
http://id.who.int/icd/entity/556568822,http://id.who.int/icd/release/11/mms/556568822,6A40,,- - Catatonia associated with another mental disorder,category,1.0,False,06,,True,True,BlockL1-6A4,,,,,,http://id.who.int/icd/entity/486722075,
http://id.who.int/icd/entity/289492002,http://id.who.int/icd/release/11/mms/289492002,6A41,,- - Catatonia induced by substances or medications,category,1.0,False,06,,True,True,BlockL1-6A4,,,,,,http://id.who.int/icd/entity/486722075,
,http://id.who.int/icd/release/11/mms/486722075/unspecified,6A4Z,,"- - Catatonia, unspecified",category,1.0,True,06,,True,True,BlockL1-6A4,,,,,,http://id.who.int/icd/entity/486722075,
http://id.who.int/icd/entity/76398729,http://id.who.int/icd/release/11/mms/76398729,,BlockL1-6A6,- Mood disorders,block,1.0,False,06,,False,,,,,,,,http://id.who.int/icd/entity/334423054,
http://id.who.int/icd/entity/613065957,http://id.who.int/icd/release/11/mms/613065957,,BlockL2-6A6,- - Bipolar or related disorders,block,2.0,False,06,,False,,BlockL1-6A6,,,,,,http://id.who.int/icd/entity/76398729,
http://id.who.int/icd/entity/1456478153,http://id.who.int/icd/release/11/mms/1456478153,6A60,,- - - Bipolar type I disorder,category,1.0,False,06,,False,True,BlockL1-6A6,BlockL2-6A6,,,,,http://id.who.int/icd/entity/613065957,
http://id.who.int/icd/entity/374726152,http://id.who.int/icd/release/11/mms/374726152,6A60.0,,"- - - - Bipolar type I disorder, current episode manic, without psychotic symptoms",category,2.0,False,06,,True,True,BlockL1-6A6,BlockL2-6A6,,,,,http://id.who.int/icd/entity/1456478153,
http://id.who.int/icd/entity/1660456695,http://id.who.int/icd/release/11/mms/1660456695,6A60.1,,"- - - - Bipolar type I disorder, current episode manic, with psychotic symptoms",category,2.0,False,06,,True,True,BlockL1-6A6,BlockL2-6A6,,,,,http://id.who.int/icd/entity/1456478153,
http://id.who.int/icd/entity/1931350942,http://id.who.int/icd/release/11/mms/1931350942,6A60.2,,"- - - - Bipolar type I disorder, current episode hypomanic",category,2.0,False,06,,True,True,BlockL1-6A6,BlockL2-6A6,,,,,http://id.who.int/icd/entity/1456478153,
http://id.who.int/icd/entity/129188707,http://id.who.int/icd/release/11/mms/129188707,6A60.3,,"- - - - Bipolar type I disorder, current episode depressive, mild",category,2.0,False,06,,True,True,BlockL1-6A6,BlockL2-6A6,,,,,http://id.who.int/icd/entity/1456478153,
http://id.who.int/icd/entity/306271588,http://id.who.int/icd/release/11/mms/306271588,6A60.4,,"- - - - Bipolar type I disorder, current episode depressive, moderate without psychotic symptoms",category,2.0,False,06,,True,True,BlockL1-6A6,BlockL2-6A6,,,,,http://id.who.int/icd/entity/1456478153,
http://id.who.int/icd/entity/818054919,http://id.who.int/icd/release/11/mms/818054919,6A60.5,,"- - - - Bipolar type I disorder, current episode depressive, moderate with psychotic symptoms",category,2.0,False,06,,True,True,BlockL1-6A6,BlockL2-6A6,,,,,http://id.who.int/icd/entity/1456478153,
http://id.who.int/icd/entity/1952305399,http://id.who.int/icd/release/11/mms/1952305399,6A60.6,,"- - - - Bipolar type I disorder, current episode depressive, severe without psychotic symptoms",category,2.0,False,06,,True,True,BlockL1-6A6,BlockL2-6A6,,,,,http://id.who.int/icd/entity/1456478153,
http://id.who.int/icd/entity/286661987,http://id.who.int/icd/release/11/mms/286661987,6A60.7,,"- - - - Bipolar type I disorder, current episode depressive, severe with psychotic symptoms",category,2.0,False,06,,True,True,BlockL1-6A6,BlockL2-6A6,,,,,http://id.who.int/icd/entity/1456478153,
http://id.who.int/icd/entity/1061132490,http://id.who.int/icd/release/11/mms/1061132490,6A60.8,,"- - - - Bipolar type I disorder, current episode depressive, unspecified severity",category,2.0,False,06,,True,True,BlockL1-6A6,BlockL2-6A6,,,,,http://id.who.int/icd/entity/1456478153,
http://id.who.int/icd/entity/1706773916,http://id.who.int/icd/release/11/mms/1706773916,6A60.9,,"- - - - Bipolar type I disorder, current episode mixed, without psychotic symptoms",category,2.0,False,06,,True,True,BlockL1-6A6,BlockL2-6A6,,,,,http://id.who.int/icd/entity/1456478153,
http://id.who.int/icd/entity/167688690,http://id.who.int/icd/release/11/mms/167688690,6A60.A,,"- - - - Bipolar type I disorder, current episode mixed, with psychotic symptoms",category,2.0,False,06,,True,True,BlockL1-6A6,BlockL2-6A6,,,,,http://id.who.int/icd/entity/1456478153,
http://id.who.int/icd/entity/575545179,http://id.who.int/icd/release/11/mms/575545179,6A60.B,,"- - - - Bipolar type I disorder, currently in partial remission, most recent episode manic or hypomanic",category,2.0,False,06,,True,True,BlockL1-6A6,BlockL2-6A6,,,,,http://id.who.int/icd/entity/1456478153,
http://id.who.int/icd/entity/937141021,http://id.who.int/icd/release/11/mms/937141021,6A60.C,,"- - - - Bipolar type I disorder, currently in partial remission, most recent episode depressive",category,2.0,False,06,,True,True,BlockL1-6A6,BlockL2-6A6,,,,,http://id.who.int/icd/entity/1456478153,
http://id.who.int/icd/entity/139575301,http://id.who.int/icd/release/11/mms/139575301,6A60.D,,"- - - - Bipolar type I disorder, currently in partial remission, most recent episode mixed",category,2.0,False,06,,True,True,BlockL1-6A6,BlockL2-6A6,,,,,http://id.who.int/icd/entity/1456478153,
http://id.who.int/icd/entity/811854024,http://id.who.int/icd/release/11/mms/811854024,6A60.E,,"- - - - Bipolar type I disorder, currently in partial remission, most recent episode unspecified",category,2.0,False,06,,True,True,BlockL1-6A6,BlockL2-6A6,,,,,http://id.who.int/icd/entity/1456478153,
http://id.who.int/icd/entity/15761418,http://id.who.int/icd/release/11/mms/15761418,6A60.F,,"- - - - Bipolar type I disorder, currently in full remission",category,2.0,False,06,,True,True,BlockL1-6A6,BlockL2-6A6,,,,,http://id.who.int/icd/entity/1456478153,
,http://id.who.int/icd/release/11/mms/1456478153/other,6A60.Y,,- - - - Other specified bipolar type I disorder,category,2.0,True,06,,True,True,BlockL1-6A6,BlockL2-6A6,,,,,http://id.who.int/icd/entity/1456478153,
,http://id.who.int/icd/release/11/mms/1456478153/unspecified,6A60.Z,,"- - - - Bipolar type I disorder, unspecified",category,2.0,True,06,,True,True,BlockL1-6A6,BlockL2-6A6,,,,,http://id.who.int/icd/entity/1456478153,
http://id.who.int/icd/entity/199053300,http://id.who.int/icd/release/11/mms/199053300,6A61,,- - - Bipolar type II disorder,category,1.0,False,06,,False,True,BlockL1-6A6,BlockL2-6A6,,,,,http://id.who.int/icd/entity/613065957,
http://id.who.int/icd/entity/729639831,http://id.who.int/icd/release/11/mms/729639831,6A61.0,,"- - - - Bipolar type II disorder, current episode hypomanic",category,2.0,False,06,,True,True,BlockL1-6A6,BlockL2-6A6,,,,,http://id.who.int/icd/entity/199053300,
http://id.who.int/icd/entity/485378793,http://id.who.int/icd/release/11/mms/485378793,6A61.1,,"- - - - Bipolar type II disorder, current episode depressive, mild",category,2.0,False,06,,True,True,BlockL1-6A6,BlockL2-6A6,,,,,http://id.who.int/icd/entity/199053300,
http://id.who.int/icd/entity/590587802,http://id.who.int/icd/release/11/mms/590587802,6A61.2,,"- - - - Bipolar type II disorder, current episode depressive, moderate without psychotic symptoms",category,2.0,False,06,,True,True,BlockL1-6A6,BlockL2-6A6,,,,,http://id.who.int/icd/entity/199053300,
http://id.who.int/icd/entity/678752877,http://id.who.int/icd/release/11/mms/678752877,6A61.3,,"- - - - Bipolar type II disorder, current episode depressive, moderate with psychotic symptoms",category,2.0,False,06,,True,True,BlockL1-6A6,BlockL2-6A6,,,,,http://id.who.int/icd/entity/199053300,
http://id.who.int/icd/entity/183967754,http://id.who.int/icd/release/11/mms/183967754,6A61.4,,"- - - - Bipolar type II disorder, current episode depressive, severe without psychotic symptoms",category,2.0,False,06,,True,True,BlockL1-6A6,BlockL2-6A6,,,,,http://id.who.int/icd/entity/199053300,
http://id.who.int/icd/entity/349321697,http://id.who.int/icd/release/11/mms/349321697,6A61.5,,"- - - - Bipolar type II disorder, current episode depressive, severe with psychotic symptoms",category,2.0,False,06,,True,True,BlockL1-6A6,BlockL2-6A6,,,,,http://id.who.int/icd/entity/199053300,
http://id.who.int/icd/entity/51767575,http://id.who.int/icd/release/11/mms/51767575,6A61.6,,"- - - - Bipolar type II disorder, current episode depressive, unspecified severity",category,2.0,False,06,,True,True,BlockL1-6A6,BlockL2-6A6,,,,,http://id.who.int/icd/entity/199053300,
http://id.who.int/icd/entity/520107262,http://id.who.int/icd/release/11/mms/520107262,6A61.7,,"- - - - Bipolar type II disorder, currently in partial remission, most recent episode hypomanic",category,2.0,False,06,,True,True,BlockL1-6A6,BlockL2-6A6,,,,,http://id.who.int/icd/entity/199053300,
http://id.who.int/icd/entity/2003493658,http://id.who.int/icd/release/11/mms/2003493658,6A61.8,,"- - - - Bipolar type II disorder, currently in partial remission, most recent episode depressive",category,2.0,False,06,,True,True,BlockL1-6A6,BlockL2-6A6,,,,,http://id.who.int/icd/entity/199053300,
http://id.who.int/icd/entity/2021041320,http://id.who.int/icd/release/11/mms/2021041320,6A61.9,,"- - - - Bipolar type II disorder, currently in partial remission, most recent episode unspecified",category,2.0,False,06,,True,True,BlockL1-6A6,BlockL2-6A6,,,,,http://id.who.int/icd/entity/199053300,
http://id.who.int/icd/entity/948425503,http://id.who.int/icd/release/11/mms/948425503,6A61.A,,"- - - - Bipolar type II disorder, currently in full remission",category,2.0,False,06,,True,True,BlockL1-6A6,BlockL2-6A6,,,,,http://id.who.int/icd/entity/199053300,
,http://id.who.int/icd/release/11/mms/199053300/other,6A61.Y,,- - - - Other specified bipolar type II disorder,category,2.0,True,06,,True,True,BlockL1-6A6,BlockL2-6A6,,,,,http://id.who.int/icd/entity/199053300,
,http://id.who.int/icd/release/11/mms/199053300/unspecified,6A61.Z,,"- - - - Bipolar type II disorder, unspecified",category,2.0,True,06,,True,True,BlockL1-6A6,BlockL2-6A6,,,,,http://id.who.int/icd/entity/199053300,
http://id.who.int/icd/entity/1427638883,http://id.who.int/icd/release/11/mms/1427638883,6A62,,- - - Cyclothymic disorder,category,1.0,False,06,,True,True,BlockL1-6A6,BlockL2-6A6,,,,,http://id.who.int/icd/entity/613065957,
,http://id.who.int/icd/release/11/mms/613065957/other,6A6Y,,- - - Other specified bipolar or related disorders,category,1.0,True,06,,True,True,BlockL1-6A6,BlockL2-6A6,,,,,http://id.who.int/icd/entity/613065957,
,http://id.who.int/icd/release/11/mms/613065957/unspecified,6A6Z,,"- - - Bipolar or related disorders, unspecified",category,1.0,True,06,,True,True,BlockL1-6A6,BlockL2-6A6,,,,,http://id.who.int/icd/entity/613065957,
http://id.who.int/icd/entity/1563440232,http://id.who.int/icd/release/11/mms/1563440232,,BlockL2-6A7,- - Depressive disorders,block,2.0,False,06,,False,,BlockL1-6A6,,,,,,http://id.who.int/icd/entity/76398729,
http://id.who.int/icd/entity/578635574,http://id.who.int/icd/release/11/mms/578635574,6A70,,- - - Single episode depressive disorder,category,1.0,False,06,,False,True,BlockL1-6A6,BlockL2-6A7,,,,,http://id.who.int/icd/entity/1563440232,
http://id.who.int/icd/entity/1922675618,http://id.who.int/icd/release/11/mms/1922675618,6A70.0,,"- - - - Single episode depressive disorder, mild",category,2.0,False,06,,True,True,BlockL1-6A6,BlockL2-6A7,,,,,http://id.who.int/icd/entity/578635574,
http://id.who.int/icd/entity/399670840,http://id.who.int/icd/release/11/mms/399670840,6A70.1,,"- - - - Single episode depressive disorder, moderate, without psychotic symptoms",category,2.0,False,06,,True,True,BlockL1-6A6,BlockL2-6A7,,,,,http://id.who.int/icd/entity/578635574,
http://id.who.int/icd/entity/651947494,http://id.who.int/icd/release/11/mms/651947494,6A70.2,,"- - - - Single episode depressive disorder, moderate, with psychotic symptoms",category,2.0,False,06,,True,True,BlockL1-6A6,BlockL2-6A7,,,,,http://id.who.int/icd/entity/578635574,
http://id.who.int/icd/entity/1669279433,http://id.who.int/icd/release/11/mms/1669279433,6A70.3,,"- - - - Single episode depressive disorder, severe, without psychotic symptoms",category,2.0,False,06,,True,True,BlockL1-6A6,BlockL2-6A7,,,,,http://id.who.int/icd/entity/578635574,
http://id.who.int/icd/entity/104129373,http://id.who.int/icd/release/11/mms/104129373,6A70.4,,"- - - - Single episode depressive disorder, severe, with psychotic symptoms",category,2.0,False,06,,True,True,BlockL1-6A6,BlockL2-6A7,,,,,http://id.who.int/icd/entity/578635574,
http://id.who.int/icd/entity/554273362,http://id.who.int/icd/release/11/mms/554273362,6A70.5,,"- - - - Single episode depressive disorder, unspecified severity",category,2.0,False,06,,True,True,BlockL1-6A6,BlockL2-6A7,,,,,http://id.who.int/icd/entity/578635574,
http://id.who.int/icd/entity/1841833296,http://id.who.int/icd/release/11/mms/1841833296,6A70.6,,"- - - - Single episode depressive disorder, currently in partial remission",category,2.0,False,06,,True,True,BlockL1-6A6,BlockL2-6A7,,,,,http://id.who.int/icd/entity/578635574,
http://id.who.int/icd/entity/1024740497,http://id.who.int/icd/release/11/mms/1024740497,6A70.7,,"- - - - Single episode depressive disorder, currently in full remission",category,2.0,False,06,,True,True,BlockL1-6A6,BlockL2-6A7,,,,,http://id.who.int/icd/entity/578635574,
,http://id.who.int/icd/release/11/mms/578635574/other,6A70.Y,,- - - - Other specified single episode depressive disorder,category,2.0,True,06,,True,True,BlockL1-6A6,BlockL2-6A7,,,,,http://id.who.int/icd/entity/578635574,
,http://id.who.int/icd/release/11/mms/578635574/unspecified,6A70.Z,,"- - - - Single episode depressive disorder, unspecified",category,2.0,True,06,,True,True,BlockL1-6A6,BlockL2-6A7,,,,,http://id.who.int/icd/entity/578635574,
http://id.who.int/icd/entity/1194756772,http://id.who.int/icd/release/11/mms/1194756772,6A71,,- - - Recurrent depressive disorder,category,1.0,False,06,,False,True,BlockL1-6A6,BlockL2-6A7,,,,,http://id.who.int/icd/entity/1563440232,
http://id.who.int/icd/entity/1851882275,http://id.who.int/icd/release/11/mms/1851882275,6A71.0,,"- - - - Recurrent depressive disorder, current episode mild",category,2.0,False,06,,True,True,BlockL1-6A6,BlockL2-6A7,,,,,http://id.who.int/icd/entity/1194756772,
http://id.who.int/icd/entity/187348663,http://id.who.int/icd/release/11/mms/187348663,6A71.1,,"- - - - Recurrent depressive disorder, current episode moderate, without psychotic symptoms",category,2.0,False,06,,True,True,BlockL1-6A6,BlockL2-6A7,,,,,http://id.who.int/icd/entity/1194756772,
http://id.who.int/icd/entity/419823765,http://id.who.int/icd/release/11/mms/419823765,6A71.2,,"- - - - Recurrent depressive disorder, current episode moderate, with psychotic symptoms",category,2.0,False,06,,True,True,BlockL1-6A6,BlockL2-6A7,,,,,http://id.who.int/icd/entity/1194756772,
http://id.who.int/icd/entity/2139612744,http://id.who.int/icd/release/11/mms/2139612744,6A71.3,,"- - - - Recurrent depressive disorder, current episode severe, without psychotic symptoms",category,2.0,False,06,,True,True,BlockL1-6A6,BlockL2-6A7,,,,,http://id.who.int/icd/entity/1194756772,
http://id.who.int/icd/entity/449588190,http://id.who.int/icd/release/11/mms/449588190,6A71.4,,"- - - - Recurrent depressive disorder, current episode severe, with psychotic symptoms",category,2.0,False,06,,True,True,BlockL1-6A6,BlockL2-6A7,,,,,http://id.who.int/icd/entity/1194756772,
http://id.who.int/icd/entity/1905765233,http://id.who.int/icd/release/11/mms/1905765233,6A71.5,,"- - - - Recurrent depressive disorder, current episode, unspecified severity",category,2.0,False,06,,True,True,BlockL1-6A6,BlockL2-6A7,,,,,http://id.who.int/icd/entity/1194756772,
http://id.who.int/icd/entity/1110405006,http://id.who.int/icd/release/11/mms/1110405006,6A71.6,,"- - - - Recurrent depressive disorder, currently in partial remission",category,2.0,False,06,,True,True,BlockL1-6A6,BlockL2-6A7,,,,,http://id.who.int/icd/entity/1194756772,
http://id.who.int/icd/entity/1763883082,http://id.who.int/icd/release/11/mms/1763883082,6A71.7,,"- - - - Recurrent depressive disorder, currently in full remission",category,2.0,False,06,,True,True,BlockL1-6A6,BlockL2-6A7,,,,,http://id.who.int/icd/entity/1194756772,
,http://id.who.int/icd/release/11/mms/1194756772/other,6A71.Y,,- - - - Other specified recurrent depressive disorder,category,2.0,True,06,,True,True,BlockL1-6A6,BlockL2-6A7,,,,,http://id.who.int/icd/entity/1194756772,
,http://id.who.int/icd/release/11/mms/1194756772/unspecified,6A71.Z,,"- - - - Recurrent depressive disorder, unspecified",category,2.0,True,06,,True,True,BlockL1-6A6,BlockL2-6A7,,,,,http://id.who.int/icd/entity/1194756772,
http://id.who.int/icd/entity/810797047,http://id.who.int/icd/release/11/mms/810797047,6A72,,- - - Dysthymic disorder,category,1.0,False,06,,True,True,BlockL1-6A6,BlockL2-6A7,,,,,http://id.who.int/icd/entity/1563440232,
http://id.who.int/icd/entity/314468192,http://id.who.int/icd/release/11/mms/314468192,6A73,,- - - Mixed depressive and anxiety disorder,category,1.0,False,06,,True,True,BlockL1-6A6,BlockL2-6A7,,,,,http://id.who.int/icd/entity/1563440232,
,http://id.who.int/icd/release/11/mms/1563440232/other,6A7Y,,- - - Other specified depressive disorders,category,1.0,True,06,,True,True,BlockL1-6A6,BlockL2-6A7,,,,,http://id.who.int/icd/entity/1563440232,
,http://id.who.int/icd/release/11/mms/1563440232/unspecified,6A7Z,,"- - - Depressive disorders, unspecified",category,1.0,True,06,,True,True,BlockL1-6A6,BlockL2-6A7,,,,,http://id.who.int/icd/entity/1563440232,
http://id.who.int/icd/entity/496273089,http://id.who.int/icd/release/11/mms/496273089,6A80,,- - Symptomatic and course presentations for mood episodes in mood disorders,category,1.0,False,06,,False,True,BlockL1-6A6,,,,,These categories should never be used in primary coding. The codes are provided for use as supplementary or additional codes when it is desired to identify specific clinically important features of mood episodes in mood disorders.,http://id.who.int/icd/entity/76398729,
http://id.who.int/icd/entity/1119039346,http://id.who.int/icd/release/11/mms/1119039346,6A80.0,,- - - Prominent anxiety symptoms in mood episodes,category,2.0,False,06,,True,True,BlockL1-6A6,,,,,These categories should never be used in primary coding. The codes are provided for use as supplementary or additional codes when it is desired to identify specific clinically important features of mood episodes in mood disorders.,http://id.who.int/icd/entity/496273089,
http://id.who.int/icd/entity/1383708356,http://id.who.int/icd/release/11/mms/1383708356,6A80.1,,- - - Panic attacks in mood episodes,category,2.0,False,06,,True,True,BlockL1-6A6,,,,,These categories should never be used in primary coding. The codes are provided for use as supplementary or additional codes when it is desired to identify specific clinically important features of mood episodes in mood disorders.,http://id.who.int/icd/entity/496273089,
http://id.who.int/icd/entity/1906190365,http://id.who.int/icd/release/11/mms/1906190365,6A80.2,,- - - Current depressive episode persistent,category,2.0,False,06,,True,True,BlockL1-6A6,,,,,These categories should never be used in primary coding. The codes are provided for use as supplementary or additional codes when it is desired to identify specific clinically important features of mood episodes in mood disorders.,http://id.who.int/icd/entity/496273089,
http://id.who.int/icd/entity/802537726,http://id.who.int/icd/release/11/mms/802537726,6A80.3,,- - - Current depressive episode with melancholia,category,2.0,False,06,,True,True,BlockL1-6A6,,,,,These categories should never be used in primary coding. The codes are provided for use as supplementary or additional codes when it is desired to identify specific clinically important features of mood episodes in mood disorders.,http://id.who.int/icd/entity/496273089,
http://id.who.int/icd/entity/822487798,http://id.who.int/icd/release/11/mms/822487798,6A80.4,,- - - Seasonal pattern of mood episode onset,category,2.0,False,06,,True,True,BlockL1-6A6,,,,,These categories should never be used in primary coding. The codes are provided for use as supplementary or additional codes when it is desired to identify specific clinically important features of mood episodes in mood disorders.,http://id.who.int/icd/entity/496273089,
http://id.who.int/icd/entity/567063364,http://id.who.int/icd/release/11/mms/567063364,6A80.5,,- - - Rapid cycling,category,2.0,False,06,,True,True,BlockL1-6A6,,,,,These categories should never be used in primary coding. The codes are provided for use as supplementary or additional codes when it is desired to identify specific clinically important features of mood episodes in mood disorders.,http://id.who.int/icd/entity/496273089,
,http://id.who.int/icd/release/11/mms/76398729/other,6A8Y,,- - Other specified mood disorders,category,1.0,True,06,,True,True,BlockL1-6A6,,,,,,http://id.who.int/icd/entity/76398729,
,http://id.who.int/icd/release/11/mms/76398729/unspecified,6A8Z,,"- - Mood disorders, unspecified",category,1.0,True,06,,True,True,BlockL1-6A6,,,,,,http://id.who.int/icd/entity/76398729,
http://id.who.int/icd/entity/1336943699,http://id.who.int/icd/release/11/mms/1336943699,,BlockL1-6B0,- Anxiety or fear-related disorders,block,1.0,False,06,,False,,,,,,,,http://id.who.int/icd/entity/334423054,
http://id.who.int/icd/entity/1712535455,http://id.who.int/icd/release/11/mms/1712535455,6B00,,- - Generalised anxiety disorder,category,1.0,False,06,,True,True,BlockL1-6B0,,,,,,http://id.who.int/icd/entity/1336943699,
http://id.who.int/icd/entity/56162827,http://id.who.int/icd/release/11/mms/56162827,6B01,,- - Panic disorder,category,1.0,False,06,,True,True,BlockL1-6B0,,,,,,http://id.who.int/icd/entity/1336943699,
http://id.who.int/icd/entity/530592394,http://id.who.int/icd/release/11/mms/530592394,6B02,,- - Agoraphobia,category,1.0,False,06,,True,True,BlockL1-6B0,,,,,,http://id.who.int/icd/entity/1336943699,
http://id.who.int/icd/entity/239513569,http://id.who.int/icd/release/11/mms/239513569,6B03,,- - Specific phobia,category,1.0,False,06,,True,True,BlockL1-6B0,,,,,,http://id.who.int/icd/entity/1336943699,
http://id.who.int/icd/entity/2062286624,http://id.who.int/icd/release/11/mms/2062286624,6B04,,- - Social anxiety disorder,category,1.0,False,06,,True,True,BlockL1-6B0,,,,,,http://id.who.int/icd/entity/1336943699,
http://id.who.int/icd/entity/830200631,http://id.who.int/icd/release/11/mms/830200631,6B05,,- - Separation anxiety disorder,category,1.0,False,06,,True,True,BlockL1-6B0,,,,,,http://id.who.int/icd/entity/1336943699,
http://id.who.int/icd/entity/167946871,http://id.who.int/icd/release/11/mms/167946871,6B06,,- - Selective mutism,category,1.0,False,06,,True,True,BlockL1-6B0,,,,,,http://id.who.int/icd/entity/1336943699,
,http://id.who.int/icd/release/11/mms/1336943699/other,6B0Y,,- - Other specified anxiety or fear-related disorders,category,1.0,True,06,,True,True,BlockL1-6B0,,,,,,http://id.who.int/icd/entity/1336943699,
,http://id.who.int/icd/release/11/mms/1336943699/unspecified,6B0Z,,"- - Anxiety or fear-related disorders, unspecified",category,1.0,True,06,,True,True,BlockL1-6B0,,,,,,http://id.who.int/icd/entity/1336943699,
http://id.who.int/icd/entity/1321276661,http://id.who.int/icd/release/11/mms/1321276661,,BlockL1-6B2,- Obsessive-compulsive or related disorders,block,1.0,False,06,,False,,,,,,,,http://id.who.int/icd/entity/334423054,
http://id.who.int/icd/entity/1582741816,http://id.who.int/icd/release/11/mms/1582741816,6B20,,- - Obsessive-compulsive disorder,category,1.0,False,06,,False,True,BlockL1-6B2,,,,,,http://id.who.int/icd/entity/1321276661,
http://id.who.int/icd/entity/1015764596,http://id.who.int/icd/release/11/mms/1015764596,6B20.0,,- - - Obsessive-compulsive disorder with fair to good insight,category,2.0,False,06,,True,True,BlockL1-6B2,,,,,,http://id.who.int/icd/entity/1582741816,
http://id.who.int/icd/entity/1994177297,http://id.who.int/icd/release/11/mms/1994177297,6B20.1,,- - - Obsessive-compulsive disorder with poor to absent insight,category,2.0,False,06,,True,True,BlockL1-6B2,,,,,,http://id.who.int/icd/entity/1582741816,
,http://id.who.int/icd/release/11/mms/1582741816/unspecified,6B20.Z,,"- - - Obsessive-compulsive disorder, unspecified",category,2.0,True,06,,True,True,BlockL1-6B2,,,,,,http://id.who.int/icd/entity/1582741816,
http://id.who.int/icd/entity/731724655,http://id.who.int/icd/release/11/mms/731724655,6B21,,- - Body dysmorphic disorder,category,1.0,False,06,,False,True,BlockL1-6B2,,,,,,http://id.who.int/icd/entity/1321276661,
http://id.who.int/icd/entity/1674048969,http://id.who.int/icd/release/11/mms/1674048969,6B21.0,,- - - Body dysmorphic disorder with fair to good insight,category,2.0,False,06,,True,True,BlockL1-6B2,,,,,,http://id.who.int/icd/entity/731724655,
http://id.who.int/icd/entity/959548182,http://id.who.int/icd/release/11/mms/959548182,6B21.1,,- - - Body dysmorphic disorder with poor to absent insight,category,2.0,False,06,,True,True,BlockL1-6B2,,,,,,http://id.who.int/icd/entity/731724655,
,http://id.who.int/icd/release/11/mms/731724655/unspecified,6B21.Z,,"- - - Body dysmorphic disorder, unspecified",category,2.0,True,06,,True,True,BlockL1-6B2,,,,,,http://id.who.int/icd/entity/731724655,
http://id.who.int/icd/entity/1119008568,http://id.who.int/icd/release/11/mms/1119008568,6B22,,- - Olfactory reference disorder,category,1.0,False,06,,False,True,BlockL1-6B2,,,,,,http://id.who.int/icd/entity/1321276661,
http://id.who.int/icd/entity/1880326300,http://id.who.int/icd/release/11/mms/1880326300,6B22.0,,- - - Olfactory reference disorder with fair to good insight,category,2.0,False,06,,True,True,BlockL1-6B2,,,,,,http://id.who.int/icd/entity/1119008568,
http://id.who.int/icd/entity/2057185272,http://id.who.int/icd/release/11/mms/2057185272,6B22.1,,- - - Olfactory reference disorder with poor to absent insight,category,2.0,False,06,,True,True,BlockL1-6B2,,,,,,http://id.who.int/icd/entity/1119008568,
,http://id.who.int/icd/release/11/mms/1119008568/unspecified,6B22.Z,,"- - - Olfactory reference disorder, unspecified",category,2.0,True,06,,True,True,BlockL1-6B2,,,,,,http://id.who.int/icd/entity/1119008568,
http://id.who.int/icd/entity/675329566,http://id.who.int/icd/release/11/mms/675329566,6B23,,- - Hypochondriasis,category,1.0,False,06,,False,True,BlockL1-6B2,,,,,,http://id.who.int/icd/entity/1321276661,
http://id.who.int/icd/entity/80299449,http://id.who.int/icd/release/11/mms/80299449,6B23.0,,- - - Hypochondriasis with fair to good insight,category,2.0,False,06,,True,True,BlockL1-6B2,,,,,,http://id.who.int/icd/entity/675329566,
http://id.who.int/icd/entity/280906289,http://id.who.int/icd/release/11/mms/280906289,6B23.1,,- - - Hypochondriasis with poor to absent insight,category,2.0,False,06,,True,True,BlockL1-6B2,,,,,,http://id.who.int/icd/entity/675329566,
,http://id.who.int/icd/release/11/mms/675329566/unspecified,6B23.Z,,"- - - Hypochondriasis, unspecified",category,2.0,True,06,,True,True,BlockL1-6B2,,,,,,http://id.who.int/icd/entity/675329566,
http://id.who.int/icd/entity/1991016628,http://id.who.int/icd/release/11/mms/1991016628,6B24,,- - Hoarding disorder,category,1.0,False,06,,False,True,BlockL1-6B2,,,,,,http://id.who.int/icd/entity/1321276661,
http://id.who.int/icd/entity/1515067172,http://id.who.int/icd/release/11/mms/1515067172,6B24.0,,- - - Hoarding disorder with fair to good insight,category,2.0,False,06,,True,True,BlockL1-6B2,,,,,,http://id.who.int/icd/entity/1991016628,
http://id.who.int/icd/entity/1355001928,http://id.who.int/icd/release/11/mms/1355001928,6B24.1,,- - - Hoarding disorder with poor to absent insight,category,2.0,False,06,,True,True,BlockL1-6B2,,,,,,http://id.who.int/icd/entity/1991016628,
,http://id.who.int/icd/release/11/mms/1991016628/unspecified,6B24.Z,,"- - - Hoarding disorder, unspecified",category,2.0,True,06,,True,True,BlockL1-6B2,,,,,,http://id.who.int/icd/entity/1991016628,
http://id.who.int/icd/entity/1121465374,http://id.who.int/icd/release/11/mms/1121465374,6B25,,- - Body-focused repetitive behaviour disorders,category,1.0,False,06,,False,True,BlockL1-6B2,,,,,,http://id.who.int/icd/entity/1321276661,
http://id.who.int/icd/entity/1253999657,http://id.who.int/icd/release/11/mms/1253999657,6B25.0,,- - - Trichotillomania,category,2.0,False,06,,True,True,BlockL1-6B2,,,,,,http://id.who.int/icd/entity/1121465374,
http://id.who.int/icd/entity/726494117,http://id.who.int/icd/release/11/mms/726494117,6B25.1,,- - - Excoriation disorder,category,2.0,False,06,,True,True,BlockL1-6B2,,,,,,http://id.who.int/icd/entity/1121465374,
,http://id.who.int/icd/release/11/mms/1121465374/other,6B25.Y,,- - - Other specified body-focused repetitive behaviour disorders,category,2.0,True,06,,True,True,BlockL1-6B2,,,,,,http://id.who.int/icd/entity/1121465374,
,http://id.who.int/icd/release/11/mms/1121465374/unspecified,6B25.Z,,"- - - Body-focused repetitive behaviour disorders, unspecified",category,2.0,True,06,,True,True,BlockL1-6B2,,,,,,http://id.who.int/icd/entity/1121465374,
,http://id.who.int/icd/release/11/mms/1321276661/other,6B2Y,,- - Other specified obsessive-compulsive or related disorders,category,1.0,True,06,,True,True,BlockL1-6B2,,,,,,http://id.who.int/icd/entity/1321276661,
,http://id.who.int/icd/release/11/mms/1321276661/unspecified,6B2Z,,"- - Obsessive-compulsive or related disorders, unspecified",category,1.0,True,06,,True,True,BlockL1-6B2,,,,,,http://id.who.int/icd/entity/1321276661,
http://id.who.int/icd/entity/991786158,http://id.who.int/icd/release/11/mms/991786158,,BlockL1-6B4,- Disorders specifically associated with stress,block,1.0,False,06,,False,,,,,,,,http://id.who.int/icd/entity/334423054,
http://id.who.int/icd/entity/2070699808,http://id.who.int/icd/release/11/mms/2070699808,6B40,,- - Post traumatic stress disorder,category,1.0,False,06,,True,True,BlockL1-6B4,,,,,,http://id.who.int/icd/entity/991786158,
http://id.who.int/icd/entity/585833559,http://id.who.int/icd/release/11/mms/585833559,6B41,,- - Complex post traumatic stress disorder,category,1.0,False,06,,True,True,BlockL1-6B4,,,,,,http://id.who.int/icd/entity/991786158,
http://id.who.int/icd/entity/1183832314,http://id.who.int/icd/release/11/mms/1183832314,6B42,,- - Prolonged grief disorder,category,1.0,False,06,,True,True,BlockL1-6B4,,,,,,http://id.who.int/icd/entity/991786158,
http://id.who.int/icd/entity/264310751,http://id.who.int/icd/release/11/mms/264310751,6B43,,- - Adjustment disorder,category,1.0,False,06,,True,True,BlockL1-6B4,,,,,,http://id.who.int/icd/entity/991786158,
http://id.who.int/icd/entity/1867081699,http://id.who.int/icd/release/11/mms/1867081699,6B44,,- - Reactive attachment disorder,category,1.0,False,06,,True,True,BlockL1-6B4,,,,,,http://id.who.int/icd/entity/991786158,
http://id.who.int/icd/entity/467941148,http://id.who.int/icd/release/11/mms/467941148,6B45,,- - Disinhibited social engagement disorder,category,1.0,False,06,,True,True,BlockL1-6B4,,,,,,http://id.who.int/icd/entity/991786158,
,http://id.who.int/icd/release/11/mms/991786158/other,6B4Y,,- - Other specified disorders specifically associated with stress,category,1.0,True,06,,True,True,BlockL1-6B4,,,,,,http://id.who.int/icd/entity/991786158,
,http://id.who.int/icd/release/11/mms/991786158/unspecified,6B4Z,,"- - Disorders specifically associated with stress, unspecified",category,1.0,True,06,,True,True,BlockL1-6B4,,,,,,http://id.who.int/icd/entity/991786158,
http://id.who.int/icd/entity/108180424,http://id.who.int/icd/release/11/mms/108180424,,BlockL1-6B6,- Dissociative disorders,block,1.0,False,06,,False,,,,,,,,http://id.who.int/icd/entity/334423054,
http://id.who.int/icd/entity/1069443471,http://id.who.int/icd/release/11/mms/1069443471,6B60,,- - Dissociative neurological symptom disorder,category,1.0,False,06,,False,True,BlockL1-6B6,,,,,,http://id.who.int/icd/entity/108180424,
http://id.who.int/icd/entity/197468567,http://id.who.int/icd/release/11/mms/197468567,6B60.0,,"- - - Dissociative neurological symptom disorder, with visual disturbance",category,2.0,False,06,,True,True,BlockL1-6B6,,,,,,http://id.who.int/icd/entity/1069443471,
http://id.who.int/icd/entity/604711335,http://id.who.int/icd/release/11/mms/604711335,6B60.1,,"- - - Dissociative neurological symptom disorder, with auditory disturbance",category,2.0,False,06,,True,True,BlockL1-6B6,,,,,,http://id.who.int/icd/entity/1069443471,
http://id.who.int/icd/entity/1155836908,http://id.who.int/icd/release/11/mms/1155836908,6B60.2,,"- - - Dissociative neurological symptom disorder, with vertigo or dizziness",category,2.0,False,06,,True,True,BlockL1-6B6,,,,,,http://id.who.int/icd/entity/1069443471,
http://id.who.int/icd/entity/1608456538,http://id.who.int/icd/release/11/mms/1608456538,6B60.3,,"- - - Dissociative neurological symptom disorder, with other sensory disturbance",category,2.0,False,06,,True,True,BlockL1-6B6,,,,,,http://id.who.int/icd/entity/1069443471,
http://id.who.int/icd/entity/1620688958,http://id.who.int/icd/release/11/mms/1620688958,6B60.4,,"- - - Dissociative neurological symptom disorder, with non-epileptic seizures",category,2.0,False,06,,True,True,BlockL1-6B6,,,,,,http://id.who.int/icd/entity/1069443471,
http://id.who.int/icd/entity/1504141213,http://id.who.int/icd/release/11/mms/1504141213,6B60.5,,"- - - Dissociative neurological symptom disorder, with speech disturbance",category,2.0,False,06,,True,True,BlockL1-6B6,,,,,,http://id.who.int/icd/entity/1069443471,
http://id.who.int/icd/entity/1367613958,http://id.who.int/icd/release/11/mms/1367613958,6B60.6,,"- - - Dissociative neurological symptom disorder, with paresis or weakness",category,2.0,False,06,,True,True,BlockL1-6B6,,,,,,http://id.who.int/icd/entity/1069443471,
http://id.who.int/icd/entity/1604145596,http://id.who.int/icd/release/11/mms/1604145596,6B60.7,,"- - - Dissociative neurological symptom disorder, with gait disturbance",category,2.0,False,06,,True,True,BlockL1-6B6,,,,,,http://id.who.int/icd/entity/1069443471,
http://id.who.int/icd/entity/536986325,http://id.who.int/icd/release/11/mms/536986325,6B60.8,,"- - - Dissociative neurological symptom disorder, with movement disturbance",category,2.0,False,06,,False,True,BlockL1-6B6,,,,,,http://id.who.int/icd/entity/1069443471,
http://id.who.int/icd/entity/1665998139,http://id.who.int/icd/release/11/mms/1665998139,6B60.80,,"- - - - Dissociative neurological symptom disorder, with chorea",category,3.0,False,06,,True,True,BlockL1-6B6,,,,,,http://id.who.int/icd/entity/536986325,
http://id.who.int/icd/entity/1733770101,http://id.who.int/icd/release/11/mms/1733770101,6B60.81,,"- - - - Dissociative neurological symptom disorder, with myoclonus",category,3.0,False,06,,True,True,BlockL1-6B6,,,,,,http://id.who.int/icd/entity/536986325,
http://id.who.int/icd/entity/59160874,http://id.who.int/icd/release/11/mms/59160874,6B60.82,,"- - - - Dissociative neurological symptom disorder, with tremor",category,3.0,False,06,,True,True,BlockL1-6B6,,,,,,http://id.who.int/icd/entity/536986325,
http://id.who.int/icd/entity/1113307263,http://id.who.int/icd/release/11/mms/1113307263,6B60.83,,"- - - - Dissociative neurological symptom disorder, with dystonia",category,3.0,False,06,,True,True,BlockL1-6B6,,,,,,http://id.who.int/icd/entity/536986325,
http://id.who.int/icd/entity/577260920,http://id.who.int/icd/release/11/mms/577260920,6B60.84,,"- - - - Dissociative neurological symptom disorder, with facial spasm",category,3.0,False,06,,True,True,BlockL1-6B6,,,,,,http://id.who.int/icd/entity/536986325,
http://id.who.int/icd/entity/967232108,http://id.who.int/icd/release/11/mms/967232108,6B60.85,,"- - - - Dissociative neurological symptom disorder, with Parkinsonism",category,3.0,False,06,,True,True,BlockL1-6B6,,,,,,http://id.who.int/icd/entity/536986325,
,http://id.who.int/icd/release/11/mms/536986325/other,6B60.8Y,,"- - - - Dissociative neurological symptom disorder, with other specified movement disturbance",category,3.0,True,06,,True,True,BlockL1-6B6,,,,,,http://id.who.int/icd/entity/536986325,
,http://id.who.int/icd/release/11/mms/536986325/unspecified,6B60.8Z,,"- - - - Dissociative neurological symptom disorder, with unspecified movement disturbance",category,3.0,True,06,,True,True,BlockL1-6B6,,,,,,http://id.who.int/icd/entity/536986325,
http://id.who.int/icd/entity/71229925,http://id.who.int/icd/release/11/mms/71229925,6B60.9,,"- - - Dissociative neurological symptom disorder, with cognitive symptoms",category,2.0,False,06,,True,True,BlockL1-6B6,,,,,,http://id.who.int/icd/entity/1069443471,
,http://id.who.int/icd/release/11/mms/1069443471/other,6B60.Y,,"- - - Dissociative neurological symptom disorder, with other specified symptoms",category,2.0,True,06,,True,True,BlockL1-6B6,,,,,,http://id.who.int/icd/entity/1069443471,
,http://id.who.int/icd/release/11/mms/1069443471/unspecified,6B60.Z,,"- - - Dissociative neurological symptom disorder, with unspecified symptoms",category,2.0,True,06,,True,True,BlockL1-6B6,,,,,,http://id.who.int/icd/entity/1069443471,
http://id.who.int/icd/entity/626975732,http://id.who.int/icd/release/11/mms/626975732,6B61,,- - Dissociative amnesia,category,1.0,False,06,,False,True,BlockL1-6B6,,,,,,http://id.who.int/icd/entity/108180424,
http://id.who.int/icd/entity/1075129954,http://id.who.int/icd/release/11/mms/1075129954,6B61.0,,- - - Dissociative amnesia with dissociative fugue,category,2.0,False,06,,True,True,BlockL1-6B6,,,,,,http://id.who.int/icd/entity/626975732,
http://id.who.int/icd/entity/312804864,http://id.who.int/icd/release/11/mms/312804864,6B61.1,,- - - Dissociative amnesia without dissociative fugue,category,2.0,False,06,,True,True,BlockL1-6B6,,,,,,http://id.who.int/icd/entity/626975732,
,http://id.who.int/icd/release/11/mms/626975732/unspecified,6B61.Z,,"- - - Dissociative amnesia, unspecified",category,2.0,True,06,,True,True,BlockL1-6B6,,,,,,http://id.who.int/icd/entity/626975732,
http://id.who.int/icd/entity/1807490186,http://id.who.int/icd/release/11/mms/1807490186,6B62,,- - Trance disorder,category,1.0,False,06,,True,True,BlockL1-6B6,,,,,,http://id.who.int/icd/entity/108180424,
http://id.who.int/icd/entity/1374925579,http://id.who.int/icd/release/11/mms/1374925579,6B63,,- - Possession trance disorder,category,1.0,False,06,,True,True,BlockL1-6B6,,,,,,http://id.who.int/icd/entity/108180424,
http://id.who.int/icd/entity/1829103493,http://id.who.int/icd/release/11/mms/1829103493,6B64,,- - Dissociative identity disorder,category,1.0,False,06,,True,True,BlockL1-6B6,,,,,,http://id.who.int/icd/entity/108180424,
http://id.who.int/icd/entity/988400777,http://id.who.int/icd/release/11/mms/988400777,6B65,,- - Partial dissociative identity disorder,category,1.0,False,06,,True,True,BlockL1-6B6,,,,,,http://id.who.int/icd/entity/108180424,
http://id.who.int/icd/entity/253124068,http://id.who.int/icd/release/11/mms/253124068,6B66,,- - Depersonalization-derealization disorder,category,1.0,False,06,,True,True,BlockL1-6B6,,,,,,http://id.who.int/icd/entity/108180424,
,http://id.who.int/icd/release/11/mms/108180424/other,6B6Y,,- - Other specified dissociative disorders,category,1.0,True,06,,True,True,BlockL1-6B6,,,,,,http://id.who.int/icd/entity/108180424,
,http://id.who.int/icd/release/11/mms/108180424/unspecified,6B6Z,,"- - Dissociative disorders, unspecified",category,1.0,True,06,,True,True,BlockL1-6B6,,,,,,http://id.who.int/icd/entity/108180424,
http://id.who.int/icd/entity/1412387537,http://id.who.int/icd/release/11/mms/1412387537,,BlockL1-6B8,- Feeding or eating disorders,block,1.0,False,06,,False,,,,,,,,http://id.who.int/icd/entity/334423054,
http://id.who.int/icd/entity/263852475,http://id.who.int/icd/release/11/mms/263852475,6B80,,- - Anorexia Nervosa,category,1.0,False,06,,False,True,BlockL1-6B8,,,,,,http://id.who.int/icd/entity/1412387537,
http://id.who.int/icd/entity/306103450,http://id.who.int/icd/release/11/mms/306103450,6B80.0,,- - - Anorexia Nervosa with significantly low body weight,category,2.0,False,06,,False,True,BlockL1-6B8,,,,,,http://id.who.int/icd/entity/263852475,
http://id.who.int/icd/entity/555272190,http://id.who.int/icd/release/11/mms/555272190,6B80.00,,"- - - - Anorexia Nervosa with significantly low body weight, restricting pattern",category,3.0,False,06,,True,True,BlockL1-6B8,,,,,,http://id.who.int/icd/entity/306103450,
http://id.who.int/icd/entity/544507568,http://id.who.int/icd/release/11/mms/544507568,6B80.01,,"- - - - Anorexia Nervosa with significantly low body weight, binge-purge pattern",category,3.0,False,06,,True,True,BlockL1-6B8,,,,,,http://id.who.int/icd/entity/306103450,
,http://id.who.int/icd/release/11/mms/306103450/unspecified,6B80.0Z,,"- - - - Anorexia Nervosa with significantly low body weight, unspecified",category,3.0,True,06,,True,True,BlockL1-6B8,,,,,,http://id.who.int/icd/entity/306103450,
http://id.who.int/icd/entity/647582417,http://id.who.int/icd/release/11/mms/647582417,6B80.1,,- - - Anorexia Nervosa with dangerously low body weight,category,2.0,False,06,,False,True,BlockL1-6B8,,,,,,http://id.who.int/icd/entity/263852475,
http://id.who.int/icd/entity/631591362,http://id.who.int/icd/release/11/mms/631591362,6B80.10,,"- - - - Anorexia Nervosa with dangerously low body weight, restricting pattern",category,3.0,False,06,,True,True,BlockL1-6B8,,,,,,http://id.who.int/icd/entity/647582417,
http://id.who.int/icd/entity/1526825514,http://id.who.int/icd/release/11/mms/1526825514,6B80.11,,"- - - - Anorexia Nervosa with dangerously low body weight, binge-purge pattern",category,3.0,False,06,,True,True,BlockL1-6B8,,,,,,http://id.who.int/icd/entity/647582417,
,http://id.who.int/icd/release/11/mms/647582417/unspecified,6B80.1Z,,"- - - - Anorexia Nervosa with dangerously low body weight, unspecified",category,3.0,True,06,,True,True,BlockL1-6B8,,,,,,http://id.who.int/icd/entity/647582417,
http://id.who.int/icd/entity/38433871,http://id.who.int/icd/release/11/mms/38433871,6B80.2,,- - - Anorexia Nervosa in recovery with normal body weight,category,2.0,False,06,,True,True,BlockL1-6B8,,,,,,http://id.who.int/icd/entity/263852475,
,http://id.who.int/icd/release/11/mms/263852475/other,6B80.Y,,- - - Other specified anorexia Nervosa,category,2.0,True,06,,True,True,BlockL1-6B8,,,,,,http://id.who.int/icd/entity/263852475,
,http://id.who.int/icd/release/11/mms/263852475/unspecified,6B80.Z,,"- - - Anorexia Nervosa, unspecified",category,2.0,True,06,,True,True,BlockL1-6B8,,,,,,http://id.who.int/icd/entity/263852475,
http://id.who.int/icd/entity/509381842,http://id.who.int/icd/release/11/mms/509381842,6B81,,- - Bulimia Nervosa,category,1.0,False,06,,True,True,BlockL1-6B8,,,,,,http://id.who.int/icd/entity/1412387537,
http://id.who.int/icd/entity/1673294767,http://id.who.int/icd/release/11/mms/1673294767,6B82,,- - Binge eating disorder,category,1.0,False,06,,True,True,BlockL1-6B8,,,,,,http://id.who.int/icd/entity/1412387537,
http://id.who.int/icd/entity/1242188600,http://id.who.int/icd/release/11/mms/1242188600,6B83,,- - Avoidant-restrictive food intake disorder,category,1.0,False,06,,True,True,BlockL1-6B8,,,,,,http://id.who.int/icd/entity/1412387537,
http://id.who.int/icd/entity/833390860,http://id.who.int/icd/release/11/mms/833390860,6B84,,- - Pica,category,1.0,False,06,,True,True,BlockL1-6B8,,,,,,http://id.who.int/icd/entity/1412387537,
http://id.who.int/icd/entity/1205760590,http://id.who.int/icd/release/11/mms/1205760590,6B85,,- - Rumination-regurgitation disorder,category,1.0,False,06,,True,True,BlockL1-6B8,,,,,,http://id.who.int/icd/entity/1412387537,
,http://id.who.int/icd/release/11/mms/1412387537/other,6B8Y,,- - Other specified feeding or eating disorders,category,1.0,True,06,,True,True,BlockL1-6B8,,,,,,http://id.who.int/icd/entity/1412387537,
,http://id.who.int/icd/release/11/mms/1412387537/unspecified,6B8Z,,"- - Feeding or eating disorders, unspecified",category,1.0,True,06,,True,True,BlockL1-6B8,,,,,,http://id.who.int/icd/entity/1412387537,
http://id.who.int/icd/entity/1884115764,http://id.who.int/icd/release/11/mms/1884115764,,BlockL1-6C0,- Elimination disorders,block,1.0,False,06,,False,,,,,,,,http://id.who.int/icd/entity/334423054,
http://id.who.int/icd/entity/1157749237,http://id.who.int/icd/release/11/mms/1157749237,6C00,,- - Enuresis,category,1.0,False,06,,False,True,BlockL1-6C0,,,,,,http://id.who.int/icd/entity/1884115764,
http://id.who.int/icd/entity/1048673005,http://id.who.int/icd/release/11/mms/1048673005,6C00.0,,- - - Nocturnal enuresis,category,2.0,False,06,,True,True,BlockL1-6C0,,,,,,http://id.who.int/icd/entity/1157749237,
http://id.who.int/icd/entity/210284268,http://id.who.int/icd/release/11/mms/210284268,6C00.1,,- - - Diurnal enuresis,category,2.0,False,06,,True,True,BlockL1-6C0,,,,,,http://id.who.int/icd/entity/1157749237,
http://id.who.int/icd/entity/624858749,http://id.who.int/icd/release/11/mms/624858749,6C00.2,,- - - Nocturnal and diurnal enuresis,category,2.0,False,06,,True,True,BlockL1-6C0,,,,,,http://id.who.int/icd/entity/1157749237,
,http://id.who.int/icd/release/11/mms/1157749237/unspecified,6C00.Z,,"- - - Enuresis, unspecified",category,2.0,True,06,,True,True,BlockL1-6C0,,,,,,http://id.who.int/icd/entity/1157749237,
http://id.who.int/icd/entity/313374467,http://id.who.int/icd/release/11/mms/313374467,6C01,,- - Encopresis,category,1.0,False,06,,False,True,BlockL1-6C0,,,,,,http://id.who.int/icd/entity/1884115764,
http://id.who.int/icd/entity/528060023,http://id.who.int/icd/release/11/mms/528060023,6C01.0,,- - - Encopresis with constipation or overflow incontinence,category,2.0,False,06,,True,True,BlockL1-6C0,,,,,,http://id.who.int/icd/entity/313374467,
http://id.who.int/icd/entity/541725793,http://id.who.int/icd/release/11/mms/541725793,6C01.1,,- - - Encopresis without constipation or overflow incontinence,category,2.0,False,06,,True,True,BlockL1-6C0,,,,,,http://id.who.int/icd/entity/313374467,
,http://id.who.int/icd/release/11/mms/313374467/unspecified,6C01.Z,,"- - - Encopresis, unspecified",category,2.0,True,06,,True,True,BlockL1-6C0,,,,,,http://id.who.int/icd/entity/313374467,
,http://id.who.int/icd/release/11/mms/1884115764/unspecified,6C0Z,,"- - Elimination disorders, unspecified",category,1.0,True,06,,True,True,BlockL1-6C0,,,,,,http://id.who.int/icd/entity/1884115764,
http://id.who.int/icd/entity/794195577,http://id.who.int/icd/release/11/mms/794195577,,BlockL1-6C2,- Disorders of bodily distress or bodily experience,block,1.0,False,06,,False,,,,,,,,http://id.who.int/icd/entity/334423054,
http://id.who.int/icd/entity/767044268,http://id.who.int/icd/release/11/mms/767044268,6C20,,- - Bodily distress disorder,category,1.0,False,06,,False,True,BlockL1-6C2,,,,,,http://id.who.int/icd/entity/794195577,
http://id.who.int/icd/entity/1472866636,http://id.who.int/icd/release/11/mms/1472866636,6C20.0,,- - - Mild bodily distress disorder,category,2.0,False,06,,True,True,BlockL1-6C2,,,,,,http://id.who.int/icd/entity/767044268,
http://id.who.int/icd/entity/1967782703,http://id.who.int/icd/release/11/mms/1967782703,6C20.1,,- - - Moderate bodily distress disorder,category,2.0,False,06,,True,True,BlockL1-6C2,,,,,,http://id.who.int/icd/entity/767044268,
http://id.who.int/icd/entity/1121638993,http://id.who.int/icd/release/11/mms/1121638993,6C20.2,,- - - Severe bodily distress disorder,category,2.0,False,06,,True,True,BlockL1-6C2,,,,,,http://id.who.int/icd/entity/767044268,
,http://id.who.int/icd/release/11/mms/767044268/unspecified,6C20.Z,,"- - - Bodily distress disorder, unspecified",category,2.0,True,06,,True,True,BlockL1-6C2,,,,,,http://id.who.int/icd/entity/767044268,
http://id.who.int/icd/entity/256572629,http://id.who.int/icd/release/11/mms/256572629,6C21,,- - Body integrity dysphoria,category,1.0,False,06,,True,True,BlockL1-6C2,,,,,,http://id.who.int/icd/entity/794195577,
,http://id.who.int/icd/release/11/mms/794195577/other,6C2Y,,- - Other specified disorders of bodily distress or bodily experience,category,1.0,True,06,,True,True,BlockL1-6C2,,,,,,http://id.who.int/icd/entity/794195577,
,http://id.who.int/icd/release/11/mms/794195577/unspecified,6C2Z,,"- - Disorders of bodily distress or bodily experience, unspecified",category,1.0,True,06,,True,True,BlockL1-6C2,,,,,,http://id.who.int/icd/entity/794195577,
http://id.who.int/icd/entity/1602669465,http://id.who.int/icd/release/11/mms/1602669465,,BlockL1-6C4,- Disorders due to substance use or addictive behaviours,block,1.0,False,06,,False,,,,,,,,http://id.who.int/icd/entity/334423054,
http://id.who.int/icd/entity/590211325,http://id.who.int/icd/release/11/mms/590211325,,BlockL2-6C4,- - Disorders due to substance use,block,2.0,False,06,,False,,BlockL1-6C4,,,,,,http://id.who.int/icd/entity/1602669465,
http://id.who.int/icd/entity/1676588433,http://id.who.int/icd/release/11/mms/1676588433,6C40,,- - - Disorders due to use of alcohol,category,1.0,False,06,,False,True,BlockL1-6C4,BlockL2-6C4,,,,,http://id.who.int/icd/entity/590211325,
http://id.who.int/icd/entity/766814084,http://id.who.int/icd/release/11/mms/766814084,6C40.0,,- - - - Episode of harmful use of alcohol,category,2.0,False,06,,True,True,BlockL1-6C4,BlockL2-6C4,,,,,http://id.who.int/icd/entity/1676588433,
http://id.who.int/icd/entity/714690795,http://id.who.int/icd/release/11/mms/714690795,6C40.1,,- - - - Harmful pattern of use of alcohol,category,2.0,False,06,,False,True,BlockL1-6C4,BlockL2-6C4,,,,,http://id.who.int/icd/entity/1676588433,
http://id.who.int/icd/entity/397237014,http://id.who.int/icd/release/11/mms/397237014,6C40.10,,"- - - - - Harmful pattern of use of alcohol, episodic",category,3.0,False,06,,True,True,BlockL1-6C4,BlockL2-6C4,,,,,http://id.who.int/icd/entity/714690795,
http://id.who.int/icd/entity/1761440261,http://id.who.int/icd/release/11/mms/1761440261,6C40.11,,"- - - - - Harmful pattern of use of alcohol, continuous",category,3.0,False,06,,True,True,BlockL1-6C4,BlockL2-6C4,,,,,http://id.who.int/icd/entity/714690795,
,http://id.who.int/icd/release/11/mms/714690795/unspecified,6C40.1Z,,"- - - - - Harmful pattern of use of alcohol, unspecified",category,3.0,True,06,,True,True,BlockL1-6C4,BlockL2-6C4,,,,,http://id.who.int/icd/entity/714690795,
http://id.who.int/icd/entity/1580466198,http://id.who.int/icd/release/11/mms/1580466198,6C40.2,,- - - - Alcohol dependence,category,2.0,False,06,,False,True,BlockL1-6C4,BlockL2-6C4,,,,,http://id.who.int/icd/entity/1676588433,
http://id.who.int/icd/entity/582014993,http://id.who.int/icd/release/11/mms/582014993,6C40.20,,"- - - - - Alcohol dependence, current use, continuous",category,3.0,False,06,,True,True,BlockL1-6C4,BlockL2-6C4,,,,,http://id.who.int/icd/entity/1580466198,
http://id.who.int/icd/entity/490388233,http://id.who.int/icd/release/11/mms/490388233,6C40.21,,"- - - - - Alcohol dependence, current use, episodic",category,3.0,False,06,,True,True,BlockL1-6C4,BlockL2-6C4,,,,,http://id.who.int/icd/entity/1580466198,
http://id.who.int/icd/entity/1836362492,http://id.who.int/icd/release/11/mms/1836362492,6C40.22,,"- - - - - Alcohol dependence, early full remission",category,3.0,False,06,,True,True,BlockL1-6C4,BlockL2-6C4,,,,,http://id.who.int/icd/entity/1580466198,
http://id.who.int/icd/entity/931320871,http://id.who.int/icd/release/11/mms/931320871,6C40.23,,"- - - - - Alcohol dependence, sustained partial remission",category,3.0,False,06,,True,True,BlockL1-6C4,BlockL2-6C4,,,,,http://id.who.int/icd/entity/1580466198,
http://id.who.int/icd/entity/1447256030,http://id.who.int/icd/release/11/mms/1447256030,6C40.24,,"- - - - - Alcohol dependence, sustained full remission",category,3.0,False,06,,True,True,BlockL1-6C4,BlockL2-6C4,,,,,http://id.who.int/icd/entity/1580466198,
,http://id.who.int/icd/release/11/mms/1580466198/unspecified,6C40.2Z,,"- - - - - Alcohol dependence, unspecified",category,3.0,True,06,,True,True,BlockL1-6C4,BlockL2-6C4,,,,,http://id.who.int/icd/entity/1580466198,
http://id.who.int/icd/entity/1339202943,http://id.who.int/icd/release/11/mms/1339202943,6C40.3,,- - - - Alcohol intoxication,category,2.0,False,06,,True,True,BlockL1-6C4,BlockL2-6C4,,,,,http://id.who.int/icd/entity/1676588433,
http://id.who.int/icd/entity/998231424,http://id.who.int/icd/release/11/mms/998231424,6C40.4,,- - - - Alcohol withdrawal,category,2.0,False,06,,False,True,BlockL1-6C4,BlockL2-6C4,,,,,http://id.who.int/icd/entity/1676588433,
http://id.who.int/icd/entity/500976312,http://id.who.int/icd/release/11/mms/500976312,6C40.40,,"- - - - - Alcohol withdrawal, uncomplicated",category,3.0,False,06,,True,True,BlockL1-6C4,BlockL2-6C4,,,,,http://id.who.int/icd/entity/998231424,
http://id.who.int/icd/entity/844301129,http://id.who.int/icd/release/11/mms/844301129,6C40.41,,- - - - - Alcohol withdrawal with perceptual disturbances,category,3.0,False,06,,True,True,BlockL1-6C4,BlockL2-6C4,,,,,http://id.who.int/icd/entity/998231424,
http://id.who.int/icd/entity/1217641719,http://id.who.int/icd/release/11/mms/1217641719,6C40.42,,- - - - - Alcohol withdrawal with seizures,category,3.0,False,06,,True,True,BlockL1-6C4,BlockL2-6C4,,,,,http://id.who.int/icd/entity/998231424,
http://id.who.int/icd/entity/232349777,http://id.who.int/icd/release/11/mms/232349777,6C40.43,,- - - - - Alcohol withdrawal with perceptual disturbances and seizures,category,3.0,False,06,,True,True,BlockL1-6C4,BlockL2-6C4,,,,,http://id.who.int/icd/entity/998231424,
,http://id.who.int/icd/release/11/mms/998231424/unspecified,6C40.4Z,,"- - - - - Alcohol withdrawal, unspecified",category,3.0,True,06,,True,True,BlockL1-6C4,BlockL2-6C4,,,,,http://id.who.int/icd/entity/998231424,
http://id.who.int/icd/entity/1217486356,http://id.who.int/icd/release/11/mms/1217486356,6C40.5,,- - - - Alcohol-induced delirium,category,2.0,False,06,,True,True,BlockL1-6C4,BlockL2-6C4,,,,,http://id.who.int/icd/entity/1676588433,
http://id.who.int/icd/entity/769299330,http://id.who.int/icd/release/11/mms/769299330,6C40.6,,- - - - Alcohol-induced psychotic disorder,category,2.0,False,06,,False,True,BlockL1-6C4,BlockL2-6C4,,,,,http://id.who.int/icd/entity/1676588433,
http://id.who.int/icd/entity/226414625,http://id.who.int/icd/release/11/mms/226414625,6C40.60,,- - - - - Alcohol-induced psychotic disorder with hallucinations,category,3.0,False,06,,True,True,BlockL1-6C4,BlockL2-6C4,,,,,http://id.who.int/icd/entity/769299330,
http://id.who.int/icd/entity/1767310182,http://id.who.int/icd/release/11/mms/1767310182,6C40.61,,- - - - - Alcohol-induced psychotic disorder with delusions,category,3.0,False,06,,True,True,BlockL1-6C4,BlockL2-6C4,,,,,http://id.who.int/icd/entity/769299330,
http://id.who.int/icd/entity/111589839,http://id.who.int/icd/release/11/mms/111589839,6C40.62,,- - - - - Alcohol-induced psychotic disorder with mixed psychotic symptoms,category,3.0,False,06,,True,True,BlockL1-6C4,BlockL2-6C4,,,,,http://id.who.int/icd/entity/769299330,
,http://id.who.int/icd/release/11/mms/769299330/unspecified,6C40.6Z,,"- - - - - Alcohol-induced psychotic disorder, unspecified",category,3.0,True,06,,True,True,BlockL1-6C4,BlockL2-6C4,,,,,http://id.who.int/icd/entity/769299330,
http://id.who.int/icd/entity/1012312104,http://id.who.int/icd/release/11/mms/1012312104,6C40.7,,- - - - Certain specified alcohol-induced mental or behavioural disorders,category,2.0,False,06,,False,True,BlockL1-6C4,BlockL2-6C4,,,,,http://id.who.int/icd/entity/1676588433,
http://id.who.int/icd/entity/804785400,http://id.who.int/icd/release/11/mms/804785400,6C40.70,,- - - - - Alcohol-induced mood disorder,category,3.0,False,06,,True,True,BlockL1-6C4,BlockL2-6C4,,,,,http://id.who.int/icd/entity/1012312104,
http://id.who.int/icd/entity/2068155409,http://id.who.int/icd/release/11/mms/2068155409,6C40.71,,- - - - - Alcohol-induced anxiety disorder,category,3.0,False,06,,True,True,BlockL1-6C4,BlockL2-6C4,,,,,http://id.who.int/icd/entity/1012312104,
,http://id.who.int/icd/release/11/mms/1676588433/other,6C40.Y,,- - - - Other specified disorders due to use of alcohol,category,2.0,True,06,,True,True,BlockL1-6C4,BlockL2-6C4,,,,,http://id.who.int/icd/entity/1676588433,
,http://id.who.int/icd/release/11/mms/1676588433/unspecified,6C40.Z,,"- - - - Disorders due to use of alcohol, unspecified",category,2.0,True,06,,True,True,BlockL1-6C4,BlockL2-6C4,,,,,http://id.who.int/icd/entity/1676588433,
http://id.who.int/icd/entity/1913137404,http://id.who.int/icd/release/11/mms/1913137404,6C41,,- - - Disorders due to use of cannabis,category,1.0,False,06,,False,True,BlockL1-6C4,BlockL2-6C4,,,,,http://id.who.int/icd/entity/590211325,
http://id.who.int/icd/entity/854520906,http://id.who.int/icd/release/11/mms/854520906,6C41.0,,- - - - Episode of harmful use of cannabis,category,2.0,False,06,,True,True,BlockL1-6C4,BlockL2-6C4,,,,,http://id.who.int/icd/entity/1913137404,
http://id.who.int/icd/entity/937834582,http://id.who.int/icd/release/11/mms/937834582,6C41.1,,- - - - Harmful pattern of use of cannabis,category,2.0,False,06,,False,True,BlockL1-6C4,BlockL2-6C4,,,,,http://id.who.int/icd/entity/1913137404,
http://id.who.int/icd/entity/1305859927,http://id.who.int/icd/release/11/mms/1305859927,6C41.10,,"- - - - - Harmful pattern of use of cannabis, episodic",category,3.0,False,06,,True,True,BlockL1-6C4,BlockL2-6C4,,,,,http://id.who.int/icd/entity/937834582,
http://id.who.int/icd/entity/487177880,http://id.who.int/icd/release/11/mms/487177880,6C41.11,,"- - - - - Harmful pattern of use of cannabis, continuous",category,3.0,False,06,,True,True,BlockL1-6C4,BlockL2-6C4,,,,,http://id.who.int/icd/entity/937834582,
,http://id.who.int/icd/release/11/mms/937834582/unspecified,6C41.1Z,,"- - - - - Harmful pattern of use of cannabis, unspecified",category,3.0,True,06,,True,True,BlockL1-6C4,BlockL2-6C4,,,,,http://id.who.int/icd/entity/937834582,
http://id.who.int/icd/entity/1129015467,http://id.who.int/icd/release/11/mms/1129015467,6C41.2,,- - - - Cannabis dependence,category,2.0,False,06,,False,True,BlockL1-6C4,BlockL2-6C4,,,,,http://id.who.int/icd/entity/1913137404,
http://id.who.int/icd/entity/373645975,http://id.who.int/icd/release/11/mms/373645975,6C41.20,,"- - - - - Cannabis dependence, current use",category,3.0,False,06,,True,True,BlockL1-6C4,BlockL2-6C4,,,,,http://id.who.int/icd/entity/1129015467,
http://id.who.int/icd/entity/911861819,http://id.who.int/icd/release/11/mms/911861819,6C41.21,,"- - - - - Cannabis dependence, early full remission",category,3.0,False,06,,True,True,BlockL1-6C4,BlockL2-6C4,,,,,http://id.who.int/icd/entity/1129015467,
http://id.who.int/icd/entity/740218593,http://id.who.int/icd/release/11/mms/740218593,6C41.22,,"- - - - - Cannabis dependence, sustained partial remission",category,3.0,False,06,,True,True,BlockL1-6C4,BlockL2-6C4,,,,,http://id.who.int/icd/entity/1129015467,
http://id.who.int/icd/entity/750347921,http://id.who.int/icd/release/11/mms/750347921,6C41.23,,"- - - - - Cannabis dependence, sustained full remission",category,3.0,False,06,,True,True,BlockL1-6C4,BlockL2-6C4,,,,,http://id.who.int/icd/entity/1129015467,
,http://id.who.int/icd/release/11/mms/1129015467/unspecified,6C41.2Z,,"- - - - - Cannabis dependence, unspecified",category,3.0,True,06,,True,True,BlockL1-6C4,BlockL2-6C4,,,,,http://id.who.int/icd/entity/1129015467,
http://id.who.int/icd/entity/1387132352,http://id.who.int/icd/release/11/mms/1387132352,6C41.3,,- - - - Cannabis intoxication,category,2.0,False,06,,True,True,BlockL1-6C4,BlockL2-6C4,,,,,http://id.who.int/icd/entity/1913137404,
http://id.who.int/icd/entity/637576511,http://id.who.int/icd/release/11/mms/637576511,6C41.4,,- - - - Cannabis withdrawal,category,2.0,False,06,,True,True,BlockL1-6C4,BlockL2-6C4,,,,,http://id.who.int/icd/entity/1913137404,
http://id.who.int/icd/entity/1441674923,http://id.who.int/icd/release/11/mms/1441674923,6C41.5,,- - - - Cannabis-induced delirium,category,2.0,False,06,,True,True,BlockL1-6C4,BlockL2-6C4,,,,,http://id.who.int/icd/entity/1913137404,
http://id.who.int/icd/entity/816184127,http://id.who.int/icd/release/11/mms/816184127,6C41.6,,- - - - Cannabis-induced psychotic disorder,category,2.0,False,06,,True,True,BlockL1-6C4,BlockL2-6C4,,,,,http://id.who.int/icd/entity/1913137404,
http://id.who.int/icd/entity/597251719,http://id.who.int/icd/release/11/mms/597251719,6C41.7,,- - - - Certain specified cannabis-induced mental or behavioural disorders,category,2.0,False,06,,False,True,BlockL1-6C4,BlockL2-6C4,,,,,http://id.who.int/icd/entity/1913137404,
http://id.who.int/icd/entity/1141591590,http://id.who.int/icd/release/11/mms/1141591590,6C41.70,,- - - - - Cannabis-induced mood disorder,category,3.0,False,06,,True,True,BlockL1-6C4,BlockL2-6C4,,,,,http://id.who.int/icd/entity/597251719,
http://id.who.int/icd/entity/1978307484,http://id.who.int/icd/release/11/mms/1978307484,6C41.71,,- - - - - Cannabis-induced anxiety disorder,category,3.0,False,06,,True,True,BlockL1-6C4,BlockL2-6C4,,,,,http://id.who.int/icd/entity/597251719,
,http://id.who.int/icd/release/11/mms/1913137404/other,6C41.Y,,- - - - Other specified disorders due to use of cannabis,category,2.0,True,06,,True,True,BlockL1-6C4,BlockL2-6C4,,,,,http://id.who.int/icd/entity/1913137404,
,http://id.who.int/icd/release/11/mms/1913137404/unspecified,6C41.Z,,"- - - - Disorders due to use of cannabis, unspecified",category,2.0,True,06,,True,True,BlockL1-6C4,BlockL2-6C4,,,,,http://id.who.int/icd/entity/1913137404,
http://id.who.int/icd/entity/804833492,http://id.who.int/icd/release/11/mms/804833492,6C42,,- - - Disorders due to use of synthetic cannabinoids,category,1.0,False,06,,False,True,BlockL1-6C4,BlockL2-6C4,,,,,http://id.who.int/icd/entity/590211325,
http://id.who.int/icd/entity/912934263,http://id.who.int/icd/release/11/mms/912934263,6C42.0,,- - - - Episode of harmful use of synthetic cannabinoids,category,2.0,False,06,,True,True,BlockL1-6C4,BlockL2-6C4,,,,,http://id.who.int/icd/entity/804833492,
http://id.who.int/icd/entity/1055626783,http://id.who.int/icd/release/11/mms/1055626783,6C42.1,,- - - - Harmful pattern of use of synthetic cannabinoids,category,2.0,False,06,,False,True,BlockL1-6C4,BlockL2-6C4,,,,,http://id.who.int/icd/entity/804833492,
http://id.who.int/icd/entity/329717941,http://id.who.int/icd/release/11/mms/329717941,6C42.10,,"- - - - - Harmful pattern of use of synthetic cannabinoids, episodic",category,3.0,False,06,,True,True,BlockL1-6C4,BlockL2-6C4,,,,,http://id.who.int/icd/entity/1055626783,
http://id.who.int/icd/entity/1501431632,http://id.who.int/icd/release/11/mms/1501431632,6C42.11,,"- - - - - Harmful pattern of use of synthetic cannabinoids, continuous",category,3.0,False,06,,True,True,BlockL1-6C4,BlockL2-6C4,,,,,http://id.who.int/icd/entity/1055626783,
,http://id.who.int/icd/release/11/mms/1055626783/other,6C42.1Y,,- - - - - Other specified harmful pattern of use of synthetic cannabinoids,category,3.0,True,06,,True,True,BlockL1-6C4,BlockL2-6C4,,,,,http://id.who.int/icd/entity/1055626783,
,http://id.who.int/icd/release/11/mms/1055626783/unspecified,6C42.1Z,,"- - - - - Harmful pattern of use of synthetic cannabinoids, unspecified",category,3.0,True,06,,True,True,BlockL1-6C4,BlockL2-6C4,,,,,http://id.who.int/icd/entity/1055626783,
http://id.who.int/icd/entity/686500513,http://id.who.int/icd/release/11/mms/686500513,6C42.2,,- - - - Synthetic cannabinoid dependence,category,2.0,False,06,,False,True,BlockL1-6C4,BlockL2-6C4,,,,,http://id.who.int/icd/entity/804833492,
http://id.who.int/icd/entity/333795413,http://id.who.int/icd/release/11/mms/333795413,6C42.20,,"- - - - - Synthetic cannabinoid dependence, current use",category,3.0,False,06,,True,True,BlockL1-6C4,BlockL2-6C4,,,,,http://id.who.int/icd/entity/686500513,
http://id.who.int/icd/entity/2648920,http://id.who.int/icd/release/11/mms/2648920,6C42.21,,"- - - - - Synthetic cannabinoid dependence, early full remission",category,3.0,False,06,,True,True,BlockL1-6C4,BlockL2-6C4,,,,,http://id.who.int/icd/entity/686500513,
http://id.who.int/icd/entity/1253260365,http://id.who.int/icd/release/11/mms/1253260365,6C42.22,,"- - - - - Synthetic cannabinoid dependence, sustained partial remission",category,3.0,False,06,,True,True,BlockL1-6C4,BlockL2-6C4,,,,,http://id.who.int/icd/entity/686500513,
http://id.who.int/icd/entity/819411618,http://id.who.int/icd/release/11/mms/819411618,6C42.23,,"- - - - - Synthetic cannabinoid dependence, sustained full remission",category,3.0,False,06,,True,True,BlockL1-6C4,BlockL2-6C4,,,,,http://id.who.int/icd/entity/686500513,
,http://id.who.int/icd/release/11/mms/686500513/other,6C42.2Y,,- - - - - Other specified synthetic cannabinoid dependence,category,3.0,True,06,,True,True,BlockL1-6C4,BlockL2-6C4,,,,,http://id.who.int/icd/entity/686500513,
,http://id.who.int/icd/release/11/mms/686500513/unspecified,6C42.2Z,,"- - - - - Synthetic cannabinoid dependence, unspecified",category,3.0,True,06,,True,True,BlockL1-6C4,BlockL2-6C4,,,,,http://id.who.int/icd/entity/686500513,
http://id.who.int/icd/entity/508603587,http://id.who.int/icd/release/11/mms/508603587,6C42.3,,- - - - Synthetic cannabinoid intoxication,category,2.0,False,06,,True,True,BlockL1-6C4,BlockL2-6C4,,,,,http://id.who.int/icd/entity/804833492,
http://id.who.int/icd/entity/397276103,http://id.who.int/icd/release/11/mms/397276103,6C42.4,,- - - - Synthetic cannabinoid withdrawal,category,2.0,False,06,,True,True,BlockL1-6C4,BlockL2-6C4,,,,,http://id.who.int/icd/entity/804833492,
http://id.who.int/icd/entity/138091123,http://id.who.int/icd/release/11/mms/138091123,6C42.5,,- - - - Synthetic cannabinoid-induced delirium,category,2.0,False,06,,True,True,BlockL1-6C4,BlockL2-6C4,,,,,http://id.who.int/icd/entity/804833492,
http://id.who.int/icd/entity/1995589534,http://id.who.int/icd/release/11/mms/1995589534,6C42.6,,- - - - Synthetic cannabinoid-induced psychotic disorder,category,2.0,False,06,,True,True,BlockL1-6C4,BlockL2-6C4,,,,,http://id.who.int/icd/entity/804833492,
http://id.who.int/icd/entity/738827515,http://id.who.int/icd/release/11/mms/738827515,6C42.7,,- - - - Certain specified synthetic cannabinoids-induced mental or behavioural disorders,category,2.0,False,06,,False,True,BlockL1-6C4,BlockL2-6C4,,,,,http://id.who.int/icd/entity/804833492,
http://id.who.int/icd/entity/925940030,http://id.who.int/icd/release/11/mms/925940030,6C42.70,,- - - - - Synthetic cannabinoid-induced mood disorder,category,3.0,False,06,,True,True,BlockL1-6C4,BlockL2-6C4,,,,,http://id.who.int/icd/entity/738827515,
http://id.who.int/icd/entity/1396644446,http://id.who.int/icd/release/11/mms/1396644446,6C42.71,,- - - - - Synthetic cannabinoid-induced anxiety disorder,category,3.0,False,06,,True,True,BlockL1-6C4,BlockL2-6C4,,,,,http://id.who.int/icd/entity/738827515,
,http://id.who.int/icd/release/11/mms/804833492/other,6C42.Y,,- - - - Other specified disorders due to use of synthetic cannabinoids,category,2.0,True,06,,True,True,BlockL1-6C4,BlockL2-6C4,,,,,http://id.who.int/icd/entity/804833492,
,http://id.who.int/icd/release/11/mms/804833492/unspecified,6C42.Z,,"- - - - Disorders due to use of synthetic cannabinoids, unspecified",category,2.0,True,06,,True,True,BlockL1-6C4,BlockL2-6C4,,,,,http://id.who.int/icd/entity/804833492,
http://id.who.int/icd/entity/111507461,http://id.who.int/icd/release/11/mms/111507461,6C43,,- - - Disorders due to use of opioids,category,1.0,False,06,,False,True,BlockL1-6C4,BlockL2-6C4,,,,,http://id.who.int/icd/entity/590211325,
http://id.who.int/icd/entity/398872858,http://id.who.int/icd/release/11/mms/398872858,6C43.0,,- - - - Episode of harmful use of opioids,category,2.0,False,06,,True,True,BlockL1-6C4,BlockL2-6C4,,,,,http://id.who.int/icd/entity/111507461,
http://id.who.int/icd/entity/912365674,http://id.who.int/icd/release/11/mms/912365674,6C43.1,,- - - - Harmful pattern of use of opioids,category,2.0,False,06,,False,True,BlockL1-6C4,BlockL2-6C4,,,,,http://id.who.int/icd/entity/111507461,
http://id.who.int/icd/entity/676082180,http://id.who.int/icd/release/11/mms/676082180,6C43.10,,"- - - - - Harmful pattern of use of opioids, episodic",category,3.0,False,06,,True,True,BlockL1-6C4,BlockL2-6C4,,,,,http://id.who.int/icd/entity/912365674,
http://id.who.int/icd/entity/224696144,http://id.who.int/icd/release/11/mms/224696144,6C43.11,,"- - - - - Harmful pattern of use of opioids, continuous",category,3.0,False,06,,True,True,BlockL1-6C4,BlockL2-6C4,,,,,http://id.who.int/icd/entity/912365674,
,http://id.who.int/icd/release/11/mms/912365674/unspecified,6C43.1Z,,"- - - - - Harmful pattern of use of opioids, unspecified",category,3.0,True,06,,True,True,BlockL1-6C4,BlockL2-6C4,,,,,http://id.who.int/icd/entity/912365674,
http://id.who.int/icd/entity/1120716949,http://id.who.int/icd/release/11/mms/1120716949,6C43.2,,- - - - Opioid dependence,category,2.0,False,06,,False,True,BlockL1-6C4,BlockL2-6C4,,,,,http://id.who.int/icd/entity/111507461,
http://id.who.int/icd/entity/1229687244,http://id.who.int/icd/release/11/mms/1229687244,6C43.20,,"- - - - - Opioid dependence, current use",category,3.0,False,06,,True,True,BlockL1-6C4,BlockL2-6C4,,,,,http://id.who.int/icd/entity/1120716949,
http://id.who.int/icd/entity/1023217081,http://id.who.int/icd/release/11/mms/1023217081,6C43.21,,"- - - - - Opioid dependence, early full remission",category,3.0,False,06,,True,True,BlockL1-6C4,BlockL2-6C4,,,,,http://id.who.int/icd/entity/1120716949,
http://id.who.int/icd/entity/157120957,http://id.who.int/icd/release/11/mms/157120957,6C43.22,,"- - - - - Opioid dependence, sustained partial remission",category,3.0,False,06,,True,True,BlockL1-6C4,BlockL2-6C4,,,,,http://id.who.int/icd/entity/1120716949,
http://id.who.int/icd/entity/36859167,http://id.who.int/icd/release/11/mms/36859167,6C43.23,,"- - - - - Opioid dependence, sustained full remission",category,3.0,False,06,,True,True,BlockL1-6C4,BlockL2-6C4,,,,,http://id.who.int/icd/entity/1120716949,
,http://id.who.int/icd/release/11/mms/1120716949/unspecified,6C43.2Z,,"- - - - - Opioid dependence, unspecified",category,3.0,True,06,,True,True,BlockL1-6C4,BlockL2-6C4,,,,,http://id.who.int/icd/entity/1120716949,
http://id.who.int/icd/entity/1395283456,http://id.who.int/icd/release/11/mms/1395283456,6C43.3,,- - - - Opioid intoxication,category,2.0,False,06,,True,True,BlockL1-6C4,BlockL2-6C4,,,,,http://id.who.int/icd/entity/111507461,
http://id.who.int/icd/entity/663160065,http://id.who.int/icd/release/11/mms/663160065,6C43.4,,- - - - Opioid withdrawal,category,2.0,False,06,,True,True,BlockL1-6C4,BlockL2-6C4,,,,,http://id.who.int/icd/entity/111507461,
http://id.who.int/icd/entity/1416205973,http://id.who.int/icd/release/11/mms/1416205973,6C43.5,,- - - - Opioid-induced delirium,category,2.0,False,06,,True,True,BlockL1-6C4,BlockL2-6C4,,,,,http://id.who.int/icd/entity/111507461,
http://id.who.int/icd/entity/824335105,http://id.who.int/icd/release/11/mms/824335105,6C43.6,,- - - - Opioid-induced psychotic disorder,category,2.0,False,06,,True,True,BlockL1-6C4,BlockL2-6C4,,,,,http://id.who.int/icd/entity/111507461,
http://id.who.int/icd/entity/1014265857,http://id.who.int/icd/release/11/mms/1014265857,6C43.7,,- - - - Certain specified opioid-induced mental or behavioural disorders,category,2.0,False,06,,False,True,BlockL1-6C4,BlockL2-6C4,,,,,http://id.who.int/icd/entity/111507461,
http://id.who.int/icd/entity/119512795,http://id.who.int/icd/release/11/mms/119512795,6C43.70,,- - - - - Opioid-induced mood disorder,category,3.0,False,06,,True,True,BlockL1-6C4,BlockL2-6C4,,,,,http://id.who.int/icd/entity/1014265857,
http://id.who.int/icd/entity/963759045,http://id.who.int/icd/release/11/mms/963759045,6C43.71,,- - - - - Opioid-induced anxiety disorder,category,3.0,False,06,,True,True,BlockL1-6C4,BlockL2-6C4,,,,,http://id.who.int/icd/entity/1014265857,
,http://id.who.int/icd/release/11/mms/111507461/other,6C43.Y,,- - - - Other specified disorders due to use of opioids,category,2.0,True,06,,True,True,BlockL1-6C4,BlockL2-6C4,,,,,http://id.who.int/icd/entity/111507461,
,http://id.who.int/icd/release/11/mms/111507461/unspecified,6C43.Z,,"- - - - Disorders due to use of opioids, unspecified",category,2.0,True,06,,True,True,BlockL1-6C4,BlockL2-6C4,,,,,http://id.who.int/icd/entity/111507461,
http://id.who.int/icd/entity/390325614,http://id.who.int/icd/release/11/mms/390325614,6C44,,"- - - Disorders due to use of sedatives, hypnotics or anxiolytics",category,1.0,False,06,,False,True,BlockL1-6C4,BlockL2-6C4,,,,,http://id.who.int/icd/entity/590211325,
http://id.who.int/icd/entity/475820054,http://id.who.int/icd/release/11/mms/475820054,6C44.0,,"- - - - Episode of harmful use of sedatives, hypnotics or anxiolytics",category,2.0,False,06,,True,True,BlockL1-6C4,BlockL2-6C4,,,,,http://id.who.int/icd/entity/390325614,
http://id.who.int/icd/entity/723448021,http://id.who.int/icd/release/11/mms/723448021,6C44.1,,"- - - - Harmful pattern of use of sedatives, hypnotics or anxiolytics",category,2.0,False,06,,False,True,BlockL1-6C4,BlockL2-6C4,,,,,http://id.who.int/icd/entity/390325614,
http://id.who.int/icd/entity/601232140,http://id.who.int/icd/release/11/mms/601232140,6C44.10,,"- - - - - Harmful pattern of use of sedatives, hypnotics or anxiolytics, episodic",category,3.0,False,06,,True,True,BlockL1-6C4,BlockL2-6C4,,,,,http://id.who.int/icd/entity/723448021,
http://id.who.int/icd/entity/1559048211,http://id.who.int/icd/release/11/mms/1559048211,6C44.11,,"- - - - - Harmful pattern of use of sedatives, hypnotics or anxiolytics, continuous",category,3.0,False,06,,True,True,BlockL1-6C4,BlockL2-6C4,,,,,http://id.who.int/icd/entity/723448021,
,http://id.who.int/icd/release/11/mms/723448021/unspecified,6C44.1Z,,"- - - - - Harmful pattern of use of sedatives, hypnotics or anxiolytics, unspecified",category,3.0,True,06,,True,True,BlockL1-6C4,BlockL2-6C4,,,,,http://id.who.int/icd/entity/723448021,
http://id.who.int/icd/entity/1605607466,http://id.who.int/icd/release/11/mms/1605607466,6C44.2,,"- - - - Sedative, hypnotic or anxiolytic dependence",category,2.0,False,06,,False,True,BlockL1-6C4,BlockL2-6C4,,,,,http://id.who.int/icd/entity/390325614,
http://id.who.int/icd/entity/1346050331,http://id.who.int/icd/release/11/mms/1346050331,6C44.20,,"- - - - - Sedative, hypnotic or anxiolytic dependence, current use",category,3.0,False,06,,True,True,BlockL1-6C4,BlockL2-6C4,,,,,http://id.who.int/icd/entity/1605607466,
http://id.who.int/icd/entity/2141068069,http://id.who.int/icd/release/11/mms/2141068069,6C44.21,,"- - - - - Sedative, hypnotic or anxiolytic dependence, early full remission",category,3.0,False,06,,True,True,BlockL1-6C4,BlockL2-6C4,,,,,http://id.who.int/icd/entity/1605607466,
http://id.who.int/icd/entity/627598840,http://id.who.int/icd/release/11/mms/627598840,6C44.22,,"- - - - - Sedative, hypnotic or anxiolytic dependence, sustained partial remission",category,3.0,False,06,,True,True,BlockL1-6C4,BlockL2-6C4,,,,,http://id.who.int/icd/entity/1605607466,
http://id.who.int/icd/entity/1151987203,http://id.who.int/icd/release/11/mms/1151987203,6C44.23,,"- - - - - Sedative, hypnotic or anxiolytic dependence, sustained full remission",category,3.0,False,06,,True,True,BlockL1-6C4,BlockL2-6C4,,,,,http://id.who.int/icd/entity/1605607466,
,http://id.who.int/icd/release/11/mms/1605607466/unspecified,6C44.2Z,,"- - - - - Sedative, hypnotic or anxiolytic dependence, unspecified",category,3.0,True,06,,True,True,BlockL1-6C4,BlockL2-6C4,,,,,http://id.who.int/icd/entity/1605607466,
http://id.who.int/icd/entity/1314209089,http://id.who.int/icd/release/11/mms/1314209089,6C44.3,,"- - - - Sedative, hypnotic or anxiolytic intoxication",category,2.0,False,06,,True,True,BlockL1-6C4,BlockL2-6C4,,,,,http://id.who.int/icd/entity/390325614,
http://id.who.int/icd/entity/989359552,http://id.who.int/icd/release/11/mms/989359552,6C44.4,,"- - - - Sedative, hypnotic or anxiolytic withdrawal",category,2.0,False,06,,False,True,BlockL1-6C4,BlockL2-6C4,,,,,http://id.who.int/icd/entity/390325614,
http://id.who.int/icd/entity/405069624,http://id.who.int/icd/release/11/mms/405069624,6C44.40,,"- - - - - Sedative, hypnotic or anxiolytic withdrawal, uncomplicated",category,3.0,False,06,,True,True,BlockL1-6C4,BlockL2-6C4,,,,,http://id.who.int/icd/entity/989359552,
http://id.who.int/icd/entity/1065937748,http://id.who.int/icd/release/11/mms/1065937748,6C44.41,,"- - - - - Sedative, hypnotic or anxiolytic withdrawal, with perceptual disturbances",category,3.0,False,06,,True,True,BlockL1-6C4,BlockL2-6C4,,,,,http://id.who.int/icd/entity/989359552,
http://id.who.int/icd/entity/1298868599,http://id.who.int/icd/release/11/mms/1298868599,6C44.42,,"- - - - - Sedative, hypnotic or anxiolytic withdrawal, with seizures",category,3.0,False,06,,True,True,BlockL1-6C4,BlockL2-6C4,,,,,http://id.who.int/icd/entity/989359552,
http://id.who.int/icd/entity/1087947331,http://id.who.int/icd/release/11/mms/1087947331,6C44.43,,"- - - - - Sedative, hypnotic or anxiolytic withdrawal, with perceptual disturbances and seizures",category,3.0,False,06,,True,True,BlockL1-6C4,BlockL2-6C4,,,,,http://id.who.int/icd/entity/989359552,
,http://id.who.int/icd/release/11/mms/989359552/unspecified,6C44.4Z,,"- - - - - Sedative, hypnotic or anxiolytic withdrawal, unspecified",category,3.0,True,06,,True,True,BlockL1-6C4,BlockL2-6C4,,,,,http://id.who.int/icd/entity/989359552,
http://id.who.int/icd/entity/1226243628,http://id.who.int/icd/release/11/mms/1226243628,6C44.5,,"- - - - Sedative, hypnotic or anxiolytic-induced delirium",category,2.0,False,06,,True,True,BlockL1-6C4,BlockL2-6C4,,,,,http://id.who.int/icd/entity/390325614,
http://id.who.int/icd/entity/744305598,http://id.who.int/icd/release/11/mms/744305598,6C44.6,,"- - - - Sedative, hypnotic or anxiolytic-induced psychotic disorder",category,2.0,False,06,,True,True,BlockL1-6C4,BlockL2-6C4,,,,,http://id.who.int/icd/entity/390325614,
http://id.who.int/icd/entity/1954860287,http://id.who.int/icd/release/11/mms/1954860287,6C44.7,,"- - - - Certain specified sedatives, hypnotics or anxiolytic-induced mental or behavioural disorders",category,2.0,False,06,,False,True,BlockL1-6C4,BlockL2-6C4,,,,,http://id.who.int/icd/entity/390325614,
http://id.who.int/icd/entity/890653406,http://id.who.int/icd/release/11/mms/890653406,6C44.70,,"- - - - - Sedative, hypnotic or anxiolytic-induced mood disorder",category,3.0,False,06,,True,True,BlockL1-6C4,BlockL2-6C4,,,,,http://id.who.int/icd/entity/1954860287,
http://id.who.int/icd/entity/1506172532,http://id.who.int/icd/release/11/mms/1506172532,6C44.71,,"- - - - - Sedative, hypnotic or anxiolytic-induced anxiety disorder",category,3.0,False,06,,True,True,BlockL1-6C4,BlockL2-6C4,,,,,http://id.who.int/icd/entity/1954860287,
,http://id.who.int/icd/release/11/mms/390325614/other,6C44.Y,,"- - - - Other specified disorders due to use of sedatives, hypnotics or anxiolytics",category,2.0,True,06,,True,True,BlockL1-6C4,BlockL2-6C4,,,,,http://id.who.int/icd/entity/390325614,
,http://id.who.int/icd/release/11/mms/390325614/unspecified,6C44.Z,,"- - - - Disorders due to use of sedatives, hypnotics or anxiolytics, unspecified",category,2.0,True,06,,True,True,BlockL1-6C4,BlockL2-6C4,,,,,http://id.who.int/icd/entity/390325614,
http://id.who.int/icd/entity/1689089786,http://id.who.int/icd/release/11/mms/1689089786,6C45,,- - - Disorders due to use of cocaine,category,1.0,False,06,,False,True,BlockL1-6C4,BlockL2-6C4,,,,,http://id.who.int/icd/entity/590211325,
http://id.who.int/icd/entity/318767128,http://id.who.int/icd/release/11/mms/318767128,6C45.0,,- - - - Episode of harmful use of cocaine,category,2.0,False,06,,True,True,BlockL1-6C4,BlockL2-6C4,,,,,http://id.who.int/icd/entity/1689089786,
http://id.who.int/icd/entity/275218837,http://id.who.int/icd/release/11/mms/275218837,6C45.1,,- - - - Harmful pattern of use of cocaine,category,2.0,False,06,,False,True,BlockL1-6C4,BlockL2-6C4,,,,,http://id.who.int/icd/entity/1689089786,
http://id.who.int/icd/entity/1179645529,http://id.who.int/icd/release/11/mms/1179645529,6C45.10,,"- - - - - Harmful pattern of use of cocaine, episodic",category,3.0,False,06,,True,True,BlockL1-6C4,BlockL2-6C4,,,,,http://id.who.int/icd/entity/275218837,
http://id.who.int/icd/entity/378773400,http://id.who.int/icd/release/11/mms/378773400,6C45.11,,"- - - - - Harmful pattern of use of cocaine, continuous",category,3.0,False,06,,True,True,BlockL1-6C4,BlockL2-6C4,,,,,http://id.who.int/icd/entity/275218837,
,http://id.who.int/icd/release/11/mms/275218837/unspecified,6C45.1Z,,"- - - - - Harmful pattern of use of cocaine, unspecified",category,3.0,True,06,,True,True,BlockL1-6C4,BlockL2-6C4,,,,,http://id.who.int/icd/entity/275218837,
http://id.who.int/icd/entity/1691013484,http://id.who.int/icd/release/11/mms/1691013484,6C45.2,,- - - - Cocaine dependence,category,2.0,False,06,,False,True,BlockL1-6C4,BlockL2-6C4,,,,,http://id.who.int/icd/entity/1689089786,
http://id.who.int/icd/entity/1870512253,http://id.who.int/icd/release/11/mms/1870512253,6C45.20,,"- - - - - Cocaine dependence, current use",category,3.0,False,06,,True,True,BlockL1-6C4,BlockL2-6C4,,,,,http://id.who.int/icd/entity/1691013484,
http://id.who.int/icd/entity/1347425045,http://id.who.int/icd/release/11/mms/1347425045,6C45.21,,"- - - - - Cocaine dependence, early full remission",category,3.0,False,06,,True,True,BlockL1-6C4,BlockL2-6C4,,,,,http://id.who.int/icd/entity/1691013484,
http://id.who.int/icd/entity/1424852267,http://id.who.int/icd/release/11/mms/1424852267,6C45.22,,"- - - - - Cocaine dependence, sustained partial remission",category,3.0,False,06,,True,True,BlockL1-6C4,BlockL2-6C4,,,,,http://id.who.int/icd/entity/1691013484,
http://id.who.int/icd/entity/909638838,http://id.who.int/icd/release/11/mms/909638838,6C45.23,,"- - - - - Cocaine dependence, sustained full remission",category,3.0,False,06,,True,True,BlockL1-6C4,BlockL2-6C4,,,,,http://id.who.int/icd/entity/1691013484,
,http://id.who.int/icd/release/11/mms/1691013484/unspecified,6C45.2Z,,"- - - - - Cocaine dependence, unspecified",category,3.0,True,06,,True,True,BlockL1-6C4,BlockL2-6C4,,,,,http://id.who.int/icd/entity/1691013484,
http://id.who.int/icd/entity/1965837313,http://id.who.int/icd/release/11/mms/1965837313,6C45.3,,- - - - Cocaine intoxication,category,2.0,False,06,,True,True,BlockL1-6C4,BlockL2-6C4,,,,,http://id.who.int/icd/entity/1689089786,
http://id.who.int/icd/entity/25238782,http://id.who.int/icd/release/11/mms/25238782,6C45.4,,- - - - Cocaine withdrawal,category,2.0,False,06,,True,True,BlockL1-6C4,BlockL2-6C4,,,,,http://id.who.int/icd/entity/1689089786,
http://id.who.int/icd/entity/1919913834,http://id.who.int/icd/release/11/mms/1919913834,6C45.5,,- - - - Cocaine-induced delirium,category,2.0,False,06,,True,True,BlockL1-6C4,BlockL2-6C4,,,,,http://id.who.int/icd/entity/1689089786,
http://id.who.int/icd/entity/388252416,http://id.who.int/icd/release/11/mms/388252416,6C45.6,,- - - - Cocaine-induced psychotic disorder,category,2.0,False,06,,False,True,BlockL1-6C4,BlockL2-6C4,,,,,http://id.who.int/icd/entity/1689089786,
http://id.who.int/icd/entity/1824621163,http://id.who.int/icd/release/11/mms/1824621163,6C45.60,,- - - - - Cocaine-induced psychotic disorder with hallucinations,category,3.0,False,06,,True,True,BlockL1-6C4,BlockL2-6C4,,,,,http://id.who.int/icd/entity/388252416,
http://id.who.int/icd/entity/1460899805,http://id.who.int/icd/release/11/mms/1460899805,6C45.61,,- - - - - Cocaine-induced psychotic disorder with delusions,category,3.0,False,06,,True,True,BlockL1-6C4,BlockL2-6C4,,,,,http://id.who.int/icd/entity/388252416,
http://id.who.int/icd/entity/1130659925,http://id.who.int/icd/release/11/mms/1130659925,6C45.62,,- - - - - Cocaine-induced psychotic disorder with mixed psychotic symptoms,category,3.0,False,06,,True,True,BlockL1-6C4,BlockL2-6C4,,,,,http://id.who.int/icd/entity/388252416,
,http://id.who.int/icd/release/11/mms/388252416/unspecified,6C45.6Z,,"- - - - - Cocaine-induced psychotic disorder, unspecified",category,3.0,True,06,,True,True,BlockL1-6C4,BlockL2-6C4,,,,,http://id.who.int/icd/entity/388252416,
http://id.who.int/icd/entity/1081029366,http://id.who.int/icd/release/11/mms/1081029366,6C45.7,,- - - - Certain specified cocaine-induced mental or behavioural disorders,category,2.0,False,06,,False,True,BlockL1-6C4,BlockL2-6C4,,,,,http://id.who.int/icd/entity/1689089786,
http://id.who.int/icd/entity/480277067,http://id.who.int/icd/release/11/mms/480277067,6C45.70,,- - - - - Cocaine-induced mood disorder,category,3.0,False,06,,True,True,BlockL1-6C4,BlockL2-6C4,,,,,http://id.who.int/icd/entity/1081029366,
http://id.who.int/icd/entity/1176625878,http://id.who.int/icd/release/11/mms/1176625878,6C45.71,,- - - - - Cocaine-induced anxiety disorder,category,3.0,False,06,,True,True,BlockL1-6C4,BlockL2-6C4,,,,,http://id.who.int/icd/entity/1081029366,
http://id.who.int/icd/entity/330885524,http://id.who.int/icd/release/11/mms/330885524,6C45.72,,- - - - - Cocaine-induced obsessive-compulsive or related disorder,category,3.0,False,06,,True,True,BlockL1-6C4,BlockL2-6C4,,,,,http://id.who.int/icd/entity/1081029366,
http://id.who.int/icd/entity/1995290731,http://id.who.int/icd/release/11/mms/1995290731,6C45.73,,- - - - - Cocaine-induced impulse control disorder,category,3.0,False,06,,True,True,BlockL1-6C4,BlockL2-6C4,,,,,http://id.who.int/icd/entity/1081029366,
,http://id.who.int/icd/release/11/mms/1689089786/other,6C45.Y,,- - - - Other specified disorders due to use of cocaine,category,2.0,True,06,,True,True,BlockL1-6C4,BlockL2-6C4,,,,,http://id.who.int/icd/entity/1689089786,
,http://id.who.int/icd/release/11/mms/1689089786/unspecified,6C45.Z,,"- - - - Disorders due to use of cocaine, unspecified",category,2.0,True,06,,True,True,BlockL1-6C4,BlockL2-6C4,,,,,http://id.who.int/icd/entity/1689089786,
http://id.who.int/icd/entity/1016273204,http://id.who.int/icd/release/11/mms/1016273204,6C46,,"- - - Disorders due to use of stimulants including amphetamines, methamphetamine or methcathinone",category,1.0,False,06,,False,True,BlockL1-6C4,BlockL2-6C4,,,,,http://id.who.int/icd/entity/590211325,
http://id.who.int/icd/entity/1772665991,http://id.who.int/icd/release/11/mms/1772665991,6C46.0,,"- - - - Episode of harmful use of stimulants including amphetamines, methamphetamine or methcathinone",category,2.0,False,06,,True,True,BlockL1-6C4,BlockL2-6C4,,,,,http://id.who.int/icd/entity/1016273204,
http://id.who.int/icd/entity/211765524,http://id.who.int/icd/release/11/mms/211765524,6C46.1,,"- - - - Harmful pattern of use of stimulants including amphetamines, methamphetamine or methcathinone",category,2.0,False,06,,False,True,BlockL1-6C4,BlockL2-6C4,,,,,http://id.who.int/icd/entity/1016273204,
http://id.who.int/icd/entity/385389976,http://id.who.int/icd/release/11/mms/385389976,6C46.10,,"- - - - - Harmful pattern of use of stimulants including amphetamines, methamphetamine or methcathinone, episodic",category,3.0,False,06,,True,True,BlockL1-6C4,BlockL2-6C4,,,,,http://id.who.int/icd/entity/211765524,
http://id.who.int/icd/entity/1136092121,http://id.who.int/icd/release/11/mms/1136092121,6C46.11,,"- - - - - Harmful pattern of use of stimulants including amphetamines, methamphetamine or methcathinone, continuous",category,3.0,False,06,,True,True,BlockL1-6C4,BlockL2-6C4,,,,,http://id.who.int/icd/entity/211765524,
,http://id.who.int/icd/release/11/mms/211765524/unspecified,6C46.1Z,,"- - - - - Harmful pattern of use of stimulants including amphetamines, methamphetamine and methcathinone, unspecified",category,3.0,True,06,,True,True,BlockL1-6C4,BlockL2-6C4,,,,,http://id.who.int/icd/entity/211765524,
http://id.who.int/icd/entity/2016549355,http://id.who.int/icd/release/11/mms/2016549355,6C46.2,,"- - - - Stimulant dependence including amphetamines, methamphetamine or methcathinone",category,2.0,False,06,,False,True,BlockL1-6C4,BlockL2-6C4,,,,,http://id.who.int/icd/entity/1016273204,
http://id.who.int/icd/entity/651438062,http://id.who.int/icd/release/11/mms/651438062,6C46.20,,"- - - - - Stimulant dependence including amphetamines, methamphetamine or methcathinone, current use",category,3.0,False,06,,True,True,BlockL1-6C4,BlockL2-6C4,,,,,http://id.who.int/icd/entity/2016549355,
http://id.who.int/icd/entity/113814852,http://id.who.int/icd/release/11/mms/113814852,6C46.21,,"- - - - - Stimulant dependence including amphetamines, methamphetamine or methcathinone, early full remission",category,3.0,False,06,,True,True,BlockL1-6C4,BlockL2-6C4,,,,,http://id.who.int/icd/entity/2016549355,
http://id.who.int/icd/entity/671215150,http://id.who.int/icd/release/11/mms/671215150,6C46.22,,"- - - - - Stimulant dependence including amphetamines, methamphetamine or methcathinone, sustained partial remission",category,3.0,False,06,,True,True,BlockL1-6C4,BlockL2-6C4,,,,,http://id.who.int/icd/entity/2016549355,
http://id.who.int/icd/entity/912062138,http://id.who.int/icd/release/11/mms/912062138,6C46.23,,"- - - - - Stimulant dependence including amphetamines, methamphetamine or methcathinone, sustained full remission",category,3.0,False,06,,True,True,BlockL1-6C4,BlockL2-6C4,,,,,http://id.who.int/icd/entity/2016549355,
,http://id.who.int/icd/release/11/mms/2016549355/unspecified,6C46.2Z,,"- - - - - Stimulant dependence including amphetamines, methamphetamine or methcathinone, unspecified",category,3.0,True,06,,True,True,BlockL1-6C4,BlockL2-6C4,,,,,http://id.who.int/icd/entity/2016549355,
http://id.who.int/icd/entity/1775535234,http://id.who.int/icd/release/11/mms/1775535234,6C46.3,,"- - - - Stimulant intoxication including amphetamines, methamphetamine or methcathinone",category,2.0,False,06,,True,True,BlockL1-6C4,BlockL2-6C4,,,,,http://id.who.int/icd/entity/1016273204,
http://id.who.int/icd/entity/494523519,http://id.who.int/icd/release/11/mms/494523519,6C46.4,,"- - - - Stimulant withdrawal including amphetamines, methamphetamine or methcathinone",category,2.0,False,06,,True,True,BlockL1-6C4,BlockL2-6C4,,,,,http://id.who.int/icd/entity/1016273204,
http://id.who.int/icd/entity/951103658,http://id.who.int/icd/release/11/mms/951103658,6C46.5,,"- - - - Stimulant-induced delirium including amphetamines, methamphetamine or methcathinone",category,2.0,False,06,,True,True,BlockL1-6C4,BlockL2-6C4,,,,,http://id.who.int/icd/entity/1016273204,
http://id.who.int/icd/entity/199002751,http://id.who.int/icd/release/11/mms/199002751,6C46.6,,"- - - - Stimulant-induced psychotic disorder including amphetamines, methamphetamine or methcathinone",category,2.0,False,06,,False,True,BlockL1-6C4,BlockL2-6C4,,,,,http://id.who.int/icd/entity/1016273204,
http://id.who.int/icd/entity/1500592979,http://id.who.int/icd/release/11/mms/1500592979,6C46.60,,"- - - - - Stimulant-induced psychotic disorder including amphetamines, methamphetamine or methcathinone with hallucinations",category,3.0,False,06,,True,True,BlockL1-6C4,BlockL2-6C4,,,,,http://id.who.int/icd/entity/199002751,
http://id.who.int/icd/entity/1292252379,http://id.who.int/icd/release/11/mms/1292252379,6C46.61,,"- - - - - Stimulant-induced psychotic disorder including amphetamines, methamphetamine or methcathinone with delusions",category,3.0,False,06,,True,True,BlockL1-6C4,BlockL2-6C4,,,,,http://id.who.int/icd/entity/199002751,
http://id.who.int/icd/entity/48956638,http://id.who.int/icd/release/11/mms/48956638,6C46.62,,- - - - - Stimulant-induced psychotic disorder including amphetamines but excluding caffeine or cocaine with mixed psychotic symptoms,category,3.0,False,06,,True,True,BlockL1-6C4,BlockL2-6C4,,,,,http://id.who.int/icd/entity/199002751,
,http://id.who.int/icd/release/11/mms/199002751/unspecified,6C46.6Z,,"- - - - - Stimulant-induced psychotic disorder including amphetamines, methamphetamine or methcathinone, unspecified",category,3.0,True,06,,True,True,BlockL1-6C4,BlockL2-6C4,,,,,http://id.who.int/icd/entity/199002751,
http://id.who.int/icd/entity/2096250471,http://id.who.int/icd/release/11/mms/2096250471,6C46.7,,"- - - - Certain specified stimulant-induced mental or behavioural disorders including amphetamines, methamphetamine or methcathinone",category,2.0,False,06,,False,True,BlockL1-6C4,BlockL2-6C4,,,,,http://id.who.int/icd/entity/1016273204,
http://id.who.int/icd/entity/724783925,http://id.who.int/icd/release/11/mms/724783925,6C46.70,,"- - - - - Stimulant-induced mood disorder including amphetamines, methamphetamine or methcathinone",category,3.0,False,06,,True,True,BlockL1-6C4,BlockL2-6C4,,,,,http://id.who.int/icd/entity/2096250471,
http://id.who.int/icd/entity/1627021441,http://id.who.int/icd/release/11/mms/1627021441,6C46.71,,"- - - - - Stimulant-induced anxiety disorder including amphetamines, methamphetamine or methcathinone",category,3.0,False,06,,True,True,BlockL1-6C4,BlockL2-6C4,,,,,http://id.who.int/icd/entity/2096250471,
http://id.who.int/icd/entity/1830469239,http://id.who.int/icd/release/11/mms/1830469239,6C46.72,,"- - - - - Stimulant-induced obsessive-compulsive or related disorder including amphetamines, methamphetamine or methcathinone",category,3.0,False,06,,True,True,BlockL1-6C4,BlockL2-6C4,,,,,http://id.who.int/icd/entity/2096250471,
http://id.who.int/icd/entity/143679922,http://id.who.int/icd/release/11/mms/143679922,6C46.73,,"- - - - - Stimulant-induced impulse control disorder including amphetamines, methamphetamine or methcathinone",category,3.0,False,06,,True,True,BlockL1-6C4,BlockL2-6C4,,,,,http://id.who.int/icd/entity/2096250471,
,http://id.who.int/icd/release/11/mms/1016273204/other,6C46.Y,,"- - - - Other specified disorders due to use of stimulants including amphetamines, methamphetamine or methcathinone",category,2.0,True,06,,True,True,BlockL1-6C4,BlockL2-6C4,,,,,http://id.who.int/icd/entity/1016273204,
,http://id.who.int/icd/release/11/mms/1016273204/unspecified,6C46.Z,,"- - - - Disorders due to use of stimulants including amphetamines, methamphetamine or methcathinone, unspecified",category,2.0,True,06,,True,True,BlockL1-6C4,BlockL2-6C4,,,,,http://id.who.int/icd/entity/1016273204,
http://id.who.int/icd/entity/1605818663,http://id.who.int/icd/release/11/mms/1605818663,6C47,,- - - Disorders due to use of synthetic cathinones,category,1.0,False,06,,False,True,BlockL1-6C4,BlockL2-6C4,,,,,http://id.who.int/icd/entity/590211325,
http://id.who.int/icd/entity/1563509056,http://id.who.int/icd/release/11/mms/1563509056,6C47.0,,- - - - Episode of harmful use of synthetic cathinones,category,2.0,False,06,,True,True,BlockL1-6C4,BlockL2-6C4,,,,,http://id.who.int/icd/entity/1605818663,
http://id.who.int/icd/entity/2057206901,http://id.who.int/icd/release/11/mms/2057206901,6C47.1,,- - - - Harmful pattern of use of synthetic cathinones,category,2.0,False,06,,False,True,BlockL1-6C4,BlockL2-6C4,,,,,http://id.who.int/icd/entity/1605818663,
http://id.who.int/icd/entity/659900369,http://id.who.int/icd/release/11/mms/659900369,6C47.10,,"- - - - - Harmful pattern of use of synthetic cathinones, episodic",category,3.0,False,06,,True,True,BlockL1-6C4,BlockL2-6C4,,,,,http://id.who.int/icd/entity/2057206901,
http://id.who.int/icd/entity/1929333008,http://id.who.int/icd/release/11/mms/1929333008,6C47.11,,"- - - - - Harmful use of synthetic cathinones, continuous",category,3.0,False,06,,True,True,BlockL1-6C4,BlockL2-6C4,,,,,http://id.who.int/icd/entity/2057206901,
,http://id.who.int/icd/release/11/mms/2057206901/other,6C47.1Y,,- - - - - Other specified harmful pattern of use of synthetic cathinones,category,3.0,True,06,,True,True,BlockL1-6C4,BlockL2-6C4,,,,,http://id.who.int/icd/entity/2057206901,
,http://id.who.int/icd/release/11/mms/2057206901/unspecified,6C47.1Z,,"- - - - - Harmful pattern of use of synthetic cathinones, unspecified",category,3.0,True,06,,True,True,BlockL1-6C4,BlockL2-6C4,,,,,http://id.who.int/icd/entity/2057206901,
http://id.who.int/icd/entity/2070676103,http://id.who.int/icd/release/11/mms/2070676103,6C47.2,,- - - - Synthetic cathinone dependence,category,2.0,False,06,,False,True,BlockL1-6C4,BlockL2-6C4,,,,,http://id.who.int/icd/entity/1605818663,
http://id.who.int/icd/entity/1771470438,http://id.who.int/icd/release/11/mms/1771470438,6C47.20,,"- - - - - Synthetic cathinone dependence, current use",category,3.0,False,06,,True,True,BlockL1-6C4,BlockL2-6C4,,,,,http://id.who.int/icd/entity/2070676103,
http://id.who.int/icd/entity/1643918100,http://id.who.int/icd/release/11/mms/1643918100,6C47.21,,"- - - - - Synthetic cathinone dependence, early full remission",category,3.0,False,06,,True,True,BlockL1-6C4,BlockL2-6C4,,,,,http://id.who.int/icd/entity/2070676103,
http://id.who.int/icd/entity/873755949,http://id.who.int/icd/release/11/mms/873755949,6C47.22,,"- - - - - Synthetic cathinone dependence, sustained partial remission",category,3.0,False,06,,True,True,BlockL1-6C4,BlockL2-6C4,,,,,http://id.who.int/icd/entity/2070676103,
http://id.who.int/icd/entity/1359176422,http://id.who.int/icd/release/11/mms/1359176422,6C47.23,,"- - - - - Synthetic cathinone dependence, sustained full remission",category,3.0,False,06,,True,True,BlockL1-6C4,BlockL2-6C4,,,,,http://id.who.int/icd/entity/2070676103,
,http://id.who.int/icd/release/11/mms/2070676103/other,6C47.2Y,,- - - - - Other specified synthetic cathinone dependence,category,3.0,True,06,,True,True,BlockL1-6C4,BlockL2-6C4,,,,,http://id.who.int/icd/entity/2070676103,
,http://id.who.int/icd/release/11/mms/2070676103/unspecified,6C47.2Z,,"- - - - - Synthetic cathinone dependence, unspecified",category,3.0,True,06,,True,True,BlockL1-6C4,BlockL2-6C4,,,,,http://id.who.int/icd/entity/2070676103,
http://id.who.int/icd/entity/1599283639,http://id.who.int/icd/release/11/mms/1599283639,6C47.3,,- - - - Synthetic cathinone intoxication,category,2.0,False,06,,True,True,BlockL1-6C4,BlockL2-6C4,,,,,http://id.who.int/icd/entity/1605818663,
http://id.who.int/icd/entity/1587633989,http://id.who.int/icd/release/11/mms/1587633989,6C47.4,,- - - - Synthetic cathinone withdrawal,category,2.0,False,06,,True,True,BlockL1-6C4,BlockL2-6C4,,,,,http://id.who.int/icd/entity/1605818663,
http://id.who.int/icd/entity/1526280683,http://id.who.int/icd/release/11/mms/1526280683,6C47.5,,- - - - Synthetic cathinone-induced delirium,category,2.0,False,06,,True,True,BlockL1-6C4,BlockL2-6C4,,,,,http://id.who.int/icd/entity/1605818663,
http://id.who.int/icd/entity/1005846640,http://id.who.int/icd/release/11/mms/1005846640,6C47.6,,- - - - Synthetic cathinone-induced psychotic disorder,category,2.0,False,06,,False,True,BlockL1-6C4,BlockL2-6C4,,,,,http://id.who.int/icd/entity/1605818663,
http://id.who.int/icd/entity/1432030282,http://id.who.int/icd/release/11/mms/1432030282,6C47.60,,- - - - - Synthetic cathinone-induced psychotic disorder with hallucinations,category,3.0,False,06,,True,True,BlockL1-6C4,BlockL2-6C4,,,,,http://id.who.int/icd/entity/1005846640,
http://id.who.int/icd/entity/1955362756,http://id.who.int/icd/release/11/mms/1955362756,6C47.61,,- - - - - Synthetic cathinone-induced psychotic disorder with delusions,category,3.0,False,06,,True,True,BlockL1-6C4,BlockL2-6C4,,,,,http://id.who.int/icd/entity/1005846640,
http://id.who.int/icd/entity/89854667,http://id.who.int/icd/release/11/mms/89854667,6C47.62,,- - - - - Synthetic cathinone-induced psychotic disorder with mixed psychotic symptoms,category,3.0,False,06,,True,True,BlockL1-6C4,BlockL2-6C4,,,,,http://id.who.int/icd/entity/1005846640,
,http://id.who.int/icd/release/11/mms/1005846640/unspecified,6C47.6Z,,"- - - - - Synthetic cathinone-induced psychotic disorder, unspecified",category,3.0,True,06,,True,True,BlockL1-6C4,BlockL2-6C4,,,,,http://id.who.int/icd/entity/1005846640,
http://id.who.int/icd/entity/1562167865,http://id.who.int/icd/release/11/mms/1562167865,6C47.7,,- - - - Certain specified synthetic cathinone-induced mental or behavioural disorders,category,2.0,False,06,,False,True,BlockL1-6C4,BlockL2-6C4,,,,,http://id.who.int/icd/entity/1605818663,
http://id.who.int/icd/entity/507076012,http://id.who.int/icd/release/11/mms/507076012,6C47.70,,- - - - - Synthetic cathinone-induced mood disorder,category,3.0,False,06,,True,True,BlockL1-6C4,BlockL2-6C4,,,,,http://id.who.int/icd/entity/1562167865,
http://id.who.int/icd/entity/1423983191,http://id.who.int/icd/release/11/mms/1423983191,6C47.71,,- - - - - Synthetic cathinone-induced anxiety disorder,category,3.0,False,06,,True,True,BlockL1-6C4,BlockL2-6C4,,,,,http://id.who.int/icd/entity/1562167865,
http://id.who.int/icd/entity/511382862,http://id.who.int/icd/release/11/mms/511382862,6C47.72,,- - - - - Synthetic cathinone-induced obsessive-compulsive or related syndrome,category,3.0,False,06,,True,True,BlockL1-6C4,BlockL2-6C4,,,,,http://id.who.int/icd/entity/1562167865,
http://id.who.int/icd/entity/1259373199,http://id.who.int/icd/release/11/mms/1259373199,6C47.73,,- - - - - Synthetic cathinone-induced impulse control disorder,category,3.0,False,06,,True,True,BlockL1-6C4,BlockL2-6C4,,,,,http://id.who.int/icd/entity/1562167865,
,http://id.who.int/icd/release/11/mms/1605818663/other,6C47.Y,,- - - - Other specified disorders due to use of synthetic cathinones,category,2.0,True,06,,True,True,BlockL1-6C4,BlockL2-6C4,,,,,http://id.who.int/icd/entity/1605818663,
,http://id.who.int/icd/release/11/mms/1605818663/unspecified,6C47.Z,,"- - - - Disorders due to use of synthetic cathinones, unspecified",category,2.0,True,06,,True,True,BlockL1-6C4,BlockL2-6C4,,,,,http://id.who.int/icd/entity/1605818663,
http://id.who.int/icd/entity/31898480,http://id.who.int/icd/release/11/mms/31898480,6C48,,- - - Disorders due to use of caffeine,category,1.0,False,06,,False,True,BlockL1-6C4,BlockL2-6C4,,,,,http://id.who.int/icd/entity/590211325,
http://id.who.int/icd/entity/207246302,http://id.who.int/icd/release/11/mms/207246302,6C48.0,,- - - - Episode of harmful use of caffeine,category,2.0,False,06,,True,True,BlockL1-6C4,BlockL2-6C4,,,,,http://id.who.int/icd/entity/31898480,
http://id.who.int/icd/entity/1252561403,http://id.who.int/icd/release/11/mms/1252561403,6C48.1,,- - - - Harmful pattern of use of caffeine,category,2.0,False,06,,False,True,BlockL1-6C4,BlockL2-6C4,,,,,http://id.who.int/icd/entity/31898480,
http://id.who.int/icd/entity/1935765699,http://id.who.int/icd/release/11/mms/1935765699,6C48.10,,"- - - - - Harmful pattern of use of caffeine, episodic",category,3.0,False,06,,True,True,BlockL1-6C4,BlockL2-6C4,,,,,http://id.who.int/icd/entity/1252561403,
http://id.who.int/icd/entity/1290474459,http://id.who.int/icd/release/11/mms/1290474459,6C48.11,,"- - - - - Harmful pattern of use of caffeine, continuous",category,3.0,False,06,,True,True,BlockL1-6C4,BlockL2-6C4,,,,,http://id.who.int/icd/entity/1252561403,
,http://id.who.int/icd/release/11/mms/1252561403/unspecified,6C48.1Z,,"- - - - - Harmful pattern of use of caffeine, unspecified",category,3.0,True,06,,True,True,BlockL1-6C4,BlockL2-6C4,,,,,http://id.who.int/icd/entity/1252561403,
http://id.who.int/icd/entity/1648213213,http://id.who.int/icd/release/11/mms/1648213213,6C48.2,,- - - - Caffeine intoxication,category,2.0,False,06,,True,True,BlockL1-6C4,BlockL2-6C4,,,,,http://id.who.int/icd/entity/31898480,
http://id.who.int/icd/entity/1569910443,http://id.who.int/icd/release/11/mms/1569910443,6C48.3,,- - - - Caffeine withdrawal,category,2.0,False,06,,True,True,BlockL1-6C4,BlockL2-6C4,,,,,http://id.who.int/icd/entity/31898480,
http://id.who.int/icd/entity/1710844294,http://id.who.int/icd/release/11/mms/1710844294,6C48.4,,- - - - Certain specified caffeine-induced mental or behavioural disorders,category,2.0,False,06,,False,True,BlockL1-6C4,BlockL2-6C4,,,,,http://id.who.int/icd/entity/31898480,
http://id.who.int/icd/entity/1115271910,http://id.who.int/icd/release/11/mms/1115271910,6C48.40,,- - - - - Caffeine-induced anxiety disorder,category,3.0,False,06,,True,True,BlockL1-6C4,BlockL2-6C4,,,,,http://id.who.int/icd/entity/1710844294,
,http://id.who.int/icd/release/11/mms/31898480/other,6C48.Y,,- - - - Other specified disorders due to use of caffeine,category,2.0,True,06,,True,True,BlockL1-6C4,BlockL2-6C4,,,,,http://id.who.int/icd/entity/31898480,
,http://id.who.int/icd/release/11/mms/31898480/unspecified,6C48.Z,,"- - - - Disorders due to use of caffeine, unspecified",category,2.0,True,06,,True,True,BlockL1-6C4,BlockL2-6C4,,,,,http://id.who.int/icd/entity/31898480,
http://id.who.int/icd/entity/1967909777,http://id.who.int/icd/release/11/mms/1967909777,6C49,,- - - Disorders due to use of hallucinogens,category,1.0,False,06,,False,True,BlockL1-6C4,BlockL2-6C4,,,,,http://id.who.int/icd/entity/590211325,
http://id.who.int/icd/entity/1995632461,http://id.who.int/icd/release/11/mms/1995632461,6C49.0,,- - - - Episode of harmful use of hallucinogens,category,2.0,False,06,,True,True,BlockL1-6C4,BlockL2-6C4,,,,,http://id.who.int/icd/entity/1967909777,
http://id.who.int/icd/entity/219736364,http://id.who.int/icd/release/11/mms/219736364,6C49.1,,- - - - Harmful pattern of use of hallucinogens,category,2.0,False,06,,False,True,BlockL1-6C4,BlockL2-6C4,,,,,http://id.who.int/icd/entity/1967909777,
http://id.who.int/icd/entity/275556525,http://id.who.int/icd/release/11/mms/275556525,6C49.10,,"- - - - - Harmful pattern of use of hallucinogens, episodic",category,3.0,False,06,,True,True,BlockL1-6C4,BlockL2-6C4,,,,,http://id.who.int/icd/entity/219736364,
http://id.who.int/icd/entity/1868008370,http://id.who.int/icd/release/11/mms/1868008370,6C49.11,,"- - - - - Harmful pattern of use of hallucinogens, continuous",category,3.0,False,06,,True,True,BlockL1-6C4,BlockL2-6C4,,,,,http://id.who.int/icd/entity/219736364,
,http://id.who.int/icd/release/11/mms/219736364/unspecified,6C49.1Z,,"- - - - - Harmful pattern of use of hallucinogens, unspecified",category,3.0,True,06,,True,True,BlockL1-6C4,BlockL2-6C4,,,,,http://id.who.int/icd/entity/219736364,
http://id.who.int/icd/entity/2041952725,http://id.who.int/icd/release/11/mms/2041952725,6C49.2,,- - - - Hallucinogen dependence,category,2.0,False,06,,False,True,BlockL1-6C4,BlockL2-6C4,,,,,http://id.who.int/icd/entity/1967909777,
http://id.who.int/icd/entity/847208228,http://id.who.int/icd/release/11/mms/847208228,6C49.20,,"- - - - - Hallucinogen dependence, current use",category,3.0,False,06,,True,True,BlockL1-6C4,BlockL2-6C4,,,,,http://id.who.int/icd/entity/2041952725,
http://id.who.int/icd/entity/585026718,http://id.who.int/icd/release/11/mms/585026718,6C49.21,,"- - - - - Hallucinogen dependence, early full remission",category,3.0,False,06,,True,True,BlockL1-6C4,BlockL2-6C4,,,,,http://id.who.int/icd/entity/2041952725,
http://id.who.int/icd/entity/644045474,http://id.who.int/icd/release/11/mms/644045474,6C49.22,,"- - - - - Hallucinogen dependence, sustained partial remission",category,3.0,False,06,,True,True,BlockL1-6C4,BlockL2-6C4,,,,,http://id.who.int/icd/entity/2041952725,
http://id.who.int/icd/entity/655301620,http://id.who.int/icd/release/11/mms/655301620,6C49.23,,"- - - - - Hallucinogen dependence, sustained full remission",category,3.0,False,06,,True,True,BlockL1-6C4,BlockL2-6C4,,,,,http://id.who.int/icd/entity/2041952725,
,http://id.who.int/icd/release/11/mms/2041952725/unspecified,6C49.2Z,,"- - - - - Hallucinogen dependence, unspecified",category,3.0,True,06,,True,True,BlockL1-6C4,BlockL2-6C4,,,,,http://id.who.int/icd/entity/2041952725,
http://id.who.int/icd/entity/1750279358,http://id.who.int/icd/release/11/mms/1750279358,6C49.3,,- - - - Hallucinogen intoxication,category,2.0,False,06,,True,True,BlockL1-6C4,BlockL2-6C4,,,,,http://id.who.int/icd/entity/1967909777,
http://id.who.int/icd/entity/1863378901,http://id.who.int/icd/release/11/mms/1863378901,6C49.4,,- - - - Hallucinogen-induced delirium,category,2.0,False,06,,True,True,BlockL1-6C4,BlockL2-6C4,,,,,http://id.who.int/icd/entity/1967909777,
http://id.who.int/icd/entity/173746753,http://id.who.int/icd/release/11/mms/173746753,6C49.5,,- - - - Hallucinogen-induced psychotic disorder,category,2.0,False,06,,True,True,BlockL1-6C4,BlockL2-6C4,,,,,http://id.who.int/icd/entity/1967909777,
http://id.who.int/icd/entity/1265787402,http://id.who.int/icd/release/11/mms/1265787402,6C49.6,,- - - - Certain specified hallucinogen-induced mental or behavioural disorders,category,2.0,False,06,,False,True,BlockL1-6C4,BlockL2-6C4,,,,,http://id.who.int/icd/entity/1967909777,
http://id.who.int/icd/entity/162562386,http://id.who.int/icd/release/11/mms/162562386,6C49.60,,- - - - - Hallucinogen-induced mood disorder,category,3.0,False,06,,True,True,BlockL1-6C4,BlockL2-6C4,,,,,http://id.who.int/icd/entity/1265787402,
http://id.who.int/icd/entity/1245150953,http://id.who.int/icd/release/11/mms/1245150953,6C49.61,,- - - - - Hallucinogen-induced anxiety disorder,category,3.0,False,06,,True,True,BlockL1-6C4,BlockL2-6C4,,,,,http://id.who.int/icd/entity/1265787402,
,http://id.who.int/icd/release/11/mms/1967909777/other,6C49.Y,,- - - - Other specified disorders due to use of hallucinogens,category,2.0,True,06,,True,True,BlockL1-6C4,BlockL2-6C4,,,,,http://id.who.int/icd/entity/1967909777,
,http://id.who.int/icd/release/11/mms/1967909777/unspecified,6C49.Z,,"- - - - Disorders due to use of hallucinogens, unspecified",category,2.0,True,06,,True,True,BlockL1-6C4,BlockL2-6C4,,,,,http://id.who.int/icd/entity/1967909777,
http://id.who.int/icd/entity/268445189,http://id.who.int/icd/release/11/mms/268445189,6C4A,,- - - Disorders due to use of nicotine,category,1.0,False,06,,False,True,BlockL1-6C4,BlockL2-6C4,,,,,http://id.who.int/icd/entity/590211325,
http://id.who.int/icd/entity/1356720300,http://id.who.int/icd/release/11/mms/1356720300,6C4A.0,,- - - - Episode of harmful use of nicotine,category,2.0,False,06,,True,True,BlockL1-6C4,BlockL2-6C4,,,,,http://id.who.int/icd/entity/268445189,
http://id.who.int/icd/entity/299901355,http://id.who.int/icd/release/11/mms/299901355,6C4A.1,,- - - - Harmful pattern of use of nicotine,category,2.0,False,06,,False,True,BlockL1-6C4,BlockL2-6C4,,,,,http://id.who.int/icd/entity/268445189,
http://id.who.int/icd/entity/1979010552,http://id.who.int/icd/release/11/mms/1979010552,6C4A.10,,"- - - - - Harmful pattern of use of nicotine, episodic",category,3.0,False,06,,True,True,BlockL1-6C4,BlockL2-6C4,,,,,http://id.who.int/icd/entity/299901355,
http://id.who.int/icd/entity/1249849058,http://id.who.int/icd/release/11/mms/1249849058,6C4A.11,,"- - - - - Harmful pattern of use of nicotine, continuous",category,3.0,False,06,,True,True,BlockL1-6C4,BlockL2-6C4,,,,,http://id.who.int/icd/entity/299901355,
,http://id.who.int/icd/release/11/mms/299901355/unspecified,6C4A.1Z,,"- - - - - Harmful pattern of use of nicotine, unspecified",category,3.0,True,06,,True,True,BlockL1-6C4,BlockL2-6C4,,,,,http://id.who.int/icd/entity/299901355,
http://id.who.int/icd/entity/1699574100,http://id.who.int/icd/release/11/mms/1699574100,6C4A.2,,- - - - Nicotine dependence,category,2.0,False,06,,False,True,BlockL1-6C4,BlockL2-6C4,,,,,http://id.who.int/icd/entity/268445189,
http://id.who.int/icd/entity/719650647,http://id.who.int/icd/release/11/mms/719650647,6C4A.20,,"- - - - - Nicotine dependence, current use",category,3.0,False,06,,True,True,BlockL1-6C4,BlockL2-6C4,,,,,http://id.who.int/icd/entity/1699574100,
http://id.who.int/icd/entity/88210793,http://id.who.int/icd/release/11/mms/88210793,6C4A.21,,"- - - - - Nicotine dependence, early full remission",category,3.0,False,06,,True,True,BlockL1-6C4,BlockL2-6C4,,,,,http://id.who.int/icd/entity/1699574100,
http://id.who.int/icd/entity/986422897,http://id.who.int/icd/release/11/mms/986422897,6C4A.22,,"- - - - - Nicotine dependence, sustained partial remission",category,3.0,False,06,,True,True,BlockL1-6C4,BlockL2-6C4,,,,,http://id.who.int/icd/entity/1699574100,
http://id.who.int/icd/entity/980168193,http://id.who.int/icd/release/11/mms/980168193,6C4A.23,,"- - - - - Nicotine dependence, sustained full remission",category,3.0,False,06,,True,True,BlockL1-6C4,BlockL2-6C4,,,,,http://id.who.int/icd/entity/1699574100,
,http://id.who.int/icd/release/11/mms/1699574100/unspecified,6C4A.2Z,,"- - - - - Nicotine dependence, unspecified",category,3.0,True,06,,True,True,BlockL1-6C4,BlockL2-6C4,,,,,http://id.who.int/icd/entity/1699574100,
http://id.who.int/icd/entity/1957424191,http://id.who.int/icd/release/11/mms/1957424191,6C4A.3,,- - - - Nicotine intoxication,category,2.0,False,06,,True,True,BlockL1-6C4,BlockL2-6C4,,,,,http://id.who.int/icd/entity/268445189,
http://id.who.int/icd/entity/441538,http://id.who.int/icd/release/11/mms/441538,6C4A.4,,- - - - Nicotine withdrawal,category,2.0,False,06,,True,True,BlockL1-6C4,BlockL2-6C4,,,,,http://id.who.int/icd/entity/268445189,
,http://id.who.int/icd/release/11/mms/268445189/other,6C4A.Y,,- - - - Other specified disorders due to use of nicotine,category,2.0,True,06,,True,True,BlockL1-6C4,BlockL2-6C4,,,,,http://id.who.int/icd/entity/268445189,
,http://id.who.int/icd/release/11/mms/268445189/unspecified,6C4A.Z,,"- - - - Disorders due to use of nicotine, unspecified",category,2.0,True,06,,True,True,BlockL1-6C4,BlockL2-6C4,,,,,http://id.who.int/icd/entity/268445189,
http://id.who.int/icd/entity/1835610951,http://id.who.int/icd/release/11/mms/1835610951,6C4B,,- - - Disorders due to use of volatile inhalants,category,1.0,False,06,,False,True,BlockL1-6C4,BlockL2-6C4,,,,,http://id.who.int/icd/entity/590211325,
http://id.who.int/icd/entity/893652479,http://id.who.int/icd/release/11/mms/893652479,6C4B.0,,- - - - Episode of harmful use of volatile inhalants,category,2.0,False,06,,True,True,BlockL1-6C4,BlockL2-6C4,,,,,http://id.who.int/icd/entity/1835610951,
http://id.who.int/icd/entity/1600451095,http://id.who.int/icd/release/11/mms/1600451095,6C4B.1,,- - - - Harmful pattern of use of volatile inhalants,category,2.0,False,06,,False,True,BlockL1-6C4,BlockL2-6C4,,,,,http://id.who.int/icd/entity/1835610951,
http://id.who.int/icd/entity/1704485952,http://id.who.int/icd/release/11/mms/1704485952,6C4B.10,,"- - - - - Harmful pattern of use of volatile inhalants, episodic",category,3.0,False,06,,True,True,BlockL1-6C4,BlockL2-6C4,,,,,http://id.who.int/icd/entity/1600451095,
http://id.who.int/icd/entity/1879955576,http://id.who.int/icd/release/11/mms/1879955576,6C4B.11,,"- - - - - Harmful pattern of use of volatile inhalants, continuous",category,3.0,False,06,,True,True,BlockL1-6C4,BlockL2-6C4,,,,,http://id.who.int/icd/entity/1600451095,
,http://id.who.int/icd/release/11/mms/1600451095/unspecified,6C4B.1Z,,"- - - - - Harmful pattern of use of volatile inhalants, unspecified",category,3.0,True,06,,True,True,BlockL1-6C4,BlockL2-6C4,,,,,http://id.who.int/icd/entity/1600451095,
http://id.who.int/icd/entity/734634730,http://id.who.int/icd/release/11/mms/734634730,6C4B.2,,- - - - Volatile inhalant dependence,category,2.0,False,06,,False,True,BlockL1-6C4,BlockL2-6C4,,,,,http://id.who.int/icd/entity/1835610951,
http://id.who.int/icd/entity/539693275,http://id.who.int/icd/release/11/mms/539693275,6C4B.20,,"- - - - - Volatile inhalant dependence, current use",category,3.0,False,06,,True,True,BlockL1-6C4,BlockL2-6C4,,,,,http://id.who.int/icd/entity/734634730,
http://id.who.int/icd/entity/861459960,http://id.who.int/icd/release/11/mms/861459960,6C4B.21,,"- - - - - Volatile inhalant dependence, early full remission",category,3.0,False,06,,True,True,BlockL1-6C4,BlockL2-6C4,,,,,http://id.who.int/icd/entity/734634730,
http://id.who.int/icd/entity/1844888971,http://id.who.int/icd/release/11/mms/1844888971,6C4B.22,,"- - - - - Volatile inhalant dependence, sustained partial remission",category,3.0,False,06,,True,True,BlockL1-6C4,BlockL2-6C4,,,,,http://id.who.int/icd/entity/734634730,
http://id.who.int/icd/entity/486397896,http://id.who.int/icd/release/11/mms/486397896,6C4B.23,,"- - - - - Volatile inhalant dependence, sustained full remission",category,3.0,False,06,,True,True,BlockL1-6C4,BlockL2-6C4,,,,,http://id.who.int/icd/entity/734634730,
,http://id.who.int/icd/release/11/mms/734634730/unspecified,6C4B.2Z,,"- - - - - Volatile inhalant dependence, unspecified",category,3.0,True,06,,True,True,BlockL1-6C4,BlockL2-6C4,,,,,http://id.who.int/icd/entity/734634730,
http://id.who.int/icd/entity/976174979,http://id.who.int/icd/release/11/mms/976174979,6C4B.3,,- - - - Volatile inhalant intoxication,category,2.0,False,06,,True,True,BlockL1-6C4,BlockL2-6C4,,,,,http://id.who.int/icd/entity/1835610951,
http://id.who.int/icd/entity/1317171068,http://id.who.int/icd/release/11/mms/1317171068,6C4B.4,,- - - - Volatile inhalant withdrawal,category,2.0,False,06,,True,True,BlockL1-6C4,BlockL2-6C4,,,,,http://id.who.int/icd/entity/1835610951,
http://id.who.int/icd/entity/1030552808,http://id.who.int/icd/release/11/mms/1030552808,6C4B.5,,- - - - Volatile inhalant-induced delirium,category,2.0,False,06,,True,True,BlockL1-6C4,BlockL2-6C4,,,,,http://id.who.int/icd/entity/1835610951,
http://id.who.int/icd/entity/1478963582,http://id.who.int/icd/release/11/mms/1478963582,6C4B.6,,- - - - Volatile inhalant-induced psychotic disorder,category,2.0,False,06,,True,True,BlockL1-6C4,BlockL2-6C4,,,,,http://id.who.int/icd/entity/1835610951,
http://id.who.int/icd/entity/1416233126,http://id.who.int/icd/release/11/mms/1416233126,6C4B.7,,- - - - Certain specified volatile inhalants-induced mental or behavioural disorders,category,2.0,False,06,,False,True,BlockL1-6C4,BlockL2-6C4,,,,,http://id.who.int/icd/entity/1835610951,
http://id.who.int/icd/entity/652700225,http://id.who.int/icd/release/11/mms/652700225,6C4B.70,,- - - - - Volatile inhalant-induced mood disorder,category,3.0,False,06,,True,True,BlockL1-6C4,BlockL2-6C4,,,,,http://id.who.int/icd/entity/1416233126,
http://id.who.int/icd/entity/1918560936,http://id.who.int/icd/release/11/mms/1918560936,6C4B.71,,- - - - - Volatile inhalant-induced anxiety disorder,category,3.0,False,06,,True,True,BlockL1-6C4,BlockL2-6C4,,,,,http://id.who.int/icd/entity/1416233126,
,http://id.who.int/icd/release/11/mms/1835610951/other,6C4B.Y,,- - - - Other specified disorders due to use of volatile inhalants,category,2.0,True,06,,True,True,BlockL1-6C4,BlockL2-6C4,,,,,http://id.who.int/icd/entity/1835610951,
,http://id.who.int/icd/release/11/mms/1835610951/unspecified,6C4B.Z,,"- - - - Disorders due to use of volatile inhalants, unspecified",category,2.0,True,06,,True,True,BlockL1-6C4,BlockL2-6C4,,,,,http://id.who.int/icd/entity/1835610951,
http://id.who.int/icd/entity/1218193465,http://id.who.int/icd/release/11/mms/1218193465,6C4C,,"- - - Disorders due to use of methylene-dioxymethamphetamine [MDMA] or related drugs, including methylene-dioxyamphetamine [MDA]",category,1.0,False,06,,False,True,BlockL1-6C4,BlockL2-6C4,,,,,http://id.who.int/icd/entity/590211325,
http://id.who.int/icd/entity/1334295394,http://id.who.int/icd/release/11/mms/1334295394,6C4C.0,,"- - - - Episode of harmful use of MDMA or related drugs, including MDA",category,2.0,False,06,,True,True,BlockL1-6C4,BlockL2-6C4,,,,,http://id.who.int/icd/entity/1218193465,
http://id.who.int/icd/entity/1662953838,http://id.who.int/icd/release/11/mms/1662953838,6C4C.1,,"- - - - Harmful pattern of use of MDMA or related drugs, including MDA",category,2.0,False,06,,False,True,BlockL1-6C4,BlockL2-6C4,,,,,http://id.who.int/icd/entity/1218193465,
http://id.who.int/icd/entity/817666175,http://id.who.int/icd/release/11/mms/817666175,6C4C.10,,"- - - - - Harmful use of MDMA or related drugs, including MDA, episodic",category,3.0,False,06,,True,True,BlockL1-6C4,BlockL2-6C4,,,,,http://id.who.int/icd/entity/1662953838,
http://id.who.int/icd/entity/2136057978,http://id.who.int/icd/release/11/mms/2136057978,6C4C.11,,"- - - - - Harmful use of MDMA or related drugs, including MDA, continuous",category,3.0,False,06,,True,True,BlockL1-6C4,BlockL2-6C4,,,,,http://id.who.int/icd/entity/1662953838,
,http://id.who.int/icd/release/11/mms/1662953838/unspecified,6C4C.1Z,,"- - - - - Harmful pattern of use of MDMA or related drugs, including MDA, unspecified",category,3.0,True,06,,True,True,BlockL1-6C4,BlockL2-6C4,,,,,http://id.who.int/icd/entity/1662953838,
http://id.who.int/icd/entity/473001402,http://id.who.int/icd/release/11/mms/473001402,6C4C.2,,"- - - - MDMA or related drug dependence, including MDA",category,2.0,False,06,,False,True,BlockL1-6C4,BlockL2-6C4,,,,,http://id.who.int/icd/entity/1218193465,
http://id.who.int/icd/entity/599461536,http://id.who.int/icd/release/11/mms/599461536,6C4C.20,,"- - - - - MDMA or related drug dependence, including MDA, current use",category,3.0,False,06,,True,True,BlockL1-6C4,BlockL2-6C4,,,,,http://id.who.int/icd/entity/473001402,
http://id.who.int/icd/entity/203295904,http://id.who.int/icd/release/11/mms/203295904,6C4C.21,,"- - - - - MDMA or related drug dependence, including MDA, early full remission",category,3.0,False,06,,True,True,BlockL1-6C4,BlockL2-6C4,,,,,http://id.who.int/icd/entity/473001402,
http://id.who.int/icd/entity/213499118,http://id.who.int/icd/release/11/mms/213499118,6C4C.22,,"- - - - - MDMA or related drug dependence, including MDA, sustained partial remission",category,3.0,False,06,,True,True,BlockL1-6C4,BlockL2-6C4,,,,,http://id.who.int/icd/entity/473001402,
http://id.who.int/icd/entity/1774027011,http://id.who.int/icd/release/11/mms/1774027011,6C4C.23,,"- - - - - MDMA or related drug dependence, including MDA, sustained full remission",category,3.0,False,06,,True,True,BlockL1-6C4,BlockL2-6C4,,,,,http://id.who.int/icd/entity/473001402,
,http://id.who.int/icd/release/11/mms/473001402/unspecified,6C4C.2Z,,"- - - - - MDMA or related drug dependence, including MDA, unspecified",category,3.0,True,06,,True,True,BlockL1-6C4,BlockL2-6C4,,,,,http://id.who.int/icd/entity/473001402,
http://id.who.int/icd/entity/1574982062,http://id.who.int/icd/release/11/mms/1574982062,6C4C.3,,"- - - - MDMA or related drug intoxication, including MDA",category,2.0,False,06,,True,True,BlockL1-6C4,BlockL2-6C4,,,,,http://id.who.int/icd/entity/1218193465,
http://id.who.int/icd/entity/1791864244,http://id.who.int/icd/release/11/mms/1791864244,6C4C.4,,"- - - - MDMA or related drug withdrawal, including MDA",category,2.0,False,06,,True,True,BlockL1-6C4,BlockL2-6C4,,,,,http://id.who.int/icd/entity/1218193465,
http://id.who.int/icd/entity/1828722493,http://id.who.int/icd/release/11/mms/1828722493,6C4C.5,,"- - - - MDMA or related drug-induced delirium, including MDA",category,2.0,False,06,,True,True,BlockL1-6C4,BlockL2-6C4,,,,,http://id.who.int/icd/entity/1218193465,
http://id.who.int/icd/entity/1589999330,http://id.who.int/icd/release/11/mms/1589999330,6C4C.6,,"- - - - MDMA or related drug-induced psychotic disorder, including MDA",category,2.0,False,06,,True,True,BlockL1-6C4,BlockL2-6C4,,,,,http://id.who.int/icd/entity/1218193465,
http://id.who.int/icd/entity/1157653052,http://id.who.int/icd/release/11/mms/1157653052,6C4C.7,,"- - - - Certain specified MDMA or related drug-induced mental or behavioural disorders, including MDA",category,2.0,False,06,,False,True,BlockL1-6C4,BlockL2-6C4,,,,,http://id.who.int/icd/entity/1218193465,
http://id.who.int/icd/entity/268614690,http://id.who.int/icd/release/11/mms/268614690,6C4C.70,,"- - - - - MDMA or related drug-induced mood disorder, including MDA",category,3.0,False,06,,True,True,BlockL1-6C4,BlockL2-6C4,,,,,http://id.who.int/icd/entity/1157653052,
http://id.who.int/icd/entity/325981339,http://id.who.int/icd/release/11/mms/325981339,6C4C.71,,- - - - - MDMA or related drug-induced anxiety disorder,category,3.0,False,06,,True,True,BlockL1-6C4,BlockL2-6C4,,,,,http://id.who.int/icd/entity/1157653052,
,http://id.who.int/icd/release/11/mms/1218193465/other,6C4C.Y,,"- - - - Other specified disorders due to use of methylene-dioxymethamphetamine [MDMA] or related drugs, including methylene-dioxyamphetamine [MDA]",category,2.0,True,06,,True,True,BlockL1-6C4,BlockL2-6C4,,,,,http://id.who.int/icd/entity/1218193465,
,http://id.who.int/icd/release/11/mms/1218193465/unspecified,6C4C.Z,,"- - - - Disorders due to use of methylene-dioxymethamphetamine [MDMA] or related drugs, including methylene-dioxyamphetamine [MDA], unspecified",category,2.0,True,06,,True,True,BlockL1-6C4,BlockL2-6C4,,,,,http://id.who.int/icd/entity/1218193465,
http://id.who.int/icd/entity/470484338,http://id.who.int/icd/release/11/mms/470484338,6C4D,,- - - Disorders due to use of dissociative drugs including ketamine or phencyclidine (PCP),category,1.0,False,06,,False,True,BlockL1-6C4,BlockL2-6C4,,,,,http://id.who.int/icd/entity/590211325,
http://id.who.int/icd/entity/706633269,http://id.who.int/icd/release/11/mms/706633269,6C4D.0,,- - - - Episode of harmful use of dissociative drugs including ketamine or PCP,category,2.0,False,06,,True,True,BlockL1-6C4,BlockL2-6C4,,,,,http://id.who.int/icd/entity/470484338,
http://id.who.int/icd/entity/1418561556,http://id.who.int/icd/release/11/mms/1418561556,6C4D.1,,"- - - - Harmful pattern of use of dissociative drugs, including ketamine or PCP",category,2.0,False,06,,False,True,BlockL1-6C4,BlockL2-6C4,,,,,http://id.who.int/icd/entity/470484338,
http://id.who.int/icd/entity/2059548662,http://id.who.int/icd/release/11/mms/2059548662,6C4D.10,,"- - - - - Harmful pattern of use of dissociative drugs including ketamine or PCP, episodic",category,3.0,False,06,,True,True,BlockL1-6C4,BlockL2-6C4,,,,,http://id.who.int/icd/entity/1418561556,
http://id.who.int/icd/entity/100209899,http://id.who.int/icd/release/11/mms/100209899,6C4D.11,,"- - - - - Harmful pattern of use of dissociative drugs including ketamine or PCP, continuous",category,3.0,False,06,,True,True,BlockL1-6C4,BlockL2-6C4,,,,,http://id.who.int/icd/entity/1418561556,
,http://id.who.int/icd/release/11/mms/1418561556/unspecified,6C4D.1Z,,"- - - - - Harmful pattern of use of dissociative drugs, including ketamine or PCP, unspecified",category,3.0,True,06,,True,True,BlockL1-6C4,BlockL2-6C4,,,,,http://id.who.int/icd/entity/1418561556,
http://id.who.int/icd/entity/1177354811,http://id.who.int/icd/release/11/mms/1177354811,6C4D.2,,- - - - Dissociative drug dependence including ketamine or PCP,category,2.0,False,06,,False,True,BlockL1-6C4,BlockL2-6C4,,,,,http://id.who.int/icd/entity/470484338,
http://id.who.int/icd/entity/916072624,http://id.who.int/icd/release/11/mms/916072624,6C4D.20,,"- - - - - Dissociative drug dependence including Ketamine or PCP, current use",category,3.0,False,06,,True,True,BlockL1-6C4,BlockL2-6C4,,,,,http://id.who.int/icd/entity/1177354811,
http://id.who.int/icd/entity/101610314,http://id.who.int/icd/release/11/mms/101610314,6C4D.21,,"- - - - - Dissociative drug dependence including ketamine or PCP, early full remission",category,3.0,False,06,,True,True,BlockL1-6C4,BlockL2-6C4,,,,,http://id.who.int/icd/entity/1177354811,
http://id.who.int/icd/entity/2036226651,http://id.who.int/icd/release/11/mms/2036226651,6C4D.22,,"- - - - - Dissociative drug dependence including Ketamine or PCP, sustained partial remission",category,3.0,False,06,,True,True,BlockL1-6C4,BlockL2-6C4,,,,,http://id.who.int/icd/entity/1177354811,
http://id.who.int/icd/entity/380625140,http://id.who.int/icd/release/11/mms/380625140,6C4D.23,,"- - - - - Dissociative drug dependence including Ketamine or PCP, sustained full remission",category,3.0,False,06,,True,True,BlockL1-6C4,BlockL2-6C4,,,,,http://id.who.int/icd/entity/1177354811,
,http://id.who.int/icd/release/11/mms/1177354811/unspecified,6C4D.2Z,,"- - - - - Dissociative drug dependence including ketamine or PCP, unspecified",category,3.0,True,06,,True,True,BlockL1-6C4,BlockL2-6C4,,,,,http://id.who.int/icd/entity/1177354811,
http://id.who.int/icd/entity/1192105868,http://id.who.int/icd/release/11/mms/1192105868,6C4D.3,,- - - - Dissociative drug intoxication including Ketamine or PCP,category,2.0,False,06,,True,True,BlockL1-6C4,BlockL2-6C4,,,,,http://id.who.int/icd/entity/470484338,
http://id.who.int/icd/entity/216587818,http://id.who.int/icd/release/11/mms/216587818,6C4D.4,,- - - - Dissociative drug-induced delirium including ketamine or PCP,category,2.0,False,06,,True,True,BlockL1-6C4,BlockL2-6C4,,,,,http://id.who.int/icd/entity/470484338,
http://id.who.int/icd/entity/666288373,http://id.who.int/icd/release/11/mms/666288373,6C4D.5,,- - - - Dissociative drug-induced psychotic disorder including ketamine or PCP,category,2.0,False,06,,True,True,BlockL1-6C4,BlockL2-6C4,,,,,http://id.who.int/icd/entity/470484338,
http://id.who.int/icd/entity/1379043297,http://id.who.int/icd/release/11/mms/1379043297,6C4D.6,,"- - - - Certain specified dissociative drug-induced mental or behavioural disorders, including ketamine or phencyclidine (PCP)",category,2.0,False,06,,False,True,BlockL1-6C4,BlockL2-6C4,,,,,http://id.who.int/icd/entity/470484338,
http://id.who.int/icd/entity/1866047295,http://id.who.int/icd/release/11/mms/1866047295,6C4D.60,,- - - - - Dissociative drug-induced mood disorder including ketamine or phencyclidine (PCP),category,3.0,False,06,,True,True,BlockL1-6C4,BlockL2-6C4,,,,,http://id.who.int/icd/entity/1379043297,
http://id.who.int/icd/entity/1552098464,http://id.who.int/icd/release/11/mms/1552098464,6C4D.61,,- - - - - Dissociative drug-induced anxiety disorder including ketamine or PCP,category,3.0,False,06,,True,True,BlockL1-6C4,BlockL2-6C4,,,,,http://id.who.int/icd/entity/1379043297,
,http://id.who.int/icd/release/11/mms/470484338/other,6C4D.Y,,- - - - Other specified disorders due to use of dissociative drugs including ketamine or phencyclidine (PCP),category,2.0,True,06,,True,True,BlockL1-6C4,BlockL2-6C4,,,,,http://id.who.int/icd/entity/470484338,
,http://id.who.int/icd/release/11/mms/470484338/unspecified,6C4D.Z,,"- - - - Disorders due to use of dissociative drugs including ketamine or phencyclidine (PCP), unspecified",category,2.0,True,06,,True,True,BlockL1-6C4,BlockL2-6C4,,,,,http://id.who.int/icd/entity/470484338,
http://id.who.int/icd/entity/136511187,http://id.who.int/icd/release/11/mms/136511187,6C4E,,"- - - Disorders due to use of other specified psychoactive substances, including medications",category,1.0,False,06,,False,True,BlockL1-6C4,BlockL2-6C4,,,,,http://id.who.int/icd/entity/590211325,
http://id.who.int/icd/entity/1835736371,http://id.who.int/icd/release/11/mms/1835736371,6C4E.0,,- - - - Episode of harmful use of other specified psychoactive substance,category,2.0,False,06,,True,True,BlockL1-6C4,BlockL2-6C4,,,,,http://id.who.int/icd/entity/136511187,
http://id.who.int/icd/entity/754209924,http://id.who.int/icd/release/11/mms/754209924,6C4E.1,,- - - - Harmful pattern of use of other specified psychoactive substance,category,2.0,False,06,,False,True,BlockL1-6C4,BlockL2-6C4,,,,,http://id.who.int/icd/entity/136511187,
http://id.who.int/icd/entity/1215969203,http://id.who.int/icd/release/11/mms/1215969203,6C4E.10,,"- - - - - Harmful pattern of use of other specified psychoactive substance, episodic",category,3.0,False,06,,True,True,BlockL1-6C4,BlockL2-6C4,,,,,http://id.who.int/icd/entity/754209924,
http://id.who.int/icd/entity/311183726,http://id.who.int/icd/release/11/mms/311183726,6C4E.11,,"- - - - - Harmful pattern of use of other specified psychoactive substance, continuous",category,3.0,False,06,,True,True,BlockL1-6C4,BlockL2-6C4,,,,,http://id.who.int/icd/entity/754209924,
,http://id.who.int/icd/release/11/mms/754209924/unspecified,6C4E.1Z,,"- - - - - Harmful pattern of use of other specified psychoactive substance, unspecified",category,3.0,True,06,,True,True,BlockL1-6C4,BlockL2-6C4,,,,,http://id.who.int/icd/entity/754209924,
http://id.who.int/icd/entity/1934475925,http://id.who.int/icd/release/11/mms/1934475925,6C4E.2,,- - - - Other specified psychoactive substance dependence,category,2.0,False,06,,False,True,BlockL1-6C4,BlockL2-6C4,,,,,http://id.who.int/icd/entity/136511187,
http://id.who.int/icd/entity/392011264,http://id.who.int/icd/release/11/mms/392011264,6C4E.20,,"- - - - - Other specified psychoactive substance dependence, current use",category,3.0,False,06,,True,True,BlockL1-6C4,BlockL2-6C4,,,,,http://id.who.int/icd/entity/1934475925,
http://id.who.int/icd/entity/678448488,http://id.who.int/icd/release/11/mms/678448488,6C4E.21,,"- - - - - Other specified psychoactive substance dependence, early full remission",category,3.0,False,06,,True,True,BlockL1-6C4,BlockL2-6C4,,,,,http://id.who.int/icd/entity/1934475925,
http://id.who.int/icd/entity/1486482667,http://id.who.int/icd/release/11/mms/1486482667,6C4E.22,,"- - - - - Other specified psychoactive substance dependence, sustained partial remission",category,3.0,False,06,,True,True,BlockL1-6C4,BlockL2-6C4,,,,,http://id.who.int/icd/entity/1934475925,
http://id.who.int/icd/entity/929584708,http://id.who.int/icd/release/11/mms/929584708,6C4E.23,,"- - - - - Other specified psychoactive substance dependence, sustained full remission",category,3.0,False,06,,True,True,BlockL1-6C4,BlockL2-6C4,,,,,http://id.who.int/icd/entity/1934475925,
,http://id.who.int/icd/release/11/mms/1934475925/unspecified,6C4E.2Z,,"- - - - - Other specified psychoactive substance dependence, unspecified",category,3.0,True,06,,True,True,BlockL1-6C4,BlockL2-6C4,,,,,http://id.who.int/icd/entity/1934475925,
http://id.who.int/icd/entity/327038878,http://id.who.int/icd/release/11/mms/327038878,6C4E.3,,- - - - Other specified psychoactive substance intoxication,category,2.0,False,06,,True,True,BlockL1-6C4,BlockL2-6C4,,,,,http://id.who.int/icd/entity/136511187,
http://id.who.int/icd/entity/2022008391,http://id.who.int/icd/release/11/mms/2022008391,6C4E.4,,- - - - Other specified psychoactive substance withdrawal,category,2.0,False,06,,False,True,BlockL1-6C4,BlockL2-6C4,,,,,http://id.who.int/icd/entity/136511187,
http://id.who.int/icd/entity/2084106361,http://id.who.int/icd/release/11/mms/2084106361,6C4E.40,,"- - - - - Other specified psychoactive substance withdrawal, uncomplicated",category,3.0,False,06,,True,True,BlockL1-6C4,BlockL2-6C4,,,,,http://id.who.int/icd/entity/2022008391,
http://id.who.int/icd/entity/221504052,http://id.who.int/icd/release/11/mms/221504052,6C4E.41,,"- - - - - Other specified psychoactive substance withdrawal, with perceptual disturbances",category,3.0,False,06,,True,True,BlockL1-6C4,BlockL2-6C4,,,,,http://id.who.int/icd/entity/2022008391,
http://id.who.int/icd/entity/949196336,http://id.who.int/icd/release/11/mms/949196336,6C4E.42,,"- - - - - Other specified psychoactive substance withdrawal, with seizures",category,3.0,False,06,,True,True,BlockL1-6C4,BlockL2-6C4,,,,,http://id.who.int/icd/entity/2022008391,
http://id.who.int/icd/entity/707980387,http://id.who.int/icd/release/11/mms/707980387,6C4E.43,,"- - - - - Other specified psychoactive substance withdrawal, with perceptual disturbances and seizures",category,3.0,False,06,,True,True,BlockL1-6C4,BlockL2-6C4,,,,,http://id.who.int/icd/entity/2022008391,
,http://id.who.int/icd/release/11/mms/2022008391/unspecified,6C4E.4Z,,"- - - - - Other specified psychoactive substance withdrawal, unspecified",category,3.0,True,06,,True,True,BlockL1-6C4,BlockL2-6C4,,,,,http://id.who.int/icd/entity/2022008391,
http://id.who.int/icd/entity/563360873,http://id.who.int/icd/release/11/mms/563360873,6C4E.5,,- - - - Delirium induced by other specified psychoactive substance including medications,category,2.0,False,06,,True,True,BlockL1-6C4,BlockL2-6C4,,,,,http://id.who.int/icd/entity/136511187,
http://id.who.int/icd/entity/1044767723,http://id.who.int/icd/release/11/mms/1044767723,6C4E.6,,- - - - Psychotic disorder induced by other specified psychoactive substance,category,2.0,False,06,,True,True,BlockL1-6C4,BlockL2-6C4,,,,,http://id.who.int/icd/entity/136511187,
http://id.who.int/icd/entity/487787932,http://id.who.int/icd/release/11/mms/487787932,6C4E.7,,- - - - Certain other specified psychoactive substance-induced mental or behavioural disorders,category,2.0,False,06,,False,True,BlockL1-6C4,BlockL2-6C4,,,,,http://id.who.int/icd/entity/136511187,
http://id.who.int/icd/entity/1906889712,http://id.who.int/icd/release/11/mms/1906889712,6C4E.70,,- - - - - Mood disorder induced by other specified psychoactive substance,category,3.0,False,06,,True,True,BlockL1-6C4,BlockL2-6C4,,,,,http://id.who.int/icd/entity/487787932,
http://id.who.int/icd/entity/509176135,http://id.who.int/icd/release/11/mms/509176135,6C4E.71,,- - - - - Anxiety disorder induced by other specified psychoactive substance,category,3.0,False,06,,True,True,BlockL1-6C4,BlockL2-6C4,,,,,http://id.who.int/icd/entity/487787932,
http://id.who.int/icd/entity/69097373,http://id.who.int/icd/release/11/mms/69097373,6C4E.72,,- - - - - Obsessive-compulsive or related disorder induced by other specified psychoactive substance,category,3.0,False,06,,True,True,BlockL1-6C4,BlockL2-6C4,,,,,http://id.who.int/icd/entity/487787932,
http://id.who.int/icd/entity/657890038,http://id.who.int/icd/release/11/mms/657890038,6C4E.73,,- - - - - Impulse control disorder induced by other specified psychoactive substance,category,3.0,False,06,,True,True,BlockL1-6C4,BlockL2-6C4,,,,,http://id.who.int/icd/entity/487787932,
,http://id.who.int/icd/release/11/mms/136511187/other,6C4E.Y,,"- - - - Other specified disorders due to use of other specified psychoactive substances, including medications",category,2.0,True,06,,True,True,BlockL1-6C4,BlockL2-6C4,,,,,http://id.who.int/icd/entity/136511187,
,http://id.who.int/icd/release/11/mms/136511187/unspecified,6C4E.Z,,"- - - - Disorders due to use of other specified psychoactive substances, including medications, unspecified",category,2.0,True,06,,True,True,BlockL1-6C4,BlockL2-6C4,,,,,http://id.who.int/icd/entity/136511187,
http://id.who.int/icd/entity/601226803,http://id.who.int/icd/release/11/mms/601226803,6C4F,,"- - - Disorders due to use of multiple specified psychoactive substances, including medications",category,1.0,False,06,,False,True,BlockL1-6C4,BlockL2-6C4,,,,,http://id.who.int/icd/entity/590211325,
http://id.who.int/icd/entity/1729466996,http://id.who.int/icd/release/11/mms/1729466996,6C4F.0,,- - - - Episode of harmful use of multiple specified psychoactive substances,category,2.0,False,06,,True,True,BlockL1-6C4,BlockL2-6C4,,,,,http://id.who.int/icd/entity/601226803,
http://id.who.int/icd/entity/1719901309,http://id.who.int/icd/release/11/mms/1719901309,6C4F.1,,- - - - Harmful pattern of use of multiple specified psychoactive substances,category,2.0,False,06,,False,True,BlockL1-6C4,BlockL2-6C4,,,,,http://id.who.int/icd/entity/601226803,
http://id.who.int/icd/entity/1025518626,http://id.who.int/icd/release/11/mms/1025518626,6C4F.10,,"- - - - - Harmful pattern of use of multiple specified psychoactive substances, episodic",category,3.0,False,06,,True,True,BlockL1-6C4,BlockL2-6C4,,,,,http://id.who.int/icd/entity/1719901309,
http://id.who.int/icd/entity/319592412,http://id.who.int/icd/release/11/mms/319592412,6C4F.11,,"- - - - - Harmful pattern of use of multiple specified psychoactive substances, continuous",category,3.0,False,06,,True,True,BlockL1-6C4,BlockL2-6C4,,,,,http://id.who.int/icd/entity/1719901309,
,http://id.who.int/icd/release/11/mms/1719901309/unspecified,6C4F.1Z,,"- - - - - Harmful pattern of use of multiple specified psychoactive substances, unspecified",category,3.0,True,06,,True,True,BlockL1-6C4,BlockL2-6C4,,,,,http://id.who.int/icd/entity/1719901309,
http://id.who.int/icd/entity/853273682,http://id.who.int/icd/release/11/mms/853273682,6C4F.2,,- - - - Multiple specified psychoactive substances dependence,category,2.0,False,06,,False,True,BlockL1-6C4,BlockL2-6C4,,,,,http://id.who.int/icd/entity/601226803,
http://id.who.int/icd/entity/2109222603,http://id.who.int/icd/release/11/mms/2109222603,6C4F.20,,"- - - - - Multiple specified psychoactive substances dependence, current use",category,3.0,False,06,,True,True,BlockL1-6C4,BlockL2-6C4,,,,,http://id.who.int/icd/entity/853273682,
http://id.who.int/icd/entity/487973986,http://id.who.int/icd/release/11/mms/487973986,6C4F.21,,"- - - - - Multiple specified psychoactive substances dependence, early full remission",category,3.0,False,06,,True,True,BlockL1-6C4,BlockL2-6C4,,,,,http://id.who.int/icd/entity/853273682,
http://id.who.int/icd/entity/2113562155,http://id.who.int/icd/release/11/mms/2113562155,6C4F.22,,"- - - - - Multiple specified psychoactive substances dependence, sustained partial remission",category,3.0,False,06,,True,True,BlockL1-6C4,BlockL2-6C4,,,,,http://id.who.int/icd/entity/853273682,
http://id.who.int/icd/entity/1622774364,http://id.who.int/icd/release/11/mms/1622774364,6C4F.23,,"- - - - - Multiple specified psychoactive substances dependence, sustained full remission",category,3.0,False,06,,True,True,BlockL1-6C4,BlockL2-6C4,,,,,http://id.who.int/icd/entity/853273682,
,http://id.who.int/icd/release/11/mms/853273682/unspecified,6C4F.2Z,,"- - - - - Multiple specified psychoactive substances dependence, unspecified",category,3.0,True,06,,True,True,BlockL1-6C4,BlockL2-6C4,,,,,http://id.who.int/icd/entity/853273682,
http://id.who.int/icd/entity/1121505208,http://id.who.int/icd/release/11/mms/1121505208,6C4F.3,,- - - - Intoxication due to multiple specified psychoactive substances,category,2.0,False,06,,True,True,BlockL1-6C4,BlockL2-6C4,,,,,http://id.who.int/icd/entity/601226803,
http://id.who.int/icd/entity/1583329300,http://id.who.int/icd/release/11/mms/1583329300,6C4F.4,,- - - - Multiple specified psychoactive substances withdrawal,category,2.0,False,06,,False,True,BlockL1-6C4,BlockL2-6C4,,,,,http://id.who.int/icd/entity/601226803,
http://id.who.int/icd/entity/1051734617,http://id.who.int/icd/release/11/mms/1051734617,6C4F.40,,"- - - - - Multiple specified psychoactive substances withdrawal, uncomplicated",category,3.0,False,06,,True,True,BlockL1-6C4,BlockL2-6C4,,,,,http://id.who.int/icd/entity/1583329300,
http://id.who.int/icd/entity/1856037350,http://id.who.int/icd/release/11/mms/1856037350,6C4F.41,,"- - - - - Multiple specified psychoactive substances withdrawal, with perceptual disturbances",category,3.0,False,06,,True,True,BlockL1-6C4,BlockL2-6C4,,,,,http://id.who.int/icd/entity/1583329300,
http://id.who.int/icd/entity/293485161,http://id.who.int/icd/release/11/mms/293485161,6C4F.42,,"- - - - - Multiple specified psychoactive substances withdrawal, with seizures",category,3.0,False,06,,True,True,BlockL1-6C4,BlockL2-6C4,,,,,http://id.who.int/icd/entity/1583329300,
http://id.who.int/icd/entity/1328927370,http://id.who.int/icd/release/11/mms/1328927370,6C4F.43,,"- - - - - Multiple specified psychoactive substances withdrawal, with perceptual disturbances and seizures",category,3.0,False,06,,True,True,BlockL1-6C4,BlockL2-6C4,,,,,http://id.who.int/icd/entity/1583329300,
,http://id.who.int/icd/release/11/mms/1583329300/other,6C4F.4Y,,- - - - - Other specified multiple specified psychoactive substances withdrawal,category,3.0,True,06,,True,True,BlockL1-6C4,BlockL2-6C4,,,,,http://id.who.int/icd/entity/1583329300,
,http://id.who.int/icd/release/11/mms/1583329300/unspecified,6C4F.4Z,,"- - - - - Multiple specified psychoactive substances withdrawal, unspecified",category,3.0,True,06,,True,True,BlockL1-6C4,BlockL2-6C4,,,,,http://id.who.int/icd/entity/1583329300,
http://id.who.int/icd/entity/768380303,http://id.who.int/icd/release/11/mms/768380303,6C4F.5,,- - - - Delirium induced by multiple specified psychoactive substances including medications,category,2.0,False,06,,True,True,BlockL1-6C4,BlockL2-6C4,,,,,http://id.who.int/icd/entity/601226803,
http://id.who.int/icd/entity/1183869990,http://id.who.int/icd/release/11/mms/1183869990,6C4F.6,,- - - - Psychotic disorder induced by multiple specified psychoactive substances,category,2.0,False,06,,True,True,BlockL1-6C4,BlockL2-6C4,,,,,http://id.who.int/icd/entity/601226803,
http://id.who.int/icd/entity/538219245,http://id.who.int/icd/release/11/mms/538219245,6C4F.7,,- - - - Certain multiple specified psychoactive substances-induced mental or behavioural disorders,category,2.0,False,06,,False,True,BlockL1-6C4,BlockL2-6C4,,,,,http://id.who.int/icd/entity/601226803,
http://id.who.int/icd/entity/1733810838,http://id.who.int/icd/release/11/mms/1733810838,6C4F.70,,- - - - - Mood disorder induced by multiple specified psychoactive substances,category,3.0,False,06,,True,True,BlockL1-6C4,BlockL2-6C4,,,,,http://id.who.int/icd/entity/538219245,
http://id.who.int/icd/entity/1198710764,http://id.who.int/icd/release/11/mms/1198710764,6C4F.71,,- - - - - Anxiety disorder induced by multiple specified psychoactive substances,category,3.0,False,06,,True,True,BlockL1-6C4,BlockL2-6C4,,,,,http://id.who.int/icd/entity/538219245,
http://id.who.int/icd/entity/2039807396,http://id.who.int/icd/release/11/mms/2039807396,6C4F.72,,- - - - - Obsessive-compulsive or related disorder induced by multiple specified psychoactive substances,category,3.0,False,06,,True,True,BlockL1-6C4,BlockL2-6C4,,,,,http://id.who.int/icd/entity/538219245,
http://id.who.int/icd/entity/856664761,http://id.who.int/icd/release/11/mms/856664761,6C4F.73,,- - - - - Impulse control disorder induced by multiple specified psychoactive substances,category,3.0,False,06,,True,True,BlockL1-6C4,BlockL2-6C4,,,,,http://id.who.int/icd/entity/538219245,
,http://id.who.int/icd/release/11/mms/601226803/other,6C4F.Y,,"- - - - Other specified disorders due to use of multiple specified psychoactive substances, including medications",category,2.0,True,06,,True,True,BlockL1-6C4,BlockL2-6C4,,,,,http://id.who.int/icd/entity/601226803,
,http://id.who.int/icd/release/11/mms/601226803/unspecified,6C4F.Z,,"- - - - Disorders due to use of multiple specified psychoactive substances, including medications, unspecified",category,2.0,True,06,,True,True,BlockL1-6C4,BlockL2-6C4,,,,,http://id.who.int/icd/entity/601226803,
http://id.who.int/icd/entity/1414319298,http://id.who.int/icd/release/11/mms/1414319298,6C4G,,- - - Disorders due to use of unknown or unspecified psychoactive substances,category,1.0,False,06,,False,True,BlockL1-6C4,BlockL2-6C4,,,,,http://id.who.int/icd/entity/590211325,
http://id.who.int/icd/entity/272358857,http://id.who.int/icd/release/11/mms/272358857,6C4G.0,,- - - - Episode of harmful use of unknown or unspecified psychoactive substances,category,2.0,False,06,,True,True,BlockL1-6C4,BlockL2-6C4,,,,,http://id.who.int/icd/entity/1414319298,
http://id.who.int/icd/entity/341458101,http://id.who.int/icd/release/11/mms/341458101,6C4G.1,,- - - - Harmful pattern of use of unknown or unspecified psychoactive substance,category,2.0,False,06,,False,True,BlockL1-6C4,BlockL2-6C4,,,,,http://id.who.int/icd/entity/1414319298,
http://id.who.int/icd/entity/74269862,http://id.who.int/icd/release/11/mms/74269862,6C4G.10,,"- - - - - Harmful pattern of use of unknown or unspecified psychoactive substance, episodic",category,3.0,False,06,,True,True,BlockL1-6C4,BlockL2-6C4,,,,,http://id.who.int/icd/entity/341458101,
http://id.who.int/icd/entity/1349477728,http://id.who.int/icd/release/11/mms/1349477728,6C4G.11,,"- - - - - Harmful pattern of use of unknown or unspecified psychoactive substance, continuous",category,3.0,False,06,,True,True,BlockL1-6C4,BlockL2-6C4,,,,,http://id.who.int/icd/entity/341458101,
,http://id.who.int/icd/release/11/mms/341458101/unspecified,6C4G.1Z,,"- - - - - Harmful pattern of use of unknown or unspecified psychoactive substance, unspecified",category,3.0,True,06,,True,True,BlockL1-6C4,BlockL2-6C4,,,,,http://id.who.int/icd/entity/341458101,
http://id.who.int/icd/entity/2143971168,http://id.who.int/icd/release/11/mms/2143971168,6C4G.2,,- - - - Unknown or unspecified psychoactive substance dependence,category,2.0,False,06,,False,True,BlockL1-6C4,BlockL2-6C4,,,,,http://id.who.int/icd/entity/1414319298,
http://id.who.int/icd/entity/2026388610,http://id.who.int/icd/release/11/mms/2026388610,6C4G.20,,"- - - - - Unknown or unspecified psychoactive substance dependence, current use",category,3.0,False,06,,True,True,BlockL1-6C4,BlockL2-6C4,,,,,http://id.who.int/icd/entity/2143971168,
http://id.who.int/icd/entity/1490335276,http://id.who.int/icd/release/11/mms/1490335276,6C4G.21,,"- - - - - Unknown or unspecified psychoactive substance dependence, early full remission",category,3.0,False,06,,True,True,BlockL1-6C4,BlockL2-6C4,,,,,http://id.who.int/icd/entity/2143971168,
http://id.who.int/icd/entity/1981674818,http://id.who.int/icd/release/11/mms/1981674818,6C4G.22,,"- - - - - Unknown or unspecified psychoactive substance dependence, sustained partial remission",category,3.0,False,06,,True,True,BlockL1-6C4,BlockL2-6C4,,,,,http://id.who.int/icd/entity/2143971168,
http://id.who.int/icd/entity/1749085654,http://id.who.int/icd/release/11/mms/1749085654,6C4G.23,,"- - - - - Unknown or unspecified psychoactive substance dependence, sustained full remission",category,3.0,False,06,,True,True,BlockL1-6C4,BlockL2-6C4,,,,,http://id.who.int/icd/entity/2143971168,
,http://id.who.int/icd/release/11/mms/2143971168/unspecified,6C4G.2Z,,"- - - - - Unknown or unspecified psychoactive substance dependence, substance and state of remission unspecified",category,3.0,True,06,,True,True,BlockL1-6C4,BlockL2-6C4,,,,,http://id.who.int/icd/entity/2143971168,
http://id.who.int/icd/entity/1870346724,http://id.who.int/icd/release/11/mms/1870346724,6C4G.3,,- - - - Intoxication due to unknown or unspecified psychoactive substance,category,2.0,False,06,,True,True,BlockL1-6C4,BlockL2-6C4,,,,,http://id.who.int/icd/entity/1414319298,
http://id.who.int/icd/entity/219731531,http://id.who.int/icd/release/11/mms/219731531,6C4G.4,,- - - - Withdrawal due to unknown or unspecified psychoactive substance,category,2.0,False,06,,False,True,BlockL1-6C4,BlockL2-6C4,,,,,http://id.who.int/icd/entity/1414319298,
http://id.who.int/icd/entity/1826184626,http://id.who.int/icd/release/11/mms/1826184626,6C4G.40,,"- - - - - Withdrawal due to unknown or unspecified psychoactive substance, uncomplicated",category,3.0,False,06,,True,True,BlockL1-6C4,BlockL2-6C4,,,,,http://id.who.int/icd/entity/219731531,
http://id.who.int/icd/entity/2024690232,http://id.who.int/icd/release/11/mms/2024690232,6C4G.41,,"- - - - - Withdrawal due to unknown or unspecified psychoactive substance, with perceptual disturbances",category,3.0,False,06,,True,True,BlockL1-6C4,BlockL2-6C4,,,,,http://id.who.int/icd/entity/219731531,
http://id.who.int/icd/entity/927162941,http://id.who.int/icd/release/11/mms/927162941,6C4G.42,,"- - - - - Withdrawal due to unknown or unspecified psychoactive substance, with seizures",category,3.0,False,06,,True,True,BlockL1-6C4,BlockL2-6C4,,,,,http://id.who.int/icd/entity/219731531,
http://id.who.int/icd/entity/1488115862,http://id.who.int/icd/release/11/mms/1488115862,6C4G.43,,"- - - - - Withdrawal due to unknown or unspecified psychoactive, with perceptual disturbances and seizures",category,3.0,False,06,,True,True,BlockL1-6C4,BlockL2-6C4,,,,,http://id.who.int/icd/entity/219731531,
,http://id.who.int/icd/release/11/mms/219731531/unspecified,6C4G.4Z,,"- - - - - Withdrawal due to unknown or unspecified psychoactive substance, unspecified",category,3.0,True,06,,True,True,BlockL1-6C4,BlockL2-6C4,,,,,http://id.who.int/icd/entity/219731531,
http://id.who.int/icd/entity/131545543,http://id.who.int/icd/release/11/mms/131545543,6C4G.5,,- - - - Delirium induced by unknown or unspecified psychoactive substance,category,2.0,False,06,,True,True,BlockL1-6C4,BlockL2-6C4,,,,,http://id.who.int/icd/entity/1414319298,
http://id.who.int/icd/entity/1155529213,http://id.who.int/icd/release/11/mms/1155529213,6C4G.6,,- - - - Psychotic disorder induced by unknown or unspecified psychoactive substance,category,2.0,False,06,,True,True,BlockL1-6C4,BlockL2-6C4,,,,,http://id.who.int/icd/entity/1414319298,
http://id.who.int/icd/entity/595694101,http://id.who.int/icd/release/11/mms/595694101,6C4G.7,,- - - - Certain unknown or unspecified psychoactive substance-induced mental or behavioural disorders,category,2.0,False,06,,False,True,BlockL1-6C4,BlockL2-6C4,,,,,http://id.who.int/icd/entity/1414319298,
http://id.who.int/icd/entity/1010613155,http://id.who.int/icd/release/11/mms/1010613155,6C4G.70,,- - - - - Mood disorder induced by unknown or unspecified psychoactive substance,category,3.0,False,06,,True,True,BlockL1-6C4,BlockL2-6C4,,,,,http://id.who.int/icd/entity/595694101,
http://id.who.int/icd/entity/62314683,http://id.who.int/icd/release/11/mms/62314683,6C4G.71,,- - - - - Anxiety disorder induced by unknown or unspecified psychoactive substance,category,3.0,False,06,,True,True,BlockL1-6C4,BlockL2-6C4,,,,,http://id.who.int/icd/entity/595694101,
http://id.who.int/icd/entity/118181509,http://id.who.int/icd/release/11/mms/118181509,6C4G.72,,- - - - - Obsessive-compulsive or related disorder induced by unknown or unspecified psychoactive substance,category,3.0,False,06,,True,True,BlockL1-6C4,BlockL2-6C4,,,,,http://id.who.int/icd/entity/595694101,
http://id.who.int/icd/entity/396542224,http://id.who.int/icd/release/11/mms/396542224,6C4G.73,,- - - - - Impulse control disorder induced by unknown or unspecified psychoactive substance,category,3.0,False,06,,True,True,BlockL1-6C4,BlockL2-6C4,,,,,http://id.who.int/icd/entity/595694101,
,http://id.who.int/icd/release/11/mms/1414319298/other,6C4G.Y,,- - - - Other specified disorders due to use of unknown or unspecified psychoactive substances,category,2.0,True,06,,True,True,BlockL1-6C4,BlockL2-6C4,,,,,http://id.who.int/icd/entity/1414319298,
,http://id.who.int/icd/release/11/mms/1414319298/unspecified,6C4G.Z,,"- - - - Disorders due to use of unknown or unspecified psychoactive substances, unspecified",category,2.0,True,06,,True,True,BlockL1-6C4,BlockL2-6C4,,,,,http://id.who.int/icd/entity/1414319298,
http://id.who.int/icd/entity/247116319,http://id.who.int/icd/release/11/mms/247116319,6C4H,,- - - Disorders due to use of non-psychoactive substances,category,1.0,False,06,,False,True,BlockL1-6C4,BlockL2-6C4,,,,,http://id.who.int/icd/entity/590211325,
http://id.who.int/icd/entity/1852395328,http://id.who.int/icd/release/11/mms/1852395328,6C4H.0,,- - - - Episode of harmful use of non-psychoactive substances,category,2.0,False,06,,True,True,BlockL1-6C4,BlockL2-6C4,,,,,http://id.who.int/icd/entity/247116319,
http://id.who.int/icd/entity/2055037621,http://id.who.int/icd/release/11/mms/2055037621,6C4H.1,,- - - - Harmful pattern of use of non-psychoactive substances,category,2.0,False,06,,False,True,BlockL1-6C4,BlockL2-6C4,,,,,http://id.who.int/icd/entity/247116319,
http://id.who.int/icd/entity/992393585,http://id.who.int/icd/release/11/mms/992393585,6C4H.10,,"- - - - - Harmful pattern of use of non-psychoactive substances, episodic",category,3.0,False,06,,True,True,BlockL1-6C4,BlockL2-6C4,,,,,http://id.who.int/icd/entity/2055037621,
http://id.who.int/icd/entity/1959496054,http://id.who.int/icd/release/11/mms/1959496054,6C4H.11,,"- - - - - Harmful pattern of use of non-psychoactive substances, continuous",category,3.0,False,06,,True,True,BlockL1-6C4,BlockL2-6C4,,,,,http://id.who.int/icd/entity/2055037621,
,http://id.who.int/icd/release/11/mms/2055037621/unspecified,6C4H.1Z,,"- - - - - Harmful pattern of use of non-psychoactive substances, unspecified",category,3.0,True,06,,True,True,BlockL1-6C4,BlockL2-6C4,,,,,http://id.who.int/icd/entity/2055037621,
,http://id.who.int/icd/release/11/mms/247116319/other,6C4H.Y,,- - - - Other specified disorders due to use of non-psychoactive substances,category,2.0,True,06,,True,True,BlockL1-6C4,BlockL2-6C4,,,,,http://id.who.int/icd/entity/247116319,
,http://id.who.int/icd/release/11/mms/247116319/unspecified,6C4H.Z,,"- - - - Disorders due to use of non-psychoactive substances, unspecified",category,2.0,True,06,,True,True,BlockL1-6C4,BlockL2-6C4,,,,,http://id.who.int/icd/entity/247116319,
,http://id.who.int/icd/release/11/mms/590211325/other,6C4Y,,- - - Other specified disorders due to substance use,category,1.0,True,06,,True,True,BlockL1-6C4,BlockL2-6C4,,,,,http://id.who.int/icd/entity/590211325,
,http://id.who.int/icd/release/11/mms/590211325/unspecified,6C4Z,,"- - - Disorders due to substance use, unspecified",category,1.0,True,06,,True,True,BlockL1-6C4,BlockL2-6C4,,,,,http://id.who.int/icd/entity/590211325,
http://id.who.int/icd/entity/499894965,http://id.who.int/icd/release/11/mms/499894965,,BlockL2-6C5,- - Disorders due to addictive behaviours,block,2.0,False,06,,False,,BlockL1-6C4,,,,,,http://id.who.int/icd/entity/1602669465,
http://id.who.int/icd/entity/1041487064,http://id.who.int/icd/release/11/mms/1041487064,6C50,,- - - Gambling disorder,category,1.0,False,06,,False,True,BlockL1-6C4,BlockL2-6C5,,,,,http://id.who.int/icd/entity/499894965,
http://id.who.int/icd/entity/960730313,http://id.who.int/icd/release/11/mms/960730313,6C50.0,,"- - - - Gambling disorder, predominantly offline",category,2.0,False,06,,True,True,BlockL1-6C4,BlockL2-6C5,,,,,http://id.who.int/icd/entity/1041487064,
http://id.who.int/icd/entity/1939508018,http://id.who.int/icd/release/11/mms/1939508018,6C50.1,,"- - - - Gambling disorder, predominantly online",category,2.0,False,06,,True,True,BlockL1-6C4,BlockL2-6C5,,,,,http://id.who.int/icd/entity/1041487064,
,http://id.who.int/icd/release/11/mms/1041487064/unspecified,6C50.Z,,"- - - - Gambling disorder, unspecified",category,2.0,True,06,,True,True,BlockL1-6C4,BlockL2-6C5,,,,,http://id.who.int/icd/entity/1041487064,
http://id.who.int/icd/entity/1448597234,http://id.who.int/icd/release/11/mms/1448597234,6C51,,- - - Gaming disorder,category,1.0,False,06,,False,True,BlockL1-6C4,BlockL2-6C5,,,,,http://id.who.int/icd/entity/499894965,
http://id.who.int/icd/entity/338347362,http://id.who.int/icd/release/11/mms/338347362,6C51.0,,"- - - - Gaming disorder, predominantly online",category,2.0,False,06,,True,True,BlockL1-6C4,BlockL2-6C5,,,,,http://id.who.int/icd/entity/1448597234,
http://id.who.int/icd/entity/718071594,http://id.who.int/icd/release/11/mms/718071594,6C51.1,,"- - - - Gaming disorder, predominantly offline",category,2.0,False,06,,True,True,BlockL1-6C4,BlockL2-6C5,,,,,http://id.who.int/icd/entity/1448597234,
,http://id.who.int/icd/release/11/mms/1448597234/unspecified,6C51.Z,,"- - - - Gaming disorder, unspecified",category,2.0,True,06,,True,True,BlockL1-6C4,BlockL2-6C5,,,,,http://id.who.int/icd/entity/1448597234,
,http://id.who.int/icd/release/11/mms/499894965/other,6C5Y,,- - - Other specified disorders due to addictive behaviours,category,1.0,True,06,,True,True,BlockL1-6C4,BlockL2-6C5,,,,,http://id.who.int/icd/entity/499894965,
,http://id.who.int/icd/release/11/mms/499894965/unspecified,6C5Z,,"- - - Disorders due to addictive behaviours, unspecified",category,1.0,True,06,,True,True,BlockL1-6C4,BlockL2-6C5,,,,,http://id.who.int/icd/entity/499894965,
http://id.who.int/icd/entity/826065555,http://id.who.int/icd/release/11/mms/826065555,,BlockL1-6C7,- Impulse control disorders,block,1.0,False,06,,False,,,,,,,,http://id.who.int/icd/entity/334423054,
http://id.who.int/icd/entity/1532500290,http://id.who.int/icd/release/11/mms/1532500290,6C70,,- - Pyromania,category,1.0,False,06,,True,True,BlockL1-6C7,,,,,,http://id.who.int/icd/entity/826065555,
http://id.who.int/icd/entity/804604349,http://id.who.int/icd/release/11/mms/804604349,6C71,,- - Kleptomania,category,1.0,False,06,,True,True,BlockL1-6C7,,,,,"If stealing occurs within the context of conduct-dissocial disorder or a manic episode, Kleptomania should not be diagnosed separately.",http://id.who.int/icd/entity/826065555,
http://id.who.int/icd/entity/1630268048,http://id.who.int/icd/release/11/mms/1630268048,6C72,,- - Compulsive sexual behaviour disorder,category,1.0,False,06,,True,True,BlockL1-6C7,,,,,,http://id.who.int/icd/entity/826065555,
http://id.who.int/icd/entity/295017661,http://id.who.int/icd/release/11/mms/295017661,6C73,,- - Intermittent explosive disorder,category,1.0,False,06,,True,True,BlockL1-6C7,,,,,,http://id.who.int/icd/entity/826065555,
,http://id.who.int/icd/release/11/mms/826065555/other,6C7Y,,- - Other specified impulse control disorders,category,1.0,True,06,,True,True,BlockL1-6C7,,,,,,http://id.who.int/icd/entity/826065555,
,http://id.who.int/icd/release/11/mms/826065555/unspecified,6C7Z,,"- - Impulse control disorders, unspecified",category,1.0,True,06,,True,True,BlockL1-6C7,,,,,,http://id.who.int/icd/entity/826065555,
http://id.who.int/icd/entity/310393530,http://id.who.int/icd/release/11/mms/310393530,,BlockL1-6C9,- Disruptive behaviour or dissocial disorders,block,1.0,False,06,,False,,,,,,,,http://id.who.int/icd/entity/334423054,
http://id.who.int/icd/entity/1487528823,http://id.who.int/icd/release/11/mms/1487528823,6C90,,- - Oppositional defiant disorder,category,1.0,False,06,,False,True,BlockL1-6C9,,,,,,http://id.who.int/icd/entity/310393530,
http://id.who.int/icd/entity/818792113,http://id.who.int/icd/release/11/mms/818792113,6C90.0,,- - - Oppositional defiant disorder with chronic irritability-anger,category,2.0,False,06,,False,True,BlockL1-6C9,,,,,,http://id.who.int/icd/entity/1487528823,
http://id.who.int/icd/entity/1545599508,http://id.who.int/icd/release/11/mms/1545599508,6C90.00,,- - - - Oppositional defiant disorder with chronic irritability-anger with limited prosocial emotions,category,3.0,False,06,,True,True,BlockL1-6C9,,,,,,http://id.who.int/icd/entity/818792113,
http://id.who.int/icd/entity/317107055,http://id.who.int/icd/release/11/mms/317107055,6C90.01,,- - - - Oppositional defiant disorder with chronic irritability-anger with typical prosocial emotions,category,3.0,False,06,,True,True,BlockL1-6C9,,,,,,http://id.who.int/icd/entity/818792113,
,http://id.who.int/icd/release/11/mms/818792113/unspecified,6C90.0Z,,"- - - - Oppositional defiant disorder with chronic irritability-anger, unspecified",category,3.0,True,06,,True,True,BlockL1-6C9,,,,,,http://id.who.int/icd/entity/818792113,
http://id.who.int/icd/entity/736540987,http://id.who.int/icd/release/11/mms/736540987,6C90.1,,- - - Oppositional defiant disorder without chronic irritability-anger,category,2.0,False,06,,False,True,BlockL1-6C9,,,,,,http://id.who.int/icd/entity/1487528823,
http://id.who.int/icd/entity/762103927,http://id.who.int/icd/release/11/mms/762103927,6C90.10,,- - - - Oppositional defiant disorder without chronic irritability-anger with limited prosocial emotions,category,3.0,False,06,,True,True,BlockL1-6C9,,,,,,http://id.who.int/icd/entity/736540987,
http://id.who.int/icd/entity/855253443,http://id.who.int/icd/release/11/mms/855253443,6C90.11,,- - - - Oppositional defiant disorder without chronic irritability-anger with typical prosocial emotions,category,3.0,False,06,,True,True,BlockL1-6C9,,,,,,http://id.who.int/icd/entity/736540987,
,http://id.who.int/icd/release/11/mms/736540987/unspecified,6C90.1Z,,"- - - - Oppositional defiant disorder without chronic irritability-anger, unspecified",category,3.0,True,06,,True,True,BlockL1-6C9,,,,,,http://id.who.int/icd/entity/736540987,
,http://id.who.int/icd/release/11/mms/1487528823/unspecified,6C90.Z,,"- - - Oppositional defiant disorder, unspecified",category,2.0,True,06,,True,True,BlockL1-6C9,,,,,,http://id.who.int/icd/entity/1487528823,
http://id.who.int/icd/entity/719572464,http://id.who.int/icd/release/11/mms/719572464,6C91,,- - Conduct-dissocial disorder,category,1.0,False,06,,False,True,BlockL1-6C9,,,,,,http://id.who.int/icd/entity/310393530,
http://id.who.int/icd/entity/192666265,http://id.who.int/icd/release/11/mms/192666265,6C91.0,,"- - - Conduct-dissocial disorder, childhood onset",category,2.0,False,06,,False,True,BlockL1-6C9,,,,,,http://id.who.int/icd/entity/719572464,
http://id.who.int/icd/entity/683482905,http://id.who.int/icd/release/11/mms/683482905,6C91.00,,"- - - - Conduct-dissocial disorder, childhood onset with limited prosocial emotions",category,3.0,False,06,,True,True,BlockL1-6C9,,,,,,http://id.who.int/icd/entity/192666265,
http://id.who.int/icd/entity/1196205490,http://id.who.int/icd/release/11/mms/1196205490,6C91.01,,"- - - - Conduct-dissocial disorder, childhood onset with typical prosocial emotions",category,3.0,False,06,,True,True,BlockL1-6C9,,,,,,http://id.who.int/icd/entity/192666265,
,http://id.who.int/icd/release/11/mms/192666265/unspecified,6C91.0Z,,"- - - - Conduct-dissocial disorder, childhood onset, unspecified",category,3.0,True,06,,True,True,BlockL1-6C9,,,,,,http://id.who.int/icd/entity/192666265,
http://id.who.int/icd/entity/1021901799,http://id.who.int/icd/release/11/mms/1021901799,6C91.1,,"- - - Conduct-dissocial disorder, adolescent onset",category,2.0,False,06,,False,True,BlockL1-6C9,,,,,,http://id.who.int/icd/entity/719572464,
http://id.who.int/icd/entity/395365489,http://id.who.int/icd/release/11/mms/395365489,6C91.10,,"- - - - Conduct-dissocial disorder, adolescent onset with limited prosocial emotions",category,3.0,False,06,,True,True,BlockL1-6C9,,,,,,http://id.who.int/icd/entity/1021901799,
http://id.who.int/icd/entity/2038678808,http://id.who.int/icd/release/11/mms/2038678808,6C91.11,,"- - - - Conduct-dissocial disorder, adolescent onset with typical prosocial emotions",category,3.0,False,06,,True,True,BlockL1-6C9,,,,,,http://id.who.int/icd/entity/1021901799,
,http://id.who.int/icd/release/11/mms/1021901799/other,6C91.1Y,,"- - - - Other specified conduct-dissocial disorder, adolescent onset",category,3.0,True,06,,True,True,BlockL1-6C9,,,,,,http://id.who.int/icd/entity/1021901799,
,http://id.who.int/icd/release/11/mms/719572464/unspecified,6C91.Z,,"- - - Conduct-dissocial disorder, unspecified",category,2.0,True,06,,True,True,BlockL1-6C9,,,,,,http://id.who.int/icd/entity/719572464,
,http://id.who.int/icd/release/11/mms/310393530/other,6C9Y,,- - Other specified disruptive behaviour or dissocial disorders,category,1.0,True,06,,True,True,BlockL1-6C9,,,,,,http://id.who.int/icd/entity/310393530,
,http://id.who.int/icd/release/11/mms/310393530/unspecified,6C9Z,,"- - Disruptive behaviour or dissocial disorders, unspecified",category,1.0,True,06,,True,True,BlockL1-6C9,,,,,,http://id.who.int/icd/entity/310393530,
http://id.who.int/icd/entity/37291724,http://id.who.int/icd/release/11/mms/37291724,,BlockL1-6D1,- Personality disorders and related traits,block,1.0,False,06,,False,,,,,,,,http://id.who.int/icd/entity/334423054,
http://id.who.int/icd/entity/941859884,http://id.who.int/icd/release/11/mms/941859884,6D10,,- - Personality disorder,category,1.0,False,06,,False,True,BlockL1-6D1,,,,,,http://id.who.int/icd/entity/37291724,
http://id.who.int/icd/entity/263226710,http://id.who.int/icd/release/11/mms/263226710,6D10.0,,- - - Mild personality disorder,category,2.0,False,06,,True,True,BlockL1-6D1,,,,,,http://id.who.int/icd/entity/941859884,
http://id.who.int/icd/entity/758339377,http://id.who.int/icd/release/11/mms/758339377,6D10.1,,- - - Moderate personality disorder,category,2.0,False,06,,True,True,BlockL1-6D1,,,,,,http://id.who.int/icd/entity/941859884,
http://id.who.int/icd/entity/40156192,http://id.who.int/icd/release/11/mms/40156192,6D10.2,,- - - Severe personality disorder,category,2.0,False,06,,True,True,BlockL1-6D1,,,,,,http://id.who.int/icd/entity/941859884,
,http://id.who.int/icd/release/11/mms/941859884/unspecified,6D10.Z,,"- - - Personality disorder, severity unspecified",category,2.0,True,06,,True,True,BlockL1-6D1,,,,,,http://id.who.int/icd/entity/941859884,
http://id.who.int/icd/entity/1128733473,http://id.who.int/icd/release/11/mms/1128733473,6D11,,- - Prominent personality traits or patterns,category,1.0,False,06,,False,True,BlockL1-6D1,,,,,"The following categories should ONLY be used in combination with a Personality disorder category (Mild, Moderate, or Severe) or Personality difficulty.",http://id.who.int/icd/entity/37291724,
http://id.who.int/icd/entity/953246526,http://id.who.int/icd/release/11/mms/953246526,6D11.0,,- - - Negative affectivity in personality disorder or personality difficulty,category,2.0,False,06,,True,True,BlockL1-6D1,,,,,"This category should ONLY be used in combination with a Personality disorder category (Mild, Moderate, or Severe) or Personality difficulty.",http://id.who.int/icd/entity/1128733473,
http://id.who.int/icd/entity/919081088,http://id.who.int/icd/release/11/mms/919081088,6D11.1,,- - - Detachment in personality disorder or personality difficulty,category,2.0,False,06,,True,True,BlockL1-6D1,,,,,"This category should ONLY be used in combination with a Personality disorder category (Mild, Moderate, or Severe) or Personality difficulty.",http://id.who.int/icd/entity/1128733473,
http://id.who.int/icd/entity/1913158855,http://id.who.int/icd/release/11/mms/1913158855,6D11.2,,- - - Dissociality in personality disorder or personality difficulty,category,2.0,False,06,,True,True,BlockL1-6D1,,,,,"This category should ONLY be used in combination with a Personality disorder category (Mild, Moderate, or Severe) or Personality difficulty.",http://id.who.int/icd/entity/1128733473,
http://id.who.int/icd/entity/387934990,http://id.who.int/icd/release/11/mms/387934990,6D11.3,,- - - Disinhibition in personality disorder or personality difficulty,category,2.0,False,06,,True,True,BlockL1-6D1,,,,,"This category should ONLY be used in combination with a Personality disorder category (Mild, Moderate, or Severe) or Personality difficulty.",http://id.who.int/icd/entity/1128733473,
http://id.who.int/icd/entity/848330288,http://id.who.int/icd/release/11/mms/848330288,6D11.4,,- - - Anankastia in personality disorder or personality difficulty,category,2.0,False,06,,True,True,BlockL1-6D1,,,,,"This category should ONLY be used in combination with a Personality disorder category (Mild, Moderate, or Severe) or Personality difficulty.",http://id.who.int/icd/entity/1128733473,
http://id.who.int/icd/entity/2006821354,http://id.who.int/icd/release/11/mms/2006821354,6D11.5,,- - - Borderline pattern,category,2.0,False,06,,True,True,BlockL1-6D1,,,,,"This category should ONLY be used in combination with a Personality disorder category (Mild, Moderate, or Severe) or Personality difficulty.",http://id.who.int/icd/entity/1128733473,
http://id.who.int/icd/entity/2110604642,http://id.who.int/icd/release/11/mms/2110604642,,BlockL1-6D3,- Paraphilic disorders,block,1.0,False,06,,False,,,,,,,,http://id.who.int/icd/entity/334423054,
http://id.who.int/icd/entity/141881468,http://id.who.int/icd/release/11/mms/141881468,6D30,,- - Exhibitionistic disorder,category,1.0,False,06,,True,True,BlockL1-6D3,,,,,,http://id.who.int/icd/entity/2110604642,
http://id.who.int/icd/entity/1832861162,http://id.who.int/icd/release/11/mms/1832861162,6D31,,- - Voyeuristic disorder,category,1.0,False,06,,True,True,BlockL1-6D3,,,,,,http://id.who.int/icd/entity/2110604642,
http://id.who.int/icd/entity/517058174,http://id.who.int/icd/release/11/mms/517058174,6D32,,- - Pedophilic disorder,category,1.0,False,06,,True,True,BlockL1-6D3,,,,,,http://id.who.int/icd/entity/2110604642,
http://id.who.int/icd/entity/1890228613,http://id.who.int/icd/release/11/mms/1890228613,6D33,,- - Coercive sexual sadism disorder,category,1.0,False,06,,True,True,BlockL1-6D3,,,,,,http://id.who.int/icd/entity/2110604642,
http://id.who.int/icd/entity/1580013387,http://id.who.int/icd/release/11/mms/1580013387,6D34,,- - Frotteuristic disorder,category,1.0,False,06,,True,True,BlockL1-6D3,,,,,,http://id.who.int/icd/entity/2110604642,
http://id.who.int/icd/entity/1582257458,http://id.who.int/icd/release/11/mms/1582257458,6D35,,- - Other paraphilic disorder involving non-consenting individuals,category,1.0,False,06,,True,True,BlockL1-6D3,,,,,,http://id.who.int/icd/entity/2110604642,
http://id.who.int/icd/entity/2055403635,http://id.who.int/icd/release/11/mms/2055403635,6D36,,- - Paraphilic disorder involving solitary behaviour or consenting individuals,category,1.0,False,06,,True,True,BlockL1-6D3,,,,,,http://id.who.int/icd/entity/2110604642,
,http://id.who.int/icd/release/11/mms/2110604642/unspecified,6D3Z,,"- - Paraphilic disorders, unspecified",category,1.0,True,06,,True,True,BlockL1-6D3,,,,,,http://id.who.int/icd/entity/2110604642,
http://id.who.int/icd/entity/430567349,http://id.who.int/icd/release/11/mms/430567349,,BlockL1-6D5,- Factitious disorders,block,1.0,False,06,,False,,,,,,,,http://id.who.int/icd/entity/334423054,
http://id.who.int/icd/entity/790764418,http://id.who.int/icd/release/11/mms/790764418,6D50,,- - Factitious disorder imposed on self,category,1.0,False,06,,True,True,BlockL1-6D5,,,,,,http://id.who.int/icd/entity/430567349,
http://id.who.int/icd/entity/775605963,http://id.who.int/icd/release/11/mms/775605963,6D51,,- - Factitious disorder imposed on another,category,1.0,False,06,,True,True,BlockL1-6D5,,,,,"The diagnosis of Factitious Disorder Imposed on Another is assigned to the individual who is feigning, falsifying or inducing the symptoms in another person, not to the person who is presented as having the symptoms. Occasionally the individual induces or falsifies symptoms in a pet rather than in another person.",http://id.who.int/icd/entity/430567349,
,http://id.who.int/icd/release/11/mms/430567349/unspecified,6D5Z,,"- - Factitious disorders, unspecified",category,1.0,True,06,,True,True,BlockL1-6D5,,,,,,http://id.who.int/icd/entity/430567349,
http://id.who.int/icd/entity/213458094,http://id.who.int/icd/release/11/mms/213458094,,BlockL1-6D7,- Neurocognitive disorders,block,1.0,False,06,,False,,,,,,,,http://id.who.int/icd/entity/334423054,
http://id.who.int/icd/entity/897917531,http://id.who.int/icd/release/11/mms/897917531,6D70,,- - Delirium,category,1.0,False,06,,False,True,BlockL1-6D7,,,,,,http://id.who.int/icd/entity/213458094,
http://id.who.int/icd/entity/1015017717,http://id.who.int/icd/release/11/mms/1015017717,6D70.0,,- - - Delirium due to disease classified elsewhere,category,2.0,False,06,,True,True,BlockL1-6D7,,,,,Identified etiology should be classified separately.,http://id.who.int/icd/entity/897917531,
http://id.who.int/icd/entity/80203879,http://id.who.int/icd/release/11/mms/80203879,6D70.1,,- - - Delirium due to psychoactive substances including medications,category,2.0,False,06,,True,True,BlockL1-6D7,,,,,,http://id.who.int/icd/entity/897917531,
http://id.who.int/icd/entity/343480877,http://id.who.int/icd/release/11/mms/343480877,6D70.2,,- - - Delirium due to multiple etiological factors,category,2.0,False,06,,True,True,BlockL1-6D7,,,,,Identified etiologies should be classified separately.,http://id.who.int/icd/entity/897917531,
,http://id.who.int/icd/release/11/mms/897917531/other,6D70.Y,,"- - - Delirium, other specified cause",category,2.0,True,06,,True,True,BlockL1-6D7,,,,,,http://id.who.int/icd/entity/897917531,
,http://id.who.int/icd/release/11/mms/897917531/unspecified,6D70.Z,,"- - - Delirium, unspecified or unknown cause",category,2.0,True,06,,True,True,BlockL1-6D7,,,,,,http://id.who.int/icd/entity/897917531,
http://id.who.int/icd/entity/195531803,http://id.who.int/icd/release/11/mms/195531803,6D71,,- - Mild neurocognitive disorder,category,1.0,False,06,,True,False,BlockL1-6D7,,,,,,http://id.who.int/icd/entity/213458094,
http://id.who.int/icd/entity/386330688,http://id.who.int/icd/release/11/mms/386330688,6D72,,- - Amnestic disorder,category,1.0,False,06,,False,True,BlockL1-6D7,,,,,,http://id.who.int/icd/entity/213458094,
http://id.who.int/icd/entity/862469859,http://id.who.int/icd/release/11/mms/862469859,6D72.0,,- - - Amnestic disorder due to diseases classified elsewhere,category,2.0,False,06,,True,True,BlockL1-6D7,,,,,,http://id.who.int/icd/entity/386330688,
http://id.who.int/icd/entity/1246085612,http://id.who.int/icd/release/11/mms/1246085612,6D72.1,,- - - Amnestic disorder due to psychoactive substances including medications,category,2.0,False,06,,False,True,BlockL1-6D7,,,,,,http://id.who.int/icd/entity/386330688,
http://id.who.int/icd/entity/988431240,http://id.who.int/icd/release/11/mms/988431240,6D72.10,,- - - - Amnestic disorder due to use of alcohol,category,3.0,False,06,,True,True,BlockL1-6D7,,,,,This category should not be used to describe cognitive changes due to thiamine deficiency associated with chronic alcohol use.,http://id.who.int/icd/entity/1246085612,
http://id.who.int/icd/entity/503912444,http://id.who.int/icd/release/11/mms/503912444,6D72.11,,"- - - - Amnestic disorder due to use of sedatives, hypnotics or anxiolytics",category,3.0,False,06,,True,True,BlockL1-6D7,,,,,,http://id.who.int/icd/entity/1246085612,
http://id.who.int/icd/entity/973846324,http://id.who.int/icd/release/11/mms/973846324,6D72.12,,- - - - Amnestic disorder due to other specified psychoactive substance including medications,category,3.0,False,06,,True,True,BlockL1-6D7,,,,,,http://id.who.int/icd/entity/1246085612,
http://id.who.int/icd/entity/2081070847,http://id.who.int/icd/release/11/mms/2081070847,6D72.13,,- - - - Amnestic disorder due to use of volatile inhalants,category,3.0,False,06,,True,True,BlockL1-6D7,,,,,,http://id.who.int/icd/entity/1246085612,
,http://id.who.int/icd/release/11/mms/386330688/other,6D72.Y,,"- - - Amnestic disorder, other specified cause",category,2.0,True,06,,True,True,BlockL1-6D7,,,,,,http://id.who.int/icd/entity/386330688,
,http://id.who.int/icd/release/11/mms/386330688/unspecified,6D72.Z,,"- - - Amnestic disorder, unknown or unspecified cause",category,2.0,True,06,,True,True,BlockL1-6D7,,,,,,http://id.who.int/icd/entity/386330688,
http://id.who.int/icd/entity/546689346,http://id.who.int/icd/release/11/mms/546689346,,BlockL2-6D8,- - Dementia,block,2.0,False,06,,False,,BlockL1-6D7,,,,,"This category should only be used for primary tabulation, if the aetiology of the dementia is unknown. If the aetiology of the dementia is known code to the aetiology of the dementia for primary tabulation. ",,
,,,,,,,,,,,,,,,,,,,
"When dementia is due to multiple aetiologies, code all that apply.",http://id.who.int/icd/entity/213458094,,,,,,,,,,,,,,,,,,
http://id.who.int/icd/entity/795022044,http://id.who.int/icd/release/11/mms/795022044,6D80,,- - - Dementia due to Alzheimer disease,category,1.0,False,06,,False,False,BlockL1-6D7,BlockL2-6D8,,,,This category should never be used in primary tabulation. The codes are provided for use as supplementary or additional codes when it is desired to identify the presence of dementia in diseases classified elsewhere.,http://id.who.int/icd/entity/546689346,
http://id.who.int/icd/entity/199015879,http://id.who.int/icd/release/11/mms/199015879,6D80.0,,- - - - Dementia due to Alzheimer disease with early onset,category,2.0,False,06,,True,False,BlockL1-6D7,BlockL2-6D8,,,,This category should never be used in primary tabulation. The codes are provided for use as supplementary or additional codes when it is desired to identify the presence of dementia in diseases classified elsewhere.,,
,,,,,,,,,,,,,,,,,,,
"When dementia is due to multiple aetiologies, code all that apply.",http://id.who.int/icd/entity/795022044,,,,,,,,,,,,,,,,,,
http://id.who.int/icd/entity/1855418451,http://id.who.int/icd/release/11/mms/1855418451,6D80.1,,- - - - Dementia due to Alzheimer disease with late onset,category,2.0,False,06,,True,False,BlockL1-6D7,BlockL2-6D8,,,,This category should never be used in primary tabulation. The codes are provided for use as supplementary or additional codes when it is desired to identify the presence of dementia in diseases classified elsewhere.,,
,,,,,,,,,,,,,,,,,,,
"When dementia is due to multiple aetiologies, code all that apply.",http://id.who.int/icd/entity/795022044,,,,,,,,,,,,,,,,,,
http://id.who.int/icd/entity/1543494610,http://id.who.int/icd/release/11/mms/1543494610,6D80.2,,"- - - - Alzheimer disease dementia, mixed type, with cerebrovascular disease",category,2.0,False,06,,True,False,BlockL1-6D7,BlockL2-6D8,,,,This category should never be used in primary tabulation. The codes are provided for use as supplementary or additional codes when it is desired to identify the presence of dementia in diseases classified elsewhere.,,
,,,,,,,,,,,,,,,,,,,
"When dementia is due to multiple aetiologies, code all that apply.",http://id.who.int/icd/entity/795022044,,,,,,,,,,,,,,,,,,
http://id.who.int/icd/entity/1072662343,http://id.who.int/icd/release/11/mms/1072662343,6D80.3,,"- - - - Alzheimer disease dementia, mixed type, with other nonvascular aetiologies",category,2.0,False,06,,True,False,BlockL1-6D7,BlockL2-6D8,,,,This category should never be used in primary tabulation. The codes are provided for use as supplementary or additional codes when it is desired to identify the presence of dementia in diseases classified elsewhere.,,
,,,,,,,,,,,,,,,,,,,
"When dementia is due to multiple aetiologies, code all that apply.",http://id.who.int/icd/entity/795022044,,,,,,,,,,,,,,,,,,
,http://id.who.int/icd/release/11/mms/795022044/unspecified,6D80.Z,,"- - - - Dementia due to Alzheimer disease, onset unknown or unspecified",category,2.0,True,06,,True,False,BlockL1-6D7,BlockL2-6D8,,,,,http://id.who.int/icd/entity/795022044,
http://id.who.int/icd/entity/1365258270,http://id.who.int/icd/release/11/mms/1365258270,6D81,,- - - Dementia due to cerebrovascular disease,category,1.0,False,06,,True,False,BlockL1-6D7,BlockL2-6D8,,,,This category should never be used in primary tabulation. The codes are provided for use as supplementary or additional codes when it is desired to identify the presence of dementia in diseases classified elsewhere.,http://id.who.int/icd/entity/546689346,
http://id.who.int/icd/entity/1777436789,http://id.who.int/icd/release/11/mms/1777436789,6D82,,- - - Dementia due to Lewy body disease,category,1.0,False,06,,True,False,BlockL1-6D7,BlockL2-6D8,,,,This category should never be used in primary tabulation. The codes are provided for use as supplementary or additional codes when it is desired to identify the presence of dementia in diseases classified elsewhere.,,
,,,,,,,,,,,,,,,,,,,
"When dementia is due to multiple aetiologies, code all that apply.",http://id.who.int/icd/entity/546689346,,,,,,,,,,,,,,,,,,
http://id.who.int/icd/entity/831337417,http://id.who.int/icd/release/11/mms/831337417,6D83,,- - - Frontotemporal dementia,category,1.0,False,06,,True,False,BlockL1-6D7,BlockL2-6D8,,,,This category should never be used in primary tabulation. The codes are provided for use as supplementary or additional codes when it is desired to identify the presence of dementia in diseases classified elsewhere.,,
,,,,,,,,,,,,,,,,,,,
"When dementia is due to multiple aetiologies, code all that apply.",http://id.who.int/icd/entity/546689346,,,,,,,,,,,,,,,,,,
http://id.who.int/icd/entity/1710319105,http://id.who.int/icd/release/11/mms/1710319105,6D84,,- - - Dementia due to psychoactive substances including medications,category,1.0,False,06,,False,False,BlockL1-6D7,BlockL2-6D8,,,,This category should never be used in primary tabulation. The codes are provided for use as supplementary or additional codes when it is desired to identify the presence of dementia in diseases classified elsewhere.,,
,,,,,,,,,,,,,,,,,,,
"When dementia is due to multiple aetiologies, code all that apply.",http://id.who.int/icd/entity/546689346,,,,,,,,,,,,,,,,,,
http://id.who.int/icd/entity/1619582852,http://id.who.int/icd/release/11/mms/1619582852,6D84.0,,- - - - Dementia due to use of alcohol,category,2.0,False,06,,True,False,BlockL1-6D7,BlockL2-6D8,,,,This category should never be used in primary tabulation. The codes are provided for use as supplementary or additional codes when it is desired to identify the presence of dementia in diseases classified elsewhere.,,
,,,,,,,,,,,,,,,,,,,
"When dementia is due to multiple aetiologies, code all that apply. ",,,,,,,,,,,,,,,,,,,
,,,,,,,,,,,,,,,,,,,
This category should not be used to describe cognitive changes due to thiamine deficiency associated with chronic alcohol use.,http://id.who.int/icd/entity/1710319105,,,,,,,,,,,,,,,,,,
http://id.who.int/icd/entity/1035710165,http://id.who.int/icd/release/11/mms/1035710165,6D84.1,,"- - - - Dementia due to use of sedatives, hypnotics or anxiolytics",category,2.0,False,06,,True,False,BlockL1-6D7,BlockL2-6D8,,,,This category should never be used in primary tabulation. The codes are provided for use as supplementary or additional codes when it is desired to identify the presence of dementia in diseases classified elsewhere.,,
,,,,,,,,,,,,,,,,,,,
"When dementia is due to multiple aetiologies, code all that apply.",http://id.who.int/icd/entity/1710319105,,,,,,,,,,,,,,,,,,
http://id.who.int/icd/entity/694002628,http://id.who.int/icd/release/11/mms/694002628,6D84.2,,- - - - Dementia due to use of volatile inhalants,category,2.0,False,06,,True,False,BlockL1-6D7,BlockL2-6D8,,,,This category should never be used in primary tabulation. The codes are provided for use as supplementary or additional codes when it is desired to identify the presence of dementia in diseases classified elsewhere.,,
,,,,,,,,,,,,,,,,,,,
"When dementia is due to multiple aetiologies, code all that apply.",http://id.who.int/icd/entity/1710319105,,,,,,,,,,,,,,,,,,
,http://id.who.int/icd/release/11/mms/1710319105/other,6D84.Y,,- - - - Dementia due to other specified psychoactive substance,category,2.0,True,06,,True,False,BlockL1-6D7,BlockL2-6D8,,,,,http://id.who.int/icd/entity/1710319105,
http://id.who.int/icd/entity/1468768235,http://id.who.int/icd/release/11/mms/1468768235,6D85,,- - - Dementia due to diseases classified elsewhere,category,1.0,False,06,,False,False,BlockL1-6D7,BlockL2-6D8,,,,This category should never be used in primary tabulation. The codes are provided for use as supplementary or additional codes when it is desired to identify the presence of dementia in diseases classified elsewhere.,,
,,,,,,,,,,,,,,,,,,,
"When dementia is due to multiple aetiologies, code all that apply.",http://id.who.int/icd/entity/546689346,,,,,,,,,,,,,,,,,,
http://id.who.int/icd/entity/1494928041,http://id.who.int/icd/release/11/mms/1494928041,6D85.0,,- - - - Dementia due to Parkinson disease,category,2.0,False,06,,True,False,BlockL1-6D7,BlockL2-6D8,,,,This category should never be used in primary tabulation. The codes are provided for use as supplementary or additional codes when it is desired to identify the presence of dementia in diseases classified elsewhere.,,
,,,,,,,,,,,,,,,,,,,
"When dementia is due to multiple aetiologies, code all that apply.",http://id.who.int/icd/entity/1468768235,,,,,,,,,,,,,,,,,,
http://id.who.int/icd/entity/1397836700,http://id.who.int/icd/release/11/mms/1397836700,6D85.1,,- - - - Dementia due to Huntington disease,category,2.0,False,06,,True,False,BlockL1-6D7,BlockL2-6D8,,,,This category should never be used in primary tabulation. The codes are provided for use as supplementary or additional codes when it is desired to identify the presence of dementia in diseases classified elsewhere.,,
,,,,,,,,,,,,,,,,,,,
"When dementia is due to multiple aetiologies, code all that apply.",http://id.who.int/icd/entity/1468768235,,,,,,,,,,,,,,,,,,
http://id.who.int/icd/entity/710305644,http://id.who.int/icd/release/11/mms/710305644,6D85.2,,- - - - Dementia due to exposure to heavy metals or other toxins,category,2.0,False,06,,True,False,BlockL1-6D7,BlockL2-6D8,,,,This category should never be used in primary tabulation. The codes are provided for use as supplementary or additional codes when it is desired to identify the presence of dementia in diseases classified elsewhere.,,
,,,,,,,,,,,,,,,,,,,
"When dementia is due to multiple aetiologies, code all that apply.",http://id.who.int/icd/entity/1468768235,,,,,,,,,,,,,,,,,,
http://id.who.int/icd/entity/1173624218,http://id.who.int/icd/release/11/mms/1173624218,6D85.3,,- - - - Dementia due to human immunodeficiency virus,category,2.0,False,06,,True,False,BlockL1-6D7,BlockL2-6D8,,,,This category should never be used in primary tabulation. The codes are provided for use as supplementary or additional codes when it is desired to identify the presence of dementia in diseases classified elsewhere.,,
,,,,,,,,,,,,,,,,,,,
"When dementia is due to multiple aetiologies, code all that apply.",http://id.who.int/icd/entity/1468768235,,,,,,,,,,,,,,,,,,
http://id.who.int/icd/entity/388810416,http://id.who.int/icd/release/11/mms/388810416,6D85.4,,- - - - Dementia due to multiple sclerosis,category,2.0,False,06,,True,False,BlockL1-6D7,BlockL2-6D8,,,,This category should never be used in primary tabulation. The codes are provided for use as supplementary or additional codes when it is desired to identify the presence of dementia in diseases classified elsewhere.,,
,,,,,,,,,,,,,,,,,,,
"When dementia is due to multiple aetiologies, code all that apply.",http://id.who.int/icd/entity/1468768235,,,,,,,,,,,,,,,,,,
http://id.who.int/icd/entity/1206955889,http://id.who.int/icd/release/11/mms/1206955889,6D85.5,,- - - - Dementia due to prion disease,category,2.0,False,06,,True,False,BlockL1-6D7,BlockL2-6D8,,,,This category should never be used in primary tabulation. The codes are provided for use as supplementary or additional codes when it is desired to identify the presence of dementia in diseases classified elsewhere.,,
,,,,,,,,,,,,,,,,,,,
"When dementia is due to multiple aetiologies, code all that apply.",http://id.who.int/icd/entity/1468768235,,,,,,,,,,,,,,,,,,
http://id.who.int/icd/entity/1129134415,http://id.who.int/icd/release/11/mms/1129134415,6D85.6,,- - - - Dementia due to normal pressure hydrocephalus,category,2.0,False,06,,True,False,BlockL1-6D7,BlockL2-6D8,,,,This category should never be used in primary tabulation. The codes are provided for use as supplementary or additional codes when it is desired to identify the presence of dementia in diseases classified elsewhere.,,
,,,,,,,,,,,,,,,,,,,
"When dementia is due to multiple aetiologies, code all that apply.",http://id.who.int/icd/entity/1468768235,,,,,,,,,,,,,,,,,,
http://id.who.int/icd/entity/1922851083,http://id.who.int/icd/release/11/mms/1922851083,6D85.7,,- - - - Dementia due to injury to the head,category,2.0,False,06,,True,False,BlockL1-6D7,BlockL2-6D8,,,,This category should never be used in primary tabulation. The codes are provided for use as supplementary or additional codes when it is desired to identify the presence of dementia in diseases classified elsewhere.,,
,,,,,,,,,,,,,,,,,,,
"When dementia is due to multiple aetiologies, code all that apply.",http://id.who.int/icd/entity/1468768235,,,,,,,,,,,,,,,,,,
http://id.who.int/icd/entity/868851323,http://id.who.int/icd/release/11/mms/868851323,6D85.8,,- - - - Dementia due to pellagra,category,2.0,False,06,,True,False,BlockL1-6D7,BlockL2-6D8,,,,,http://id.who.int/icd/entity/1468768235,
http://id.who.int/icd/entity/194105820,http://id.who.int/icd/release/11/mms/194105820,6D85.9,,- - - - Dementia due to Down syndrome,category,2.0,False,06,,True,False,BlockL1-6D7,BlockL2-6D8,,,,This category should never be used in primary tabulation. The codes are provided for use as supplementary or additional codes when it is desired to identify the presence of dementia in diseases classified elsewhere.,,
,,,,,,,,,,,,,,,,,,,
"When dementia is due to multiple aetiologies, code all that apply.",http://id.who.int/icd/entity/1468768235,,,,,,,,,,,,,,,,,,
,http://id.who.int/icd/release/11/mms/1468768235/other,6D85.Y,,- - - - Dementia due to other specified diseases classified elsewhere,category,2.0,True,06,,True,False,BlockL1-6D7,BlockL2-6D8,,,,,http://id.who.int/icd/entity/1468768235,
http://id.who.int/icd/entity/148241182,http://id.who.int/icd/release/11/mms/148241182,6D86,,- - - Behavioural or psychological disturbances in dementia,category,1.0,False,06,,False,False,BlockL1-6D7,BlockL2-6D8,,,,These categories should never be used in primary tabulation. The codes are provided for use as supplementary or additional codes when it is desired to identify the presence of behavioural or psychological disturbance in dementia.,,
,,,,,,,,,,,,,,,,,,,
Code all that apply.,http://id.who.int/icd/entity/546689346,,,,,,,,,,,,,,,,,,
http://id.who.int/icd/entity/688029844,http://id.who.int/icd/release/11/mms/688029844,6D86.0,,- - - - Psychotic symptoms in dementia,category,2.0,False,06,,True,False,BlockL1-6D7,BlockL2-6D8,,,,,http://id.who.int/icd/entity/148241182,
http://id.who.int/icd/entity/1447134117,http://id.who.int/icd/release/11/mms/1447134117,6D86.1,,- - - - Mood symptoms in dementia,category,2.0,False,06,,True,False,BlockL1-6D7,BlockL2-6D8,,,,,http://id.who.int/icd/entity/148241182,
http://id.who.int/icd/entity/479763552,http://id.who.int/icd/release/11/mms/479763552,6D86.2,,- - - - Anxiety symptoms in dementia,category,2.0,False,06,,True,False,BlockL1-6D7,BlockL2-6D8,,,,,http://id.who.int/icd/entity/148241182,
http://id.who.int/icd/entity/961921436,http://id.who.int/icd/release/11/mms/961921436,6D86.3,,- - - - Apathy in dementia,category,2.0,False,06,,True,False,BlockL1-6D7,BlockL2-6D8,,,,,http://id.who.int/icd/entity/148241182,
http://id.who.int/icd/entity/1659288831,http://id.who.int/icd/release/11/mms/1659288831,6D86.4,,- - - - Agitation or aggression in dementia,category,2.0,False,06,,True,False,BlockL1-6D7,BlockL2-6D8,,,,,http://id.who.int/icd/entity/148241182,
http://id.who.int/icd/entity/1543544503,http://id.who.int/icd/release/11/mms/1543544503,6D86.5,,- - - - Disinhibition in dementia,category,2.0,False,06,,True,False,BlockL1-6D7,BlockL2-6D8,,,,,http://id.who.int/icd/entity/148241182,
http://id.who.int/icd/entity/2043528053,http://id.who.int/icd/release/11/mms/2043528053,6D86.6,,- - - - Wandering in dementia,category,2.0,False,06,,True,False,BlockL1-6D7,BlockL2-6D8,,,,,http://id.who.int/icd/entity/148241182,
,http://id.who.int/icd/release/11/mms/148241182/other,6D86.Y,,- - - - Other specified behavioural or psychological disturbances in dementia,category,2.0,True,06,,True,False,BlockL1-6D7,BlockL2-6D8,,,,,http://id.who.int/icd/entity/148241182,
,http://id.who.int/icd/release/11/mms/148241182/unspecified,6D86.Z,,"- - - - Behavioural or psychological disturbances in dementia, unspecified",category,2.0,True,06,,True,False,BlockL1-6D7,BlockL2-6D8,,,,,http://id.who.int/icd/entity/148241182,
,http://id.who.int/icd/release/11/mms/546689346/other,6D8Y,,"- - - Dementia, other specified cause",category,1.0,True,06,,True,True,BlockL1-6D7,BlockL2-6D8,,,,,http://id.who.int/icd/entity/546689346,
,http://id.who.int/icd/release/11/mms/546689346/unspecified,6D8Z,,"- - - Dementia, unknown or unspecified cause",category,1.0,True,06,,True,True,BlockL1-6D7,BlockL2-6D8,,,,,http://id.who.int/icd/entity/546689346,
,http://id.who.int/icd/release/11/mms/213458094/other,6E0Y,,- - Other specified neurocognitive disorders,category,1.0,True,06,,True,True,BlockL1-6D7,,,,,,http://id.who.int/icd/entity/213458094,
,http://id.who.int/icd/release/11/mms/213458094/unspecified,6E0Z,,"- - Neurocognitive disorders, unspecified",category,1.0,True,06,,True,True,BlockL1-6D7,,,,,,http://id.who.int/icd/entity/213458094,
http://id.who.int/icd/entity/882114523,http://id.who.int/icd/release/11/mms/882114523,,BlockL1-6E2,"- Mental or behavioural disorders associated with pregnancy, childbirth or the puerperium",block,1.0,False,06,,False,,,,,,,,http://id.who.int/icd/entity/334423054,
http://id.who.int/icd/entity/1124422593,http://id.who.int/icd/release/11/mms/1124422593,6E20,,"- - Mental or behavioural disorders associated with pregnancy, childbirth or the puerperium, without psychotic symptoms",category,1.0,False,06,,True,False,BlockL1-6E2,,,,,,http://id.who.int/icd/entity/882114523,
http://id.who.int/icd/entity/380591392,http://id.who.int/icd/release/11/mms/380591392,6E21,,"- - Mental or behavioural disorders associated with pregnancy, childbirth or the puerperium, with psychotic symptoms",category,1.0,False,06,,True,False,BlockL1-6E2,,,,,,http://id.who.int/icd/entity/882114523,
,http://id.who.int/icd/release/11/mms/882114523/unspecified,6E2Z,,"- - Mental or behavioural disorders associated with pregnancy, childbirth or the puerperium, unspecified",category,1.0,True,06,,True,True,BlockL1-6E2,,,,,,http://id.who.int/icd/entity/882114523,
http://id.who.int/icd/entity/523677473,http://id.who.int/icd/release/11/mms/523677473,6E40,,- Psychological or behavioural factors affecting disorders or diseases classified elsewhere,category,1.0,False,06,,False,True,,,,,,,http://id.who.int/icd/entity/334423054,
http://id.who.int/icd/entity/1553197895,http://id.who.int/icd/release/11/mms/1553197895,6E40.0,,- - Mental disorder affecting disorders or diseases classified elsewhere,category,2.0,False,06,,True,True,,,,,,,http://id.who.int/icd/entity/523677473,
http://id.who.int/icd/entity/700487590,http://id.who.int/icd/release/11/mms/700487590,6E40.1,,- - Psychological symptoms affecting disorders or diseases classified elsewhere,category,2.0,False,06,,True,True,,,,,,,http://id.who.int/icd/entity/523677473,
http://id.who.int/icd/entity/967687778,http://id.who.int/icd/release/11/mms/967687778,6E40.2,,- - Personality traits or coping style affecting disorders or diseases classified elsewhere,category,2.0,False,06,,True,True,,,,,,,http://id.who.int/icd/entity/523677473,
http://id.who.int/icd/entity/130379446,http://id.who.int/icd/release/11/mms/130379446,6E40.3,,- - Maladaptive health behaviours affecting disorders or diseases classified elsewhere,category,2.0,False,06,,True,True,,,,,,,http://id.who.int/icd/entity/523677473,
http://id.who.int/icd/entity/2091262725,http://id.who.int/icd/release/11/mms/2091262725,6E40.4,,- - Stress-related physiological response affecting disorders or diseases classified elsewhere,category,2.0,False,06,,True,True,,,,,,,http://id.who.int/icd/entity/523677473,
,http://id.who.int/icd/release/11/mms/523677473/other,6E40.Y,,- - Other specified psychological or behavioural factors affecting disorders or diseases classified elsewhere,category,2.0,True,06,,True,True,,,,,,,http://id.who.int/icd/entity/523677473,
,http://id.who.int/icd/release/11/mms/523677473/unspecified,6E40.Z,,"- - Psychological or behavioural factors affecting disorders or diseases classified elsewhere, unspecified",category,2.0,True,06,,True,True,,,,,,,http://id.who.int/icd/entity/523677473,
http://id.who.int/icd/entity/302122526,http://id.who.int/icd/release/11/mms/302122526,,BlockL1-6E6,- Secondary mental or behavioural syndromes associated with disorders or diseases classified elsewhere,block,1.0,False,06,,False,,,,,,,,http://id.who.int/icd/entity/334423054,
http://id.who.int/icd/entity/255980141,http://id.who.int/icd/release/11/mms/255980141,6E60,,- - Secondary neurodevelopmental syndrome,category,1.0,False,06,,False,False,BlockL1-6E6,,,,,,http://id.who.int/icd/entity/302122526,
http://id.who.int/icd/entity/858129053,http://id.who.int/icd/release/11/mms/858129053,6E60.0,,- - - Secondary speech or language syndrome,category,2.0,False,06,,True,False,BlockL1-6E6,,,,,This diagnosis should be assigned in addition to the diagnosis for the presumed underlying disorder or disease when the neurodevelopmental problems are sufficiently severe to warrant specific clinical attention.,http://id.who.int/icd/entity/255980141,
,http://id.who.int/icd/release/11/mms/255980141/other,6E60.Y,,- - - Other specified secondary neurodevelopmental syndrome,category,2.0,True,06,,True,False,BlockL1-6E6,,,,,,http://id.who.int/icd/entity/255980141,
,http://id.who.int/icd/release/11/mms/255980141/unspecified,6E60.Z,,"- - - Secondary neurodevelopmental syndrome, unspecified",category,2.0,True,06,,True,False,BlockL1-6E6,,,,,,http://id.who.int/icd/entity/255980141,
http://id.who.int/icd/entity/696956921,http://id.who.int/icd/release/11/mms/696956921,6E61,,- - Secondary psychotic syndrome,category,1.0,False,06,,False,False,BlockL1-6E6,,,,,,http://id.who.int/icd/entity/302122526,
http://id.who.int/icd/entity/2018051983,http://id.who.int/icd/release/11/mms/2018051983,6E61.0,,"- - - Secondary psychotic syndrome, with hallucinations",category,2.0,False,06,,True,False,BlockL1-6E6,,,,,,http://id.who.int/icd/entity/696956921,
http://id.who.int/icd/entity/566524918,http://id.who.int/icd/release/11/mms/566524918,6E61.1,,"- - - Secondary psychotic syndrome, with delusions",category,2.0,False,06,,True,False,BlockL1-6E6,,,,,,http://id.who.int/icd/entity/696956921,
http://id.who.int/icd/entity/200321643,http://id.who.int/icd/release/11/mms/200321643,6E61.2,,"- - - Secondary psychotic syndrome, with hallucinations and delusions",category,2.0,False,06,,True,False,BlockL1-6E6,,,,,,http://id.who.int/icd/entity/696956921,
http://id.who.int/icd/entity/1603403079,http://id.who.int/icd/release/11/mms/1603403079,6E61.3,,"- - - Secondary psychotic syndrome, with unspecified symptoms",category,2.0,False,06,,True,False,BlockL1-6E6,,,,,,http://id.who.int/icd/entity/696956921,
http://id.who.int/icd/entity/216291184,http://id.who.int/icd/release/11/mms/216291184,6E62,,- - Secondary mood syndrome,category,1.0,False,06,,False,False,BlockL1-6E6,,,,,,http://id.who.int/icd/entity/302122526,
http://id.who.int/icd/entity/241382885,http://id.who.int/icd/release/11/mms/241382885,6E62.0,,"- - - Secondary mood syndrome, with depressive symptoms",category,2.0,False,06,,True,False,BlockL1-6E6,,,,,,http://id.who.int/icd/entity/216291184,
http://id.who.int/icd/entity/880462195,http://id.who.int/icd/release/11/mms/880462195,6E62.1,,"- - - Secondary mood syndrome, with manic symptoms",category,2.0,False,06,,True,False,BlockL1-6E6,,,,,,http://id.who.int/icd/entity/216291184,
http://id.who.int/icd/entity/1899175158,http://id.who.int/icd/release/11/mms/1899175158,6E62.2,,"- - - Secondary mood syndrome, with mixed symptoms",category,2.0,False,06,,True,False,BlockL1-6E6,,,,,,http://id.who.int/icd/entity/216291184,
http://id.who.int/icd/entity/1635245839,http://id.who.int/icd/release/11/mms/1635245839,6E62.3,,"- - - Secondary mood syndrome, with unspecified symptoms",category,2.0,False,06,,True,False,BlockL1-6E6,,,,,,http://id.who.int/icd/entity/216291184,
http://id.who.int/icd/entity/2131412196,http://id.who.int/icd/release/11/mms/2131412196,6E63,,- - Secondary anxiety syndrome,category,1.0,False,06,,True,False,BlockL1-6E6,,,,,,http://id.who.int/icd/entity/302122526,
http://id.who.int/icd/entity/1126473669,http://id.who.int/icd/release/11/mms/1126473669,6E64,,- - Secondary obsessive-compulsive or related syndrome,category,1.0,False,06,,True,False,BlockL1-6E6,,,,,,http://id.who.int/icd/entity/302122526,
http://id.who.int/icd/entity/440469874,http://id.who.int/icd/release/11/mms/440469874,6E65,,- - Secondary dissociative syndrome,category,1.0,False,06,,True,False,BlockL1-6E6,,,,,,http://id.who.int/icd/entity/302122526,
http://id.who.int/icd/entity/1638354338,http://id.who.int/icd/release/11/mms/1638354338,6E66,,- - Secondary impulse control syndrome,category,1.0,False,06,,True,False,BlockL1-6E6,,,,,,http://id.who.int/icd/entity/302122526,
http://id.who.int/icd/entity/235421675,http://id.who.int/icd/release/11/mms/235421675,6E67,,- - Secondary neurocognitive syndrome,category,1.0,False,06,,True,False,BlockL1-6E6,,,,,,http://id.who.int/icd/entity/302122526,
http://id.who.int/icd/entity/1324394161,http://id.who.int/icd/release/11/mms/1324394161,6E68,,- - Secondary personality change,category,1.0,False,06,,True,False,BlockL1-6E6,,,,,,http://id.who.int/icd/entity/302122526,
http://id.who.int/icd/entity/518306574,http://id.who.int/icd/release/11/mms/518306574,6E69,,- - Secondary catatonia syndrome,category,1.0,False,06,,True,False,BlockL1-6E6,,,,,"Use additional code, if desired, for any underlying disorder if known.",http://id.who.int/icd/entity/302122526,
,http://id.who.int/icd/release/11/mms/302122526/other,6E6Y,,- - Other specified secondary mental or behavioural syndrome,category,1.0,True,06,,True,True,BlockL1-6E6,,,,,,http://id.who.int/icd/entity/302122526,
,http://id.who.int/icd/release/11/mms/302122526/unspecified,6E6Z,,"- - Secondary mental or behavioural syndrome, unspecified",category,1.0,True,06,,True,True,BlockL1-6E6,,,,,,http://id.who.int/icd/entity/302122526,
,http://id.who.int/icd/release/11/mms/334423054/other,6E8Y,,"- Other specified mental, behavioural or neurodevelopmental disorders",category,1.0,True,06,,True,True,,,,,,,http://id.who.int/icd/entity/334423054,
,http://id.who.int/icd/release/11/mms/334423054/unspecified,6E8Z,,"- Mental, behavioural or neurodevelopmental disorders, unspecified",category,1.0,True,06,,True,True,,,,,,,http://id.who.int/icd/entity/334423054,
http://id.who.int/icd/entity/1296093776,http://id.who.int/icd/release/11/mms/1296093776,,,Diseases of the nervous system,chapter,1.0,False,08,,False,,,,,,,,,
http://id.who.int/icd/entity/384289569,http://id.who.int/icd/release/11/mms/384289569,,BlockL1-8A0,- Movement disorders,block,1.0,False,08,,False,,,,,,,,http://id.who.int/icd/entity/1296093776,
http://id.who.int/icd/entity/2024168133,http://id.who.int/icd/release/11/mms/2024168133,8A00,,- - Parkinsonism,category,1.0,False,08,,False,True,BlockL1-8A0,,,,,,http://id.who.int/icd/entity/384289569,
http://id.who.int/icd/entity/296066191,http://id.who.int/icd/release/11/mms/296066191,8A00.0,,- - - Parkinson disease,category,2.0,False,08,,False,True,BlockL1-8A0,,,,,,http://id.who.int/icd/entity/2024168133,
http://id.who.int/icd/entity/169504799,http://id.who.int/icd/release/11/mms/169504799,8A00.00,,- - - - Sporadic Parkinson disease,category,3.0,False,08,,True,True,BlockL1-8A0,,,,,,http://id.who.int/icd/entity/296066191,
http://id.who.int/icd/entity/811427861,http://id.who.int/icd/release/11/mms/811427861,8A00.01,,- - - - Familial Parkinson disease,category,3.0,False,08,,True,True,BlockL1-8A0,,,,,,http://id.who.int/icd/entity/296066191,
,http://id.who.int/icd/release/11/mms/296066191/other,8A00.0Y,,- - - - Other specified Parkinson disease,category,3.0,True,08,,True,True,BlockL1-8A0,,,,,,http://id.who.int/icd/entity/296066191,
,http://id.who.int/icd/release/11/mms/296066191/unspecified,8A00.0Z,,"- - - - Parkinson disease, unspecified",category,3.0,True,08,,True,True,BlockL1-8A0,,,,,,http://id.who.int/icd/entity/296066191,
http://id.who.int/icd/entity/598493320,http://id.who.int/icd/release/11/mms/598493320,8A00.1,,- - - Atypical parkinsonism,category,2.0,False,08,,False,True,BlockL1-8A0,,,,,,http://id.who.int/icd/entity/2024168133,
http://id.who.int/icd/entity/1493396558,http://id.who.int/icd/release/11/mms/1493396558,8A00.10,,- - - - Progressive supranuclear palsy,category,3.0,False,08,,True,True,BlockL1-8A0,,,,,,http://id.who.int/icd/entity/598493320,
,http://id.who.int/icd/release/11/mms/598493320/other,8A00.1Y,,- - - - Other specified atypical parkinsonism,category,3.0,True,08,,True,True,BlockL1-8A0,,,,,,http://id.who.int/icd/entity/598493320,
,http://id.who.int/icd/release/11/mms/598493320/unspecified,8A00.1Z,,"- - - - Atypical parkinsonism, unspecified",category,3.0,True,08,,True,True,BlockL1-8A0,,,,,,http://id.who.int/icd/entity/598493320,
http://id.who.int/icd/entity/502110033,http://id.who.int/icd/release/11/mms/502110033,8A00.2,,- - - Secondary parkinsonism,category,2.0,False,08,,False,True,BlockL1-8A0,,,,,,http://id.who.int/icd/entity/2024168133,
http://id.who.int/icd/entity/1736055169,http://id.who.int/icd/release/11/mms/1736055169,8A00.20,,- - - - Parkinsonism due to heredodegenerative disorders,category,3.0,False,08,,True,True,BlockL1-8A0,,,,,,http://id.who.int/icd/entity/502110033,
http://id.who.int/icd/entity/193784690,http://id.who.int/icd/release/11/mms/193784690,8A00.21,,- - - - Hemiparkinsonism hemiatrophy syndrome,category,3.0,False,08,,True,True,BlockL1-8A0,,,,,,http://id.who.int/icd/entity/502110033,
http://id.who.int/icd/entity/1973955757,http://id.who.int/icd/release/11/mms/1973955757,8A00.22,,- - - - Infectious or postinfectious parkinsonism,category,3.0,False,08,,True,True,BlockL1-8A0,,,,,,http://id.who.int/icd/entity/502110033,
http://id.who.int/icd/entity/1852145464,http://id.who.int/icd/release/11/mms/1852145464,8A00.23,,- - - - Vascular parkinsonism,category,3.0,False,08,,True,True,BlockL1-8A0,,,,,,http://id.who.int/icd/entity/502110033,
http://id.who.int/icd/entity/1651874787,http://id.who.int/icd/release/11/mms/1651874787,8A00.24,,- - - - Drug-induced parkinsonism,category,3.0,False,08,,True,True,BlockL1-8A0,,,,,,http://id.who.int/icd/entity/502110033,
http://id.who.int/icd/entity/1335724962,http://id.who.int/icd/release/11/mms/1335724962,8A00.25,,- - - - Post traumatic Parkinsonism,category,3.0,False,08,,True,True,BlockL1-8A0,,,,,,http://id.who.int/icd/entity/502110033,
http://id.who.int/icd/entity/147328446,http://id.who.int/icd/release/11/mms/147328446,8A00.26,,- - - - Parkinsonism due to structural lesions,category,3.0,False,08,,True,True,BlockL1-8A0,,,,,,http://id.who.int/icd/entity/502110033,
,http://id.who.int/icd/release/11/mms/502110033/other,8A00.2Y,,- - - - Other specified secondary parkinsonism,category,3.0,True,08,,True,True,BlockL1-8A0,,,,,,http://id.who.int/icd/entity/502110033,
,http://id.who.int/icd/release/11/mms/502110033/unspecified,8A00.2Z,,"- - - - Secondary parkinsonism, unspecified",category,3.0,True,08,,True,True,BlockL1-8A0,,,,,,http://id.who.int/icd/entity/502110033,
http://id.who.int/icd/entity/1690167305,http://id.who.int/icd/release/11/mms/1690167305,8A00.3,,- - - Functional parkinsonism,category,2.0,False,08,,True,True,BlockL1-8A0,,,,,,http://id.who.int/icd/entity/2024168133,
,http://id.who.int/icd/release/11/mms/2024168133/other,8A00.Y,,- - - Other specified parkinsonism,category,2.0,True,08,,True,True,BlockL1-8A0,,,,,,http://id.who.int/icd/entity/2024168133,
,http://id.who.int/icd/release/11/mms/2024168133/unspecified,8A00.Z,,"- - - Parkinsonism, unspecified",category,2.0,True,08,,True,True,BlockL1-8A0,,,,,,http://id.who.int/icd/entity/2024168133,
http://id.who.int/icd/entity/981681252,http://id.who.int/icd/release/11/mms/981681252,8A01,,- - Choreiform disorders,category,1.0,False,08,,False,True,BlockL1-8A0,,,,,,http://id.who.int/icd/entity/384289569,
http://id.who.int/icd/entity/829618737,http://id.who.int/icd/release/11/mms/829618737,8A01.0,,- - - Benign hereditary chorea,category,2.0,False,08,,True,True,BlockL1-8A0,,,,,,http://id.who.int/icd/entity/981681252,
http://id.who.int/icd/entity/527743894,http://id.who.int/icd/release/11/mms/527743894,8A01.1,,- - - Secondary Chorea,category,2.0,False,08,,False,True,BlockL1-8A0,,,,,,http://id.who.int/icd/entity/981681252,
http://id.who.int/icd/entity/2132180242,http://id.who.int/icd/release/11/mms/2132180242,8A01.10,,- - - - Huntington disease,category,3.0,False,08,,True,True,BlockL1-8A0,,,,,,http://id.who.int/icd/entity/527743894,
http://id.who.int/icd/entity/58404408,http://id.who.int/icd/release/11/mms/58404408,8A01.11,,- - - - Chorea due to Huntington disease-like conditions,category,3.0,False,08,,True,True,BlockL1-8A0,,,,,,http://id.who.int/icd/entity/527743894,
http://id.who.int/icd/entity/1198818955,http://id.who.int/icd/release/11/mms/1198818955,8A01.12,,- - - - Chorea due to Dentatorubral pallidoluysian atrophy,category,3.0,False,08,,True,True,BlockL1-8A0,,,,,,http://id.who.int/icd/entity/527743894,
http://id.who.int/icd/entity/180010771,http://id.who.int/icd/release/11/mms/180010771,8A01.13,,- - - - Chorea due to Wilson disease,category,3.0,False,08,,True,True,BlockL1-8A0,,,,,,http://id.who.int/icd/entity/527743894,
http://id.who.int/icd/entity/863862503,http://id.who.int/icd/release/11/mms/863862503,8A01.14,,- - - - Chorea due to infectious or para-infectious causes,category,3.0,False,08,,True,True,BlockL1-8A0,,,,,,http://id.who.int/icd/entity/527743894,
http://id.who.int/icd/entity/34573343,http://id.who.int/icd/release/11/mms/34573343,8A01.15,,- - - - Chorea due to systemic lupus erythematosus,category,3.0,False,08,,True,True,BlockL1-8A0,,,,,,http://id.who.int/icd/entity/527743894,
http://id.who.int/icd/entity/777125622,http://id.who.int/icd/release/11/mms/777125622,8A01.16,,- - - - Drug-induced chorea,category,3.0,False,08,,True,True,BlockL1-8A0,,,,,,http://id.who.int/icd/entity/527743894,
,http://id.who.int/icd/release/11/mms/527743894/other,8A01.1Y,,- - - - Other specified secondary chorea,category,3.0,True,08,,True,True,BlockL1-8A0,,,,,,http://id.who.int/icd/entity/527743894,
,http://id.who.int/icd/release/11/mms/527743894/unspecified,8A01.1Z,,"- - - - Secondary chorea, unspecified",category,3.0,True,08,,True,True,BlockL1-8A0,,,,,,http://id.who.int/icd/entity/527743894,
http://id.who.int/icd/entity/1164080406,http://id.who.int/icd/release/11/mms/1164080406,8A01.2,,- - - Hemichorea or hemiballismus,category,2.0,False,08,,False,True,BlockL1-8A0,,,,,,http://id.who.int/icd/entity/981681252,
http://id.who.int/icd/entity/460051733,http://id.who.int/icd/release/11/mms/460051733,8A01.20,,- - - - Hemichorea,category,3.0,False,08,,True,True,BlockL1-8A0,,,,,,http://id.who.int/icd/entity/1164080406,
http://id.who.int/icd/entity/25395136,http://id.who.int/icd/release/11/mms/25395136,8A01.21,,- - - - Ballism,category,3.0,False,08,,True,True,BlockL1-8A0,,,,,,http://id.who.int/icd/entity/1164080406,
http://id.who.int/icd/entity/1689587356,http://id.who.int/icd/release/11/mms/1689587356,8A01.22,,- - - - Hemiballism,category,3.0,False,08,,True,True,BlockL1-8A0,,,,,,http://id.who.int/icd/entity/1164080406,
,http://id.who.int/icd/release/11/mms/981681252/other,8A01.Y,,- - - Other specified choreiform disorders,category,2.0,True,08,,True,True,BlockL1-8A0,,,,,,http://id.who.int/icd/entity/981681252,
,http://id.who.int/icd/release/11/mms/981681252/unspecified,8A01.Z,,"- - - Choreiform disorders, unspecified",category,2.0,True,08,,True,True,BlockL1-8A0,,,,,,http://id.who.int/icd/entity/981681252,
http://id.who.int/icd/entity/2145753518,http://id.who.int/icd/release/11/mms/2145753518,8A02,,- - Dystonic disorders,category,1.0,False,08,,False,True,BlockL1-8A0,,,,,,http://id.who.int/icd/entity/384289569,
http://id.who.int/icd/entity/557338504,http://id.who.int/icd/release/11/mms/557338504,8A02.0,,- - - Primary dystonia,category,2.0,False,08,,False,True,BlockL1-8A0,,,,,,http://id.who.int/icd/entity/2145753518,
http://id.who.int/icd/entity/1127235959,http://id.who.int/icd/release/11/mms/1127235959,8A02.00,,- - - - Benign essential blepharospasm,category,3.0,False,08,,True,True,BlockL1-8A0,,,,,,http://id.who.int/icd/entity/557338504,
,http://id.who.int/icd/release/11/mms/557338504/other,8A02.0Y,,- - - - Other specified primary dystonia,category,3.0,True,08,,True,True,BlockL1-8A0,,,,,,http://id.who.int/icd/entity/557338504,
,http://id.who.int/icd/release/11/mms/557338504/unspecified,8A02.0Z,,"- - - - Primary dystonia, unspecified",category,3.0,True,08,,True,True,BlockL1-8A0,,,,,,http://id.who.int/icd/entity/557338504,
http://id.who.int/icd/entity/209464984,http://id.who.int/icd/release/11/mms/209464984,8A02.1,,- - - Secondary dystonia,category,2.0,False,08,,False,True,BlockL1-8A0,,,,,,http://id.who.int/icd/entity/2145753518,
http://id.who.int/icd/entity/678203506,http://id.who.int/icd/release/11/mms/678203506,8A02.10,,- - - - Drug-induced dystonia,category,3.0,False,08,,True,True,BlockL1-8A0,,,,,,http://id.who.int/icd/entity/209464984,
http://id.who.int/icd/entity/378693810,http://id.who.int/icd/release/11/mms/378693810,8A02.11,,- - - - Dystonia-plus,category,3.0,False,08,,True,True,BlockL1-8A0,,,,,,http://id.who.int/icd/entity/209464984,
http://id.who.int/icd/entity/803006786,http://id.who.int/icd/release/11/mms/803006786,8A02.12,,- - - - Dystonia associated with heredodegenerative disorders,category,3.0,False,08,,True,True,BlockL1-8A0,,,,,,http://id.who.int/icd/entity/209464984,
,http://id.who.int/icd/release/11/mms/209464984/other,8A02.1Y,,- - - - Other specified secondary dystonia,category,3.0,True,08,,True,True,BlockL1-8A0,,,,,,http://id.who.int/icd/entity/209464984,
,http://id.who.int/icd/release/11/mms/209464984/unspecified,8A02.1Z,,"- - - - Secondary dystonia, unspecified",category,3.0,True,08,,True,True,BlockL1-8A0,,,,,,http://id.who.int/icd/entity/209464984,
http://id.who.int/icd/entity/2047715743,http://id.who.int/icd/release/11/mms/2047715743,8A02.2,,- - - Paroxysmal dystonia,category,2.0,False,08,,True,True,BlockL1-8A0,,,,,,http://id.who.int/icd/entity/2145753518,
http://id.who.int/icd/entity/629477838,http://id.who.int/icd/release/11/mms/629477838,8A02.3,,- - - Functional dystonia or spasms,category,2.0,False,08,,True,True,BlockL1-8A0,,,,,,http://id.who.int/icd/entity/2145753518,
,http://id.who.int/icd/release/11/mms/2145753518/other,8A02.Y,,- - - Other specified dystonic disorders,category,2.0,True,08,,True,True,BlockL1-8A0,,,,,,http://id.who.int/icd/entity/2145753518,
,http://id.who.int/icd/release/11/mms/2145753518/unspecified,8A02.Z,,"- - - Dystonic disorders, unspecified",category,2.0,True,08,,True,True,BlockL1-8A0,,,,,,http://id.who.int/icd/entity/2145753518,
http://id.who.int/icd/entity/1705355202,http://id.who.int/icd/release/11/mms/1705355202,8A03,,- - Ataxic disorders,category,1.0,False,08,,False,True,BlockL1-8A0,,,,,,http://id.who.int/icd/entity/384289569,
http://id.who.int/icd/entity/923808550,http://id.who.int/icd/release/11/mms/923808550,8A03.0,,- - - Congenital ataxia,category,2.0,False,08,,True,True,BlockL1-8A0,,,,,,http://id.who.int/icd/entity/1705355202,
http://id.who.int/icd/entity/442347652,http://id.who.int/icd/release/11/mms/442347652,8A03.1,,- - - Hereditary ataxia,category,2.0,False,08,,False,True,BlockL1-8A0,,,,,,http://id.who.int/icd/entity/1705355202,
http://id.who.int/icd/entity/980686666,http://id.who.int/icd/release/11/mms/980686666,8A03.10,,- - - - Friedreich ataxia,category,3.0,False,08,,True,True,BlockL1-8A0,,,,,,http://id.who.int/icd/entity/442347652,
http://id.who.int/icd/entity/361859443,http://id.who.int/icd/release/11/mms/361859443,8A03.11,,- - - - Ataxia due to Cerebrotendinous xanthomatosis,category,3.0,False,08,,True,True,BlockL1-8A0,,,,,,http://id.who.int/icd/entity/442347652,
http://id.who.int/icd/entity/2055588684,http://id.who.int/icd/release/11/mms/2055588684,8A03.12,,- - - - Ataxia due to Refsum disease,category,3.0,False,08,,True,True,BlockL1-8A0,,,,,,http://id.who.int/icd/entity/442347652,
http://id.who.int/icd/entity/203890331,http://id.who.int/icd/release/11/mms/203890331,8A03.13,,- - - - Ataxia due to abetalipoproteinemia,category,3.0,False,08,,True,True,BlockL1-8A0,,,,,,http://id.who.int/icd/entity/442347652,
http://id.who.int/icd/entity/423095680,http://id.who.int/icd/release/11/mms/423095680,8A03.14,,- - - - Hereditary episodic ataxia,category,3.0,False,08,,True,True,BlockL1-8A0,,,,,,http://id.who.int/icd/entity/442347652,
http://id.who.int/icd/entity/180800797,http://id.who.int/icd/release/11/mms/180800797,8A03.15,,- - - - Ataxia due to mitochondrial mutations,category,3.0,False,08,,True,True,BlockL1-8A0,,,,,,http://id.who.int/icd/entity/442347652,
http://id.who.int/icd/entity/600993818,http://id.who.int/icd/release/11/mms/600993818,8A03.16,,- - - - Spinocerebellar ataxia,category,3.0,False,08,,True,True,BlockL1-8A0,,,,,,http://id.who.int/icd/entity/442347652,
,http://id.who.int/icd/release/11/mms/442347652/other,8A03.1Y,,- - - - Other specified hereditary ataxia,category,3.0,True,08,,True,True,BlockL1-8A0,,,,,,http://id.who.int/icd/entity/442347652,
,http://id.who.int/icd/release/11/mms/442347652/unspecified,8A03.1Z,,"- - - - Hereditary ataxia, unspecified",category,3.0,True,08,,True,True,BlockL1-8A0,,,,,,http://id.who.int/icd/entity/442347652,
http://id.who.int/icd/entity/1257393361,http://id.who.int/icd/release/11/mms/1257393361,8A03.2,,- - - Non-hereditary degenerative ataxia,category,2.0,False,08,,False,True,BlockL1-8A0,,,,,,http://id.who.int/icd/entity/1705355202,
http://id.who.int/icd/entity/47298761,http://id.who.int/icd/release/11/mms/47298761,8A03.20,,- - - - Late onset cerebellar cortical atrophy,category,3.0,False,08,,True,True,BlockL1-8A0,,,,,,http://id.who.int/icd/entity/1257393361,
,http://id.who.int/icd/release/11/mms/1257393361/other,8A03.2Y,,- - - - Other specified non-hereditary degenerative ataxia,category,3.0,True,08,,True,True,BlockL1-8A0,,,,,,http://id.who.int/icd/entity/1257393361,
,http://id.who.int/icd/release/11/mms/1257393361/unspecified,8A03.2Z,,"- - - - Non-hereditary degenerative ataxia, unspecified",category,3.0,True,08,,True,True,BlockL1-8A0,,,,,,http://id.who.int/icd/entity/1257393361,
http://id.who.int/icd/entity/71197968,http://id.who.int/icd/release/11/mms/71197968,8A03.3,,- - - Acquired ataxia,category,2.0,False,08,,False,True,BlockL1-8A0,,,,,,http://id.who.int/icd/entity/1705355202,
http://id.who.int/icd/entity/1532145862,http://id.who.int/icd/release/11/mms/1532145862,8A03.30,,- - - - Ataxia due to alcoholic cerebellar degeneration,category,3.0,False,08,,True,True,BlockL1-8A0,,,,,,http://id.who.int/icd/entity/71197968,
,http://id.who.int/icd/release/11/mms/71197968/other,8A03.3Y,,- - - - Other specified acquired ataxia,category,3.0,True,08,,True,True,BlockL1-8A0,,,,,,http://id.who.int/icd/entity/71197968,
,http://id.who.int/icd/release/11/mms/71197968/unspecified,8A03.3Z,,"- - - - Acquired ataxia, unspecified",category,3.0,True,08,,True,True,BlockL1-8A0,,,,,,http://id.who.int/icd/entity/71197968,
,http://id.who.int/icd/release/11/mms/1705355202/other,8A03.Y,,- - - Other specified ataxic disorders,category,2.0,True,08,,True,True,BlockL1-8A0,,,,,,http://id.who.int/icd/entity/1705355202,
,http://id.who.int/icd/release/11/mms/1705355202/unspecified,8A03.Z,,"- - - Ataxic disorders, unspecified",category,2.0,True,08,,True,True,BlockL1-8A0,,,,,,http://id.who.int/icd/entity/1705355202,
http://id.who.int/icd/entity/645263329,http://id.who.int/icd/release/11/mms/645263329,8A04,,- - Disorders associated with tremor,category,1.0,False,08,,False,True,BlockL1-8A0,,,,,,http://id.who.int/icd/entity/384289569,
http://id.who.int/icd/entity/430441106,http://id.who.int/icd/release/11/mms/430441106,8A04.0,,- - - Enhanced physiological tremor,category,2.0,False,08,,True,True,BlockL1-8A0,,,,,,http://id.who.int/icd/entity/645263329,
http://id.who.int/icd/entity/1036027657,http://id.who.int/icd/release/11/mms/1036027657,8A04.1,,- - - Essential tremor or related tremors,category,2.0,False,08,,True,True,BlockL1-8A0,,,,,,http://id.who.int/icd/entity/645263329,
http://id.who.int/icd/entity/154193612,http://id.who.int/icd/release/11/mms/154193612,8A04.2,,- - - Rest tremor,category,2.0,False,08,,True,True,BlockL1-8A0,,,,,,http://id.who.int/icd/entity/645263329,
http://id.who.int/icd/entity/1811820459,http://id.who.int/icd/release/11/mms/1811820459,8A04.3,,- - - Secondary tremor,category,2.0,False,08,,False,True,BlockL1-8A0,,,,,,http://id.who.int/icd/entity/645263329,
http://id.who.int/icd/entity/775627756,http://id.who.int/icd/release/11/mms/775627756,8A04.30,,- - - - Tremor due to metabolic disorders,category,3.0,False,08,,True,True,BlockL1-8A0,,,,,,http://id.who.int/icd/entity/1811820459,
http://id.who.int/icd/entity/141798982,http://id.who.int/icd/release/11/mms/141798982,8A04.31,,- - - - Tremor due to chronic or acute substance use,category,3.0,False,08,,True,True,BlockL1-8A0,,,,,,http://id.who.int/icd/entity/1811820459,
http://id.who.int/icd/entity/40194311,http://id.who.int/icd/release/11/mms/40194311,8A04.32,,- - - - Tremor due to drug withdrawal,category,3.0,False,08,,True,True,BlockL1-8A0,,,,,,http://id.who.int/icd/entity/1811820459,
http://id.who.int/icd/entity/2017558361,http://id.who.int/icd/release/11/mms/2017558361,8A04.33,,- - - - Tremor due to certain specified central nervous system diseases,category,3.0,False,08,,True,True,BlockL1-8A0,,,,,,http://id.who.int/icd/entity/1811820459,
,http://id.who.int/icd/release/11/mms/1811820459/other,8A04.3Y,,- - - - Other specified secondary tremor,category,3.0,True,08,,True,True,BlockL1-8A0,,,,,,http://id.who.int/icd/entity/1811820459,
,http://id.who.int/icd/release/11/mms/1811820459/unspecified,8A04.3Z,,"- - - - Secondary tremor, unspecified",category,3.0,True,08,,True,True,BlockL1-8A0,,,,,,http://id.who.int/icd/entity/1811820459,
http://id.who.int/icd/entity/288547754,http://id.who.int/icd/release/11/mms/288547754,8A04.4,,- - - Functional tremor,category,2.0,False,08,,True,True,BlockL1-8A0,,,,,,http://id.who.int/icd/entity/645263329,
,http://id.who.int/icd/release/11/mms/645263329/other,8A04.Y,,- - - Other specified disorders associated with tremor,category,2.0,True,08,,True,True,BlockL1-8A0,,,,,,http://id.who.int/icd/entity/645263329,
,http://id.who.int/icd/release/11/mms/645263329/unspecified,8A04.Z,,"- - - Disorders associated with tremor, unspecified",category,2.0,True,08,,True,True,BlockL1-8A0,,,,,,http://id.who.int/icd/entity/645263329,
http://id.who.int/icd/entity/1894671574,http://id.who.int/icd/release/11/mms/1894671574,8A05,,- - Tic disorders,category,1.0,False,08,,False,True,BlockL1-8A0,,,,,,http://id.who.int/icd/entity/384289569,
http://id.who.int/icd/entity/765464219,http://id.who.int/icd/release/11/mms/765464219,8A05.0,,- - - Primary tics or tic disorders,category,2.0,False,08,,False,True,BlockL1-8A0,,,,,,http://id.who.int/icd/entity/1894671574,
http://id.who.int/icd/entity/119340957,http://id.who.int/icd/release/11/mms/119340957,8A05.00,,- - - - Tourette syndrome,category,3.0,False,08,,True,True,BlockL1-8A0,,,,,,http://id.who.int/icd/entity/765464219,
http://id.who.int/icd/entity/1649340159,http://id.who.int/icd/release/11/mms/1649340159,8A05.01,,- - - - Chronic motor tic disorder,category,3.0,False,08,,True,True,BlockL1-8A0,,,,,,http://id.who.int/icd/entity/765464219,
http://id.who.int/icd/entity/169010223,http://id.who.int/icd/release/11/mms/169010223,8A05.02,,- - - - Chronic phonic tic disorder,category,3.0,False,08,,True,True,BlockL1-8A0,,,,,,http://id.who.int/icd/entity/765464219,
http://id.who.int/icd/entity/1087192220,http://id.who.int/icd/release/11/mms/1087192220,8A05.03,,- - - - Transient motor tics,category,3.0,False,08,,True,True,BlockL1-8A0,,,,,,http://id.who.int/icd/entity/765464219,
,http://id.who.int/icd/release/11/mms/765464219/other,8A05.0Y,,- - - - Other specified primary tics or tic disorders,category,3.0,True,08,,True,True,BlockL1-8A0,,,,,,http://id.who.int/icd/entity/765464219,
,http://id.who.int/icd/release/11/mms/765464219/unspecified,8A05.0Z,,"- - - - Primary tics or tic disorders, unspecified",category,3.0,True,08,,True,True,BlockL1-8A0,,,,,,http://id.who.int/icd/entity/765464219,
http://id.who.int/icd/entity/1575074953,http://id.who.int/icd/release/11/mms/1575074953,8A05.1,,- - - Secondary tics or tic disorders,category,2.0,False,08,,False,True,BlockL1-8A0,,,,,,http://id.who.int/icd/entity/1894671574,
http://id.who.int/icd/entity/1877502096,http://id.who.int/icd/release/11/mms/1877502096,8A05.10,,- - - - Infectious or postinfectious tics,category,3.0,False,08,,True,True,BlockL1-8A0,,,,,,http://id.who.int/icd/entity/1575074953,
http://id.who.int/icd/entity/822078855,http://id.who.int/icd/release/11/mms/822078855,8A05.11,,- - - - Tics associated with developmental disorders,category,3.0,False,08,,True,True,BlockL1-8A0,,,,,,http://id.who.int/icd/entity/1575074953,
,http://id.who.int/icd/release/11/mms/1575074953/other,8A05.1Y,,- - - - Other specified secondary tics or tic disorders,category,3.0,True,08,,True,True,BlockL1-8A0,,,,,,http://id.who.int/icd/entity/1575074953,
,http://id.who.int/icd/release/11/mms/1575074953/unspecified,8A05.1Z,,"- - - - Secondary tics or tic disorders, unspecified",category,3.0,True,08,,True,True,BlockL1-8A0,,,,,,http://id.who.int/icd/entity/1575074953,
,http://id.who.int/icd/release/11/mms/1894671574/other,8A05.Y,,- - - Other specified tic disorders,category,2.0,True,08,,True,True,BlockL1-8A0,,,,,,http://id.who.int/icd/entity/1894671574,
,http://id.who.int/icd/release/11/mms/1894671574/unspecified,8A05.Z,,"- - - Tic disorders, unspecified",category,2.0,True,08,,True,True,BlockL1-8A0,,,,,,http://id.who.int/icd/entity/1894671574,
http://id.who.int/icd/entity/1231935480,http://id.who.int/icd/release/11/mms/1231935480,8A06,,- - Myoclonic disorders,category,1.0,False,08,,False,True,BlockL1-8A0,,,,,,http://id.who.int/icd/entity/384289569,
http://id.who.int/icd/entity/179893645,http://id.who.int/icd/release/11/mms/179893645,8A06.0,,- - - Essential myoclonus,category,2.0,False,08,,True,True,BlockL1-8A0,,,,,,http://id.who.int/icd/entity/1231935480,
http://id.who.int/icd/entity/1126823287,http://id.who.int/icd/release/11/mms/1126823287,8A06.1,,- - - Segmental myoclonus,category,2.0,False,08,,True,True,BlockL1-8A0,,,,,,http://id.who.int/icd/entity/1231935480,
http://id.who.int/icd/entity/888456807,http://id.who.int/icd/release/11/mms/888456807,8A06.2,,- - - Focal myoclonus,category,2.0,False,08,,False,True,BlockL1-8A0,,,,,,http://id.who.int/icd/entity/1231935480,
http://id.who.int/icd/entity/1862613145,http://id.who.int/icd/release/11/mms/1862613145,8A06.20,,- - - - Palatal myoclonus,category,3.0,False,08,,True,True,BlockL1-8A0,,,,,,http://id.who.int/icd/entity/888456807,
http://id.who.int/icd/entity/1300687612,http://id.who.int/icd/release/11/mms/1300687612,8A06.21,,- - - - Chronic hiccups,category,3.0,False,08,,True,True,BlockL1-8A0,,,,,,http://id.who.int/icd/entity/888456807,
,http://id.who.int/icd/release/11/mms/888456807/other,8A06.2Y,,- - - - Other specified focal myoclonus,category,3.0,True,08,,True,True,BlockL1-8A0,,,,,,http://id.who.int/icd/entity/888456807,
,http://id.who.int/icd/release/11/mms/888456807/unspecified,8A06.2Z,,"- - - - Focal myoclonus, unspecified",category,3.0,True,08,,True,True,BlockL1-8A0,,,,,,http://id.who.int/icd/entity/888456807,
,http://id.who.int/icd/release/11/mms/1231935480/other,8A06.Y,,- - - Other specified myoclonic disorders,category,2.0,True,08,,True,True,BlockL1-8A0,,,,,,http://id.who.int/icd/entity/1231935480,
,http://id.who.int/icd/release/11/mms/1231935480/unspecified,8A06.Z,,"- - - Myoclonic disorders, unspecified",category,2.0,True,08,,True,True,BlockL1-8A0,,,,,,http://id.who.int/icd/entity/1231935480,
http://id.who.int/icd/entity/460883639,http://id.who.int/icd/release/11/mms/460883639,8A07,,- - Certain specified movement disorder,category,1.0,False,08,,False,True,BlockL1-8A0,,,,,,http://id.who.int/icd/entity/384289569,
http://id.who.int/icd/entity/1508785243,http://id.who.int/icd/release/11/mms/1508785243,8A07.0,,- - - Stereotypies,category,2.0,False,08,,False,True,BlockL1-8A0,,,,,,http://id.who.int/icd/entity/460883639,
http://id.who.int/icd/entity/936832132,http://id.who.int/icd/release/11/mms/936832132,8A07.00,,- - - - Primary stereotypy,category,3.0,False,08,,True,True,BlockL1-8A0,,,,,,http://id.who.int/icd/entity/1508785243,
http://id.who.int/icd/entity/1160998486,http://id.who.int/icd/release/11/mms/1160998486,8A07.01,,- - - - Secondary stereotypy,category,3.0,False,08,,True,True,BlockL1-8A0,,,,,,http://id.who.int/icd/entity/1508785243,
,http://id.who.int/icd/release/11/mms/1508785243/other,8A07.0Y,,- - - - Other specified stereotypies,category,3.0,True,08,,True,True,BlockL1-8A0,,,,,,http://id.who.int/icd/entity/1508785243,
,http://id.who.int/icd/release/11/mms/1508785243/unspecified,8A07.0Z,,"- - - - Stereotypies, unspecified",category,3.0,True,08,,True,True,BlockL1-8A0,,,,,,http://id.who.int/icd/entity/1508785243,
http://id.who.int/icd/entity/1975710133,http://id.who.int/icd/release/11/mms/1975710133,8A07.1,,- - - Akathisia,category,2.0,False,08,,True,True,BlockL1-8A0,,,,,,http://id.who.int/icd/entity/460883639,
http://id.who.int/icd/entity/334083632,http://id.who.int/icd/release/11/mms/334083632,8A07.2,,- - - Excessive startle reflex,category,2.0,False,08,,True,True,BlockL1-8A0,,,,,,http://id.who.int/icd/entity/460883639,
,http://id.who.int/icd/release/11/mms/384289569/other,8A0Y,,- - Other specified movement disorders,category,1.0,True,08,,True,True,BlockL1-8A0,,,,,,http://id.who.int/icd/entity/384289569,
,http://id.who.int/icd/release/11/mms/384289569/unspecified,8A0Z,,"- - Movement disorders, unspecified",category,1.0,True,08,,True,True,BlockL1-8A0,,,,,,http://id.who.int/icd/entity/384289569,
http://id.who.int/icd/entity/1719545571,http://id.who.int/icd/release/11/mms/1719545571,,BlockL1-8A2,- Disorders with neurocognitive impairment as a major feature,block,1.0,False,08,,False,,,,,,,,http://id.who.int/icd/entity/1296093776,
http://id.who.int/icd/entity/1611724421,http://id.who.int/icd/release/11/mms/1611724421,8A20,,- - Alzheimer disease,category,1.0,False,08,,True,True,BlockL1-8A2,,,,,,http://id.who.int/icd/entity/1719545571,
http://id.who.int/icd/entity/1345814274,http://id.who.int/icd/release/11/mms/1345814274,8A21,,- - Progressive focal atrophies,category,1.0,False,08,,False,True,BlockL1-8A2,,,,,,http://id.who.int/icd/entity/1719545571,
http://id.who.int/icd/entity/377572273,http://id.who.int/icd/release/11/mms/377572273,8A21.0,,- - - Posterior cortical atrophy,category,2.0,False,08,,True,True,BlockL1-8A2,,,,,,http://id.who.int/icd/entity/1345814274,
,http://id.who.int/icd/release/11/mms/1345814274/other,8A21.Y,,- - - Other specified progressive focal atrophies,category,2.0,True,08,,True,True,BlockL1-8A2,,,,,,http://id.who.int/icd/entity/1345814274,
,http://id.who.int/icd/release/11/mms/1345814274/unspecified,8A21.Z,,"- - - Progressive focal atrophies, unspecified",category,2.0,True,08,,True,True,BlockL1-8A2,,,,,,http://id.who.int/icd/entity/1345814274,
http://id.who.int/icd/entity/2091156678,http://id.who.int/icd/release/11/mms/2091156678,8A22,,- - Lewy body disease,category,1.0,False,08,,True,True,BlockL1-8A2,,,,,,http://id.who.int/icd/entity/1719545571,
http://id.who.int/icd/entity/2099230583,http://id.who.int/icd/release/11/mms/2099230583,8A23,,- - Frontotemporal lobar degeneration,category,1.0,False,08,,True,True,BlockL1-8A2,,,,,,http://id.who.int/icd/entity/1719545571,
,http://id.who.int/icd/release/11/mms/1719545571/other,8A2Y,,- - Other specified disorders with neurocognitive impairment as a major feature,category,1.0,True,08,,True,True,BlockL1-8A2,,,,,,http://id.who.int/icd/entity/1719545571,
,http://id.who.int/icd/release/11/mms/1719545571/unspecified,8A2Z,,"- - Disorders with neurocognitive impairment as a major feature, unspecified",category,1.0,True,08,,True,True,BlockL1-8A2,,,,,,http://id.who.int/icd/entity/1719545571,
http://id.who.int/icd/entity/724748131,http://id.who.int/icd/release/11/mms/724748131,,BlockL1-8A4,- Multiple sclerosis or other white matter disorders,block,1.0,False,08,,False,,,,,,,,http://id.who.int/icd/entity/1296093776,
http://id.who.int/icd/entity/1298865187,http://id.who.int/icd/release/11/mms/1298865187,8A40,,- - Multiple sclerosis,category,1.0,False,08,,False,True,BlockL1-8A4,,,,,,http://id.who.int/icd/entity/724748131,
http://id.who.int/icd/entity/799053936,http://id.who.int/icd/release/11/mms/799053936,8A40.0,,- - - Relapsing-remitting multiple sclerosis,category,2.0,False,08,,True,True,BlockL1-8A4,,,,,,http://id.who.int/icd/entity/1298865187,
http://id.who.int/icd/entity/1020720762,http://id.who.int/icd/release/11/mms/1020720762,8A40.1,,- - - Primary progressive multiple sclerosis,category,2.0,False,08,,True,True,BlockL1-8A4,,,,,"This category is to be used to indicate Primary progressive multiple sclerosis which is progressive from onset but includes progressive - relapsing, or is progressive from onset with a single relapse",http://id.who.int/icd/entity/1298865187,
http://id.who.int/icd/entity/1045965709,http://id.who.int/icd/release/11/mms/1045965709,8A40.2,,- - - Secondary progressive multiple sclerosis,category,2.0,False,08,,True,True,BlockL1-8A4,,,,,"This category is to be used to indicate Secondary progressive multiple sclerosis, after an initially relapsing/remitting course (includes remitting relapsing progressive, may have superimposed relapses)",http://id.who.int/icd/entity/1298865187,
,http://id.who.int/icd/release/11/mms/1298865187/other,8A40.Y,,- - - Other specified multiple sclerosis,category,2.0,True,08,,True,True,BlockL1-8A4,,,,,,http://id.who.int/icd/entity/1298865187,
,http://id.who.int/icd/release/11/mms/1298865187/unspecified,8A40.Z,,"- - - Multiple sclerosis, unspecified",category,2.0,True,08,,True,True,BlockL1-8A4,,,,,,http://id.who.int/icd/entity/1298865187,
http://id.who.int/icd/entity/1690813510,http://id.who.int/icd/release/11/mms/1690813510,8A41,,- - Isolated demyelinating syndromes of the central nervous system,category,1.0,False,08,,False,True,BlockL1-8A4,,,,,,http://id.who.int/icd/entity/724748131,
http://id.who.int/icd/entity/1328350091,http://id.who.int/icd/release/11/mms/1328350091,8A41.0,,- - - Transverse myelitis,category,2.0,False,08,,True,True,BlockL1-8A4,,,,,,http://id.who.int/icd/entity/1690813510,
http://id.who.int/icd/entity/605048789,http://id.who.int/icd/release/11/mms/605048789,8A41.1,,- - - Neuromyelitis optica myelin oligodendrocyte glycoprotein antibody-positive,category,2.0,False,08,,True,True,BlockL1-8A4,,,,,,http://id.who.int/icd/entity/1690813510,
,http://id.who.int/icd/release/11/mms/1690813510/other,8A41.Y,,- - - Other specified isolated demyelinating syndromes of the central nervous system,category,2.0,True,08,,True,True,BlockL1-8A4,,,,,,http://id.who.int/icd/entity/1690813510,
,http://id.who.int/icd/release/11/mms/1690813510/unspecified,8A41.Z,,"- - - Isolated demyelinating syndromes of the central nervous system, unspecified",category,2.0,True,08,,True,True,BlockL1-8A4,,,,,,http://id.who.int/icd/entity/1690813510,
http://id.who.int/icd/entity/1390433308,http://id.who.int/icd/release/11/mms/1390433308,8A42,,- - Acute disseminated encephalomyelitis,category,1.0,False,08,,False,True,BlockL1-8A4,,,,,,http://id.who.int/icd/entity/724748131,
http://id.who.int/icd/entity/1226230164,http://id.who.int/icd/release/11/mms/1226230164,8A42.0,,- - - Acute haemorrhagic leukoencephalitis,category,2.0,False,08,,True,True,BlockL1-8A4,,,,,,http://id.who.int/icd/entity/1390433308,
,http://id.who.int/icd/release/11/mms/1390433308/other,8A42.Y,,- - - Other specified acute disseminated encephalomyelitis,category,2.0,True,08,,True,True,BlockL1-8A4,,,,,,http://id.who.int/icd/entity/1390433308,
,http://id.who.int/icd/release/11/mms/1390433308/unspecified,8A42.Z,,"- - - Acute disseminated encephalomyelitis, unspecified",category,2.0,True,08,,True,True,BlockL1-8A4,,,,,,http://id.who.int/icd/entity/1390433308,
http://id.who.int/icd/entity/744293382,http://id.who.int/icd/release/11/mms/744293382,8A43,,- - Neuromyelitis optica,category,1.0,False,08,,False,True,BlockL1-8A4,,,,,,http://id.who.int/icd/entity/724748131,
http://id.who.int/icd/entity/73324466,http://id.who.int/icd/release/11/mms/73324466,8A43.0,,- - - Neuromyelitis optica aquaporin-4 antibody positive,category,2.0,False,08,,True,True,BlockL1-8A4,,,,,,http://id.who.int/icd/entity/744293382,
http://id.who.int/icd/entity/869136080,http://id.who.int/icd/release/11/mms/869136080,8A43.1,,- - - Neuromyelitis optica aquaporin-4 antibody negative,category,2.0,False,08,,True,True,BlockL1-8A4,,,,,,http://id.who.int/icd/entity/744293382,
http://id.who.int/icd/entity/1921504316,http://id.who.int/icd/release/11/mms/1921504316,8A43.2,,- - - Single transverse myelitis aquaporin-4 antibody positive,category,2.0,False,08,,True,True,BlockL1-8A4,,,,,,http://id.who.int/icd/entity/744293382,
http://id.who.int/icd/entity/1829846416,http://id.who.int/icd/release/11/mms/1829846416,8A43.3,,- - - Recurrent transverse myelitis aquaporin-4 antibody positive,category,2.0,False,08,,True,True,BlockL1-8A4,,,,,,http://id.who.int/icd/entity/744293382,
http://id.who.int/icd/entity/1119109040,http://id.who.int/icd/release/11/mms/1119109040,8A43.4,,- - - Single optic neuritis aquaporin-4 antibody positive,category,2.0,False,08,,True,True,BlockL1-8A4,,,,,,http://id.who.int/icd/entity/744293382,
http://id.who.int/icd/entity/678566494,http://id.who.int/icd/release/11/mms/678566494,8A43.5,,- - - Recurrent optic neuritis aquaporin-4 antibody positive,category,2.0,False,08,,True,True,BlockL1-8A4,,,,,,http://id.who.int/icd/entity/744293382,
,http://id.who.int/icd/release/11/mms/744293382/other,8A43.Y,,- - - Other specified neuromyelitis optica,category,2.0,True,08,,True,True,BlockL1-8A4,,,,,,http://id.who.int/icd/entity/744293382,
,http://id.who.int/icd/release/11/mms/744293382/unspecified,8A43.Z,,"- - - Neuromyelitis optica, unspecified",category,2.0,True,08,,True,True,BlockL1-8A4,,,,,,http://id.who.int/icd/entity/744293382,
http://id.who.int/icd/entity/468040251,http://id.who.int/icd/release/11/mms/468040251,8A44,,- - Leukodystrophies,category,1.0,False,08,,False,True,BlockL1-8A4,,,,,,http://id.who.int/icd/entity/724748131,
http://id.who.int/icd/entity/1313582105,http://id.who.int/icd/release/11/mms/1313582105,8A44.0,,- - - Pelizaeus-Merzbacher disease,category,2.0,False,08,,True,True,BlockL1-8A4,,,,,,http://id.who.int/icd/entity/468040251,
http://id.who.int/icd/entity/1085655586,http://id.who.int/icd/release/11/mms/1085655586,8A44.1,,- - - Adrenoleukodystrophy,category,2.0,False,08,,True,True,BlockL1-8A4,,,,,,http://id.who.int/icd/entity/468040251,
http://id.who.int/icd/entity/2023359698,http://id.who.int/icd/release/11/mms/2023359698,8A44.2,,- - - Alexander disease,category,2.0,False,08,,True,True,BlockL1-8A4,,,,,,http://id.who.int/icd/entity/468040251,
http://id.who.int/icd/entity/1407140179,http://id.who.int/icd/release/11/mms/1407140179,8A44.3,,- - - Certain specified leukodystrophies,category,2.0,False,08,,True,True,BlockL1-8A4,,,,,,http://id.who.int/icd/entity/468040251,
http://id.who.int/icd/entity/796317173,http://id.who.int/icd/release/11/mms/796317173,8A44.4,,- - - Krabbe disease,category,2.0,False,08,,True,True,BlockL1-8A4,,,,,,http://id.who.int/icd/entity/468040251,
,http://id.who.int/icd/release/11/mms/468040251/unspecified,8A44.Z,,"- - - Leukodystrophies, unspecified",category,2.0,True,08,,True,True,BlockL1-8A4,,,,,,http://id.who.int/icd/entity/468040251,
http://id.who.int/icd/entity/1494277413,http://id.who.int/icd/release/11/mms/1494277413,8A45,,- - Secondary white matter disorders,category,1.0,False,08,,False,False,BlockL1-8A4,,,,,,http://id.who.int/icd/entity/724748131,
http://id.who.int/icd/entity/565740065,http://id.who.int/icd/release/11/mms/565740065,8A45.0,,- - - White matter disorders due to infections,category,2.0,False,08,,False,False,BlockL1-8A4,,,,,,http://id.who.int/icd/entity/1494277413,
http://id.who.int/icd/entity/1043229589,http://id.who.int/icd/release/11/mms/1043229589,8A45.00,,- - - - Human T-cell lymphotropic virus-associated myelopathy,category,3.0,False,08,,True,False,BlockL1-8A4,,,,,,http://id.who.int/icd/entity/565740065,
http://id.who.int/icd/entity/1098683540,http://id.who.int/icd/release/11/mms/1098683540,8A45.01,,- - - - Subacute sclerosing panencephalitis,category,3.0,False,08,,True,False,BlockL1-8A4,,,,,,http://id.who.int/icd/entity/565740065,
http://id.who.int/icd/entity/902939755,http://id.who.int/icd/release/11/mms/902939755,8A45.02,,- - - - Progressive multifocal leukoencephalopathy,category,3.0,False,08,,True,False,BlockL1-8A4,,,,,,http://id.who.int/icd/entity/565740065,
,http://id.who.int/icd/release/11/mms/565740065/other,8A45.0Y,,- - - - Other specified white matter disorders due to infections,category,3.0,True,08,,True,False,BlockL1-8A4,,,,,,http://id.who.int/icd/entity/565740065,
,http://id.who.int/icd/release/11/mms/565740065/unspecified,8A45.0Z,,"- - - - White matter disorders due to infections, unspecified",category,3.0,True,08,,True,False,BlockL1-8A4,,,,,,http://id.who.int/icd/entity/565740065,
http://id.who.int/icd/entity/607889687,http://id.who.int/icd/release/11/mms/607889687,8A45.1,,- - - White matter disorders due to toxicity,category,2.0,False,08,,True,False,BlockL1-8A4,,,,,,http://id.who.int/icd/entity/1494277413,
http://id.who.int/icd/entity/988300061,http://id.who.int/icd/release/11/mms/988300061,8A45.2,,- - - White matter disorders due to vascular abnormality or ischemia,category,2.0,False,08,,False,False,BlockL1-8A4,,,,,,http://id.who.int/icd/entity/1494277413,
http://id.who.int/icd/entity/1593319304,http://id.who.int/icd/release/11/mms/1593319304,8A45.20,,- - - - White matter disorder due to CADASIL,category,3.0,False,08,,True,False,BlockL1-8A4,,,,,,http://id.who.int/icd/entity/988300061,
http://id.who.int/icd/entity/937824238,http://id.who.int/icd/release/11/mms/937824238,8A45.21,,- - - - Subacute necrotising myelitis,category,3.0,False,08,,True,False,BlockL1-8A4,,,,,,http://id.who.int/icd/entity/988300061,
,http://id.who.int/icd/release/11/mms/988300061/other,8A45.2Y,,- - - - Other specified white matter disorders due to vascular abnormality or ischemia,category,3.0,True,08,,True,False,BlockL1-8A4,,,,,,http://id.who.int/icd/entity/988300061,
,http://id.who.int/icd/release/11/mms/988300061/unspecified,8A45.2Z,,"- - - - White matter disorders due to vascular abnormality or ischemia, unspecified",category,3.0,True,08,,True,False,BlockL1-8A4,,,,,,http://id.who.int/icd/entity/988300061,
http://id.who.int/icd/entity/509209399,http://id.who.int/icd/release/11/mms/509209399,8A45.3,,- - - White matter disorders due to nutritional deficiency,category,2.0,False,08,,False,False,BlockL1-8A4,,,,,,http://id.who.int/icd/entity/1494277413,
http://id.who.int/icd/entity/785232077,http://id.who.int/icd/release/11/mms/785232077,8A45.30,,- - - - White matter disorder due to vitamin B12 deficiency,category,3.0,False,08,,True,False,BlockL1-8A4,,,,,,http://id.who.int/icd/entity/509209399,
http://id.who.int/icd/entity/558060012,http://id.who.int/icd/release/11/mms/558060012,8A45.31,,- - - - Central pontine myelinolysis,category,3.0,False,08,,True,False,BlockL1-8A4,,,,,,http://id.who.int/icd/entity/509209399,
,http://id.who.int/icd/release/11/mms/509209399/other,8A45.3Y,,- - - - Other specified white matter disorders due to nutritional deficiency,category,3.0,True,08,,True,False,BlockL1-8A4,,,,,,http://id.who.int/icd/entity/509209399,
,http://id.who.int/icd/release/11/mms/509209399/unspecified,8A45.3Z,,"- - - - White matter disorders due to nutritional deficiency, unspecified",category,3.0,True,08,,True,False,BlockL1-8A4,,,,,,http://id.who.int/icd/entity/509209399,
http://id.who.int/icd/entity/1779279118,http://id.who.int/icd/release/11/mms/1779279118,8A45.4,,- - - White matter disorders due to certain specified systemic disease,category,2.0,False,08,,False,False,BlockL1-8A4,,,,,,http://id.who.int/icd/entity/1494277413,
http://id.who.int/icd/entity/635475211,http://id.who.int/icd/release/11/mms/635475211,8A45.40,,- - - - Demyelination due to sarcoidosis,category,3.0,False,08,,True,False,BlockL1-8A4,,,,,,http://id.who.int/icd/entity/1779279118,
http://id.who.int/icd/entity/559743797,http://id.who.int/icd/release/11/mms/559743797,8A45.41,,- - - - Demyelination due to systemic lupus erythematosus,category,3.0,False,08,,True,False,BlockL1-8A4,,,,,,http://id.who.int/icd/entity/1779279118,
http://id.who.int/icd/entity/1347817850,http://id.who.int/icd/release/11/mms/1347817850,8A45.42,,- - - - Demyelination due to Sjögren disease,category,3.0,False,08,,True,False,BlockL1-8A4,,,,,,http://id.who.int/icd/entity/1779279118,
http://id.who.int/icd/entity/1710646654,http://id.who.int/icd/release/11/mms/1710646654,8A45.43,,- - - - Demyelination due to Behcet disease,category,3.0,False,08,,True,False,BlockL1-8A4,,,,,,http://id.who.int/icd/entity/1779279118,
http://id.who.int/icd/entity/889409107,http://id.who.int/icd/release/11/mms/889409107,8A45.44,,- - - - Demyelination due to systemic vasculitis,category,3.0,False,08,,True,False,BlockL1-8A4,,,,,,http://id.who.int/icd/entity/1779279118,
http://id.who.int/icd/entity/1525871868,http://id.who.int/icd/release/11/mms/1525871868,8A45.45,,- - - - Demyelination due to mitochondrial disease,category,3.0,False,08,,True,False,BlockL1-8A4,,,,,,http://id.who.int/icd/entity/1779279118,
,http://id.who.int/icd/release/11/mms/1779279118/unspecified,8A45.4Z,,"- - - - White matter disorders due to certain specified systemic disease, unspecified",category,3.0,True,08,,True,False,BlockL1-8A4,,,,,,http://id.who.int/icd/entity/1779279118,
,http://id.who.int/icd/release/11/mms/1494277413/other,8A45.Y,,- - - Other specified secondary white matter disorders,category,2.0,True,08,,True,False,BlockL1-8A4,,,,,,http://id.who.int/icd/entity/1494277413,
,http://id.who.int/icd/release/11/mms/1494277413/unspecified,8A45.Z,,"- - - Secondary white matter disorders, unspecified",category,2.0,True,08,,True,False,BlockL1-8A4,,,,,,http://id.who.int/icd/entity/1494277413,
http://id.who.int/icd/entity/1441661203,http://id.who.int/icd/release/11/mms/1441661203,8A46,,- - Central demyelination of corpus callosum,category,1.0,False,08,,True,True,BlockL1-8A4,,,,,,http://id.who.int/icd/entity/724748131,
,http://id.who.int/icd/release/11/mms/724748131/other,8A4Y,,- - Other specified multiple sclerosis or other white matter disorders,category,1.0,True,08,,True,True,BlockL1-8A4,,,,,,http://id.who.int/icd/entity/724748131,
,http://id.who.int/icd/release/11/mms/724748131/unspecified,8A4Z,,"- - Multiple sclerosis or other white matter disorders, unspecified",category,1.0,True,08,,True,True,BlockL1-8A4,,,,,,http://id.who.int/icd/entity/724748131,
http://id.who.int/icd/entity/1397288146,http://id.who.int/icd/release/11/mms/1397288146,,BlockL1-8A6,- Epilepsy or seizures,block,1.0,False,08,,False,,,,,,,"Use additional code, if desired, to identify the type of seizure.",http://id.who.int/icd/entity/1296093776,
http://id.who.int/icd/entity/2073711696,http://id.who.int/icd/release/11/mms/2073711696,8A60,,- - Epilepsy due to structural or metabolic conditions or diseases,category,1.0,False,08,,False,True,BlockL1-8A6,,,,,,http://id.who.int/icd/entity/1397288146,
http://id.who.int/icd/entity/1026250133,http://id.who.int/icd/release/11/mms/1026250133,8A60.0,,- - - Epilepsy due to prenatal or perinatal brain insults,category,2.0,False,08,,False,True,BlockL1-8A6,,,,,,http://id.who.int/icd/entity/2073711696,
http://id.who.int/icd/entity/179860715,http://id.who.int/icd/release/11/mms/179860715,8A60.00,,- - - - Epilepsy due to prenatal or perinatal vascular insults,category,3.0,False,08,,True,True,BlockL1-8A6,,,,,,http://id.who.int/icd/entity/1026250133,
http://id.who.int/icd/entity/480321034,http://id.who.int/icd/release/11/mms/480321034,8A60.01,,- - - - Epilepsy due to neonatal hypoxic ischemic encephalopathy,category,3.0,False,08,,True,True,BlockL1-8A6,,,,,,http://id.who.int/icd/entity/1026250133,
,http://id.who.int/icd/release/11/mms/1026250133/other,8A60.0Y,,- - - - Epilepsy due to other prenatal or perinatal brain insults,category,3.0,True,08,,True,True,BlockL1-8A6,,,,,,http://id.who.int/icd/entity/1026250133,
,http://id.who.int/icd/release/11/mms/1026250133/unspecified,8A60.0Z,,- - - - Epilepsy due to unspecified prenatal or perinatal brain insults,category,3.0,True,08,,True,True,BlockL1-8A6,,,,,,http://id.who.int/icd/entity/1026250133,
http://id.who.int/icd/entity/194732378,http://id.who.int/icd/release/11/mms/194732378,8A60.1,,- - - Epilepsy due to cerebrovascular disorders,category,2.0,False,08,,True,True,BlockL1-8A6,,,,,,http://id.who.int/icd/entity/2073711696,
http://id.who.int/icd/entity/836532562,http://id.who.int/icd/release/11/mms/836532562,8A60.2,,- - - Epilepsy due to degenerative brain disorders,category,2.0,False,08,,True,True,BlockL1-8A6,,,,,,http://id.who.int/icd/entity/2073711696,
http://id.who.int/icd/entity/1315841508,http://id.who.int/icd/release/11/mms/1315841508,8A60.3,,- - - Epilepsy due to dementias,category,2.0,False,08,,True,True,BlockL1-8A6,,,,,,http://id.who.int/icd/entity/2073711696,
http://id.who.int/icd/entity/256917143,http://id.who.int/icd/release/11/mms/256917143,8A60.4,,- - - Epilepsy due to central nervous system infections or infestations,category,2.0,False,08,,True,True,BlockL1-8A6,,,,,,http://id.who.int/icd/entity/2073711696,
http://id.who.int/icd/entity/1007173668,http://id.who.int/icd/release/11/mms/1007173668,8A60.5,,- - - Epilepsy due to injuries to the head,category,2.0,False,08,,True,True,BlockL1-8A6,,,,,,http://id.who.int/icd/entity/2073711696,
http://id.who.int/icd/entity/512463425,http://id.who.int/icd/release/11/mms/512463425,8A60.6,,- - - Epilepsy due to tumours of the nervous system,category,2.0,False,08,,True,True,BlockL1-8A6,,,,,,http://id.who.int/icd/entity/2073711696,
http://id.who.int/icd/entity/1279568297,http://id.who.int/icd/release/11/mms/1279568297,8A60.7,,- - - Epilepsy with mesial temporal sclerosis,category,2.0,False,08,,True,True,BlockL1-8A6,,,,,,http://id.who.int/icd/entity/2073711696,
http://id.who.int/icd/entity/2077722839,http://id.who.int/icd/release/11/mms/2077722839,8A60.8,,- - - Epilepsy due to immune disorders,category,2.0,False,08,,True,True,BlockL1-8A6,,,,,,http://id.who.int/icd/entity/2073711696,
http://id.who.int/icd/entity/1498700468,http://id.who.int/icd/release/11/mms/1498700468,8A60.9,,- - - Epilepsy due to abnormalities of brain development,category,2.0,False,08,,True,True,BlockL1-8A6,,,,,,http://id.who.int/icd/entity/2073711696,
http://id.who.int/icd/entity/1617454151,http://id.who.int/icd/release/11/mms/1617454151,8A60.A,,- - - Epilepsy due to genetic syndromes with widespread or progressive effects,category,2.0,False,08,,True,True,BlockL1-8A6,,,,,,http://id.who.int/icd/entity/2073711696,
http://id.who.int/icd/entity/1742216565,http://id.who.int/icd/release/11/mms/1742216565,8A60.B,,- - - Epilepsy due to multiple sclerosis or other demyelinating disorders,category,2.0,False,08,,True,True,BlockL1-8A6,,,,,,http://id.who.int/icd/entity/2073711696,
,http://id.who.int/icd/release/11/mms/2073711696/other,8A60.Y,,- - - Epilepsy due to other structural or metabolic condition or disease,category,2.0,True,08,,True,True,BlockL1-8A6,,,,,,http://id.who.int/icd/entity/2073711696,
,http://id.who.int/icd/release/11/mms/2073711696/unspecified,8A60.Z,,- - - Epilepsy due to unspecified structural or metabolic condition or disease,category,2.0,True,08,,True,True,BlockL1-8A6,,,,,,http://id.who.int/icd/entity/2073711696,
http://id.who.int/icd/entity/517052870,http://id.who.int/icd/release/11/mms/517052870,8A61,,- - Genetic or presumed genetic syndromes primarily expressed as epilepsy,category,1.0,False,08,,False,True,BlockL1-8A6,,,,,,http://id.who.int/icd/entity/1397288146,
http://id.who.int/icd/entity/1136270486,http://id.who.int/icd/release/11/mms/1136270486,8A61.0,,- - - Genetic epileptic syndromes with neonatal onset,category,2.0,False,08,,False,True,BlockL1-8A6,,,,,,http://id.who.int/icd/entity/517052870,
http://id.who.int/icd/entity/1632334328,http://id.who.int/icd/release/11/mms/1632334328,8A61.00,,- - - - Pyridoxal dependent epilepsy,category,3.0,False,08,,True,True,BlockL1-8A6,,,,,,http://id.who.int/icd/entity/1136270486,
,http://id.who.int/icd/release/11/mms/1136270486/other,8A61.0Y,,- - - - Other specified genetic epileptic syndromes with neonatal onset,category,3.0,True,08,,True,True,BlockL1-8A6,,,,,,http://id.who.int/icd/entity/1136270486,
,http://id.who.int/icd/release/11/mms/1136270486/unspecified,8A61.0Z,,"- - - - Genetic epileptic syndromes with neonatal onset, unspecified",category,3.0,True,08,,True,True,BlockL1-8A6,,,,,,http://id.who.int/icd/entity/1136270486,
http://id.who.int/icd/entity/1310497511,http://id.who.int/icd/release/11/mms/1310497511,8A61.1,,- - - Genetic epileptic syndromes with onset in infancy,category,2.0,False,08,,False,True,BlockL1-8A6,,,,,,http://id.who.int/icd/entity/517052870,
http://id.who.int/icd/entity/1944845279,http://id.who.int/icd/release/11/mms/1944845279,8A61.10,,- - - - Benign familial infantile epilepsy,category,3.0,False,08,,True,True,BlockL1-8A6,,,,,,http://id.who.int/icd/entity/1310497511,
http://id.who.int/icd/entity/1255654700,http://id.who.int/icd/release/11/mms/1255654700,8A61.11,,- - - - Dravet syndrome,category,3.0,False,08,,True,True,BlockL1-8A6,,,,,,http://id.who.int/icd/entity/1310497511,
http://id.who.int/icd/entity/1727727812,http://id.who.int/icd/release/11/mms/1727727812,8A61.12,,- - - - Epilepsy of infancy with migrating focal seizures,category,3.0,False,08,,True,True,BlockL1-8A6,,,,,,http://id.who.int/icd/entity/1310497511,
,http://id.who.int/icd/release/11/mms/1310497511/other,8A61.1Y,,- - - - Other specified genetic epileptic syndromes with onset in infancy,category,3.0,True,08,,True,True,BlockL1-8A6,,,,,,http://id.who.int/icd/entity/1310497511,
,http://id.who.int/icd/release/11/mms/1310497511/unspecified,8A61.1Z,,"- - - - Genetic epileptic syndromes with onset in infancy, unspecified",category,3.0,True,08,,True,True,BlockL1-8A6,,,,,,http://id.who.int/icd/entity/1310497511,
http://id.who.int/icd/entity/1612372804,http://id.who.int/icd/release/11/mms/1612372804,8A61.2,,- - - Genetic epileptic syndromes with childhood onset,category,2.0,False,08,,False,True,BlockL1-8A6,,,,,,http://id.who.int/icd/entity/517052870,
http://id.who.int/icd/entity/1046279423,http://id.who.int/icd/release/11/mms/1046279423,8A61.20,,- - - - Benign childhood epilepsy with centro-temporal spikes,category,3.0,False,08,,True,True,BlockL1-8A6,,,,,,http://id.who.int/icd/entity/1612372804,
http://id.who.int/icd/entity/726403046,http://id.who.int/icd/release/11/mms/726403046,8A61.21,,- - - - Childhood absence epilepsy,category,3.0,False,08,,True,True,BlockL1-8A6,,,,,,http://id.who.int/icd/entity/1612372804,
http://id.who.int/icd/entity/951920505,http://id.who.int/icd/release/11/mms/951920505,8A61.22,,- - - - Epilepsy with myoclonic-astatic seizures,category,3.0,False,08,,True,True,BlockL1-8A6,,,,,,http://id.who.int/icd/entity/1612372804,
http://id.who.int/icd/entity/274380122,http://id.who.int/icd/release/11/mms/274380122,8A61.23,,- - - - Myoclonic absences or absences with myoclonias,category,3.0,False,08,,True,True,BlockL1-8A6,,,,,,http://id.who.int/icd/entity/1612372804,
,http://id.who.int/icd/release/11/mms/1612372804/other,8A61.2Y,,- - - - Other specified genetic epileptic syndromes with childhood onset,category,3.0,True,08,,True,True,BlockL1-8A6,,,,,,http://id.who.int/icd/entity/1612372804,
,http://id.who.int/icd/release/11/mms/1612372804/unspecified,8A61.2Z,,"- - - - Genetic epileptic syndromes with childhood onset, unspecified",category,3.0,True,08,,True,True,BlockL1-8A6,,,,,,http://id.who.int/icd/entity/1612372804,
http://id.who.int/icd/entity/199580108,http://id.who.int/icd/release/11/mms/199580108,8A61.3,,- - - Genetic epileptic syndrome with adolescent or adult onset,category,2.0,False,08,,False,True,BlockL1-8A6,,,,,,http://id.who.int/icd/entity/517052870,
http://id.who.int/icd/entity/1014397110,http://id.who.int/icd/release/11/mms/1014397110,8A61.30,,- - - - Juvenile myoclonic epilepsy,category,3.0,False,08,,True,True,BlockL1-8A6,,,,,,http://id.who.int/icd/entity/199580108,
http://id.who.int/icd/entity/519416529,http://id.who.int/icd/release/11/mms/519416529,8A61.31,,- - - - Juvenile absence epilepsy,category,3.0,False,08,,True,True,BlockL1-8A6,,,,,,http://id.who.int/icd/entity/199580108,
http://id.who.int/icd/entity/1036649329,http://id.who.int/icd/release/11/mms/1036649329,8A61.32,,- - - - Benign adult familial myoclonus epilepsy,category,3.0,False,08,,True,True,BlockL1-8A6,,,,,,http://id.who.int/icd/entity/199580108,
,http://id.who.int/icd/release/11/mms/199580108/other,8A61.3Y,,- - - - Other specified genetic epileptic syndrome with adolescent or adult onset,category,3.0,True,08,,True,True,BlockL1-8A6,,,,,,http://id.who.int/icd/entity/199580108,
,http://id.who.int/icd/release/11/mms/199580108/unspecified,8A61.3Z,,"- - - - Genetic epileptic syndrome with adolescent or adult onset, unspecified",category,3.0,True,08,,True,True,BlockL1-8A6,,,,,,http://id.who.int/icd/entity/199580108,
http://id.who.int/icd/entity/91180764,http://id.who.int/icd/release/11/mms/91180764,8A61.4,,- - - Genetic epileptic syndromes with variable age of onset,category,2.0,False,08,,False,True,BlockL1-8A6,,,,,,http://id.who.int/icd/entity/517052870,
http://id.who.int/icd/entity/276807111,http://id.who.int/icd/release/11/mms/276807111,8A61.40,,- - - - Reflex epilepsies,category,3.0,False,08,,True,True,BlockL1-8A6,,,,,,http://id.who.int/icd/entity/91180764,
http://id.who.int/icd/entity/173613583,http://id.who.int/icd/release/11/mms/173613583,8A61.41,,- - - - Progressive myoclonic epilepsy,category,3.0,False,08,,True,True,BlockL1-8A6,,,,,,http://id.who.int/icd/entity/91180764,
,http://id.who.int/icd/release/11/mms/91180764/other,8A61.4Y,,- - - - Other specified genetic epileptic syndromes with variable age of onset,category,3.0,True,08,,True,True,BlockL1-8A6,,,,,,http://id.who.int/icd/entity/91180764,
,http://id.who.int/icd/release/11/mms/91180764/unspecified,8A61.4Z,,"- - - - Genetic epileptic syndromes with variable age of onset, unspecified",category,3.0,True,08,,True,True,BlockL1-8A6,,,,,,http://id.who.int/icd/entity/91180764,
,http://id.who.int/icd/release/11/mms/517052870/other,8A61.Y,,- - - Other specified genetic or presumed genetic syndromes primarily expressed as epilepsy,category,2.0,True,08,,True,True,BlockL1-8A6,,,,,,http://id.who.int/icd/entity/517052870,
,http://id.who.int/icd/release/11/mms/517052870/unspecified,8A61.Z,,"- - - Genetic or presumed genetic syndromes primarily expressed as epilepsy, unspecified",category,2.0,True,08,,True,True,BlockL1-8A6,,,,,,http://id.who.int/icd/entity/517052870,
http://id.who.int/icd/entity/1786562875,http://id.who.int/icd/release/11/mms/1786562875,8A62,,- - Epileptic encephalopathies,category,1.0,False,08,,False,True,BlockL1-8A6,,,,,,http://id.who.int/icd/entity/1397288146,
http://id.who.int/icd/entity/1023597213,http://id.who.int/icd/release/11/mms/1023597213,8A62.0,,- - - Infantile spasms,category,2.0,False,08,,True,True,BlockL1-8A6,,,,,,http://id.who.int/icd/entity/1786562875,
http://id.who.int/icd/entity/651135242,http://id.who.int/icd/release/11/mms/651135242,8A62.1,,- - - Lennox-Gastaut syndrome,category,2.0,False,08,,True,True,BlockL1-8A6,,,,,,http://id.who.int/icd/entity/1786562875,
http://id.who.int/icd/entity/348544271,http://id.who.int/icd/release/11/mms/348544271,8A62.2,,- - - Acquired epileptic aphasia,category,2.0,False,08,,True,True,BlockL1-8A6,,,,,,http://id.who.int/icd/entity/1786562875,
,http://id.who.int/icd/release/11/mms/1786562875/other,8A62.Y,,- - - Other specified epileptic encephalopathies,category,2.0,True,08,,True,True,BlockL1-8A6,,,,,,http://id.who.int/icd/entity/1786562875,
,http://id.who.int/icd/release/11/mms/1786562875/unspecified,8A62.Z,,"- - - Epileptic encephalopathies, unspecified",category,2.0,True,08,,True,True,BlockL1-8A6,,,,,,http://id.who.int/icd/entity/1786562875,
http://id.who.int/icd/entity/1376414432,http://id.who.int/icd/release/11/mms/1376414432,8A63,,- - Seizure due to acute causes,category,1.0,False,08,,False,False,BlockL1-8A6,,,,,,http://id.who.int/icd/entity/1397288146,
http://id.who.int/icd/entity/1766832202,http://id.who.int/icd/release/11/mms/1766832202,8A63.0,,- - - Febrile seizures,category,2.0,False,08,,False,False,BlockL1-8A6,,,,,,http://id.who.int/icd/entity/1376414432,
http://id.who.int/icd/entity/1219013782,http://id.who.int/icd/release/11/mms/1219013782,8A63.00,,- - - - Simple febrile seizures,category,3.0,False,08,,True,False,BlockL1-8A6,,,,,,http://id.who.int/icd/entity/1766832202,
http://id.who.int/icd/entity/501701339,http://id.who.int/icd/release/11/mms/501701339,8A63.01,,- - - - Complex febrile seizures,category,3.0,False,08,,True,False,BlockL1-8A6,,,,,,http://id.who.int/icd/entity/1766832202,
,http://id.who.int/icd/release/11/mms/1766832202/other,8A63.0Y,,- - - - Other specified febrile seizures,category,3.0,True,08,,True,False,BlockL1-8A6,,,,,,http://id.who.int/icd/entity/1766832202,
,http://id.who.int/icd/release/11/mms/1766832202/unspecified,8A63.0Z,,"- - - - Febrile seizures, unspecified",category,3.0,True,08,,True,False,BlockL1-8A6,,,,,,http://id.who.int/icd/entity/1766832202,
,http://id.who.int/icd/release/11/mms/1376414432/other,8A63.Y,,- - - Seizure due to other acute cause,category,2.0,True,08,,True,False,BlockL1-8A6,,,,,,http://id.who.int/icd/entity/1376414432,
,http://id.who.int/icd/release/11/mms/1376414432/unspecified,8A63.Z,,- - - Seizure due to unspecified acute cause,category,2.0,True,08,,True,False,BlockL1-8A6,,,,,,http://id.who.int/icd/entity/1376414432,
http://id.who.int/icd/entity/2006527791,http://id.who.int/icd/release/11/mms/2006527791,8A64,,- - Single seizure due to remote causes,category,1.0,False,08,,True,False,BlockL1-8A6,,,,,,http://id.who.int/icd/entity/1397288146,
http://id.who.int/icd/entity/429021871,http://id.who.int/icd/release/11/mms/429021871,8A65,,- - Single unprovoked seizure,category,1.0,False,08,,True,True,BlockL1-8A6,,,,,,http://id.who.int/icd/entity/1397288146,
http://id.who.int/icd/entity/906174792,http://id.who.int/icd/release/11/mms/906174792,8A66,,- - Status epilepticus,category,1.0,False,08,,False,True,BlockL1-8A6,,,,,,http://id.who.int/icd/entity/1397288146,
http://id.who.int/icd/entity/338178896,http://id.who.int/icd/release/11/mms/338178896,8A66.0,,- - - Convulsive status epilepticus,category,2.0,False,08,,True,True,BlockL1-8A6,,,,,,http://id.who.int/icd/entity/906174792,
http://id.who.int/icd/entity/36262213,http://id.who.int/icd/release/11/mms/36262213,8A66.1,,- - - Non-convulsive status epilepticus,category,2.0,False,08,,False,True,BlockL1-8A6,,,,,,http://id.who.int/icd/entity/906174792,
http://id.who.int/icd/entity/854964357,http://id.who.int/icd/release/11/mms/854964357,8A66.10,,- - - - Absence status epilepticus,category,3.0,False,08,,True,True,BlockL1-8A6,,,,,,http://id.who.int/icd/entity/36262213,
,http://id.who.int/icd/release/11/mms/36262213/other,8A66.1Y,,- - - - Other specified non-convulsive status epilepticus,category,3.0,True,08,,True,True,BlockL1-8A6,,,,,,http://id.who.int/icd/entity/36262213,
,http://id.who.int/icd/release/11/mms/36262213/unspecified,8A66.1Z,,"- - - - Non-convulsive status epilepticus, unspecified",category,3.0,True,08,,True,True,BlockL1-8A6,,,,,,http://id.who.int/icd/entity/36262213,
,http://id.who.int/icd/release/11/mms/906174792/other,8A66.Y,,- - - Other specified status epilepticus,category,2.0,True,08,,True,True,BlockL1-8A6,,,,,,http://id.who.int/icd/entity/906174792,
,http://id.who.int/icd/release/11/mms/906174792/unspecified,8A66.Z,,"- - - Status epilepticus, unspecified",category,2.0,True,08,,True,True,BlockL1-8A6,,,,,,http://id.who.int/icd/entity/906174792,
http://id.who.int/icd/entity/1988362682,http://id.who.int/icd/release/11/mms/1988362682,8A67,,- - Acute repetitive seizures,category,1.0,False,08,,True,True,BlockL1-8A6,,,,,,http://id.who.int/icd/entity/1397288146,
http://id.who.int/icd/entity/539646260,http://id.who.int/icd/release/11/mms/539646260,8A68,,- - Types of seizures,category,1.0,False,08,,False,False,BlockL1-8A6,,,,,,http://id.who.int/icd/entity/1397288146,
http://id.who.int/icd/entity/1880404123,http://id.who.int/icd/release/11/mms/1880404123,8A68.0,,- - - Focal unaware seizure,category,2.0,False,08,,True,False,BlockL1-8A6,,,,,,http://id.who.int/icd/entity/539646260,
http://id.who.int/icd/entity/1878784470,http://id.who.int/icd/release/11/mms/1878784470,8A68.1,,"- - - Absence seizures, atypical",category,2.0,False,08,,True,False,BlockL1-8A6,,,,,,http://id.who.int/icd/entity/539646260,
http://id.who.int/icd/entity/1865892780,http://id.who.int/icd/release/11/mms/1865892780,8A68.2,,"- - - Absence seizures, typical",category,2.0,False,08,,True,False,BlockL1-8A6,,,,,,http://id.who.int/icd/entity/539646260,
http://id.who.int/icd/entity/804063651,http://id.who.int/icd/release/11/mms/804063651,8A68.3,,- - - Focal aware seizure,category,2.0,False,08,,True,False,BlockL1-8A6,,,,,,http://id.who.int/icd/entity/539646260,
http://id.who.int/icd/entity/1091709256,http://id.who.int/icd/release/11/mms/1091709256,8A68.4,,- - - Generalised tonic-clonic seizure,category,2.0,False,08,,True,False,BlockL1-8A6,,,,,,http://id.who.int/icd/entity/539646260,
http://id.who.int/icd/entity/1295248180,http://id.who.int/icd/release/11/mms/1295248180,8A68.5,,- - - Generalised myoclonic seizure,category,2.0,False,08,,True,False,BlockL1-8A6,,,,,,http://id.who.int/icd/entity/539646260,
http://id.who.int/icd/entity/515072580,http://id.who.int/icd/release/11/mms/515072580,8A68.6,,- - - Generalised tonic seizure,category,2.0,False,08,,True,False,BlockL1-8A6,,,,,,http://id.who.int/icd/entity/539646260,
http://id.who.int/icd/entity/311599160,http://id.who.int/icd/release/11/mms/311599160,8A68.7,,- - - Generalised atonic seizure,category,2.0,False,08,,True,False,BlockL1-8A6,,,,,,http://id.who.int/icd/entity/539646260,
,http://id.who.int/icd/release/11/mms/539646260/other,8A68.Y,,- - - Other specified type of seizure,category,2.0,True,08,,True,False,BlockL1-8A6,,,,,,http://id.who.int/icd/entity/539646260,
,http://id.who.int/icd/release/11/mms/539646260/unspecified,8A68.Z,,"- - - Type of seizure, unspecified",category,2.0,True,08,,True,False,BlockL1-8A6,,,,,,http://id.who.int/icd/entity/539646260,
,http://id.who.int/icd/release/11/mms/1397288146/other,8A6Y,,- - Other specified epilepsy or seizures,category,1.0,True,08,,True,True,BlockL1-8A6,,,,,,http://id.who.int/icd/entity/1397288146,
,http://id.who.int/icd/release/11/mms/1397288146/unspecified,8A6Z,,"- - Epilepsy or seizures, unspecified",category,1.0,True,08,,True,True,BlockL1-8A6,,,,,,http://id.who.int/icd/entity/1397288146,
http://id.who.int/icd/entity/28995849,http://id.who.int/icd/release/11/mms/28995849,,BlockL1-8A8,- Headache disorders,block,1.0,False,08,,False,,,,,,,,http://id.who.int/icd/entity/1296093776,
http://id.who.int/icd/entity/669367341,http://id.who.int/icd/release/11/mms/669367341,8A80,,- - Migraine,category,1.0,False,08,,False,True,BlockL1-8A8,,,,,,http://id.who.int/icd/entity/28995849,
http://id.who.int/icd/entity/2048783472,http://id.who.int/icd/release/11/mms/2048783472,8A80.0,,- - - Migraine without aura,category,2.0,False,08,,True,True,BlockL1-8A8,,,,,,http://id.who.int/icd/entity/669367341,
http://id.who.int/icd/entity/525744634,http://id.who.int/icd/release/11/mms/525744634,8A80.1,,- - - Migraine with aura,category,2.0,False,08,,False,True,BlockL1-8A8,,,,,,http://id.who.int/icd/entity/669367341,
http://id.who.int/icd/entity/1957063016,http://id.who.int/icd/release/11/mms/1957063016,8A80.10,,- - - - Hemiplegic migraine,category,3.0,False,08,,True,True,BlockL1-8A8,,,,,,http://id.who.int/icd/entity/525744634,
,http://id.who.int/icd/release/11/mms/525744634/other,8A80.1Y,,- - - - Other specified migraine with aura,category,3.0,True,08,,True,True,BlockL1-8A8,,,,,,http://id.who.int/icd/entity/525744634,
,http://id.who.int/icd/release/11/mms/525744634/unspecified,8A80.1Z,,"- - - - Migraine with aura, unspecified",category,3.0,True,08,,True,True,BlockL1-8A8,,,,,,http://id.who.int/icd/entity/525744634,
http://id.who.int/icd/entity/1336990680,http://id.who.int/icd/release/11/mms/1336990680,8A80.2,,- - - Chronic migraine,category,2.0,False,08,,True,True,BlockL1-8A8,,,,,,http://id.who.int/icd/entity/669367341,
http://id.who.int/icd/entity/1956278970,http://id.who.int/icd/release/11/mms/1956278970,8A80.3,,- - - Complications related to migraine,category,2.0,False,08,,False,True,BlockL1-8A8,,,,,,http://id.who.int/icd/entity/669367341,
http://id.who.int/icd/entity/1811638533,http://id.who.int/icd/release/11/mms/1811638533,8A80.30,,- - - - Status migrainosus,category,3.0,False,08,,True,True,BlockL1-8A8,,,,,,http://id.who.int/icd/entity/1956278970,
,http://id.who.int/icd/release/11/mms/1956278970/other,8A80.3Y,,- - - - Other specified complications related to migraine,category,3.0,True,08,,True,True,BlockL1-8A8,,,,,,http://id.who.int/icd/entity/1956278970,
,http://id.who.int/icd/release/11/mms/1956278970/unspecified,8A80.3Z,,"- - - - Complications related to migraine, unspecified",category,3.0,True,08,,True,True,BlockL1-8A8,,,,,,http://id.who.int/icd/entity/1956278970,
http://id.who.int/icd/entity/1434288855,http://id.who.int/icd/release/11/mms/1434288855,8A80.4,,- - - Cyclic vomiting syndrome,category,2.0,False,08,,True,True,BlockL1-8A8,,,,,,http://id.who.int/icd/entity/669367341,
,http://id.who.int/icd/release/11/mms/669367341/other,8A80.Y,,- - - Other specified migraine,category,2.0,True,08,,True,True,BlockL1-8A8,,,,,,http://id.who.int/icd/entity/669367341,
,http://id.who.int/icd/release/11/mms/669367341/unspecified,8A80.Z,,"- - - Migraine, unspecified",category,2.0,True,08,,True,True,BlockL1-8A8,,,,,,http://id.who.int/icd/entity/669367341,
http://id.who.int/icd/entity/1410019257,http://id.who.int/icd/release/11/mms/1410019257,8A81,,- - Tension-type headache,category,1.0,False,08,,False,True,BlockL1-8A8,,,,,,http://id.who.int/icd/entity/28995849,
http://id.who.int/icd/entity/1097106734,http://id.who.int/icd/release/11/mms/1097106734,8A81.0,,- - - Infrequent episodic tension-type headache,category,2.0,False,08,,True,True,BlockL1-8A8,,,,,,http://id.who.int/icd/entity/1410019257,
http://id.who.int/icd/entity/257205019,http://id.who.int/icd/release/11/mms/257205019,8A81.1,,- - - Frequent episodic tension-type headache,category,2.0,False,08,,True,True,BlockL1-8A8,,,,,,http://id.who.int/icd/entity/1410019257,
http://id.who.int/icd/entity/107534985,http://id.who.int/icd/release/11/mms/107534985,8A81.2,,- - - Chronic tension-type headache,category,2.0,False,08,,True,True,BlockL1-8A8,,,,,,http://id.who.int/icd/entity/1410019257,
,http://id.who.int/icd/release/11/mms/1410019257/other,8A81.Y,,- - - Other specified tension-type headache,category,2.0,True,08,,True,True,BlockL1-8A8,,,,,,http://id.who.int/icd/entity/1410019257,
,http://id.who.int/icd/release/11/mms/1410019257/unspecified,8A81.Z,,"- - - Tension-type headache, unspecified",category,2.0,True,08,,True,True,BlockL1-8A8,,,,,,http://id.who.int/icd/entity/1410019257,
http://id.who.int/icd/entity/607078588,http://id.who.int/icd/release/11/mms/607078588,8A82,,- - Trigeminal autonomic cephalalgias,category,1.0,False,08,,True,True,BlockL1-8A8,,,,,,http://id.who.int/icd/entity/28995849,
http://id.who.int/icd/entity/1350703173,http://id.who.int/icd/release/11/mms/1350703173,8A83,,- - Other primary headache disorder,category,1.0,False,08,,True,True,BlockL1-8A8,,,,,,http://id.who.int/icd/entity/28995849,
http://id.who.int/icd/entity/296971178,http://id.who.int/icd/release/11/mms/296971178,8A84,,- - Secondary headache,category,1.0,False,08,,False,False,BlockL1-8A8,,,,,,http://id.who.int/icd/entity/28995849,
http://id.who.int/icd/entity/929988804,http://id.who.int/icd/release/11/mms/929988804,8A84.0,,- - - Acute headache associated with traumatic injury to the head,category,2.0,False,08,,True,False,BlockL1-8A8,,,,,,http://id.who.int/icd/entity/296971178,
http://id.who.int/icd/entity/588039752,http://id.who.int/icd/release/11/mms/588039752,8A84.1,,- - - Persistent headache associated with traumatic injury to the head,category,2.0,False,08,,True,False,BlockL1-8A8,,,,,,http://id.who.int/icd/entity/296971178,
,http://id.who.int/icd/release/11/mms/296971178/other,8A84.Y,,- - - Other specified secondary headache,category,2.0,True,08,,True,False,BlockL1-8A8,,,,,,http://id.who.int/icd/entity/296971178,
,http://id.who.int/icd/release/11/mms/296971178/unspecified,8A84.Z,,"- - - Secondary headache, unspecified",category,2.0,True,08,,True,False,BlockL1-8A8,,,,,,http://id.who.int/icd/entity/296971178,
http://id.who.int/icd/entity/1099694795,http://id.who.int/icd/release/11/mms/1099694795,8A85,,- - Painful cranial neuropathies or other facial pains,category,1.0,False,08,,True,True,BlockL1-8A8,,,,,,http://id.who.int/icd/entity/28995849,
,http://id.who.int/icd/release/11/mms/28995849/other,8A8Y,,- - Other specified headache disorders,category,1.0,True,08,,True,True,BlockL1-8A8,,,,,,http://id.who.int/icd/entity/28995849,
,http://id.who.int/icd/release/11/mms/28995849/unspecified,8A8Z,,"- - Headache disorders, unspecified",category,1.0,True,08,,True,True,BlockL1-8A8,,,,,,http://id.who.int/icd/entity/28995849,
http://id.who.int/icd/entity/843843448,http://id.who.int/icd/release/11/mms/843843448,,BlockL1-8B0,- Cerebrovascular diseases,block,1.0,False,08,,False,,,,,,,,http://id.who.int/icd/entity/1296093776,
http://id.who.int/icd/entity/1990827977,http://id.who.int/icd/release/11/mms/1990827977,,BlockL2-8B0,- - Intracranial haemorrhage,block,2.0,False,08,,False,,BlockL1-8B0,,,,,,http://id.who.int/icd/entity/843843448,
http://id.who.int/icd/entity/873092535,http://id.who.int/icd/release/11/mms/873092535,8B00,,- - - Intracerebral haemorrhage,category,1.0,False,08,,False,True,BlockL1-8B0,BlockL2-8B0,,,,,http://id.who.int/icd/entity/1990827977,
http://id.who.int/icd/entity/1401663614,http://id.who.int/icd/release/11/mms/1401663614,8B00.0,,- - - - Deep hemispheric haemorrhage,category,2.0,False,08,,True,False,BlockL1-8B0,BlockL2-8B0,,,,,http://id.who.int/icd/entity/873092535,
http://id.who.int/icd/entity/918584808,http://id.who.int/icd/release/11/mms/918584808,8B00.1,,- - - - Lobar haemorrhage,category,2.0,False,08,,True,False,BlockL1-8B0,BlockL2-8B0,,,,,http://id.who.int/icd/entity/873092535,
http://id.who.int/icd/entity/656859267,http://id.who.int/icd/release/11/mms/656859267,8B00.2,,- - - - Brainstem haemorrhage,category,2.0,False,08,,True,False,BlockL1-8B0,BlockL2-8B0,,,,,http://id.who.int/icd/entity/873092535,
http://id.who.int/icd/entity/1422422807,http://id.who.int/icd/release/11/mms/1422422807,8B00.3,,- - - - Cerebellar haemorrhage,category,2.0,False,08,,True,False,BlockL1-8B0,BlockL2-8B0,,,,,http://id.who.int/icd/entity/873092535,
http://id.who.int/icd/entity/830717571,http://id.who.int/icd/release/11/mms/830717571,8B00.4,,- - - - Intraventricular haemorrhage without parenchymal haemorrhage,category,2.0,False,08,,True,False,BlockL1-8B0,BlockL2-8B0,,,,,http://id.who.int/icd/entity/873092535,
http://id.who.int/icd/entity/1160703612,http://id.who.int/icd/release/11/mms/1160703612,8B00.5,,- - - - Haemorrhage of multiple sites,category,2.0,False,08,,True,False,BlockL1-8B0,BlockL2-8B0,,,,,http://id.who.int/icd/entity/873092535,
,http://id.who.int/icd/release/11/mms/873092535/unspecified,8B00.Z,,"- - - - Intracerebral haemorrhage, site unspecified",category,2.0,True,08,,True,False,BlockL1-8B0,BlockL2-8B0,,,,,http://id.who.int/icd/entity/873092535,
http://id.who.int/icd/entity/1363253283,http://id.who.int/icd/release/11/mms/1363253283,8B01,,- - - Subarachnoid haemorrhage,category,1.0,False,08,,False,True,BlockL1-8B0,BlockL2-8B0,,,,,http://id.who.int/icd/entity/1990827977,
http://id.who.int/icd/entity/958976948,http://id.who.int/icd/release/11/mms/958976948,8B01.0,,- - - - Aneurysmal subarachnoid haemorrhage,category,2.0,False,08,,True,True,BlockL1-8B0,BlockL2-8B0,,,,,http://id.who.int/icd/entity/1363253283,
http://id.who.int/icd/entity/247198410,http://id.who.int/icd/release/11/mms/247198410,8B01.1,,- - - - Non-aneurysmal subarachnoid haemorrhage,category,2.0,False,08,,True,True,BlockL1-8B0,BlockL2-8B0,,,,,http://id.who.int/icd/entity/1363253283,
http://id.who.int/icd/entity/133091217,http://id.who.int/icd/release/11/mms/133091217,8B01.2,,- - - - Subarachnoid haemorrhage not known if aneurysmal or non-aneurysmal,category,2.0,False,08,,True,True,BlockL1-8B0,BlockL2-8B0,,,,,http://id.who.int/icd/entity/1363253283,
http://id.who.int/icd/entity/1376522306,http://id.who.int/icd/release/11/mms/1376522306,8B02,,- - - Nontraumatic subdural haemorrhage,category,1.0,False,08,,True,True,BlockL1-8B0,BlockL2-8B0,,,,This entity is not part of the definition of stroke.,http://id.who.int/icd/entity/1990827977,
http://id.who.int/icd/entity/927456728,http://id.who.int/icd/release/11/mms/927456728,8B03,,- - - Nontraumatic epidural haemorrhage,category,1.0,False,08,,True,True,BlockL1-8B0,BlockL2-8B0,,,,This entity is not part of the definition of stroke.,http://id.who.int/icd/entity/1990827977,
,http://id.who.int/icd/release/11/mms/1990827977/unspecified,8B0Z,,"- - - Intracranial haemorrhage, unspecified",category,1.0,True,08,,True,True,BlockL1-8B0,BlockL2-8B0,,,,,http://id.who.int/icd/entity/1990827977,
http://id.who.int/icd/entity/1427441570,http://id.who.int/icd/release/11/mms/1427441570,,BlockL2-8B1,- - Cerebral ischaemia,block,2.0,False,08,,False,,BlockL1-8B0,,,,,,http://id.who.int/icd/entity/843843448,
http://id.who.int/icd/entity/826335789,http://id.who.int/icd/release/11/mms/826335789,8B10,,- - - Transient ischaemic attack,category,1.0,False,08,,False,True,BlockL1-8B0,BlockL2-8B1,,,,,http://id.who.int/icd/entity/1427441570,
http://id.who.int/icd/entity/691084626,http://id.who.int/icd/release/11/mms/691084626,8B10.0,,- - - - Amaurosis fugax,category,2.0,False,08,,True,True,BlockL1-8B0,BlockL2-8B1,,,,,http://id.who.int/icd/entity/826335789,
,http://id.who.int/icd/release/11/mms/826335789/other,8B10.Y,,- - - - Other specified transient ischaemic attack,category,2.0,True,08,,True,True,BlockL1-8B0,BlockL2-8B1,,,,,http://id.who.int/icd/entity/826335789,
,http://id.who.int/icd/release/11/mms/826335789/unspecified,8B10.Z,,"- - - - Transient ischaemic attack, unspecified",category,2.0,True,08,,True,True,BlockL1-8B0,BlockL2-8B1,,,,,http://id.who.int/icd/entity/826335789,
http://id.who.int/icd/entity/636274910,http://id.who.int/icd/release/11/mms/636274910,8B11,,- - - Cerebral ischaemic stroke,category,1.0,False,08,,False,True,BlockL1-8B0,BlockL2-8B1,,,,"When the cause of ischaemic stroke is known, code to the cause. When the cause of ischaemic stroke is not known, code to 8B11.5-. When the cause of stroke is not known, code to 8B20 Stroke not known if ischaemic or haemorrhagic.",http://id.who.int/icd/entity/1427441570,
http://id.who.int/icd/entity/1070137396,http://id.who.int/icd/release/11/mms/1070137396,8B11.0,,- - - - Cerebral ischaemic stroke due to extracranial large artery atherosclerosis,category,2.0,False,08,,True,True,BlockL1-8B0,BlockL2-8B1,,,,"If an additional code is used for anatomy, the artery affected by the stroke should be selected.",http://id.who.int/icd/entity/636274910,
http://id.who.int/icd/entity/1371457,http://id.who.int/icd/release/11/mms/1371457,8B11.1,,- - - - Cerebral ischaemic stroke due to intracranial large artery atherosclerosis,category,2.0,False,08,,True,True,BlockL1-8B0,BlockL2-8B1,,,,"If an additional code is used for anatomy, the artery affected by the stroke should be selected.",http://id.who.int/icd/entity/636274910,
http://id.who.int/icd/entity/158815303,http://id.who.int/icd/release/11/mms/158815303,8B11.2,,- - - - Cerebral ischaemic stroke due to embolic occlusion,category,2.0,False,08,,False,True,BlockL1-8B0,BlockL2-8B1,,,,"If an additional code is used for anatomy, the artery affected by the stroke should be selected.",http://id.who.int/icd/entity/636274910,
http://id.who.int/icd/entity/369985440,http://id.who.int/icd/release/11/mms/369985440,8B11.20,,- - - - - Cerebral ischaemic stroke due to cardiac embolism,category,3.0,False,08,,True,True,BlockL1-8B0,BlockL2-8B1,,,,"If an additional code is used for anatomy, the artery affected by the stroke should be selected.",http://id.who.int/icd/entity/158815303,
http://id.who.int/icd/entity/881743301,http://id.who.int/icd/release/11/mms/881743301,8B11.21,,- - - - - Cerebral ischaemic stroke due to aortic arch embolism,category,3.0,False,08,,True,True,BlockL1-8B0,BlockL2-8B1,,,,"If an additional code is used for anatomy, the artery affected by the stroke should be selected.",http://id.who.int/icd/entity/158815303,
http://id.who.int/icd/entity/564045534,http://id.who.int/icd/release/11/mms/564045534,8B11.22,,- - - - - Cerebral ischaemic stroke due to paradoxical embolism,category,3.0,False,08,,True,True,BlockL1-8B0,BlockL2-8B1,,,,"If an additional code is used for anatomy, the artery affected by the stroke should be selected.",http://id.who.int/icd/entity/158815303,
,http://id.who.int/icd/release/11/mms/158815303/other,8B11.2Y,,- - - - - Cerebral ischaemic stroke due to other specified embolic occlusion,category,3.0,True,08,,True,True,BlockL1-8B0,BlockL2-8B1,,,,,http://id.who.int/icd/entity/158815303,
,http://id.who.int/icd/release/11/mms/158815303/unspecified,8B11.2Z,,"- - - - - Cerebral ischaemic stroke due to embolic occlusion, unspecified",category,3.0,True,08,,True,True,BlockL1-8B0,BlockL2-8B1,,,,,http://id.who.int/icd/entity/158815303,
http://id.who.int/icd/entity/1595033000,http://id.who.int/icd/release/11/mms/1595033000,8B11.3,,- - - - Cerebral ischaemic stroke due to small artery occlusion,category,2.0,False,08,,True,True,BlockL1-8B0,BlockL2-8B1,,,,"If an additional code is used for anatomy, the artery affected by the stroke should be selected.",http://id.who.int/icd/entity/636274910,
http://id.who.int/icd/entity/1444066580,http://id.who.int/icd/release/11/mms/1444066580,8B11.4,,- - - - Cerebral ischaemic stroke due to other known cause,category,2.0,False,08,,False,True,BlockL1-8B0,BlockL2-8B1,,,,"If an additional code is used for anatomy, the artery affected by the stroke should be selected.",http://id.who.int/icd/entity/636274910,
http://id.who.int/icd/entity/136879689,http://id.who.int/icd/release/11/mms/136879689,8B11.40,,- - - - - Cerebral ischaemic stroke due to global hypoperfusion with watershed infarct,category,3.0,False,08,,True,True,BlockL1-8B0,BlockL2-8B1,,,,"If an additional code is used for anatomy, the artery affected by the stroke should be selected.",http://id.who.int/icd/entity/1444066580,
http://id.who.int/icd/entity/975260240,http://id.who.int/icd/release/11/mms/975260240,8B11.41,,- - - - - Cerebral ischaemic stroke due to other non-atherosclerotic arteriopathy,category,3.0,False,08,,True,True,BlockL1-8B0,BlockL2-8B1,,,,"If an additional code is used for anatomy, the artery affected by the stroke should be selected.",http://id.who.int/icd/entity/1444066580,
http://id.who.int/icd/entity/100443965,http://id.who.int/icd/release/11/mms/100443965,8B11.42,,- - - - - Cerebral ischaemic stroke due to hypercoagulable state,category,3.0,False,08,,True,True,BlockL1-8B0,BlockL2-8B1,,,,"If an additional code is used for anatomy, the artery affected by the stroke should be selected.",http://id.who.int/icd/entity/1444066580,
http://id.who.int/icd/entity/906188361,http://id.who.int/icd/release/11/mms/906188361,8B11.43,,- - - - - Cerebral ischaemic stroke in association with subarachnoid haemorrhage,category,3.0,False,08,,True,True,BlockL1-8B0,BlockL2-8B1,,,,"If an additional code is used for anatomy, the artery affected by the stroke should be selected.",http://id.who.int/icd/entity/1444066580,
http://id.who.int/icd/entity/1860038542,http://id.who.int/icd/release/11/mms/1860038542,8B11.44,,- - - - - Cerebral ischemic stroke from dissection,category,3.0,False,08,,True,True,BlockL1-8B0,BlockL2-8B1,,,,"If an additional code is used for anatomy, the artery affected by the stroke should be selected.",http://id.who.int/icd/entity/1444066580,
http://id.who.int/icd/entity/1614716959,http://id.who.int/icd/release/11/mms/1614716959,8B11.5,,- - - - Cerebral ischaemic stroke of unknown cause,category,2.0,False,08,,False,True,BlockL1-8B0,BlockL2-8B1,,,,"If an additional code is used for anatomy, the artery affected by the stroke should be selected.",http://id.who.int/icd/entity/636274910,
http://id.who.int/icd/entity/1035303911,http://id.who.int/icd/release/11/mms/1035303911,8B11.50,,- - - - - Cerebral ischaemic stroke due to unspecified occlusion or stenosis of extracranial large artery,category,3.0,False,08,,True,True,BlockL1-8B0,BlockL2-8B1,,,,"If an additional code is used for anatomy, the artery affected by the stroke should be selected.",http://id.who.int/icd/entity/1614716959,
http://id.who.int/icd/entity/608901546,http://id.who.int/icd/release/11/mms/608901546,8B11.51,,- - - - - Cerebral ischaemic stroke due to unspecified occlusion or stenosis of intracranial large artery,category,3.0,False,08,,True,True,BlockL1-8B0,BlockL2-8B1,,,,"If an additional code is used for anatomy, the artery affected by the stroke should be selected.",http://id.who.int/icd/entity/1614716959,
,http://id.who.int/icd/release/11/mms/1614716959/unspecified,8B11.5Z,,"- - - - - Cerebral ischaemic stroke, unspecified",category,3.0,True,08,,True,True,BlockL1-8B0,BlockL2-8B1,,,,,http://id.who.int/icd/entity/1614716959,
,http://id.who.int/icd/release/11/mms/1427441570/other,8B1Y,,- - - Other specified cerebral ischaemia,category,1.0,True,08,,True,True,BlockL1-8B0,BlockL2-8B1,,,,,http://id.who.int/icd/entity/1427441570,
,http://id.who.int/icd/release/11/mms/1427441570/unspecified,8B1Z,,"- - - Cerebral ischaemia, unspecified",category,1.0,True,08,,True,True,BlockL1-8B0,BlockL2-8B1,,,,,http://id.who.int/icd/entity/1427441570,
http://id.who.int/icd/entity/1442995018,http://id.who.int/icd/release/11/mms/1442995018,8B20,,- - Stroke not known if ischaemic or haemorrhagic,category,1.0,False,08,,True,True,BlockL1-8B0,,,,,,http://id.who.int/icd/entity/843843448,
http://id.who.int/icd/entity/1935481507,http://id.who.int/icd/release/11/mms/1935481507,8B21,,- - Cerebrovascular disease with no acute cerebral symptom,category,1.0,False,08,,False,True,BlockL1-8B0,,,,,,http://id.who.int/icd/entity/843843448,
http://id.who.int/icd/entity/1261473506,http://id.who.int/icd/release/11/mms/1261473506,8B21.0,,- - - Silent cerebral infarct,category,2.0,False,08,,True,True,BlockL1-8B0,,,,,,http://id.who.int/icd/entity/1935481507,
http://id.who.int/icd/entity/1773362311,http://id.who.int/icd/release/11/mms/1773362311,8B21.1,,- - - Silent cerebral microbleed,category,2.0,False,08,,True,True,BlockL1-8B0,,,,,,http://id.who.int/icd/entity/1935481507,
,http://id.who.int/icd/release/11/mms/1935481507/other,8B21.Y,,- - - Other specified cerebrovascular disease with no acute cerebral symptom,category,2.0,True,08,,True,True,BlockL1-8B0,,,,,,http://id.who.int/icd/entity/1935481507,
,http://id.who.int/icd/release/11/mms/1935481507/unspecified,8B21.Z,,"- - - Cerebrovascular disease with no acute cerebral symptom, unspecified",category,2.0,True,08,,True,True,BlockL1-8B0,,,,,,http://id.who.int/icd/entity/1935481507,
http://id.who.int/icd/entity/581897143,http://id.who.int/icd/release/11/mms/581897143,8B22,,- - Certain specified cerebrovascular diseases,category,1.0,False,08,,False,True,BlockL1-8B0,,,,,,http://id.who.int/icd/entity/843843448,
http://id.who.int/icd/entity/1946814909,http://id.who.int/icd/release/11/mms/1946814909,8B22.0,,- - - Dissection of cerebral arteries,category,2.0,False,08,,True,True,BlockL1-8B0,,,,,,http://id.who.int/icd/entity/581897143,
http://id.who.int/icd/entity/1655658429,http://id.who.int/icd/release/11/mms/1655658429,8B22.1,,- - - Cerebral venous thrombosis,category,2.0,False,08,,True,True,BlockL1-8B0,,,,,,http://id.who.int/icd/entity/581897143,
http://id.who.int/icd/entity/1975306533,http://id.who.int/icd/release/11/mms/1975306533,8B22.2,,- - - Cerebral vasoconstriction syndromes,category,2.0,False,08,,True,True,BlockL1-8B0,,,,,,http://id.who.int/icd/entity/581897143,
http://id.who.int/icd/entity/1502610635,http://id.who.int/icd/release/11/mms/1502610635,8B22.3,,- - - Isolated cerebral amyloid angiopathy,category,2.0,False,08,,True,True,BlockL1-8B0,,,,,,http://id.who.int/icd/entity/581897143,
http://id.who.int/icd/entity/445125730,http://id.who.int/icd/release/11/mms/445125730,8B22.4,,- - - Intracranial vascular malformation,category,2.0,False,08,,False,True,BlockL1-8B0,,,,,,http://id.who.int/icd/entity/581897143,
http://id.who.int/icd/entity/153256729,http://id.who.int/icd/release/11/mms/153256729,8B22.40,,- - - - Arteriovenous malformation of cerebral vessels,category,3.0,False,08,,True,True,BlockL1-8B0,,,,,,http://id.who.int/icd/entity/445125730,
http://id.who.int/icd/entity/916773262,http://id.who.int/icd/release/11/mms/916773262,8B22.41,,- - - - Cerebral cavernous malformation,category,3.0,False,08,,True,True,BlockL1-8B0,,,,,,http://id.who.int/icd/entity/445125730,
http://id.who.int/icd/entity/679592039,http://id.who.int/icd/release/11/mms/679592039,8B22.42,,- - - - Dural arteriovenous fistula,category,3.0,False,08,,True,True,BlockL1-8B0,,,,,,http://id.who.int/icd/entity/445125730,
http://id.who.int/icd/entity/20445424,http://id.who.int/icd/release/11/mms/20445424,8B22.43,,- - - - Carotid cavernous fistula,category,3.0,False,08,,True,True,BlockL1-8B0,,,,,,http://id.who.int/icd/entity/445125730,
,http://id.who.int/icd/release/11/mms/445125730/other,8B22.4Y,,- - - - Other specified intracranial vascular malformation,category,3.0,True,08,,True,True,BlockL1-8B0,,,,,,http://id.who.int/icd/entity/445125730,
,http://id.who.int/icd/release/11/mms/445125730/unspecified,8B22.4Z,,"- - - - Intracranial vascular malformation, unspecified",category,3.0,True,08,,True,True,BlockL1-8B0,,,,,,http://id.who.int/icd/entity/445125730,
http://id.who.int/icd/entity/289522729,http://id.who.int/icd/release/11/mms/289522729,8B22.5,,"- - - Cerebral aneurysm, nonruptured",category,2.0,False,08,,True,True,BlockL1-8B0,,,,,,http://id.who.int/icd/entity/581897143,
http://id.who.int/icd/entity/59881644,http://id.who.int/icd/release/11/mms/59881644,8B22.6,,- - - Familial cerebral saccular aneurysm,category,2.0,False,08,,True,True,BlockL1-8B0,,,,,,http://id.who.int/icd/entity/581897143,
http://id.who.int/icd/entity/132422185,http://id.who.int/icd/release/11/mms/132422185,8B22.7,,"- - - Cerebral arteritis, not elsewhere classified",category,2.0,False,08,,False,True,BlockL1-8B0,,,,,,http://id.who.int/icd/entity/581897143,
http://id.who.int/icd/entity/338103275,http://id.who.int/icd/release/11/mms/338103275,8B22.70,,- - - - Primary cerebral arteritis,category,3.0,False,08,,True,True,BlockL1-8B0,,,,,,http://id.who.int/icd/entity/132422185,
,http://id.who.int/icd/release/11/mms/132422185/other,8B22.7Y,,"- - - - Other specified cerebral arteritis, not elsewhere classified",category,3.0,True,08,,True,True,BlockL1-8B0,,,,,,http://id.who.int/icd/entity/132422185,
,http://id.who.int/icd/release/11/mms/132422185/unspecified,8B22.7Z,,"- - - - Cerebral arteritis, not elsewhere classified, unspecified",category,3.0,True,08,,True,True,BlockL1-8B0,,,,,,http://id.who.int/icd/entity/132422185,
http://id.who.int/icd/entity/1934215896,http://id.who.int/icd/release/11/mms/1934215896,8B22.8,,- - - Hypertensive encephalopathy,category,2.0,False,08,,True,True,BlockL1-8B0,,,,,,http://id.who.int/icd/entity/581897143,
http://id.who.int/icd/entity/2064897712,http://id.who.int/icd/release/11/mms/2064897712,8B22.9,,- - - Migraine-induced stroke,category,2.0,False,08,,True,True,BlockL1-8B0,,,,,,http://id.who.int/icd/entity/581897143,
http://id.who.int/icd/entity/2123391417,http://id.who.int/icd/release/11/mms/2123391417,8B22.A,,- - - Subclavian steal syndrome,category,2.0,False,08,,True,True,BlockL1-8B0,,,,,,http://id.who.int/icd/entity/581897143,
http://id.who.int/icd/entity/1746892088,http://id.who.int/icd/release/11/mms/1746892088,8B22.B,,- - - Moyamoya syndrome,category,2.0,False,08,,True,True,BlockL1-8B0,,,,,,http://id.who.int/icd/entity/581897143,
http://id.who.int/icd/entity/133909731,http://id.who.int/icd/release/11/mms/133909731,8B22.C,,- - - Hereditary cerebrovascular diseases,category,2.0,False,08,,False,True,BlockL1-8B0,,,,,,http://id.who.int/icd/entity/581897143,
http://id.who.int/icd/entity/1621899838,http://id.who.int/icd/release/11/mms/1621899838,8B22.C0,,- - - - CADASIL - [cerebral autosomal dominant arteriopathy with subcortical infarcts and leukoencephalopathy] syndrome,category,3.0,False,08,,True,True,BlockL1-8B0,,,,,,http://id.who.int/icd/entity/133909731,
http://id.who.int/icd/entity/984450655,http://id.who.int/icd/release/11/mms/984450655,8B22.C1,,- - - - CARASIL - [cerebral autosomal recessive arteriopathy with subcortical infarcts and leukoencephalopathy] syndrome,category,3.0,False,08,,True,True,BlockL1-8B0,,,,,,http://id.who.int/icd/entity/133909731,
,http://id.who.int/icd/release/11/mms/133909731/other,8B22.CY,,- - - - Other specified hereditary cerebrovascular diseases,category,3.0,True,08,,True,True,BlockL1-8B0,,,,,,http://id.who.int/icd/entity/133909731,
,http://id.who.int/icd/release/11/mms/133909731/unspecified,8B22.CZ,,"- - - - Hereditary cerebrovascular diseases, unspecified",category,3.0,True,08,,True,True,BlockL1-8B0,,,,,,http://id.who.int/icd/entity/133909731,
,http://id.who.int/icd/release/11/mms/581897143/other,8B22.Y,,- - - Other specified cerebrovascular disease,category,2.0,True,08,,True,True,BlockL1-8B0,,,,,,http://id.who.int/icd/entity/581897143,
http://id.who.int/icd/entity/1606819573,http://id.who.int/icd/release/11/mms/1606819573,8B23,,- - Cerebrovascular abnormalities,category,1.0,False,08,,True,False,BlockL1-8B0,,,,,,http://id.who.int/icd/entity/843843448,
http://id.who.int/icd/entity/805990521,http://id.who.int/icd/release/11/mms/805990521,8B24,,- - Hypoxic-ischaemic encephalopathy,category,1.0,False,08,,False,True,BlockL1-8B0,,,,,,http://id.who.int/icd/entity/843843448,
http://id.who.int/icd/entity/1199499236,http://id.who.int/icd/release/11/mms/1199499236,8B24.0,,- - - Anoxic-ischaemic encephalopathy,category,2.0,False,08,,True,True,BlockL1-8B0,,,,,,http://id.who.int/icd/entity/805990521,
,http://id.who.int/icd/release/11/mms/805990521/other,8B24.Y,,- - - Other specified hypoxic-ischaemic encephalopathy,category,2.0,True,08,,True,True,BlockL1-8B0,,,,,,http://id.who.int/icd/entity/805990521,
,http://id.who.int/icd/release/11/mms/805990521/unspecified,8B24.Z,,"- - - Hypoxic-ischaemic encephalopathy, unspecified",category,2.0,True,08,,True,True,BlockL1-8B0,,,,,,http://id.who.int/icd/entity/805990521,
http://id.who.int/icd/entity/982373217,http://id.who.int/icd/release/11/mms/982373217,8B25,,- - Late effects of cerebrovascular disease,category,1.0,False,08,,False,True,BlockL1-8B0,,,,,"Use of the code ”Late effects of cerebrovascular disease” requires that there are residual (still persisting) symptoms or signs after a previous cerebrovascular event. Codes for neurological symptoms may be added. Code first, the specific residual condition(s) resulting from a previous cerebrovascular event. ",,
,,,,,,,,,,,,,,,,,,,
Codes for acute stroke should be exclusively used for the acute stroke and immediately related hospitalisation episodes.,http://id.who.int/icd/entity/843843448,,,,,,,,,,,,,,,,,,
http://id.who.int/icd/entity/1390101119,http://id.who.int/icd/release/11/mms/1390101119,8B25.0,,- - - Late effects of cerebral ischemic stroke,category,2.0,False,08,,True,True,BlockL1-8B0,,,,,"Use of the code ”Late effects of cerebrovascular disease” requires that there are residual (still persisting) symptoms or signs after a previous cerebrovascular event. Codes for neurological symptoms may be added. Code first, the specific residual condition(s) resulting from a previous cerebrovascular event. ",,
,,,,,,,,,,,,,,,,,,,
Codes for acute stroke should be exclusively used for the acute stroke and immediately related hospitalisation episodes.,http://id.who.int/icd/entity/982373217,,,,,,,,,,,,,,,,,,
http://id.who.int/icd/entity/1128128276,http://id.who.int/icd/release/11/mms/1128128276,8B25.1,,- - - Late effects of intracerebral haemorrhage,category,2.0,False,08,,True,True,BlockL1-8B0,,,,,"Use of the code ”Late effects of cerebrovascular disease” requires that there are residual (still persisting) symptoms or signs after a previous cerebrovascular event. Codes for neurological symptoms may be added. Code first, the specific residual condition(s) resulting from a previous cerebrovascular event. ",,
,,,,,,,,,,,,,,,,,,,
Codes for acute stroke should be exclusively used for the acute stroke and immediately related hospitalisation episodes.,http://id.who.int/icd/entity/982373217,,,,,,,,,,,,,,,,,,
http://id.who.int/icd/entity/645272194,http://id.who.int/icd/release/11/mms/645272194,8B25.2,,- - - Late effects of subarachnoid haemorrhage,category,2.0,False,08,,True,True,BlockL1-8B0,,,,,Use of the code ”Late effects of cerebrovascular disease” requires that there are residual (still persisting) symptoms or signs after a previous cerebrovascular event. Codes for neurological symptoms may be added. ,,
,,,,,,,,,,,,,,,,,,,
"Code first, the specific residual condition(s) resulting from a previous cerebrovascular event. ",,,,,,,,,,,,,,,,,,,
,,,,,,,,,,,,,,,,,,,
Codes for acute stroke should be exclusively used for the acute stroke and immediately related hospitalisation episodes.,http://id.who.int/icd/entity/982373217,,,,,,,,,,,,,,,,,,
http://id.who.int/icd/entity/932220907,http://id.who.int/icd/release/11/mms/932220907,8B25.3,,- - - Late effects of other nontraumatic intracranial haemorrhage,category,2.0,False,08,,True,True,BlockL1-8B0,,,,,Use of the code ”Late effects of cerebrovascular disease” requires that there are residual (still persisting) symptoms or signs after a previous cerebrovascular event. Codes for neurological symptoms may be added.,,
,,,,,,,,,,,,,,,,,,,
"Code first, the specific residual condition(s) resulting from a previous cerebrovascular event. ",,,,,,,,,,,,,,,,,,,
,,,,,,,,,,,,,,,,,,,
Codes for acute stroke should be exclusively used for the acute stroke and immediately related hospitalisation episodes.,http://id.who.int/icd/entity/982373217,,,,,,,,,,,,,,,,,,
http://id.who.int/icd/entity/557175275,http://id.who.int/icd/release/11/mms/557175275,8B25.4,,- - - Late effects of stroke not known if ischaemic or haemorrhagic,category,2.0,False,08,,True,True,BlockL1-8B0,,,,,Use of the code ”Late effects of cerebrovascular disease” requires that there are residual (still persisting) symptoms or signs after a previous cerebrovascular event. Codes for neurological symptoms may be added. ,,
,,,,,,,,,,,,,,,,,,,
"Code first, the specific residual condition(s) resulting from a previous cerebrovascular event. ",,,,,,,,,,,,,,,,,,,
,,,,,,,,,,,,,,,,,,,
Codes for acute stroke should be exclusively used for the acute stroke and immediately related hospitalisation episodes.,http://id.who.int/icd/entity/982373217,,,,,,,,,,,,,,,,,,
,http://id.who.int/icd/release/11/mms/982373217/other,8B25.Y,,- - - Late effects of other specified cerebrovascular disease,category,2.0,True,08,,True,True,BlockL1-8B0,,,,,,http://id.who.int/icd/entity/982373217,
,http://id.who.int/icd/release/11/mms/982373217/unspecified,8B25.Z,,"- - - Late effects of cerebrovascular disease, unspecified",category,2.0,True,08,,True,True,BlockL1-8B0,,,,,,http://id.who.int/icd/entity/982373217,
http://id.who.int/icd/entity/1173205716,http://id.who.int/icd/release/11/mms/1173205716,8B26,,- - Vascular syndromes of brain in cerebrovascular diseases,category,1.0,False,08,,False,False,BlockL1-8B0,,,,,,http://id.who.int/icd/entity/843843448,
http://id.who.int/icd/entity/683064686,http://id.who.int/icd/release/11/mms/683064686,8B26.0,,- - - Brainstem stroke syndrome,category,2.0,False,08,,True,False,BlockL1-8B0,,,,,,http://id.who.int/icd/entity/1173205716,
http://id.who.int/icd/entity/1532505850,http://id.who.int/icd/release/11/mms/1532505850,8B26.1,,- - - Cerebellar stroke syndrome,category,2.0,False,08,,True,False,BlockL1-8B0,,,,,,http://id.who.int/icd/entity/1173205716,
http://id.who.int/icd/entity/1545334161,http://id.who.int/icd/release/11/mms/1545334161,8B26.2,,- - - Middle cerebral artery syndrome,category,2.0,False,08,,True,False,BlockL1-8B0,,,,,,http://id.who.int/icd/entity/1173205716,
http://id.who.int/icd/entity/961552389,http://id.who.int/icd/release/11/mms/961552389,8B26.3,,- - - Anterior cerebral artery syndrome,category,2.0,False,08,,True,False,BlockL1-8B0,,,,,,http://id.who.int/icd/entity/1173205716,
http://id.who.int/icd/entity/1308455164,http://id.who.int/icd/release/11/mms/1308455164,8B26.4,,- - - Posterior cerebral artery syndrome,category,2.0,False,08,,True,False,BlockL1-8B0,,,,,,http://id.who.int/icd/entity/1173205716,
http://id.who.int/icd/entity/1220685756,http://id.who.int/icd/release/11/mms/1220685756,8B26.5,,- - - Lacunar syndromes,category,2.0,False,08,,False,False,BlockL1-8B0,,,,,,http://id.who.int/icd/entity/1173205716,
http://id.who.int/icd/entity/1041490800,http://id.who.int/icd/release/11/mms/1041490800,8B26.50,,- - - - Pure motor lacunar syndrome,category,3.0,False,08,,True,False,BlockL1-8B0,,,,,,http://id.who.int/icd/entity/1220685756,
http://id.who.int/icd/entity/1254011793,http://id.who.int/icd/release/11/mms/1254011793,8B26.51,,- - - - Pure sensory lacunar syndrome,category,3.0,False,08,,True,False,BlockL1-8B0,,,,,,http://id.who.int/icd/entity/1220685756,
,http://id.who.int/icd/release/11/mms/1220685756/other,8B26.5Y,,- - - - Other specified lacunar syndromes,category,3.0,True,08,,True,False,BlockL1-8B0,,,,,,http://id.who.int/icd/entity/1220685756,
,http://id.who.int/icd/release/11/mms/1220685756/unspecified,8B26.5Z,,"- - - - Lacunar syndromes, unspecified",category,3.0,True,08,,True,False,BlockL1-8B0,,,,,,http://id.who.int/icd/entity/1220685756,
,http://id.who.int/icd/release/11/mms/1173205716/other,8B26.Y,,- - - Other specified vascular syndromes of brain in cerebrovascular diseases,category,2.0,True,08,,True,False,BlockL1-8B0,,,,,,http://id.who.int/icd/entity/1173205716,
,http://id.who.int/icd/release/11/mms/1173205716/unspecified,8B26.Z,,"- - - Vascular syndromes of brain in cerebrovascular diseases, unspecified",category,2.0,True,08,,True,False,BlockL1-8B0,,,,,,http://id.who.int/icd/entity/1173205716,
,http://id.who.int/icd/release/11/mms/843843448/unspecified,8B2Z,,"- - Cerebrovascular diseases, unspecified",category,1.0,True,08,,True,True,BlockL1-8B0,,,,,,http://id.who.int/icd/entity/843843448,
http://id.who.int/icd/entity/2021326314,http://id.who.int/icd/release/11/mms/2021326314,,BlockL1-8B4,- Spinal cord disorders excluding trauma,block,1.0,False,08,,False,,,,,,,,http://id.who.int/icd/entity/1296093776,
http://id.who.int/icd/entity/1490265028,http://id.who.int/icd/release/11/mms/1490265028,8B40,,- - Cauda equina syndrome,category,1.0,False,08,,True,True,BlockL1-8B4,,,,,,http://id.who.int/icd/entity/2021326314,
http://id.who.int/icd/entity/1993728609,http://id.who.int/icd/release/11/mms/1993728609,8B41,,- - Myelitis,category,1.0,False,08,,True,False,BlockL1-8B4,,,,,,http://id.who.int/icd/entity/2021326314,
http://id.who.int/icd/entity/740682437,http://id.who.int/icd/release/11/mms/740682437,8B42,,- - Myelopathy,category,1.0,False,08,,True,False,BlockL1-8B4,,,,,,http://id.who.int/icd/entity/2021326314,
http://id.who.int/icd/entity/889563712,http://id.who.int/icd/release/11/mms/889563712,8B43,,- - Non-compressive vascular myelopathies,category,1.0,False,08,,False,True,BlockL1-8B4,,,,,,http://id.who.int/icd/entity/2021326314,
http://id.who.int/icd/entity/441598289,http://id.who.int/icd/release/11/mms/441598289,8B43.0,,- - - Acute arterial infarction of the spinal cord,category,2.0,False,08,,True,True,BlockL1-8B4,,,,,,http://id.who.int/icd/entity/889563712,
http://id.who.int/icd/entity/27202246,http://id.who.int/icd/release/11/mms/27202246,8B43.1,,- - - Acute venous infarction of the spinal cord,category,2.0,False,08,,True,True,BlockL1-8B4,,,,,,http://id.who.int/icd/entity/889563712,
http://id.who.int/icd/entity/906769340,http://id.who.int/icd/release/11/mms/906769340,8B43.2,,- - - Chronic venous infarction of the spinal cord,category,2.0,False,08,,True,True,BlockL1-8B4,,,,,,http://id.who.int/icd/entity/889563712,
,http://id.who.int/icd/release/11/mms/889563712/other,8B43.Y,,- - - Other specified non-compressive vascular myelopathies,category,2.0,True,08,,True,True,BlockL1-8B4,,,,,,http://id.who.int/icd/entity/889563712,
,http://id.who.int/icd/release/11/mms/889563712/unspecified,8B43.Z,,"- - - Non-compressive vascular myelopathies, unspecified",category,2.0,True,08,,True,True,BlockL1-8B4,,,,,,http://id.who.int/icd/entity/889563712,
http://id.who.int/icd/entity/344973791,http://id.who.int/icd/release/11/mms/344973791,8B44,,- - Degenerative myelopathic disorders,category,1.0,False,08,,False,True,BlockL1-8B4,,,,,,http://id.who.int/icd/entity/2021326314,
http://id.who.int/icd/entity/810807375,http://id.who.int/icd/release/11/mms/810807375,8B44.0,,- - - Hereditary spastic paraplegia,category,2.0,False,08,,False,True,BlockL1-8B4,,,,,,http://id.who.int/icd/entity/344973791,
http://id.who.int/icd/entity/1547801209,http://id.who.int/icd/release/11/mms/1547801209,8B44.00,,- - - - Autosomal dominant hereditary spastic paraplegia,category,3.0,False,08,,True,True,BlockL1-8B4,,,,,,http://id.who.int/icd/entity/810807375,
http://id.who.int/icd/entity/1789135912,http://id.who.int/icd/release/11/mms/1789135912,8B44.01,,- - - - Autosomal recessive hereditary spastic paraplegia,category,3.0,False,08,,True,True,BlockL1-8B4,,,,,,http://id.who.int/icd/entity/810807375,
http://id.who.int/icd/entity/1613343556,http://id.who.int/icd/release/11/mms/1613343556,8B44.02,,- - - - X-linked hereditary spastic paraplegia,category,3.0,False,08,,True,True,BlockL1-8B4,,,,,,http://id.who.int/icd/entity/810807375,
,http://id.who.int/icd/release/11/mms/810807375/other,8B44.0Y,,- - - - Other specified hereditary spastic paraplegia,category,3.0,True,08,,True,True,BlockL1-8B4,,,,,,http://id.who.int/icd/entity/810807375,
,http://id.who.int/icd/release/11/mms/810807375/unspecified,8B44.0Z,,"- - - - Hereditary spastic paraplegia, unspecified",category,3.0,True,08,,True,True,BlockL1-8B4,,,,,,http://id.who.int/icd/entity/810807375,
,http://id.who.int/icd/release/11/mms/344973791/other,8B44.Y,,- - - Other specified degenerative myelopathic disorders,category,2.0,True,08,,True,True,BlockL1-8B4,,,,,,http://id.who.int/icd/entity/344973791,
,http://id.who.int/icd/release/11/mms/344973791/unspecified,8B44.Z,,"- - - Degenerative myelopathic disorders, unspecified",category,2.0,True,08,,True,True,BlockL1-8B4,,,,,,http://id.who.int/icd/entity/344973791,
,http://id.who.int/icd/release/11/mms/2021326314/other,8B4Y,,- - Other specified spinal cord disorders excluding trauma,category,1.0,True,08,,True,True,BlockL1-8B4,,,,,,http://id.who.int/icd/entity/2021326314,
,http://id.who.int/icd/release/11/mms/2021326314/unspecified,8B4Z,,"- - Spinal cord disorders excluding trauma, unspecified",category,1.0,True,08,,True,True,BlockL1-8B4,,,,,,http://id.who.int/icd/entity/2021326314,
http://id.who.int/icd/entity/1861279867,http://id.who.int/icd/release/11/mms/1861279867,,BlockL1-8B6,- Motor neuron diseases or related disorders,block,1.0,False,08,,False,,,,,,,,http://id.who.int/icd/entity/1296093776,
http://id.who.int/icd/entity/661720689,http://id.who.int/icd/release/11/mms/661720689,8B60,,- - Motor neuron disease,category,1.0,False,08,,False,True,BlockL1-8B6,,,,,,http://id.who.int/icd/entity/1861279867,
http://id.who.int/icd/entity/1982355687,http://id.who.int/icd/release/11/mms/1982355687,8B60.0,,- - - Amyotrophic lateral sclerosis,category,2.0,False,08,,True,True,BlockL1-8B6,,,,,,http://id.who.int/icd/entity/661720689,
http://id.who.int/icd/entity/1143049440,http://id.who.int/icd/release/11/mms/1143049440,8B60.1,,- - - Progressive bulbar palsy,category,2.0,False,08,,True,True,BlockL1-8B6,,,,,,http://id.who.int/icd/entity/661720689,
http://id.who.int/icd/entity/2080137619,http://id.who.int/icd/release/11/mms/2080137619,8B60.2,,- - - Progressive pseudobulbar palsy,category,2.0,False,08,,True,True,BlockL1-8B6,,,,,,http://id.who.int/icd/entity/661720689,
http://id.who.int/icd/entity/1282359533,http://id.who.int/icd/release/11/mms/1282359533,8B60.3,,- - - Progressive muscular atrophy,category,2.0,False,08,,True,True,BlockL1-8B6,,,,,,http://id.who.int/icd/entity/661720689,
http://id.who.int/icd/entity/1686688462,http://id.who.int/icd/release/11/mms/1686688462,8B60.4,,- - - Primary lateral sclerosis,category,2.0,False,08,,True,True,BlockL1-8B6,,,,,,http://id.who.int/icd/entity/661720689,
http://id.who.int/icd/entity/620164044,http://id.who.int/icd/release/11/mms/620164044,8B60.5,,- - - Amyotrophic lateral sclerosis-Plus,category,2.0,False,08,,True,True,BlockL1-8B6,,,,,,http://id.who.int/icd/entity/661720689,
http://id.who.int/icd/entity/2090347823,http://id.who.int/icd/release/11/mms/2090347823,8B60.6,,- - - Monomelic amyotrophy,category,2.0,False,08,,True,True,BlockL1-8B6,,,,,,http://id.who.int/icd/entity/661720689,
http://id.who.int/icd/entity/1764644031,http://id.who.int/icd/release/11/mms/1764644031,8B60.7,,- - - Madras type motor neuron disease,category,2.0,False,08,,True,True,BlockL1-8B6,,,,,,http://id.who.int/icd/entity/661720689,
,http://id.who.int/icd/release/11/mms/661720689/other,8B60.Y,,- - - Other specified motor neuron disease,category,2.0,True,08,,True,True,BlockL1-8B6,,,,,,http://id.who.int/icd/entity/661720689,
,http://id.who.int/icd/release/11/mms/661720689/unspecified,8B60.Z,,"- - - Motor neuron disease, unspecified",category,2.0,True,08,,True,True,BlockL1-8B6,,,,,,http://id.who.int/icd/entity/661720689,
http://id.who.int/icd/entity/71074342,http://id.who.int/icd/release/11/mms/71074342,8B61,,- - Spinal muscular atrophy,category,1.0,False,08,,False,True,BlockL1-8B6,,,,,,http://id.who.int/icd/entity/1861279867,
http://id.who.int/icd/entity/915903258,http://id.who.int/icd/release/11/mms/915903258,8B61.0,,"- - - Infantile spinal muscular atrophy, Type I",category,2.0,False,08,,True,True,BlockL1-8B6,,,,,,http://id.who.int/icd/entity/71074342,
http://id.who.int/icd/entity/867148636,http://id.who.int/icd/release/11/mms/867148636,8B61.1,,"- - - Late infantile spinal muscular atrophy, Type II",category,2.0,False,08,,True,True,BlockL1-8B6,,,,,,http://id.who.int/icd/entity/71074342,
http://id.who.int/icd/entity/677572815,http://id.who.int/icd/release/11/mms/677572815,8B61.2,,"- - - Juvenile form spinal muscular dystrophy, Type III",category,2.0,False,08,,True,True,BlockL1-8B6,,,,,,http://id.who.int/icd/entity/71074342,
http://id.who.int/icd/entity/443229384,http://id.who.int/icd/release/11/mms/443229384,8B61.3,,"- - - Adult onset spinal muscular atrophy, Type IV",category,2.0,False,08,,True,True,BlockL1-8B6,,,,,,http://id.who.int/icd/entity/71074342,
http://id.who.int/icd/entity/870128735,http://id.who.int/icd/release/11/mms/870128735,8B61.4,,- - - Localised spinal muscular atrophy,category,2.0,False,08,,True,True,BlockL1-8B6,,,,,,http://id.who.int/icd/entity/71074342,
,http://id.who.int/icd/release/11/mms/71074342/other,8B61.Y,,- - - Other specified spinal muscular atrophy,category,2.0,True,08,,True,True,BlockL1-8B6,,,,,,http://id.who.int/icd/entity/71074342,
,http://id.who.int/icd/release/11/mms/71074342/unspecified,8B61.Z,,"- - - Spinal muscular atrophy, unspecified",category,2.0,True,08,,True,True,BlockL1-8B6,,,,,,http://id.who.int/icd/entity/71074342,
http://id.who.int/icd/entity/2018885243,http://id.who.int/icd/release/11/mms/2018885243,8B62,,- - Post polio progressive muscular atrophy,category,1.0,False,08,,True,True,BlockL1-8B6,,,,,,http://id.who.int/icd/entity/1861279867,
,http://id.who.int/icd/release/11/mms/1861279867/other,8B6Y,,- - Other specified motor neuron diseases or related disorders,category,1.0,True,08,,True,True,BlockL1-8B6,,,,,,http://id.who.int/icd/entity/1861279867,
,http://id.who.int/icd/release/11/mms/1861279867/unspecified,8B6Z,,"- - Motor neuron diseases or related disorders, unspecified",category,1.0,True,08,,True,True,BlockL1-8B6,,,,,,http://id.who.int/icd/entity/1861279867,
http://id.who.int/icd/entity/1730644960,http://id.who.int/icd/release/11/mms/1730644960,,BlockL1-8B8,"- Disorders of nerve root, plexus or peripheral nerves",block,1.0,False,08,,False,,,,,,,,http://id.who.int/icd/entity/1296093776,
http://id.who.int/icd/entity/359348642,http://id.who.int/icd/release/11/mms/359348642,,BlockL2-8B8,- - Disorders of cranial nerves,block,2.0,False,08,,False,,BlockL1-8B8,,,,,,http://id.who.int/icd/entity/1730644960,
http://id.who.int/icd/entity/1996431326,http://id.who.int/icd/release/11/mms/1996431326,8B80,,- - - Disorders of olfactory nerve,category,1.0,False,08,,True,True,BlockL1-8B8,BlockL2-8B8,,,,,http://id.who.int/icd/entity/359348642,
http://id.who.int/icd/entity/1697880826,http://id.who.int/icd/release/11/mms/1697880826,8B81,,- - - Disorders of vestibulocochlear nerve,category,1.0,False,08,,False,True,BlockL1-8B8,BlockL2-8B8,,,,,http://id.who.int/icd/entity/359348642,
http://id.who.int/icd/entity/1231916211,http://id.who.int/icd/release/11/mms/1231916211,8B81.0,,- - - - Brainstem lesion,category,2.0,False,08,,True,True,BlockL1-8B8,BlockL2-8B8,,,,,http://id.who.int/icd/entity/1697880826,
,http://id.who.int/icd/release/11/mms/1697880826/other,8B81.Y,,- - - - Other specified disorders of vestibulocochlear nerve,category,2.0,True,08,,True,True,BlockL1-8B8,BlockL2-8B8,,,,,http://id.who.int/icd/entity/1697880826,
,http://id.who.int/icd/release/11/mms/1697880826/unspecified,8B81.Z,,"- - - - Disorders of vestibulocochlear nerve, unspecified",category,2.0,True,08,,True,True,BlockL1-8B8,BlockL2-8B8,,,,,http://id.who.int/icd/entity/1697880826,
http://id.who.int/icd/entity/76391627,http://id.who.int/icd/release/11/mms/76391627,8B82,,- - - Disorders of trigeminal nerve,category,1.0,False,08,,False,True,BlockL1-8B8,BlockL2-8B8,,,,,http://id.who.int/icd/entity/359348642,
http://id.who.int/icd/entity/1803581281,http://id.who.int/icd/release/11/mms/1803581281,8B82.0,,- - - - Trigeminal neuralgia,category,2.0,False,08,,True,True,BlockL1-8B8,BlockL2-8B8,,,,,http://id.who.int/icd/entity/76391627,
,http://id.who.int/icd/release/11/mms/76391627/unspecified,8B82.Z,,"- - - - Disorders of trigeminal nerve, unspecified",category,2.0,True,08,,True,True,BlockL1-8B8,BlockL2-8B8,,,,,http://id.who.int/icd/entity/76391627,
http://id.who.int/icd/entity/377921406,http://id.who.int/icd/release/11/mms/377921406,8B83,,- - - Disorders of spinal accessory nerve,category,1.0,False,08,,True,True,BlockL1-8B8,BlockL2-8B8,,,,,http://id.who.int/icd/entity/359348642,
http://id.who.int/icd/entity/38948641,http://id.who.int/icd/release/11/mms/38948641,8B84,,- - - Disorders of hypoglossal nerve,category,1.0,False,08,,True,True,BlockL1-8B8,BlockL2-8B8,,,,,http://id.who.int/icd/entity/359348642,
http://id.who.int/icd/entity/85036106,http://id.who.int/icd/release/11/mms/85036106,8B85,,- - - Disorders of multiple cranial nerves,category,1.0,False,08,,True,True,BlockL1-8B8,BlockL2-8B8,,,,,http://id.who.int/icd/entity/359348642,
http://id.who.int/icd/entity/1729725109,http://id.who.int/icd/release/11/mms/1729725109,8B86,,- - - Disorders of vagus nerve,category,1.0,False,08,,True,True,BlockL1-8B8,BlockL2-8B8,,,,,http://id.who.int/icd/entity/359348642,
http://id.who.int/icd/entity/330617420,http://id.who.int/icd/release/11/mms/330617420,8B87,,- - - Disorders of glossopharyngeal nerve,category,1.0,False,08,,True,True,BlockL1-8B8,BlockL2-8B8,,,,,http://id.who.int/icd/entity/359348642,
http://id.who.int/icd/entity/1640393055,http://id.who.int/icd/release/11/mms/1640393055,8B88,,- - - Disorders of facial nerve,category,1.0,False,08,,False,True,BlockL1-8B8,BlockL2-8B8,,,,,http://id.who.int/icd/entity/359348642,
http://id.who.int/icd/entity/2004402146,http://id.who.int/icd/release/11/mms/2004402146,8B88.0,,- - - - Bell palsy,category,2.0,False,08,,True,True,BlockL1-8B8,BlockL2-8B8,,,,,http://id.who.int/icd/entity/1640393055,
http://id.who.int/icd/entity/1882946699,http://id.who.int/icd/release/11/mms/1882946699,8B88.1,,- - - - Facial myokymia,category,2.0,False,08,,True,True,BlockL1-8B8,BlockL2-8B8,,,,,http://id.who.int/icd/entity/1640393055,
http://id.who.int/icd/entity/353312397,http://id.who.int/icd/release/11/mms/353312397,8B88.2,,- - - - Hemifacial spasm,category,2.0,False,08,,True,True,BlockL1-8B8,BlockL2-8B8,,,,,http://id.who.int/icd/entity/1640393055,
http://id.who.int/icd/entity/1637248481,http://id.who.int/icd/release/11/mms/1637248481,8B88.3,,- - - - Facial neuritis,category,2.0,False,08,,True,True,BlockL1-8B8,BlockL2-8B8,,,,,http://id.who.int/icd/entity/1640393055,
,http://id.who.int/icd/release/11/mms/1640393055/other,8B88.Y,,- - - - Other specified disorders of facial nerve,category,2.0,True,08,,True,True,BlockL1-8B8,BlockL2-8B8,,,,,http://id.who.int/icd/entity/1640393055,
,http://id.who.int/icd/release/11/mms/1640393055/unspecified,8B88.Z,,"- - - - Disorders of facial nerve, unspecified",category,2.0,True,08,,True,True,BlockL1-8B8,BlockL2-8B8,,,,,http://id.who.int/icd/entity/1640393055,
,http://id.who.int/icd/release/11/mms/359348642/other,8B8Y,,- - - Other specified disorders of cranial nerves,category,1.0,True,08,,True,True,BlockL1-8B8,BlockL2-8B8,,,,,http://id.who.int/icd/entity/359348642,
,http://id.who.int/icd/release/11/mms/359348642/unspecified,8B8Z,,"- - - Disorders of cranial nerves, unspecified",category,1.0,True,08,,True,True,BlockL1-8B8,BlockL2-8B8,,,,,http://id.who.int/icd/entity/359348642,
http://id.who.int/icd/entity/63858592,http://id.who.int/icd/release/11/mms/63858592,,BlockL2-8B9,- - Nerve root or plexus disorders,block,2.0,False,08,,False,,BlockL1-8B8,,,,,,http://id.who.int/icd/entity/1730644960,
http://id.who.int/icd/entity/1987479592,http://id.who.int/icd/release/11/mms/1987479592,8B90,,- - - Nerve root or plexus compressions,category,1.0,False,08,,True,False,BlockL1-8B8,BlockL2-8B9,,,,,http://id.who.int/icd/entity/63858592,
http://id.who.int/icd/entity/1367254559,http://id.who.int/icd/release/11/mms/1367254559,8B91,,- - - Brachial plexus disorders,category,1.0,False,08,,False,True,BlockL1-8B8,BlockL2-8B9,,,,,http://id.who.int/icd/entity/63858592,
http://id.who.int/icd/entity/302246011,http://id.who.int/icd/release/11/mms/302246011,8B91.0,,- - - - Neuralgic shoulder amyotrophy,category,2.0,False,08,,True,True,BlockL1-8B8,BlockL2-8B9,,,,,http://id.who.int/icd/entity/1367254559,
http://id.who.int/icd/entity/674530731,http://id.who.int/icd/release/11/mms/674530731,8B91.1,,- - - - Thoracic outlet syndrome due to cervical rib,category,2.0,False,08,,True,True,BlockL1-8B8,BlockL2-8B9,,,,,http://id.who.int/icd/entity/1367254559,
,http://id.who.int/icd/release/11/mms/1367254559/other,8B91.Y,,- - - - Other specified brachial plexus disorders,category,2.0,True,08,,True,True,BlockL1-8B8,BlockL2-8B9,,,,,http://id.who.int/icd/entity/1367254559,
,http://id.who.int/icd/release/11/mms/1367254559/unspecified,8B91.Z,,"- - - - Brachial plexus disorders, unspecified",category,2.0,True,08,,True,True,BlockL1-8B8,BlockL2-8B9,,,,,http://id.who.int/icd/entity/1367254559,
http://id.who.int/icd/entity/875916171,http://id.who.int/icd/release/11/mms/875916171,8B92,,- - - Lumbosacral plexus disorders,category,1.0,False,08,,False,True,BlockL1-8B8,BlockL2-8B9,,,,,http://id.who.int/icd/entity/63858592,
http://id.who.int/icd/entity/329611650,http://id.who.int/icd/release/11/mms/329611650,8B92.0,,- - - - Post radiation lumbosacral plexopathy,category,2.0,False,08,,True,True,BlockL1-8B8,BlockL2-8B9,,,,,http://id.who.int/icd/entity/875916171,
http://id.who.int/icd/entity/755638638,http://id.who.int/icd/release/11/mms/755638638,8B92.1,,- - - - Vasculitic lumbosacral plexopathy,category,2.0,False,08,,True,True,BlockL1-8B8,BlockL2-8B9,,,,,http://id.who.int/icd/entity/875916171,
http://id.who.int/icd/entity/1224666577,http://id.who.int/icd/release/11/mms/1224666577,8B92.2,,- - - - Diabetic lumbosacral plexopathy,category,2.0,False,08,,True,True,BlockL1-8B8,BlockL2-8B9,,,,Always assign an additional code for diabetes mellitus,http://id.who.int/icd/entity/875916171,
http://id.who.int/icd/entity/1271869287,http://id.who.int/icd/release/11/mms/1271869287,8B92.3,,- - - - Lumbosacral radiculoplexopathy,category,2.0,False,08,,True,True,BlockL1-8B8,BlockL2-8B9,,,,,http://id.who.int/icd/entity/875916171,
,http://id.who.int/icd/release/11/mms/875916171/other,8B92.Y,,- - - - Other specified lumbosacral plexus disorders,category,2.0,True,08,,True,True,BlockL1-8B8,BlockL2-8B9,,,,,http://id.who.int/icd/entity/875916171,
,http://id.who.int/icd/release/11/mms/875916171/unspecified,8B92.Z,,"- - - - Lumbosacral plexus disorders, unspecified",category,2.0,True,08,,True,True,BlockL1-8B8,BlockL2-8B9,,,,,http://id.who.int/icd/entity/875916171,
http://id.who.int/icd/entity/1802542189,http://id.who.int/icd/release/11/mms/1802542189,8B93,,- - - Radiculopathy,category,1.0,False,08,,False,True,BlockL1-8B8,BlockL2-8B9,,,,,http://id.who.int/icd/entity/63858592,
http://id.who.int/icd/entity/453835806,http://id.who.int/icd/release/11/mms/453835806,8B93.0,,- - - - Radiculopathy due to compression,category,2.0,False,08,,True,True,BlockL1-8B8,BlockL2-8B9,,,,,http://id.who.int/icd/entity/1802542189,
http://id.who.int/icd/entity/525636274,http://id.who.int/icd/release/11/mms/525636274,8B93.1,,- - - - Radiculopathy due to metabolic disorders,category,2.0,False,08,,True,True,BlockL1-8B8,BlockL2-8B9,,,,,http://id.who.int/icd/entity/1802542189,
http://id.who.int/icd/entity/1048832316,http://id.who.int/icd/release/11/mms/1048832316,8B93.2,,- - - - Radiculopathy due to electric shock or lightning,category,2.0,False,08,,True,True,BlockL1-8B8,BlockL2-8B9,,,,,http://id.who.int/icd/entity/1802542189,
http://id.who.int/icd/entity/1536491255,http://id.who.int/icd/release/11/mms/1536491255,8B93.3,,- - - - Radiculopathy due to radiation injury,category,2.0,False,08,,True,True,BlockL1-8B8,BlockL2-8B9,,,,,http://id.who.int/icd/entity/1802542189,
http://id.who.int/icd/entity/290316556,http://id.who.int/icd/release/11/mms/290316556,8B93.4,,- - - - Radiculopathy due to nutritional deficiencies,category,2.0,False,08,,True,True,BlockL1-8B8,BlockL2-8B9,,,,,http://id.who.int/icd/entity/1802542189,
http://id.who.int/icd/entity/880852176,http://id.who.int/icd/release/11/mms/880852176,8B93.5,,- - - - Radiculopathy due to toxicity,category,2.0,False,08,,True,True,BlockL1-8B8,BlockL2-8B9,,,,,http://id.who.int/icd/entity/1802542189,
http://id.who.int/icd/entity/1421743413,http://id.who.int/icd/release/11/mms/1421743413,8B93.6,,- - - - Radiculopathy due to intervertebral disc disorders,category,2.0,False,08,,True,True,BlockL1-8B8,BlockL2-8B9,,,,,http://id.who.int/icd/entity/1802542189,
http://id.who.int/icd/entity/1784166269,http://id.who.int/icd/release/11/mms/1784166269,8B93.7,,- - - - Radiculopathy due to neoplastic disease,category,2.0,False,08,,True,True,BlockL1-8B8,BlockL2-8B9,,,,,http://id.who.int/icd/entity/1802542189,
http://id.who.int/icd/entity/1335192255,http://id.who.int/icd/release/11/mms/1335192255,8B93.8,,- - - - Radiculopathy due to spondylosis,category,2.0,False,08,,True,True,BlockL1-8B8,BlockL2-8B9,,,,,http://id.who.int/icd/entity/1802542189,
,http://id.who.int/icd/release/11/mms/1802542189/other,8B93.Y,,- - - - Other specified radiculopathy,category,2.0,True,08,,True,True,BlockL1-8B8,BlockL2-8B9,,,,,http://id.who.int/icd/entity/1802542189,
,http://id.who.int/icd/release/11/mms/1802542189/unspecified,8B93.Z,,"- - - - Radiculopathy, unspecified",category,2.0,True,08,,True,True,BlockL1-8B8,BlockL2-8B9,,,,,http://id.who.int/icd/entity/1802542189,
http://id.who.int/icd/entity/1577503643,http://id.who.int/icd/release/11/mms/1577503643,8B94,,- - - Diabetic radiculoplexoneuropathy,category,1.0,False,08,,True,False,BlockL1-8B8,BlockL2-8B9,,,,,http://id.who.int/icd/entity/63858592,
http://id.who.int/icd/entity/1770509481,http://id.who.int/icd/release/11/mms/1770509481,8B95,,- - - Secondary brachial plexus lesion due to certain specified disorders,category,1.0,False,08,,True,True,BlockL1-8B8,BlockL2-8B9,,,,,http://id.who.int/icd/entity/63858592,
,http://id.who.int/icd/release/11/mms/63858592/other,8B9Y,,- - - Other specified nerve root or plexus disorders,category,1.0,True,08,,True,True,BlockL1-8B8,BlockL2-8B9,,,,,http://id.who.int/icd/entity/63858592,
,http://id.who.int/icd/release/11/mms/63858592/unspecified,8B9Z,,"- - - Nerve root or plexus disorders, unspecified",category,1.0,True,08,,True,True,BlockL1-8B8,BlockL2-8B9,,,,,http://id.who.int/icd/entity/63858592,
http://id.who.int/icd/entity/58868923,http://id.who.int/icd/release/11/mms/58868923,,BlockL2-8C0,- - Polyneuropathy,block,2.0,False,08,,False,,BlockL1-8B8,,,,,,http://id.who.int/icd/entity/1730644960,
http://id.who.int/icd/entity/788742861,http://id.who.int/icd/release/11/mms/788742861,8C00,,- - - Idiopathic progressive neuropathy,category,1.0,False,08,,True,True,BlockL1-8B8,BlockL2-8C0,,,,,http://id.who.int/icd/entity/58868923,
http://id.who.int/icd/entity/1719029386,http://id.who.int/icd/release/11/mms/1719029386,8C01,,- - - Inflammatory polyneuropathy,category,1.0,False,08,,False,True,BlockL1-8B8,BlockL2-8C0,,,,,http://id.who.int/icd/entity/58868923,
http://id.who.int/icd/entity/1196874419,http://id.who.int/icd/release/11/mms/1196874419,8C01.0,,- - - - Acute inflammatory demyelinating polyneuropathy,category,2.0,False,08,,True,True,BlockL1-8B8,BlockL2-8C0,,,,,http://id.who.int/icd/entity/1719029386,
http://id.who.int/icd/entity/886881148,http://id.who.int/icd/release/11/mms/886881148,8C01.1,,- - - - Post vaccinal neuropathy,category,2.0,False,08,,True,True,BlockL1-8B8,BlockL2-8C0,,,,,http://id.who.int/icd/entity/1719029386,
http://id.who.int/icd/entity/1692167541,http://id.who.int/icd/release/11/mms/1692167541,8C01.2,,- - - - Subacute inflammatory demyelinating polyneuropathy,category,2.0,False,08,,True,True,BlockL1-8B8,BlockL2-8C0,,,,,http://id.who.int/icd/entity/1719029386,
http://id.who.int/icd/entity/224318510,http://id.who.int/icd/release/11/mms/224318510,8C01.3,,- - - - Chronic inflammatory demyelinating polyneuropathy,category,2.0,False,08,,True,True,BlockL1-8B8,BlockL2-8C0,,,,,http://id.who.int/icd/entity/1719029386,
,http://id.who.int/icd/release/11/mms/1719029386/other,8C01.Y,,- - - - Other specified inflammatory polyneuropathy,category,2.0,True,08,,True,True,BlockL1-8B8,BlockL2-8C0,,,,,http://id.who.int/icd/entity/1719029386,
,http://id.who.int/icd/release/11/mms/1719029386/unspecified,8C01.Z,,"- - - - Inflammatory polyneuropathy, unspecified",category,2.0,True,08,,True,True,BlockL1-8B8,BlockL2-8C0,,,,,http://id.who.int/icd/entity/1719029386,
http://id.who.int/icd/entity/1584778394,http://id.who.int/icd/release/11/mms/1584778394,8C03,,- - - Other secondary polyneuropathy,category,1.0,False,08,,False,False,BlockL1-8B8,BlockL2-8C0,,,,,http://id.who.int/icd/entity/58868923,
http://id.who.int/icd/entity/1837670870,http://id.who.int/icd/release/11/mms/1837670870,8C03.0,,- - - - Diabetic polyneuropathy,category,2.0,False,08,,True,False,BlockL1-8B8,BlockL2-8C0,,,,Always assign an additional code for diabetes mellitus.,http://id.who.int/icd/entity/1584778394,
http://id.who.int/icd/entity/1691058302,http://id.who.int/icd/release/11/mms/1691058302,8C03.1,,- - - - Polyneuropathy due to infectious diseases,category,2.0,False,08,,True,False,BlockL1-8B8,BlockL2-8C0,,,,,http://id.who.int/icd/entity/1584778394,
http://id.who.int/icd/entity/1063419800,http://id.who.int/icd/release/11/mms/1063419800,8C03.2,,- - - - Polyneuropathy in neoplastic disease,category,2.0,False,08,,True,False,BlockL1-8B8,BlockL2-8C0,,,,,http://id.who.int/icd/entity/1584778394,
http://id.who.int/icd/entity/1567256935,http://id.who.int/icd/release/11/mms/1567256935,8C03.3,,- - - - Polyneuropathy in nutritional deficiency,category,2.0,False,08,,True,False,BlockL1-8B8,BlockL2-8C0,,,,,http://id.who.int/icd/entity/1584778394,
http://id.who.int/icd/entity/941735155,http://id.who.int/icd/release/11/mms/941735155,8C03.4,,- - - - Polyneuropathy in systemic connective tissue disorders,category,2.0,False,08,,True,False,BlockL1-8B8,BlockL2-8C0,,,,,http://id.who.int/icd/entity/1584778394,
,http://id.who.int/icd/release/11/mms/1584778394/other,8C03.Y,,- - - - Other specified secondary polyneuropathy,category,2.0,True,08,,True,False,BlockL1-8B8,BlockL2-8C0,,,,,http://id.who.int/icd/entity/1584778394,
,http://id.who.int/icd/release/11/mms/1584778394/unspecified,8C03.Z,,"- - - - Other secondary polyneuropathy, unspecified",category,2.0,True,08,,True,False,BlockL1-8B8,BlockL2-8C0,,,,,http://id.who.int/icd/entity/1584778394,
,http://id.who.int/icd/release/11/mms/58868923/other,8C0Y,,- - - Other specified polyneuropathy,category,1.0,True,08,,True,True,BlockL1-8B8,BlockL2-8C0,,,,,http://id.who.int/icd/entity/58868923,
,http://id.who.int/icd/release/11/mms/58868923/unspecified,8C0Z,,"- - - Polyneuropathy, unspecified",category,1.0,True,08,,True,True,BlockL1-8B8,BlockL2-8C0,,,,,http://id.who.int/icd/entity/58868923,
http://id.who.int/icd/entity/1866592137,http://id.who.int/icd/release/11/mms/1866592137,,BlockL2-8C1,- - Mononeuropathy,block,2.0,False,08,,False,,BlockL1-8B8,,,,,,http://id.who.int/icd/entity/1730644960,
http://id.who.int/icd/entity/304675531,http://id.who.int/icd/release/11/mms/304675531,8C10,,- - - Mononeuropathies of upper limb,category,1.0,False,08,,False,False,BlockL1-8B8,BlockL2-8C1,,,,,http://id.who.int/icd/entity/1866592137,
http://id.who.int/icd/entity/1275186848,http://id.who.int/icd/release/11/mms/1275186848,8C10.0,,- - - - Carpal tunnel syndrome,category,2.0,False,08,,True,False,BlockL1-8B8,BlockL2-8C1,,,,,http://id.who.int/icd/entity/304675531,
http://id.who.int/icd/entity/1575441355,http://id.who.int/icd/release/11/mms/1575441355,8C10.1,,- - - - Lesion of ulnar nerve,category,2.0,False,08,,True,False,BlockL1-8B8,BlockL2-8C1,,,,,http://id.who.int/icd/entity/304675531,
http://id.who.int/icd/entity/950836831,http://id.who.int/icd/release/11/mms/950836831,8C10.2,,- - - - Lesion of radial nerve,category,2.0,False,08,,True,False,BlockL1-8B8,BlockL2-8C1,,,,,http://id.who.int/icd/entity/304675531,
,http://id.who.int/icd/release/11/mms/304675531/other,8C10.Y,,- - - - Other specified mononeuropathies of upper limb,category,2.0,True,08,,True,False,BlockL1-8B8,BlockL2-8C1,,,,,http://id.who.int/icd/entity/304675531,
,http://id.who.int/icd/release/11/mms/304675531/unspecified,8C10.Z,,"- - - - Mononeuropathies of upper limb, unspecified",category,2.0,True,08,,True,False,BlockL1-8B8,BlockL2-8C1,,,,,http://id.who.int/icd/entity/304675531,
http://id.who.int/icd/entity/2002990943,http://id.who.int/icd/release/11/mms/2002990943,8C11,,- - - Mononeuropathies of lower limb,category,1.0,False,08,,False,False,BlockL1-8B8,BlockL2-8C1,,,,,http://id.who.int/icd/entity/1866592137,
http://id.who.int/icd/entity/1358497313,http://id.who.int/icd/release/11/mms/1358497313,8C11.0,,- - - - Lesion of sciatic nerve,category,2.0,False,08,,False,False,BlockL1-8B8,BlockL2-8C1,,,,,http://id.who.int/icd/entity/2002990943,
http://id.who.int/icd/entity/1379565645,http://id.who.int/icd/release/11/mms/1379565645,8C11.00,,- - - - - Sciatic nerve piriformis syndrome,category,3.0,False,08,,True,False,BlockL1-8B8,BlockL2-8C1,,,,,http://id.who.int/icd/entity/1358497313,
,http://id.who.int/icd/release/11/mms/1358497313/other,8C11.0Y,,- - - - - Other specified lesion of sciatic nerve,category,3.0,True,08,,True,False,BlockL1-8B8,BlockL2-8C1,,,,,http://id.who.int/icd/entity/1358497313,
,http://id.who.int/icd/release/11/mms/1358497313/unspecified,8C11.0Z,,"- - - - - Lesion of sciatic nerve, unspecified",category,3.0,True,08,,True,False,BlockL1-8B8,BlockL2-8C1,,,,,http://id.who.int/icd/entity/1358497313,
http://id.who.int/icd/entity/900910005,http://id.who.int/icd/release/11/mms/900910005,8C11.1,,- - - - Meralgia paraesthetica,category,2.0,False,08,,True,False,BlockL1-8B8,BlockL2-8C1,,,,,http://id.who.int/icd/entity/2002990943,
http://id.who.int/icd/entity/1092590410,http://id.who.int/icd/release/11/mms/1092590410,8C11.2,,- - - - Lesion of femoral nerve,category,2.0,False,08,,True,False,BlockL1-8B8,BlockL2-8C1,,,,,http://id.who.int/icd/entity/2002990943,
http://id.who.int/icd/entity/609507040,http://id.who.int/icd/release/11/mms/609507040,8C11.3,,- - - - Lesion of common peroneal nerve,category,2.0,False,08,,True,False,BlockL1-8B8,BlockL2-8C1,,,,,http://id.who.int/icd/entity/2002990943,
http://id.who.int/icd/entity/1471857996,http://id.who.int/icd/release/11/mms/1471857996,8C11.4,,- - - - Lesion of tibial nerve,category,2.0,False,08,,True,False,BlockL1-8B8,BlockL2-8C1,,,,,http://id.who.int/icd/entity/2002990943,
http://id.who.int/icd/entity/854657246,http://id.who.int/icd/release/11/mms/854657246,8C11.5,,- - - - Tarsal tunnel syndrome,category,2.0,False,08,,True,False,BlockL1-8B8,BlockL2-8C1,,,,,http://id.who.int/icd/entity/2002990943,
http://id.who.int/icd/entity/1180456993,http://id.who.int/icd/release/11/mms/1180456993,8C11.6,,- - - - Lesion of plantar nerve,category,2.0,False,08,,True,False,BlockL1-8B8,BlockL2-8C1,,,,,http://id.who.int/icd/entity/2002990943,
,http://id.who.int/icd/release/11/mms/2002990943/other,8C11.Y,,- - - - Other specified mononeuropathies of lower limb,category,2.0,True,08,,True,False,BlockL1-8B8,BlockL2-8C1,,,,,http://id.who.int/icd/entity/2002990943,
,http://id.who.int/icd/release/11/mms/2002990943/unspecified,8C11.Z,,"- - - - Mononeuropathies of lower limb, unspecified",category,2.0,True,08,,True,False,BlockL1-8B8,BlockL2-8C1,,,,,http://id.who.int/icd/entity/2002990943,
http://id.who.int/icd/entity/168436253,http://id.who.int/icd/release/11/mms/168436253,8C12,,- - - Certain specified mononeuropathies,category,1.0,False,08,,False,True,BlockL1-8B8,BlockL2-8C1,,,,,http://id.who.int/icd/entity/1866592137,
http://id.who.int/icd/entity/511563165,http://id.who.int/icd/release/11/mms/511563165,8C12.0,,- - - - Intercostal neuropathy,category,2.0,False,08,,True,True,BlockL1-8B8,BlockL2-8C1,,,,,http://id.who.int/icd/entity/168436253,
http://id.who.int/icd/entity/1838368265,http://id.who.int/icd/release/11/mms/1838368265,8C12.1,,- - - - Mononeuritis multiplex,category,2.0,False,08,,True,True,BlockL1-8B8,BlockL2-8C1,,,,,http://id.who.int/icd/entity/168436253,
http://id.who.int/icd/entity/1793371217,http://id.who.int/icd/release/11/mms/1793371217,8C12.2,,- - - - Lesion of suprascapular nerve,category,2.0,False,08,,True,True,BlockL1-8B8,BlockL2-8C1,,,,,http://id.who.int/icd/entity/168436253,
http://id.who.int/icd/entity/1107508852,http://id.who.int/icd/release/11/mms/1107508852,8C12.3,,- - - - Lesion of axillary nerve,category,2.0,False,08,,True,True,BlockL1-8B8,BlockL2-8C1,,,,,http://id.who.int/icd/entity/168436253,
http://id.who.int/icd/entity/1879763573,http://id.who.int/icd/release/11/mms/1879763573,8C12.4,,- - - - Lesion of long thoracic nerve,category,2.0,False,08,,True,True,BlockL1-8B8,BlockL2-8C1,,,,,http://id.who.int/icd/entity/168436253,
http://id.who.int/icd/entity/1568116015,http://id.who.int/icd/release/11/mms/1568116015,8C12.5,,"- - - - Traumatic neuroma, not otherwise specified",category,2.0,False,08,,True,True,BlockL1-8B8,BlockL2-8C1,,,,,http://id.who.int/icd/entity/168436253,
,http://id.who.int/icd/release/11/mms/168436253/other,8C12.Y,,- - - - Mononeuropathy of other specified nerve,category,2.0,True,08,,True,True,BlockL1-8B8,BlockL2-8C1,,,,,http://id.who.int/icd/entity/168436253,
,http://id.who.int/icd/release/11/mms/1866592137/other,8C1Y,,- - - Mononeuropathy of other specified site,category,1.0,True,08,,True,True,BlockL1-8B8,BlockL2-8C1,,,,,http://id.who.int/icd/entity/1866592137,
,http://id.who.int/icd/release/11/mms/1866592137/unspecified,8C1Z,,- - - Mononeuropathy of unspecified site,category,1.0,True,08,,True,True,BlockL1-8B8,BlockL2-8C1,,,,,http://id.who.int/icd/entity/1866592137,
http://id.who.int/icd/entity/1820169460,http://id.who.int/icd/release/11/mms/1820169460,,BlockL2-8C2,- - Hereditary neuropathy,block,2.0,False,08,,False,,BlockL1-8B8,,,,,,http://id.who.int/icd/entity/1730644960,
http://id.who.int/icd/entity/1538134578,http://id.who.int/icd/release/11/mms/1538134578,8C20,,- - - Hereditary motor and sensory neuropathy,category,1.0,False,08,,False,True,BlockL1-8B8,BlockL2-8C2,,,,,http://id.who.int/icd/entity/1820169460,
http://id.who.int/icd/entity/1207560843,http://id.who.int/icd/release/11/mms/1207560843,8C20.0,,- - - - Charcot-Marie-Tooth disease 1 demyelinating,category,2.0,False,08,,True,True,BlockL1-8B8,BlockL2-8C2,,,,,http://id.who.int/icd/entity/1538134578,
http://id.who.int/icd/entity/403896648,http://id.who.int/icd/release/11/mms/403896648,8C20.1,,- - - - Charcot-Marie-Tooth disease 2 axonal,category,2.0,False,08,,True,True,BlockL1-8B8,BlockL2-8C2,,,,,http://id.who.int/icd/entity/1538134578,
http://id.who.int/icd/entity/1389094589,http://id.who.int/icd/release/11/mms/1389094589,8C20.2,,- - - - Intermediate Charcot-Marie-Tooth disease,category,2.0,False,08,,True,True,BlockL1-8B8,BlockL2-8C2,,,,,http://id.who.int/icd/entity/1538134578,
,http://id.who.int/icd/release/11/mms/1538134578/other,8C20.Y,,- - - - Other specified hereditary motor and sensory neuropathy,category,2.0,True,08,,True,True,BlockL1-8B8,BlockL2-8C2,,,,,http://id.who.int/icd/entity/1538134578,
,http://id.who.int/icd/release/11/mms/1538134578/unspecified,8C20.Z,,"- - - - Hereditary motor and sensory neuropathy, unspecified",category,2.0,True,08,,True,True,BlockL1-8B8,BlockL2-8C2,,,,,http://id.who.int/icd/entity/1538134578,
http://id.who.int/icd/entity/1091217288,http://id.who.int/icd/release/11/mms/1091217288,8C21,,- - - Hereditary sensory or autonomic neuropathy,category,1.0,False,08,,False,True,BlockL1-8B8,BlockL2-8C2,,,,,http://id.who.int/icd/entity/1820169460,
http://id.who.int/icd/entity/1989773046,http://id.who.int/icd/release/11/mms/1989773046,8C21.0,,- - - - Hereditary sensory and autonomic neuropathy type I,category,2.0,False,08,,True,True,BlockL1-8B8,BlockL2-8C2,,,,,http://id.who.int/icd/entity/1091217288,
http://id.who.int/icd/entity/831377479,http://id.who.int/icd/release/11/mms/831377479,8C21.1,,- - - - Hereditary sensory and autonomic neuropathy type III,category,2.0,False,08,,True,True,BlockL1-8B8,BlockL2-8C2,,,,,http://id.who.int/icd/entity/1091217288,
http://id.who.int/icd/entity/1831234152,http://id.who.int/icd/release/11/mms/1831234152,8C21.2,,- - - - Hereditary sensory and autonomic neuropathy type IV,category,2.0,False,08,,True,True,BlockL1-8B8,BlockL2-8C2,,,,,http://id.who.int/icd/entity/1091217288,
http://id.who.int/icd/entity/1411011731,http://id.who.int/icd/release/11/mms/1411011731,8C21.3,,- - - - Hereditary sensory and autonomic neuropathy type V,category,2.0,False,08,,True,True,BlockL1-8B8,BlockL2-8C2,,,,,http://id.who.int/icd/entity/1091217288,
,http://id.who.int/icd/release/11/mms/1091217288/other,8C21.Y,,- - - - Other specified hereditary sensory or autonomic neuropathy,category,2.0,True,08,,True,True,BlockL1-8B8,BlockL2-8C2,,,,,http://id.who.int/icd/entity/1091217288,
,http://id.who.int/icd/release/11/mms/1091217288/unspecified,8C21.Z,,"- - - - Hereditary sensory or autonomic neuropathy, unspecified",category,2.0,True,08,,True,True,BlockL1-8B8,BlockL2-8C2,,,,,http://id.who.int/icd/entity/1091217288,
,http://id.who.int/icd/release/11/mms/1820169460/other,8C2Y,,- - - Other specified hereditary neuropathy,category,1.0,True,08,,True,True,BlockL1-8B8,BlockL2-8C2,,,,,http://id.who.int/icd/entity/1820169460,
,http://id.who.int/icd/release/11/mms/1820169460/unspecified,8C2Z,,"- - - Hereditary neuropathy, unspecified",category,1.0,True,08,,True,True,BlockL1-8B8,BlockL2-8C2,,,,,http://id.who.int/icd/entity/1820169460,
,http://id.who.int/icd/release/11/mms/1730644960/other,8C4Y,,"- - Other specified disorders of nerve root, plexus or peripheral nerves",category,1.0,True,08,,True,True,BlockL1-8B8,,,,,,http://id.who.int/icd/entity/1730644960,
,http://id.who.int/icd/release/11/mms/1730644960/unspecified,8C4Z,,"- - Disorders of nerve root, plexus or peripheral nerves, unspecified",category,1.0,True,08,,True,True,BlockL1-8B8,,,,,,http://id.who.int/icd/entity/1730644960,
http://id.who.int/icd/entity/1297080916,http://id.who.int/icd/release/11/mms/1297080916,,BlockL1-8C6,- Diseases of neuromuscular junction or muscle,block,1.0,False,08,,False,,,,,,,,http://id.who.int/icd/entity/1296093776,
http://id.who.int/icd/entity/1425591047,http://id.who.int/icd/release/11/mms/1425591047,,BlockL2-8C6,- - Myasthenia gravis or certain specified neuromuscular junction disorders,block,2.0,False,08,,False,,BlockL1-8C6,,,,,,http://id.who.int/icd/entity/1297080916,
http://id.who.int/icd/entity/1270100227,http://id.who.int/icd/release/11/mms/1270100227,8C60,,- - - Myasthenia gravis,category,1.0,False,08,,False,True,BlockL1-8C6,BlockL2-8C6,,,,,http://id.who.int/icd/entity/1425591047,
http://id.who.int/icd/entity/600370025,http://id.who.int/icd/release/11/mms/600370025,8C60.0,,- - - - Drug-induced myasthenia gravis,category,2.0,False,08,,True,True,BlockL1-8C6,BlockL2-8C6,,,,,http://id.who.int/icd/entity/1270100227,
,http://id.who.int/icd/release/11/mms/1270100227/other,8C60.Y,,- - - - Other specified myasthenia gravis,category,2.0,True,08,,True,True,BlockL1-8C6,BlockL2-8C6,,,,,http://id.who.int/icd/entity/1270100227,
,http://id.who.int/icd/release/11/mms/1270100227/unspecified,8C60.Z,,"- - - - Myasthenia gravis, unspecified",category,2.0,True,08,,True,True,BlockL1-8C6,BlockL2-8C6,,,,,http://id.who.int/icd/entity/1270100227,
http://id.who.int/icd/entity/1515367530,http://id.who.int/icd/release/11/mms/1515367530,8C61,,- - - Congenital myasthenic syndromes,category,1.0,False,08,,True,True,BlockL1-8C6,BlockL2-8C6,,,,,http://id.who.int/icd/entity/1425591047,
http://id.who.int/icd/entity/796417193,http://id.who.int/icd/release/11/mms/796417193,8C62,,- - - Lambert-Eaton syndrome,category,1.0,False,08,,True,True,BlockL1-8C6,BlockL2-8C6,,,,,http://id.who.int/icd/entity/1425591047,
,http://id.who.int/icd/release/11/mms/1425591047/other,8C6Y,,- - - Other specified neuromuscular junction disorders,category,1.0,True,08,,True,True,BlockL1-8C6,BlockL2-8C6,,,,,http://id.who.int/icd/entity/1425591047,
,http://id.who.int/icd/release/11/mms/1425591047/unspecified,8C6Z,,"- - - Neuromuscular junction disorders, unspecified",category,1.0,True,08,,True,True,BlockL1-8C6,BlockL2-8C6,,,,,http://id.who.int/icd/entity/1425591047,
http://id.who.int/icd/entity/833816211,http://id.who.int/icd/release/11/mms/833816211,,BlockL2-8C7,- - Primary disorders of muscles,block,2.0,False,08,,False,,BlockL1-8C6,,,,,,http://id.who.int/icd/entity/1297080916,
http://id.who.int/icd/entity/1464662404,http://id.who.int/icd/release/11/mms/1464662404,8C70,,- - - Muscular dystrophy,category,1.0,False,08,,False,True,BlockL1-8C6,BlockL2-8C7,,,,,http://id.who.int/icd/entity/833816211,
http://id.who.int/icd/entity/690532643,http://id.who.int/icd/release/11/mms/690532643,8C70.0,,- - - - Becker muscular dystrophy,category,2.0,False,08,,True,True,BlockL1-8C6,BlockL2-8C7,,,,,http://id.who.int/icd/entity/1464662404,
http://id.who.int/icd/entity/1479561744,http://id.who.int/icd/release/11/mms/1479561744,8C70.1,,- - - - Duchenne muscular dystrophy,category,2.0,False,08,,True,True,BlockL1-8C6,BlockL2-8C7,,,,,http://id.who.int/icd/entity/1464662404,
http://id.who.int/icd/entity/749295636,http://id.who.int/icd/release/11/mms/749295636,8C70.2,,- - - - Emery-Dreifuss muscular dystrophy,category,2.0,False,08,,True,True,BlockL1-8C6,BlockL2-8C7,,,,,http://id.who.int/icd/entity/1464662404,
http://id.who.int/icd/entity/621965073,http://id.who.int/icd/release/11/mms/621965073,8C70.3,,- - - - Facioscapulohumeral muscular dystrophy,category,2.0,False,08,,True,True,BlockL1-8C6,BlockL2-8C7,,,,,http://id.who.int/icd/entity/1464662404,
http://id.who.int/icd/entity/887807212,http://id.who.int/icd/release/11/mms/887807212,8C70.4,,- - - - Limb-girdle muscular dystrophy,category,2.0,False,08,,False,True,BlockL1-8C6,BlockL2-8C7,,,,,http://id.who.int/icd/entity/1464662404,
http://id.who.int/icd/entity/537908479,http://id.who.int/icd/release/11/mms/537908479,8C70.40,,- - - - - Dominant limb-girdle muscular dystrophy,category,3.0,False,08,,True,True,BlockL1-8C6,BlockL2-8C7,,,,,http://id.who.int/icd/entity/887807212,
http://id.who.int/icd/entity/319162980,http://id.who.int/icd/release/11/mms/319162980,8C70.41,,- - - - - Recessive limb-girdle muscular dystrophy,category,3.0,False,08,,True,True,BlockL1-8C6,BlockL2-8C7,,,,,http://id.who.int/icd/entity/887807212,
,http://id.who.int/icd/release/11/mms/887807212/other,8C70.4Y,,- - - - - Other specified limb-girdle muscular dystrophy,category,3.0,True,08,,True,True,BlockL1-8C6,BlockL2-8C7,,,,,http://id.who.int/icd/entity/887807212,
,http://id.who.int/icd/release/11/mms/887807212/unspecified,8C70.4Z,,"- - - - - Limb-girdle muscular dystrophy, unspecified",category,3.0,True,08,,True,True,BlockL1-8C6,BlockL2-8C7,,,,,http://id.who.int/icd/entity/887807212,
http://id.who.int/icd/entity/1224331149,http://id.who.int/icd/release/11/mms/1224331149,8C70.5,,- - - - Scapuloperoneal muscular dystrophy,category,2.0,False,08,,True,True,BlockL1-8C6,BlockL2-8C7,,,,,http://id.who.int/icd/entity/1464662404,
http://id.who.int/icd/entity/396687076,http://id.who.int/icd/release/11/mms/396687076,8C70.6,,- - - - Congenital muscular dystrophy,category,2.0,False,08,,True,True,BlockL1-8C6,BlockL2-8C7,,,,,http://id.who.int/icd/entity/1464662404,
,http://id.who.int/icd/release/11/mms/1464662404/other,8C70.Y,,- - - - Other specified muscular dystrophy,category,2.0,True,08,,True,True,BlockL1-8C6,BlockL2-8C7,,,,,http://id.who.int/icd/entity/1464662404,
,http://id.who.int/icd/release/11/mms/1464662404/unspecified,8C70.Z,,"- - - - Muscular dystrophy, unspecified",category,2.0,True,08,,True,True,BlockL1-8C6,BlockL2-8C7,,,,,http://id.who.int/icd/entity/1464662404,
http://id.who.int/icd/entity/839332886,http://id.who.int/icd/release/11/mms/839332886,8C71,,- - - Myotonic disorders,category,1.0,False,08,,False,True,BlockL1-8C6,BlockL2-8C7,,,,,http://id.who.int/icd/entity/833816211,
http://id.who.int/icd/entity/192087511,http://id.who.int/icd/release/11/mms/192087511,8C71.0,,- - - - Myotonic dystrophy,category,2.0,False,08,,True,True,BlockL1-8C6,BlockL2-8C7,,,,,http://id.who.int/icd/entity/839332886,
http://id.who.int/icd/entity/1725668060,http://id.who.int/icd/release/11/mms/1725668060,8C71.1,,- - - - Chondrodystrophic myotonia,category,2.0,False,08,,True,True,BlockL1-8C6,BlockL2-8C7,,,,,http://id.who.int/icd/entity/839332886,
http://id.who.int/icd/entity/1916703439,http://id.who.int/icd/release/11/mms/1916703439,8C71.2,,- - - - Myotonia congenita,category,2.0,False,08,,True,True,BlockL1-8C6,BlockL2-8C7,,,,,http://id.who.int/icd/entity/839332886,
http://id.who.int/icd/entity/40657776,http://id.who.int/icd/release/11/mms/40657776,8C71.3,,- - - - Drug-induced myotonia,category,2.0,False,08,,True,True,BlockL1-8C6,BlockL2-8C7,,,,,http://id.who.int/icd/entity/839332886,
http://id.who.int/icd/entity/646523932,http://id.who.int/icd/release/11/mms/646523932,8C71.4,,- - - - Neuromyotonia,category,2.0,False,08,,True,True,BlockL1-8C6,BlockL2-8C7,,,,,http://id.who.int/icd/entity/839332886,
http://id.who.int/icd/entity/715714152,http://id.who.int/icd/release/11/mms/715714152,8C71.5,,- - - - Pseudomyotonia,category,2.0,False,08,,True,True,BlockL1-8C6,BlockL2-8C7,,,,,http://id.who.int/icd/entity/839332886,
,http://id.who.int/icd/release/11/mms/839332886/other,8C71.Y,,- - - - Other specified myotonic disorders,category,2.0,True,08,,True,True,BlockL1-8C6,BlockL2-8C7,,,,,http://id.who.int/icd/entity/839332886,
,http://id.who.int/icd/release/11/mms/839332886/unspecified,8C71.Z,,"- - - - Myotonic disorders, unspecified",category,2.0,True,08,,True,True,BlockL1-8C6,BlockL2-8C7,,,,,http://id.who.int/icd/entity/839332886,
http://id.who.int/icd/entity/1185572073,http://id.who.int/icd/release/11/mms/1185572073,8C72,,- - - Congenital myopathies,category,1.0,False,08,,False,True,BlockL1-8C6,BlockL2-8C7,,,,,http://id.who.int/icd/entity/833816211,
http://id.who.int/icd/entity/854289056,http://id.who.int/icd/release/11/mms/854289056,8C72.0,,- - - - Congenital myopathy with structural abnormalities,category,2.0,False,08,,False,True,BlockL1-8C6,BlockL2-8C7,,,,,http://id.who.int/icd/entity/1185572073,
http://id.who.int/icd/entity/1996502540,http://id.who.int/icd/release/11/mms/1996502540,8C72.00,,- - - - - Nemaline myopathy,category,3.0,False,08,,True,True,BlockL1-8C6,BlockL2-8C7,,,,,http://id.who.int/icd/entity/854289056,
http://id.who.int/icd/entity/742097637,http://id.who.int/icd/release/11/mms/742097637,8C72.01,,- - - - - Centronuclear myopathy,category,3.0,False,08,,True,True,BlockL1-8C6,BlockL2-8C7,,,,,http://id.who.int/icd/entity/854289056,
http://id.who.int/icd/entity/2065822840,http://id.who.int/icd/release/11/mms/2065822840,8C72.02,,- - - - - Central core disease,category,3.0,False,08,,True,True,BlockL1-8C6,BlockL2-8C7,,,,,http://id.who.int/icd/entity/854289056,
,http://id.who.int/icd/release/11/mms/854289056/other,8C72.0Y,,- - - - - Other specified congenital myopathy with structural abnormalities,category,3.0,True,08,,True,True,BlockL1-8C6,BlockL2-8C7,,,,,http://id.who.int/icd/entity/854289056,
,http://id.who.int/icd/release/11/mms/854289056/unspecified,8C72.0Z,,"- - - - - Congenital myopathy with structural abnormalities, unspecified",category,3.0,True,08,,True,True,BlockL1-8C6,BlockL2-8C7,,,,,http://id.who.int/icd/entity/854289056,
http://id.who.int/icd/entity/514523225,http://id.who.int/icd/release/11/mms/514523225,8C72.1,,- - - - Congenital myopathy with no structural abnormalities,category,2.0,False,08,,True,True,BlockL1-8C6,BlockL2-8C7,,,,,http://id.who.int/icd/entity/1185572073,
,http://id.who.int/icd/release/11/mms/1185572073/other,8C72.Y,,- - - - Other specified congenital myopathies,category,2.0,True,08,,True,True,BlockL1-8C6,BlockL2-8C7,,,,,http://id.who.int/icd/entity/1185572073,
,http://id.who.int/icd/release/11/mms/1185572073/unspecified,8C72.Z,,"- - - - Congenital myopathies, unspecified",category,2.0,True,08,,True,True,BlockL1-8C6,BlockL2-8C7,,,,,http://id.who.int/icd/entity/1185572073,
http://id.who.int/icd/entity/601991549,http://id.who.int/icd/release/11/mms/601991549,8C73,,- - - Mitochondrial myopathies,category,1.0,False,08,,False,True,BlockL1-8C6,BlockL2-8C7,,,,,http://id.who.int/icd/entity/833816211,
http://id.who.int/icd/entity/607844076,http://id.who.int/icd/release/11/mms/607844076,8C73.0,,- - - - Autosomal recessive cardiomyopathy or ophthalmoplegia,category,2.0,False,08,,True,True,BlockL1-8C6,BlockL2-8C7,,,,,http://id.who.int/icd/entity/601991549,
http://id.who.int/icd/entity/2089784682,http://id.who.int/icd/release/11/mms/2089784682,8C73.1,,"- - - - Neuropathy, ataxia, and retinitis pigmentosa",category,2.0,False,08,,True,True,BlockL1-8C6,BlockL2-8C7,,,,,http://id.who.int/icd/entity/601991549,
,http://id.who.int/icd/release/11/mms/601991549/other,8C73.Y,,- - - - Other specified mitochondrial myopathies,category,2.0,True,08,,True,True,BlockL1-8C6,BlockL2-8C7,,,,,http://id.who.int/icd/entity/601991549,
,http://id.who.int/icd/release/11/mms/601991549/unspecified,8C73.Z,,"- - - - Mitochondrial myopathies, unspecified",category,2.0,True,08,,True,True,BlockL1-8C6,BlockL2-8C7,,,,,http://id.who.int/icd/entity/601991549,
http://id.who.int/icd/entity/1222696062,http://id.who.int/icd/release/11/mms/1222696062,8C74,,- - - Periodic paralyses or disorders of muscle membrane excitability,category,1.0,False,08,,False,True,BlockL1-8C6,BlockL2-8C7,,,,,http://id.who.int/icd/entity/833816211,
http://id.who.int/icd/entity/1740060527,http://id.who.int/icd/release/11/mms/1740060527,8C74.0,,- - - - Paramyotonia congenita,category,2.0,False,08,,True,True,BlockL1-8C6,BlockL2-8C7,,,,,http://id.who.int/icd/entity/1222696062,
http://id.who.int/icd/entity/577112387,http://id.who.int/icd/release/11/mms/577112387,8C74.1,,- - - - Periodic paralysis,category,2.0,False,08,,False,True,BlockL1-8C6,BlockL2-8C7,,,,,http://id.who.int/icd/entity/1222696062,
http://id.who.int/icd/entity/1494773635,http://id.who.int/icd/release/11/mms/1494773635,8C74.10,,- - - - - Hypokalaemic periodic paralysis,category,3.0,False,08,,True,True,BlockL1-8C6,BlockL2-8C7,,,,,http://id.who.int/icd/entity/577112387,
http://id.who.int/icd/entity/1308452752,http://id.who.int/icd/release/11/mms/1308452752,8C74.11,,- - - - - Hyperkalaemic periodic paralysis,category,3.0,False,08,,True,True,BlockL1-8C6,BlockL2-8C7,,,,,http://id.who.int/icd/entity/577112387,
,http://id.who.int/icd/release/11/mms/577112387/other,8C74.1Y,,- - - - - Other specified periodic paralysis,category,3.0,True,08,,True,True,BlockL1-8C6,BlockL2-8C7,,,,,http://id.who.int/icd/entity/577112387,
,http://id.who.int/icd/release/11/mms/577112387/unspecified,8C74.1Z,,"- - - - - Periodic paralysis, unspecified",category,3.0,True,08,,True,True,BlockL1-8C6,BlockL2-8C7,,,,,http://id.who.int/icd/entity/577112387,
,http://id.who.int/icd/release/11/mms/1222696062/other,8C74.Y,,- - - - Other specified periodic paralyses or disorders of muscle membrane excitability,category,2.0,True,08,,True,True,BlockL1-8C6,BlockL2-8C7,,,,,http://id.who.int/icd/entity/1222696062,
,http://id.who.int/icd/release/11/mms/1222696062/unspecified,8C74.Z,,"- - - - Periodic paralyses or disorders of muscle membrane excitability, unspecified",category,2.0,True,08,,True,True,BlockL1-8C6,BlockL2-8C7,,,,,http://id.who.int/icd/entity/1222696062,
http://id.who.int/icd/entity/596283352,http://id.who.int/icd/release/11/mms/596283352,8C75,,- - - Distal myopathies,category,1.0,False,08,,True,True,BlockL1-8C6,BlockL2-8C7,,,,,http://id.who.int/icd/entity/833816211,
http://id.who.int/icd/entity/125656853,http://id.who.int/icd/release/11/mms/125656853,8C76,,- - - Myofibrillar myopathy,category,1.0,False,08,,True,True,BlockL1-8C6,BlockL2-8C7,,,,,http://id.who.int/icd/entity/833816211,
http://id.who.int/icd/entity/1877039847,http://id.who.int/icd/release/11/mms/1877039847,8C77,,- - - Ocular myopathy,category,1.0,False,08,,True,True,BlockL1-8C6,BlockL2-8C7,,,,,http://id.who.int/icd/entity/833816211,
http://id.who.int/icd/entity/1397199211,http://id.who.int/icd/release/11/mms/1397199211,8C78,,- - - Malignant hyperthermia or hyperpyrexia,category,1.0,False,08,,True,True,BlockL1-8C6,BlockL2-8C7,,,,,http://id.who.int/icd/entity/833816211,
,http://id.who.int/icd/release/11/mms/833816211/other,8C7Y,,- - - Other specified primary disorders of muscles,category,1.0,True,08,,True,True,BlockL1-8C6,BlockL2-8C7,,,,,http://id.who.int/icd/entity/833816211,
,http://id.who.int/icd/release/11/mms/833816211/unspecified,8C7Z,,"- - - Primary disorders of muscles, unspecified",category,1.0,True,08,,True,True,BlockL1-8C6,BlockL2-8C7,,,,,http://id.who.int/icd/entity/833816211,
http://id.who.int/icd/entity/1159616108,http://id.who.int/icd/release/11/mms/1159616108,,BlockL2-8C8,- - Secondary myopathies,block,2.0,False,08,,False,,BlockL1-8C6,,,,,,http://id.who.int/icd/entity/1297080916,
http://id.who.int/icd/entity/1456167356,http://id.who.int/icd/release/11/mms/1456167356,8C80,,- - - Drug-induced myopathy,category,1.0,False,08,,True,True,BlockL1-8C6,BlockL2-8C8,,,,,http://id.who.int/icd/entity/1159616108,
http://id.who.int/icd/entity/1227790808,http://id.who.int/icd/release/11/mms/1227790808,8C81,,- - - Autoimmune myopathy,category,1.0,False,08,,True,False,BlockL1-8C6,BlockL2-8C8,,,,,http://id.who.int/icd/entity/1159616108,
http://id.who.int/icd/entity/952636146,http://id.who.int/icd/release/11/mms/952636146,8C82,,- - - Myopathy in certain specified infectious or parasitic disease,category,1.0,False,08,,True,False,BlockL1-8C6,BlockL2-8C8,,,,,http://id.who.int/icd/entity/1159616108,
http://id.who.int/icd/entity/946840192,http://id.who.int/icd/release/11/mms/946840192,8C83,,- - - Myopathy in certain specified endocrine disease,category,1.0,False,08,,True,False,BlockL1-8C6,BlockL2-8C8,,,,,http://id.who.int/icd/entity/1159616108,
http://id.who.int/icd/entity/248272428,http://id.who.int/icd/release/11/mms/248272428,8C84,,- - - Secondary rhabdomyolysis,category,1.0,False,08,,True,False,BlockL1-8C6,BlockL2-8C8,,,,,http://id.who.int/icd/entity/1159616108,
,http://id.who.int/icd/release/11/mms/1159616108/other,8C8Y,,- - - Other specified secondary myopathies,category,1.0,True,08,,True,True,BlockL1-8C6,BlockL2-8C8,,,,,http://id.who.int/icd/entity/1159616108,
,http://id.who.int/icd/release/11/mms/1159616108/unspecified,8C8Z,,"- - - Secondary myopathies, unspecified",category,1.0,True,08,,True,True,BlockL1-8C6,BlockL2-8C8,,,,,http://id.who.int/icd/entity/1159616108,
,http://id.who.int/icd/release/11/mms/1297080916/other,8D0Y,,- - Other specified diseases of muscle,category,1.0,True,08,,True,True,BlockL1-8C6,,,,,,http://id.who.int/icd/entity/1297080916,
,http://id.who.int/icd/release/11/mms/1297080916/unspecified,8D0Z,,"- - Diseases of muscle, unspecified",category,1.0,True,08,,True,True,BlockL1-8C6,,,,,,http://id.who.int/icd/entity/1297080916,
http://id.who.int/icd/entity/76906748,http://id.who.int/icd/release/11/mms/76906748,,BlockL1-8D2,- Cerebral palsy,block,1.0,False,08,,False,,,,,,,,http://id.who.int/icd/entity/1296093776,
http://id.who.int/icd/entity/1426032265,http://id.who.int/icd/release/11/mms/1426032265,8D20,,- - Spastic cerebral palsy,category,1.0,False,08,,False,True,BlockL1-8D2,,,,,,http://id.who.int/icd/entity/76906748,
http://id.who.int/icd/entity/1429906313,http://id.who.int/icd/release/11/mms/1429906313,8D20.0,,- - - Spastic unilateral cerebral palsy,category,2.0,False,08,,True,True,BlockL1-8D2,,,,,,http://id.who.int/icd/entity/1426032265,
http://id.who.int/icd/entity/1655375736,http://id.who.int/icd/release/11/mms/1655375736,8D20.1,,- - - Spastic bilateral cerebral palsy,category,2.0,False,08,,False,True,BlockL1-8D2,,,,,,http://id.who.int/icd/entity/1426032265,
http://id.who.int/icd/entity/1155284708,http://id.who.int/icd/release/11/mms/1155284708,8D20.10,,- - - - Spastic quadriplegic cerebral palsy,category,3.0,False,08,,True,True,BlockL1-8D2,,,,,,http://id.who.int/icd/entity/1655375736,
http://id.who.int/icd/entity/563606390,http://id.who.int/icd/release/11/mms/563606390,8D20.11,,- - - - Spastic diplegic cerebral palsy,category,3.0,False,08,,True,True,BlockL1-8D2,,,,,,http://id.who.int/icd/entity/1655375736,
,http://id.who.int/icd/release/11/mms/1655375736/unspecified,8D20.1Z,,"- - - - Spastic bilateral cerebral palsy, unspecified",category,3.0,True,08,,True,True,BlockL1-8D2,,,,,,http://id.who.int/icd/entity/1655375736,
,http://id.who.int/icd/release/11/mms/1426032265/other,8D20.Y,,- - - Other specified spastic cerebral palsy,category,2.0,True,08,,True,True,BlockL1-8D2,,,,,,http://id.who.int/icd/entity/1426032265,
,http://id.who.int/icd/release/11/mms/1426032265/unspecified,8D20.Z,,"- - - Spastic cerebral palsy, unspecified",category,2.0,True,08,,True,True,BlockL1-8D2,,,,,,http://id.who.int/icd/entity/1426032265,
http://id.who.int/icd/entity/812740125,http://id.who.int/icd/release/11/mms/812740125,8D21,,- - Dyskinetic cerebral palsy,category,1.0,False,08,,True,True,BlockL1-8D2,,,,,,http://id.who.int/icd/entity/76906748,
http://id.who.int/icd/entity/1134558601,http://id.who.int/icd/release/11/mms/1134558601,8D22,,- - Ataxic cerebral palsy,category,1.0,False,08,,True,True,BlockL1-8D2,,,,,,http://id.who.int/icd/entity/76906748,
http://id.who.int/icd/entity/1834138618,http://id.who.int/icd/release/11/mms/1834138618,8D23,,- - Worster-Drought syndrome,category,1.0,False,08,,True,True,BlockL1-8D2,,,,,,http://id.who.int/icd/entity/76906748,
,http://id.who.int/icd/release/11/mms/76906748/other,8D2Y,,- - Other specified cerebral palsy,category,1.0,True,08,,True,True,BlockL1-8D2,,,,,,http://id.who.int/icd/entity/76906748,
,http://id.who.int/icd/release/11/mms/76906748/unspecified,8D2Z,,"- - Cerebral palsy, unspecified",category,1.0,True,08,,True,True,BlockL1-8D2,,,,,,http://id.who.int/icd/entity/76906748,
http://id.who.int/icd/entity/1119245712,http://id.who.int/icd/release/11/mms/1119245712,,BlockL1-8D4,- Nutritional or toxic disorders of the nervous system,block,1.0,False,08,,False,,,,,,,,http://id.who.int/icd/entity/1296093776,
http://id.who.int/icd/entity/96676503,http://id.who.int/icd/release/11/mms/96676503,8D40,,- - Neurological disorders due to nutrient deficiency,category,1.0,False,08,,False,False,BlockL1-8D4,,,,,,http://id.who.int/icd/entity/1119245712,
http://id.who.int/icd/entity/1340134114,http://id.who.int/icd/release/11/mms/1340134114,8D40.0,,- - - Encephalopathy due to nutritional deficiency,category,2.0,False,08,,True,False,BlockL1-8D4,,,,,,http://id.who.int/icd/entity/96676503,
http://id.who.int/icd/entity/2053072995,http://id.who.int/icd/release/11/mms/2053072995,8D40.1,,- - - Neuropathy due to nutritional deficiency,category,2.0,False,08,,True,False,BlockL1-8D4,,,,,,http://id.who.int/icd/entity/96676503,
http://id.who.int/icd/entity/2120094266,http://id.who.int/icd/release/11/mms/2120094266,8D40.2,,- - - Myopathy due to nutritional deficiency,category,2.0,False,08,,True,False,BlockL1-8D4,,,,,,http://id.who.int/icd/entity/96676503,
http://id.who.int/icd/entity/392405182,http://id.who.int/icd/release/11/mms/392405182,8D40.3,,- - - Intellectual developmental disorder due to nutritional deficiency,category,2.0,False,08,,True,False,BlockL1-8D4,,,,,,http://id.who.int/icd/entity/96676503,
,http://id.who.int/icd/release/11/mms/96676503/other,8D40.Y,,- - - Other specified neurological disorders due to nutrient deficiency,category,2.0,True,08,,True,False,BlockL1-8D4,,,,,,http://id.who.int/icd/entity/96676503,
,http://id.who.int/icd/release/11/mms/96676503/unspecified,8D40.Z,,"- - - Neurological disorders due to nutrient deficiency, unspecified",category,2.0,True,08,,True,False,BlockL1-8D4,,,,,,http://id.who.int/icd/entity/96676503,
http://id.who.int/icd/entity/2109612285,http://id.who.int/icd/release/11/mms/2109612285,8D41,,- - Neurological disorders due to an excess of micro or macro nutrients,category,1.0,False,08,,False,False,BlockL1-8D4,,,,,,http://id.who.int/icd/entity/1119245712,
http://id.who.int/icd/entity/378925042,http://id.who.int/icd/release/11/mms/378925042,8D41.0,,- - - Peripheral neuropathy due to vitamin B6 hyperalimentation,category,2.0,False,08,,True,False,BlockL1-8D4,,,,,,http://id.who.int/icd/entity/2109612285,
http://id.who.int/icd/entity/165764269,http://id.who.int/icd/release/11/mms/165764269,8D41.1,,- - - Myopathy due to hypercalcaemia,category,2.0,False,08,,True,False,BlockL1-8D4,,,,,,http://id.who.int/icd/entity/2109612285,
http://id.who.int/icd/entity/819815000,http://id.who.int/icd/release/11/mms/819815000,8D41.2,,- - - Pseudotumour Cerebri related to Hypervitaminosis A,category,2.0,False,08,,True,False,BlockL1-8D4,,,,,,http://id.who.int/icd/entity/2109612285,
,http://id.who.int/icd/release/11/mms/2109612285/other,8D41.Y,,- - - Other specified neurological disorders due to an excess of micro or macro nutrients,category,2.0,True,08,,True,False,BlockL1-8D4,,,,,,http://id.who.int/icd/entity/2109612285,
,http://id.who.int/icd/release/11/mms/2109612285/unspecified,8D41.Z,,"- - - Neurological disorders due to an excess of micro or macro nutrients, unspecified",category,2.0,True,08,,True,False,BlockL1-8D4,,,,,,http://id.who.int/icd/entity/2109612285,
http://id.who.int/icd/entity/2098488072,http://id.who.int/icd/release/11/mms/2098488072,8D42,,- - Neurological disorders due to overweight or obesity in adults or children,category,1.0,False,08,,True,False,BlockL1-8D4,,,,,,http://id.who.int/icd/entity/1119245712,
http://id.who.int/icd/entity/2083995737,http://id.who.int/icd/release/11/mms/2083995737,8D43,,- - Neurological disorders due to toxicity,category,1.0,False,08,,False,True,BlockL1-8D4,,,,,,http://id.who.int/icd/entity/1119245712,
http://id.who.int/icd/entity/932482258,http://id.who.int/icd/release/11/mms/932482258,8D43.0,,- - - Encephalopathy due to toxicity,category,2.0,False,08,,False,True,BlockL1-8D4,,,,,,http://id.who.int/icd/entity/2083995737,
http://id.who.int/icd/entity/1942289108,http://id.who.int/icd/release/11/mms/1942289108,8D43.00,,- - - - Encephalopathy due to ammonia,category,3.0,False,08,,True,True,BlockL1-8D4,,,,,,http://id.who.int/icd/entity/932482258,
,http://id.who.int/icd/release/11/mms/932482258/other,8D43.0Y,,- - - - Other specified encephalopathy due to toxicity,category,3.0,True,08,,True,True,BlockL1-8D4,,,,,,http://id.who.int/icd/entity/932482258,
,http://id.who.int/icd/release/11/mms/932482258/unspecified,8D43.0Z,,"- - - - Encephalopathy due to toxicity, unspecified",category,3.0,True,08,,True,True,BlockL1-8D4,,,,,,http://id.who.int/icd/entity/932482258,
http://id.who.int/icd/entity/1954122838,http://id.who.int/icd/release/11/mms/1954122838,8D43.1,,- - - Cognitive impairment due to toxicity,category,2.0,False,08,,True,True,BlockL1-8D4,,,,,,http://id.who.int/icd/entity/2083995737,
http://id.who.int/icd/entity/1851919630,http://id.who.int/icd/release/11/mms/1851919630,8D43.2,,- - - Neuropathy due to toxicity,category,2.0,False,08,,False,True,BlockL1-8D4,,,,,,http://id.who.int/icd/entity/2083995737,
http://id.who.int/icd/entity/1188133517,http://id.who.int/icd/release/11/mms/1188133517,8D43.20,,- - - - Drug-induced polyneuropathy,category,3.0,False,08,,True,True,BlockL1-8D4,,,,,,http://id.who.int/icd/entity/1851919630,
http://id.who.int/icd/entity/1067183755,http://id.who.int/icd/release/11/mms/1067183755,8D43.21,,- - - - Post radiation polyneuropathy,category,3.0,False,08,,True,True,BlockL1-8D4,,,,,,http://id.who.int/icd/entity/1851919630,
,http://id.who.int/icd/release/11/mms/1851919630/other,8D43.2Y,,- - - - Other specified neuropathy due to toxicity,category,3.0,True,08,,True,True,BlockL1-8D4,,,,,,http://id.who.int/icd/entity/1851919630,
,http://id.who.int/icd/release/11/mms/1851919630/unspecified,8D43.2Z,,"- - - - Neuropathy due to toxicity, unspecified",category,3.0,True,08,,True,True,BlockL1-8D4,,,,,,http://id.who.int/icd/entity/1851919630,
http://id.who.int/icd/entity/2140847857,http://id.who.int/icd/release/11/mms/2140847857,8D43.3,,- - - Myopathy due to toxicity,category,2.0,False,08,,True,True,BlockL1-8D4,,,,,,http://id.who.int/icd/entity/2083995737,
http://id.who.int/icd/entity/1462849226,http://id.who.int/icd/release/11/mms/1462849226,8D43.4,,- - - Movement disorders due to toxicity,category,2.0,False,08,,True,True,BlockL1-8D4,,,,,,http://id.who.int/icd/entity/2083995737,
http://id.who.int/icd/entity/130311653,http://id.who.int/icd/release/11/mms/130311653,8D43.5,,- - - Cassava poisoning,category,2.0,False,08,,True,True,BlockL1-8D4,,,,,,http://id.who.int/icd/entity/2083995737,
,http://id.who.int/icd/release/11/mms/2083995737/other,8D43.Y,,- - - Other specified neurological disorders due to toxicity,category,2.0,True,08,,True,True,BlockL1-8D4,,,,,,http://id.who.int/icd/entity/2083995737,
,http://id.who.int/icd/release/11/mms/2083995737/unspecified,8D43.Z,,"- - - Neurological disorders due to toxicity, unspecified",category,2.0,True,08,,True,True,BlockL1-8D4,,,,,,http://id.who.int/icd/entity/2083995737,
http://id.who.int/icd/entity/1001737902,http://id.who.int/icd/release/11/mms/1001737902,8D44,,- - Alcohol-related neurological disorders,category,1.0,False,08,,False,True,BlockL1-8D4,,,,,,http://id.who.int/icd/entity/1119245712,
http://id.who.int/icd/entity/597341977,http://id.who.int/icd/release/11/mms/597341977,8D44.0,,- - - Alcoholic polyneuropathy,category,2.0,False,08,,True,True,BlockL1-8D4,,,,,,http://id.who.int/icd/entity/1001737902,
http://id.who.int/icd/entity/864064554,http://id.who.int/icd/release/11/mms/864064554,8D44.1,,- - - Alcoholic myopathy,category,2.0,False,08,,True,True,BlockL1-8D4,,,,,,http://id.who.int/icd/entity/1001737902,
,http://id.who.int/icd/release/11/mms/1001737902/other,8D44.Y,,- - - Other specified alcohol-related neurological disorders,category,2.0,True,08,,True,True,BlockL1-8D4,,,,,,http://id.who.int/icd/entity/1001737902,
,http://id.who.int/icd/release/11/mms/1001737902/unspecified,8D44.Z,,"- - - Alcohol-related neurological disorders, unspecified",category,2.0,True,08,,True,True,BlockL1-8D4,,,,,,http://id.who.int/icd/entity/1001737902,
,http://id.who.int/icd/release/11/mms/1119245712/other,8D4Y,,- - Other specified nutritional or toxic disorders of the nervous system,category,1.0,True,08,,True,True,BlockL1-8D4,,,,,,http://id.who.int/icd/entity/1119245712,
,http://id.who.int/icd/release/11/mms/1119245712/unspecified,8D4Z,,"- - Nutritional or toxic disorders of the nervous system, unspecified",category,1.0,True,08,,True,True,BlockL1-8D4,,,,,,http://id.who.int/icd/entity/1119245712,
http://id.who.int/icd/entity/23958598,http://id.who.int/icd/release/11/mms/23958598,,BlockL1-8D6,- Disorders of cerebrospinal fluid pressure or flow,block,1.0,False,08,,False,,,,,,,,http://id.who.int/icd/entity/1296093776,
http://id.who.int/icd/entity/925785183,http://id.who.int/icd/release/11/mms/925785183,8D60,,- - Increased intracranial pressure,category,1.0,False,08,,False,True,BlockL1-8D6,,,,,,http://id.who.int/icd/entity/23958598,
http://id.who.int/icd/entity/906840560,http://id.who.int/icd/release/11/mms/906840560,8D60.0,,- - - Brain herniation syndromes,category,2.0,False,08,,True,True,BlockL1-8D6,,,,,,http://id.who.int/icd/entity/925785183,
http://id.who.int/icd/entity/1139074029,http://id.who.int/icd/release/11/mms/1139074029,8D60.1,,- - - Cerebral oedema,category,2.0,False,08,,True,True,BlockL1-8D6,,,,,,http://id.who.int/icd/entity/925785183,
,http://id.who.int/icd/release/11/mms/925785183/other,8D60.Y,,- - - Other specified increased intracranial pressure,category,2.0,True,08,,True,True,BlockL1-8D6,,,,,,http://id.who.int/icd/entity/925785183,
,http://id.who.int/icd/release/11/mms/925785183/unspecified,8D60.Z,,"- - - Increased intracranial pressure, unspecified",category,2.0,True,08,,True,True,BlockL1-8D6,,,,,,http://id.who.int/icd/entity/925785183,
http://id.who.int/icd/entity/363695674,http://id.who.int/icd/release/11/mms/363695674,8D61,,- - Intracranial hypotension,category,1.0,False,08,,False,True,BlockL1-8D6,,,,,,http://id.who.int/icd/entity/23958598,
http://id.who.int/icd/entity/1304151002,http://id.who.int/icd/release/11/mms/1304151002,8D61.0,,- - - Spontaneous intracranial hypotension,category,2.0,False,08,,True,True,BlockL1-8D6,,,,,,http://id.who.int/icd/entity/363695674,
http://id.who.int/icd/entity/847306949,http://id.who.int/icd/release/11/mms/847306949,8D61.1,,- - - Secondary intracranial hypotension,category,2.0,False,08,,True,True,BlockL1-8D6,,,,,,http://id.who.int/icd/entity/363695674,
,http://id.who.int/icd/release/11/mms/363695674/other,8D61.Y,,- - - Other specified intracranial hypotension,category,2.0,True,08,,True,True,BlockL1-8D6,,,,,,http://id.who.int/icd/entity/363695674,
,http://id.who.int/icd/release/11/mms/363695674/unspecified,8D61.Z,,"- - - Intracranial hypotension, unspecified",category,2.0,True,08,,True,True,BlockL1-8D6,,,,,,http://id.who.int/icd/entity/363695674,
http://id.who.int/icd/entity/1951379921,http://id.who.int/icd/release/11/mms/1951379921,8D62,,- - Cerebrospinal fluid rhinorrhoea,category,1.0,False,08,,True,True,BlockL1-8D6,,,,,,http://id.who.int/icd/entity/23958598,
http://id.who.int/icd/entity/396857647,http://id.who.int/icd/release/11/mms/396857647,8D63,,- - Cerebrospinal fluid otorrhoea,category,1.0,False,08,,True,True,BlockL1-8D6,,,,,,http://id.who.int/icd/entity/23958598,
http://id.who.int/icd/entity/574533444,http://id.who.int/icd/release/11/mms/574533444,8D64,,- - Hydrocephalus,category,1.0,False,08,,False,True,BlockL1-8D6,,,,,,http://id.who.int/icd/entity/23958598,
http://id.who.int/icd/entity/186577228,http://id.who.int/icd/release/11/mms/186577228,8D64.0,,- - - Communicating hydrocephalus,category,2.0,False,08,,False,True,BlockL1-8D6,,,,,,http://id.who.int/icd/entity/574533444,
http://id.who.int/icd/entity/2109061166,http://id.who.int/icd/release/11/mms/2109061166,8D64.00,,- - - - Increased cerebrospinal fluid production,category,3.0,False,08,,True,True,BlockL1-8D6,,,,,,http://id.who.int/icd/entity/186577228,
http://id.who.int/icd/entity/969058597,http://id.who.int/icd/release/11/mms/969058597,8D64.01,,- - - - Congenital agenesis of arachnoid villi,category,3.0,False,08,,True,True,BlockL1-8D6,,,,,,http://id.who.int/icd/entity/186577228,
http://id.who.int/icd/entity/760084407,http://id.who.int/icd/release/11/mms/760084407,8D64.02,,- - - - Post haemorrhagic hydrocephalus,category,3.0,False,08,,True,True,BlockL1-8D6,,,,,,http://id.who.int/icd/entity/186577228,
http://id.who.int/icd/entity/140858085,http://id.who.int/icd/release/11/mms/140858085,8D64.03,,- - - - Post traumatic hydrocephalus,category,3.0,False,08,,True,True,BlockL1-8D6,,,,,,http://id.who.int/icd/entity/186577228,
http://id.who.int/icd/entity/1507346489,http://id.who.int/icd/release/11/mms/1507346489,8D64.04,,- - - - Normal-pressure hydrocephalus,category,3.0,False,08,,True,True,BlockL1-8D6,,,,,,http://id.who.int/icd/entity/186577228,
,http://id.who.int/icd/release/11/mms/186577228/other,8D64.0Y,,- - - - Other specified communicating hydrocephalus,category,3.0,True,08,,True,True,BlockL1-8D6,,,,,,http://id.who.int/icd/entity/186577228,
,http://id.who.int/icd/release/11/mms/186577228/unspecified,8D64.0Z,,"- - - - Communicating hydrocephalus, unspecified",category,3.0,True,08,,True,True,BlockL1-8D6,,,,,,http://id.who.int/icd/entity/186577228,
http://id.who.int/icd/entity/210183601,http://id.who.int/icd/release/11/mms/210183601,8D64.1,,- - - Non-communicating hydrocephalus,category,2.0,False,08,,False,True,BlockL1-8D6,,,,,,http://id.who.int/icd/entity/574533444,
http://id.who.int/icd/entity/1943473314,http://id.who.int/icd/release/11/mms/1943473314,8D64.10,,- - - - Hydrocephalus due to structural malformations,category,3.0,False,08,,True,True,BlockL1-8D6,,,,,,http://id.who.int/icd/entity/210183601,
,http://id.who.int/icd/release/11/mms/210183601/other,8D64.1Y,,- - - - Other specified non-communicating hydrocephalus,category,3.0,True,08,,True,True,BlockL1-8D6,,,,,,http://id.who.int/icd/entity/210183601,
,http://id.who.int/icd/release/11/mms/210183601/unspecified,8D64.1Z,,"- - - - Non-communicating hydrocephalus, unspecified",category,3.0,True,08,,True,True,BlockL1-8D6,,,,,,http://id.who.int/icd/entity/210183601,
http://id.who.int/icd/entity/175641220,http://id.who.int/icd/release/11/mms/175641220,8D64.2,,- - - Ex-vacuo hydrocephalus,category,2.0,False,08,,True,True,BlockL1-8D6,,,,,,http://id.who.int/icd/entity/574533444,
,http://id.who.int/icd/release/11/mms/574533444/unspecified,8D64.Z,,"- - - Hydrocephalus, unspecified",category,2.0,True,08,,True,True,BlockL1-8D6,,,,,,http://id.who.int/icd/entity/574533444,
http://id.who.int/icd/entity/501432887,http://id.who.int/icd/release/11/mms/501432887,8D65,,- - Cerebrospinal fluid fistula,category,1.0,False,08,,True,True,BlockL1-8D6,,,,,,http://id.who.int/icd/entity/23958598,
http://id.who.int/icd/entity/1925186604,http://id.who.int/icd/release/11/mms/1925186604,8D66,,- - Syringomyelia or syringobulbia,category,1.0,False,08,,False,True,BlockL1-8D6,,,,,,http://id.who.int/icd/entity/23958598,
http://id.who.int/icd/entity/1218010255,http://id.who.int/icd/release/11/mms/1218010255,8D66.0,,- - - Idiopathic syringomyelia,category,2.0,False,08,,True,True,BlockL1-8D6,,,,,,http://id.who.int/icd/entity/1925186604,
http://id.who.int/icd/entity/1644720463,http://id.who.int/icd/release/11/mms/1644720463,8D66.1,,- - - Syringomyelia due to certain specified cause,category,2.0,False,08,,True,True,BlockL1-8D6,,,,,,http://id.who.int/icd/entity/1925186604,
http://id.who.int/icd/entity/500607680,http://id.who.int/icd/release/11/mms/500607680,8D66.2,,- - - Syringobulbia,category,2.0,False,08,,True,True,BlockL1-8D6,,,,,,http://id.who.int/icd/entity/1925186604,
,http://id.who.int/icd/release/11/mms/1925186604/other,8D66.Y,,- - - Other specified syringomyelia or syringobulbia,category,2.0,True,08,,True,True,BlockL1-8D6,,,,,,http://id.who.int/icd/entity/1925186604,
,http://id.who.int/icd/release/11/mms/1925186604/unspecified,8D66.Z,,"- - - Syringomyelia or syringobulbia, unspecified",category,2.0,True,08,,True,True,BlockL1-8D6,,,,,,http://id.who.int/icd/entity/1925186604,
http://id.who.int/icd/entity/943887241,http://id.who.int/icd/release/11/mms/943887241,8D67,,- - Intracranial arachnoid cyst,category,1.0,False,08,,True,True,BlockL1-8D6,,,,,,http://id.who.int/icd/entity/23958598,
http://id.who.int/icd/entity/39546655,http://id.who.int/icd/release/11/mms/39546655,8D68,,- - Porencephalic cyst,category,1.0,False,08,,True,True,BlockL1-8D6,,,,,,http://id.who.int/icd/entity/23958598,
,http://id.who.int/icd/release/11/mms/23958598/other,8D6Y,,- - Other specified disorders of cerebrospinal fluid pressure or flow,category,1.0,True,08,,True,True,BlockL1-8D6,,,,,,http://id.who.int/icd/entity/23958598,
,http://id.who.int/icd/release/11/mms/23958598/unspecified,8D6Z,,"- - Disorders of cerebrospinal fluid pressure or flow, unspecified",category,1.0,True,08,,True,True,BlockL1-8D6,,,,,,http://id.who.int/icd/entity/23958598,
http://id.who.int/icd/entity/1397803237,http://id.who.int/icd/release/11/mms/1397803237,,BlockL1-8D8,- Disorders of autonomic nervous system,block,1.0,False,08,,False,,,,,,,,http://id.who.int/icd/entity/1296093776,
http://id.who.int/icd/entity/2116276188,http://id.who.int/icd/release/11/mms/2116276188,8D80,,- - Congenital malformations of the autonomic nervous system,category,1.0,False,08,,True,True,BlockL1-8D8,,,,,,http://id.who.int/icd/entity/1397803237,
http://id.who.int/icd/entity/277330929,http://id.who.int/icd/release/11/mms/277330929,8D81,,- - Inherited autonomic nervous system disorders,category,1.0,False,08,,True,True,BlockL1-8D8,,,,,,http://id.who.int/icd/entity/1397803237,
http://id.who.int/icd/entity/1160623406,http://id.who.int/icd/release/11/mms/1160623406,8D82,,- - Autoimmune disorders involving the autonomic nervous system,category,1.0,False,08,,True,True,BlockL1-8D8,,,,,,http://id.who.int/icd/entity/1397803237,
http://id.who.int/icd/entity/1581548100,http://id.who.int/icd/release/11/mms/1581548100,8D83,,- - Autonomic nervous system disorder due to infection,category,1.0,False,08,,True,False,BlockL1-8D8,,,,,,http://id.who.int/icd/entity/1397803237,
http://id.who.int/icd/entity/734022291,http://id.who.int/icd/release/11/mms/734022291,8D84,,- - Pure autonomic nervous system failure,category,1.0,False,08,,True,True,BlockL1-8D8,,,,,,http://id.who.int/icd/entity/1397803237,
http://id.who.int/icd/entity/203881550,http://id.who.int/icd/release/11/mms/203881550,8D85,,- - Autonomic nervous system disorder due to substances,category,1.0,False,08,,True,True,BlockL1-8D8,,,,,,http://id.who.int/icd/entity/1397803237,
http://id.who.int/icd/entity/1664269943,http://id.who.int/icd/release/11/mms/1664269943,8D86,,- - Autonomic nervous system hyperactivity,category,1.0,False,08,,True,True,BlockL1-8D8,,,,,,http://id.who.int/icd/entity/1397803237,
http://id.who.int/icd/entity/1788999168,http://id.who.int/icd/release/11/mms/1788999168,8D87,,- - Autonomic nervous system disorder due to certain specified neurodegenerative disorder,category,1.0,False,08,,False,True,BlockL1-8D8,,,,,,http://id.who.int/icd/entity/1397803237,
http://id.who.int/icd/entity/1890931931,http://id.who.int/icd/release/11/mms/1890931931,8D87.0,,- - - Multiple system atrophy,category,2.0,False,08,,False,True,BlockL1-8D8,,,,,,http://id.who.int/icd/entity/1788999168,
http://id.who.int/icd/entity/1585600114,http://id.who.int/icd/release/11/mms/1585600114,8D87.00,,"- - - - Multiple system atrophy, Cerebellar type",category,3.0,False,08,,True,True,BlockL1-8D8,,,,,,http://id.who.int/icd/entity/1890931931,
http://id.who.int/icd/entity/296753000,http://id.who.int/icd/release/11/mms/296753000,8D87.01,,"- - - - Multiple system atrophy, Parkinsonism",category,3.0,False,08,,True,True,BlockL1-8D8,,,,,,http://id.who.int/icd/entity/1890931931,
,http://id.who.int/icd/release/11/mms/1890931931/other,8D87.0Y,,- - - - Other specified multiple system atrophy,category,3.0,True,08,,True,True,BlockL1-8D8,,,,,,http://id.who.int/icd/entity/1890931931,
,http://id.who.int/icd/release/11/mms/1890931931/unspecified,8D87.0Z,,"- - - - Multiple system atrophy, unspecified",category,3.0,True,08,,True,True,BlockL1-8D8,,,,,,http://id.who.int/icd/entity/1890931931,
,http://id.who.int/icd/release/11/mms/1788999168/other,8D87.Y,,- - - Other specified autonomic nervous system disorder due to specified neurodegenerative disorder,category,2.0,True,08,,True,True,BlockL1-8D8,,,,,,http://id.who.int/icd/entity/1788999168,
http://id.who.int/icd/entity/1521910549,http://id.who.int/icd/release/11/mms/1521910549,8D88,,- - Autonomic neuropathies,category,1.0,False,08,,False,True,BlockL1-8D8,,,,,,http://id.who.int/icd/entity/1397803237,
http://id.who.int/icd/entity/127264300,http://id.who.int/icd/release/11/mms/127264300,8D88.0,,- - - Autonomic neuropathy due to sodium channelopathies,category,2.0,False,08,,True,True,BlockL1-8D8,,,,,,http://id.who.int/icd/entity/1521910549,
http://id.who.int/icd/entity/1129679469,http://id.who.int/icd/release/11/mms/1129679469,8D88.1,,- - - Autonomic neuropathy due to diabetes mellitus,category,2.0,False,08,,True,True,BlockL1-8D8,,,,,Always assign an additional code for diabetes mellitus.,http://id.who.int/icd/entity/1521910549,
http://id.who.int/icd/entity/2014951545,http://id.who.int/icd/release/11/mms/2014951545,8D88.2,,- - - Immune mediated autonomic neuropathy,category,2.0,False,08,,True,True,BlockL1-8D8,,,,,,http://id.who.int/icd/entity/1521910549,
http://id.who.int/icd/entity/216771343,http://id.who.int/icd/release/11/mms/216771343,8D88.3,,- - - Autonomic disorder due to toxins,category,2.0,False,08,,True,True,BlockL1-8D8,,,,,,http://id.who.int/icd/entity/1521910549,
http://id.who.int/icd/entity/1036220334,http://id.who.int/icd/release/11/mms/1036220334,8D88.4,,- - - Autonomic neuropathy in endocrine and metabolic diseases,category,2.0,False,08,,True,True,BlockL1-8D8,,,,,,http://id.who.int/icd/entity/1521910549,
,http://id.who.int/icd/release/11/mms/1521910549/other,8D88.Y,,- - - Other specified autonomic neuropathies,category,2.0,True,08,,True,True,BlockL1-8D8,,,,,,http://id.who.int/icd/entity/1521910549,
,http://id.who.int/icd/release/11/mms/1521910549/unspecified,8D88.Z,,"- - - Autonomic neuropathies, unspecified",category,2.0,True,08,,True,True,BlockL1-8D8,,,,,,http://id.who.int/icd/entity/1521910549,
http://id.who.int/icd/entity/1611190259,http://id.who.int/icd/release/11/mms/1611190259,8D89,,- - Disorders of orthostatic tolerance,category,1.0,False,08,,False,True,BlockL1-8D8,,,,,,http://id.who.int/icd/entity/1397803237,
http://id.who.int/icd/entity/952365682,http://id.who.int/icd/release/11/mms/952365682,8D89.0,,- - - Reflex syncope,category,2.0,False,08,,True,True,BlockL1-8D8,,,,,,http://id.who.int/icd/entity/1611190259,
http://id.who.int/icd/entity/177994271,http://id.who.int/icd/release/11/mms/177994271,8D89.1,,- - - Syncope due to autonomic failure,category,2.0,False,08,,True,True,BlockL1-8D8,,,,,,http://id.who.int/icd/entity/1611190259,
http://id.who.int/icd/entity/1533647472,http://id.who.int/icd/release/11/mms/1533647472,8D89.2,,- - - Postural orthostatic tachycardia syndrome,category,2.0,False,08,,True,True,BlockL1-8D8,,,,,,http://id.who.int/icd/entity/1611190259,
http://id.who.int/icd/entity/880662615,http://id.who.int/icd/release/11/mms/880662615,8D89.3,,- - - Baroreflex failure,category,2.0,False,08,,True,True,BlockL1-8D8,,,,,,http://id.who.int/icd/entity/1611190259,
,http://id.who.int/icd/release/11/mms/1611190259/other,8D89.Y,,- - - Other specified disorders of orthostatic tolerance,category,2.0,True,08,,True,True,BlockL1-8D8,,,,,,http://id.who.int/icd/entity/1611190259,
,http://id.who.int/icd/release/11/mms/1611190259/unspecified,8D89.Z,,"- - - Disorders of orthostatic tolerance, unspecified",category,2.0,True,08,,True,True,BlockL1-8D8,,,,,,http://id.who.int/icd/entity/1611190259,
http://id.who.int/icd/entity/1525992437,http://id.who.int/icd/release/11/mms/1525992437,8D8A,,- - Focal or segmental autonomic disorders,category,1.0,False,08,,False,True,BlockL1-8D8,,,,,,http://id.who.int/icd/entity/1397803237,
http://id.who.int/icd/entity/178756462,http://id.who.int/icd/release/11/mms/178756462,8D8A.1,,- - - Horner syndrome,category,2.0,False,08,,True,True,BlockL1-8D8,,,,,,http://id.who.int/icd/entity/1525992437,
http://id.who.int/icd/entity/945171796,http://id.who.int/icd/release/11/mms/945171796,8D8A.2,,- - - Episodic anisocoria,category,2.0,False,08,,True,True,BlockL1-8D8,,,,,,http://id.who.int/icd/entity/1525992437,
,http://id.who.int/icd/release/11/mms/1525992437/other,8D8A.Y,,- - - Other specified focal or segmental autonomic disorders,category,2.0,True,08,,True,True,BlockL1-8D8,,,,,,http://id.who.int/icd/entity/1525992437,
,http://id.who.int/icd/release/11/mms/1525992437/unspecified,8D8A.Z,,"- - - Focal or segmental autonomic disorders, unspecified",category,2.0,True,08,,True,True,BlockL1-8D8,,,,,,http://id.who.int/icd/entity/1525992437,
http://id.who.int/icd/entity/253529546,http://id.who.int/icd/release/11/mms/253529546,8D8B,,- - Disorders affecting autonomic synaptic neurotransmission,category,1.0,False,08,,True,True,BlockL1-8D8,,,,,,http://id.who.int/icd/entity/1397803237,
http://id.who.int/icd/entity/1401282234,http://id.who.int/icd/release/11/mms/1401282234,8D8C,,- - Autonomic dysreflexia,category,1.0,False,08,,True,True,BlockL1-8D8,,,,,,http://id.who.int/icd/entity/1397803237,
http://id.who.int/icd/entity/468605135,http://id.who.int/icd/release/11/mms/468605135,8D8D,,- - Hypoglycaemia unawareness,category,1.0,False,08,,True,True,BlockL1-8D8,,,,,,http://id.who.int/icd/entity/1397803237,
,http://id.who.int/icd/release/11/mms/1397803237/other,8D8Y,,- - Other specified disorders of autonomic nervous system,category,1.0,True,08,,True,True,BlockL1-8D8,,,,,,http://id.who.int/icd/entity/1397803237,
,http://id.who.int/icd/release/11/mms/1397803237/unspecified,8D8Z,,"- - Disorders of autonomic nervous system, unspecified",category,1.0,True,08,,True,True,BlockL1-8D8,,,,,,http://id.who.int/icd/entity/1397803237,
http://id.who.int/icd/entity/1965146397,http://id.who.int/icd/release/11/mms/1965146397,,BlockL1-8E0,- Human prion diseases,block,1.0,False,08,,False,,,,,,,,http://id.who.int/icd/entity/1296093776,
http://id.who.int/icd/entity/1553463690,http://id.who.int/icd/release/11/mms/1553463690,8E00,,- - Sporadic Creutzfeldt-Jakob Disease,category,1.0,False,08,,True,True,BlockL1-8E0,,,,,,http://id.who.int/icd/entity/1965146397,
http://id.who.int/icd/entity/672974943,http://id.who.int/icd/release/11/mms/672974943,8E01,,- - Acquired prion disease,category,1.0,False,08,,False,True,BlockL1-8E0,,,,,,http://id.who.int/icd/entity/1965146397,
http://id.who.int/icd/entity/437591130,http://id.who.int/icd/release/11/mms/437591130,8E01.0,,- - - Iatrogenically acquired Creutzfeldt-Jakob Disease,category,2.0,False,08,,True,True,BlockL1-8E0,,,,,,http://id.who.int/icd/entity/672974943,
http://id.who.int/icd/entity/553889510,http://id.who.int/icd/release/11/mms/553889510,8E01.1,,- - - Kuru,category,2.0,False,08,,True,True,BlockL1-8E0,,,,,,http://id.who.int/icd/entity/672974943,
http://id.who.int/icd/entity/378572696,http://id.who.int/icd/release/11/mms/378572696,8E01.2,,- - - Variant Creutzfeldt-Jakob Disease,category,2.0,False,08,,True,True,BlockL1-8E0,,,,,,http://id.who.int/icd/entity/672974943,
http://id.who.int/icd/entity/873684477,http://id.who.int/icd/release/11/mms/873684477,8E01.3,,- - - Other acquired Creutzfeldt-Jakob Disease,category,2.0,False,08,,True,True,BlockL1-8E0,,,,,,http://id.who.int/icd/entity/672974943,
,http://id.who.int/icd/release/11/mms/672974943/unspecified,8E01.Z,,"- - - Acquired prion disease, unspecified",category,2.0,True,08,,True,True,BlockL1-8E0,,,,,,http://id.who.int/icd/entity/672974943,
http://id.who.int/icd/entity/542527938,http://id.who.int/icd/release/11/mms/542527938,8E02,,- - Genetic prion diseases,category,1.0,False,08,,False,True,BlockL1-8E0,,,,,,http://id.who.int/icd/entity/1965146397,
http://id.who.int/icd/entity/607607042,http://id.who.int/icd/release/11/mms/607607042,8E02.0,,- - - Genetic Creutzfeldt-Jakob disease,category,2.0,False,08,,True,True,BlockL1-8E0,,,,,,http://id.who.int/icd/entity/542527938,
http://id.who.int/icd/entity/406818835,http://id.who.int/icd/release/11/mms/406818835,8E02.1,,- - - Gerstmann-Straussler-Scheinker syndrome,category,2.0,False,08,,True,True,BlockL1-8E0,,,,,,http://id.who.int/icd/entity/542527938,
http://id.who.int/icd/entity/669154658,http://id.who.int/icd/release/11/mms/669154658,8E02.2,,- - - Fatal familial insomnia,category,2.0,False,08,,True,True,BlockL1-8E0,,,,,,http://id.who.int/icd/entity/542527938,
,http://id.who.int/icd/release/11/mms/542527938/other,8E02.Y,,- - - Other specified genetic prion diseases,category,2.0,True,08,,True,True,BlockL1-8E0,,,,,,http://id.who.int/icd/entity/542527938,
,http://id.who.int/icd/release/11/mms/542527938/unspecified,8E02.Z,,"- - - Genetic prion diseases, unspecified",category,2.0,True,08,,True,True,BlockL1-8E0,,,,,,http://id.who.int/icd/entity/542527938,
http://id.who.int/icd/entity/172957869,http://id.who.int/icd/release/11/mms/172957869,8E03,,- - Variably protease sensitive prionopathy,category,1.0,False,08,,True,True,BlockL1-8E0,,,,,,http://id.who.int/icd/entity/1965146397,
,http://id.who.int/icd/release/11/mms/1965146397/other,8E0Y,,- - Other specified human prion diseases,category,1.0,True,08,,True,True,BlockL1-8E0,,,,,,http://id.who.int/icd/entity/1965146397,
,http://id.who.int/icd/release/11/mms/1965146397/unspecified,8E0Z,,"- - Human prion diseases, unspecified",category,1.0,True,08,,True,True,BlockL1-8E0,,,,,,http://id.who.int/icd/entity/1965146397,
http://id.who.int/icd/entity/81068077,http://id.who.int/icd/release/11/mms/81068077,,BlockL1-8E2,- Disorders of consciousness,block,1.0,False,08,,False,,,,,,,,http://id.who.int/icd/entity/1296093776,
http://id.who.int/icd/entity/920441900,http://id.who.int/icd/release/11/mms/920441900,8E20,,- - Persistent vegetative state,category,1.0,False,08,,True,True,BlockL1-8E2,,,,,,http://id.who.int/icd/entity/81068077,
http://id.who.int/icd/entity/151075161,http://id.who.int/icd/release/11/mms/151075161,8E21,,- - Permanent vegetative state,category,1.0,False,08,,True,True,BlockL1-8E2,,,,,,http://id.who.int/icd/entity/81068077,
http://id.who.int/icd/entity/1049761831,http://id.who.int/icd/release/11/mms/1049761831,8E22,,- - Minimally conscious state,category,1.0,False,08,,False,True,BlockL1-8E2,,,,,,http://id.who.int/icd/entity/81068077,
http://id.who.int/icd/entity/627002292,http://id.who.int/icd/release/11/mms/627002292,8E22.0,,- - - Minimally conscious state plus,category,2.0,False,08,,True,True,BlockL1-8E2,,,,,,http://id.who.int/icd/entity/1049761831,
http://id.who.int/icd/entity/391552949,http://id.who.int/icd/release/11/mms/391552949,8E22.1,,- - - Minimally conscious state minus,category,2.0,False,08,,True,True,BlockL1-8E2,,,,,,http://id.who.int/icd/entity/1049761831,
,http://id.who.int/icd/release/11/mms/1049761831/other,8E22.Y,,- - - Other specified minimally conscious state,category,2.0,True,08,,True,True,BlockL1-8E2,,,,,,http://id.who.int/icd/entity/1049761831,
,http://id.who.int/icd/release/11/mms/1049761831/unspecified,8E22.Z,,"- - - Minimally conscious state, unspecified",category,2.0,True,08,,True,True,BlockL1-8E2,,,,,,http://id.who.int/icd/entity/1049761831,
,http://id.who.int/icd/release/11/mms/81068077/other,8E2Y,,- - Other specified disorders of consciousness,category,1.0,True,08,,True,True,BlockL1-8E2,,,,,,http://id.who.int/icd/entity/81068077,
,http://id.who.int/icd/release/11/mms/81068077/unspecified,8E2Z,,"- - Disorders of consciousness, unspecified",category,1.0,True,08,,True,True,BlockL1-8E2,,,,,,http://id.who.int/icd/entity/81068077,
http://id.who.int/icd/entity/988657115,http://id.who.int/icd/release/11/mms/988657115,,BlockL1-8E4,- Certain disorders of the nervous system,block,1.0,False,08,,False,,,,,,,,http://id.who.int/icd/entity/1296093776,
http://id.who.int/icd/entity/631153919,http://id.who.int/icd/release/11/mms/631153919,8E40,,- - Disorders of the meninges excluding infection,category,1.0,False,08,,False,True,BlockL1-8E4,,,,,,http://id.who.int/icd/entity/988657115,
http://id.who.int/icd/entity/262966673,http://id.who.int/icd/release/11/mms/262966673,8E40.0,,- - - Neoplastic meningitis,category,2.0,False,08,,True,True,BlockL1-8E4,,,,,,http://id.who.int/icd/entity/631153919,
http://id.who.int/icd/entity/1988072105,http://id.who.int/icd/release/11/mms/1988072105,8E40.1,,- - - Chemical meningitis,category,2.0,False,08,,True,True,BlockL1-8E4,,,,,,http://id.who.int/icd/entity/631153919,
http://id.who.int/icd/entity/50907154,http://id.who.int/icd/release/11/mms/50907154,8E40.2,,- - - Inflammatory meningitis,category,2.0,False,08,,True,True,BlockL1-8E4,,,,,,http://id.who.int/icd/entity/631153919,
http://id.who.int/icd/entity/414817254,http://id.who.int/icd/release/11/mms/414817254,8E40.3,,- - - Arachnoiditis,category,2.0,False,08,,True,True,BlockL1-8E4,,,,,,http://id.who.int/icd/entity/631153919,
,http://id.who.int/icd/release/11/mms/631153919/other,8E40.Y,,- - - Other specified disorders of the meninges excluding infection,category,2.0,True,08,,True,True,BlockL1-8E4,,,,,,http://id.who.int/icd/entity/631153919,
,http://id.who.int/icd/release/11/mms/631153919/unspecified,8E40.Z,,"- - - Disorders of the meninges excluding infection, unspecified",category,2.0,True,08,,True,True,BlockL1-8E4,,,,,,http://id.who.int/icd/entity/631153919,
http://id.who.int/icd/entity/592562777,http://id.who.int/icd/release/11/mms/592562777,8E41,,- - Pachymeningitis,category,1.0,False,08,,False,True,BlockL1-8E4,,,,,,http://id.who.int/icd/entity/988657115,
http://id.who.int/icd/entity/1413081426,http://id.who.int/icd/release/11/mms/1413081426,8E41.0,,- - - Pachymeningitis due to infection,category,2.0,False,08,,True,True,BlockL1-8E4,,,,,,http://id.who.int/icd/entity/592562777,
http://id.who.int/icd/entity/2114942178,http://id.who.int/icd/release/11/mms/2114942178,8E41.1,,- - - Idiopathic hypertrophic pachymeningitis,category,2.0,False,08,,True,True,BlockL1-8E4,,,,,,http://id.who.int/icd/entity/592562777,
,http://id.who.int/icd/release/11/mms/592562777/other,8E41.Y,,- - - Other specified pachymeningitis,category,2.0,True,08,,True,True,BlockL1-8E4,,,,,,http://id.who.int/icd/entity/592562777,
,http://id.who.int/icd/release/11/mms/592562777/unspecified,8E41.Z,,"- - - Pachymeningitis, unspecified",category,2.0,True,08,,True,True,BlockL1-8E4,,,,,,http://id.who.int/icd/entity/592562777,
http://id.who.int/icd/entity/931843870,http://id.who.int/icd/release/11/mms/931843870,8E42,,- - Superficial siderosis of the nervous system,category,1.0,False,08,,True,True,BlockL1-8E4,,,,,,http://id.who.int/icd/entity/988657115,
http://id.who.int/icd/entity/292232825,http://id.who.int/icd/release/11/mms/292232825,8E43,,- - Pain disorders,category,1.0,False,08,,False,True,BlockL1-8E4,,,,,,http://id.who.int/icd/entity/988657115,
http://id.who.int/icd/entity/1339785363,http://id.who.int/icd/release/11/mms/1339785363,8E43.0,,- - - Neuropathic pain,category,2.0,False,08,,False,True,BlockL1-8E4,,,,,,http://id.who.int/icd/entity/292232825,
http://id.who.int/icd/entity/1994899048,http://id.who.int/icd/release/11/mms/1994899048,8E43.00,,- - - - Phantom limb syndrome,category,3.0,False,08,,True,True,BlockL1-8E4,,,,,,http://id.who.int/icd/entity/1339785363,
,http://id.who.int/icd/release/11/mms/1339785363/other,8E43.0Y,,- - - - Other specified neuropathic pain,category,3.0,True,08,,True,True,BlockL1-8E4,,,,,,http://id.who.int/icd/entity/1339785363,
,http://id.who.int/icd/release/11/mms/1339785363/unspecified,8E43.0Z,,"- - - - Neuropathic pain, unspecified",category,3.0,True,08,,True,True,BlockL1-8E4,,,,,,http://id.who.int/icd/entity/1339785363,
,http://id.who.int/icd/release/11/mms/292232825/other,8E43.Y,,- - - Other specified pain disorders,category,2.0,True,08,,True,True,BlockL1-8E4,,,,,,http://id.who.int/icd/entity/292232825,
,http://id.who.int/icd/release/11/mms/292232825/unspecified,8E43.Z,,"- - - Pain disorders, unspecified",category,2.0,True,08,,True,True,BlockL1-8E4,,,,,,http://id.who.int/icd/entity/292232825,
http://id.who.int/icd/entity/1054910242,http://id.who.int/icd/release/11/mms/1054910242,8E44,,- - Post anoxic brain damage,category,1.0,False,08,,True,True,BlockL1-8E4,,,,,,http://id.who.int/icd/entity/988657115,
http://id.who.int/icd/entity/17562655,http://id.who.int/icd/release/11/mms/17562655,8E45,,- - Locked-in syndrome,category,1.0,False,08,,True,True,BlockL1-8E4,,,,,,http://id.who.int/icd/entity/988657115,
http://id.who.int/icd/entity/649014905,http://id.who.int/icd/release/11/mms/649014905,8E46,,- - Reye syndrome,category,1.0,False,08,,True,True,BlockL1-8E4,,,,,,http://id.who.int/icd/entity/988657115,
http://id.who.int/icd/entity/1375895174,http://id.who.int/icd/release/11/mms/1375895174,8E47,,"- - Encephalopathy, not elsewhere classified",category,1.0,False,08,,True,False,BlockL1-8E4,,,,,,http://id.who.int/icd/entity/988657115,
http://id.who.int/icd/entity/1993680150,http://id.who.int/icd/release/11/mms/1993680150,8E48,,"- - Encephalitis, not elsewhere classified",category,1.0,False,08,,True,True,BlockL1-8E4,,,,,,http://id.who.int/icd/entity/988657115,
http://id.who.int/icd/entity/569175314,http://id.who.int/icd/release/11/mms/569175314,8E49,,- - Postviral fatigue syndrome,category,1.0,False,08,,True,True,BlockL1-8E4,,,,,,http://id.who.int/icd/entity/988657115,
http://id.who.int/icd/entity/1058231555,http://id.who.int/icd/release/11/mms/1058231555,8E4A,,- - Paraneoplastic or autoimmune disorders of the nervous system,category,1.0,False,08,,False,False,BlockL1-8E4,,,,,,http://id.who.int/icd/entity/988657115,
http://id.who.int/icd/entity/496011112,http://id.who.int/icd/release/11/mms/496011112,8E4A.0,,"- - - Paraneoplastic or autoimmune disorders of the central nervous system, brain or spinal cord",category,2.0,False,08,,True,False,BlockL1-8E4,,,,,,http://id.who.int/icd/entity/1058231555,
http://id.who.int/icd/entity/1029892421,http://id.who.int/icd/release/11/mms/1029892421,8E4A.1,,- - - Paraneoplastic or autoimmune disorders of the peripheral or autonomic nervous system,category,2.0,False,08,,True,False,BlockL1-8E4,,,,,,http://id.who.int/icd/entity/1058231555,
http://id.who.int/icd/entity/1381491944,http://id.who.int/icd/release/11/mms/1381491944,8E4A.2,,- - - Paraneoplastic or autoimmune neuromuscular transmission disorders,category,2.0,False,08,,True,False,BlockL1-8E4,,,,,,http://id.who.int/icd/entity/1058231555,
http://id.who.int/icd/entity/1129607960,http://id.who.int/icd/release/11/mms/1129607960,8E4A.3,,- - - Paraneoplastic or autoimmune disorders of the muscle,category,2.0,False,08,,True,False,BlockL1-8E4,,,,,,http://id.who.int/icd/entity/1058231555,
,http://id.who.int/icd/release/11/mms/1058231555/other,8E4A.Y,,- - - Other specified paraneoplastic or autoimmune disorders of the nervous system,category,2.0,True,08,,True,False,BlockL1-8E4,,,,,,http://id.who.int/icd/entity/1058231555,
,http://id.who.int/icd/release/11/mms/1058231555/unspecified,8E4A.Z,,"- - - Paraneoplastic or autoimmune disorders of the nervous system, unspecified",category,2.0,True,08,,True,False,BlockL1-8E4,,,,,,http://id.who.int/icd/entity/1058231555,
http://id.who.int/icd/entity/1510094736,http://id.who.int/icd/release/11/mms/1510094736,,BlockL1-8E6,- Postprocedural disorders of the nervous system,block,1.0,False,08,,False,,,,,,,,http://id.who.int/icd/entity/1296093776,
http://id.who.int/icd/entity/2119823866,http://id.who.int/icd/release/11/mms/2119823866,8E60,,- - Post ventricular shunting leak,category,1.0,False,08,,True,True,BlockL1-8E6,,,,,,http://id.who.int/icd/entity/1510094736,
http://id.who.int/icd/entity/1326708572,http://id.who.int/icd/release/11/mms/1326708572,8E61,,- - Post radiation injury of the nervous system,category,1.0,False,08,,False,True,BlockL1-8E6,,,,,,http://id.who.int/icd/entity/1510094736,
http://id.who.int/icd/entity/1677166437,http://id.who.int/icd/release/11/mms/1677166437,8E61.0,,- - - Radiation-induced brain injury,category,2.0,False,08,,True,True,BlockL1-8E6,,,,,,http://id.who.int/icd/entity/1326708572,
http://id.who.int/icd/entity/173980297,http://id.who.int/icd/release/11/mms/173980297,8E61.1,,- - - Spinal cord irradiation,category,2.0,False,08,,True,True,BlockL1-8E6,,,,,,http://id.who.int/icd/entity/1326708572,
,http://id.who.int/icd/release/11/mms/1326708572/unspecified,8E61.Z,,"- - - Post radiation injury of the nervous system, unspecified",category,2.0,True,08,,True,True,BlockL1-8E6,,,,,,http://id.who.int/icd/entity/1326708572,
http://id.who.int/icd/entity/650483154,http://id.who.int/icd/release/11/mms/650483154,8E62,,- - Postprocedural meningitis,category,1.0,False,08,,True,True,BlockL1-8E6,,,,,,http://id.who.int/icd/entity/1510094736,
http://id.who.int/icd/entity/1874488044,http://id.who.int/icd/release/11/mms/1874488044,8E63,,- - Post pump encephalopathy,category,1.0,False,08,,True,True,BlockL1-8E6,,,,,,http://id.who.int/icd/entity/1510094736,
http://id.who.int/icd/entity/1264526752,http://id.who.int/icd/release/11/mms/1264526752,8E64,,- - Multifocal cerebral infarctions,category,1.0,False,08,,True,True,BlockL1-8E6,,,,,,http://id.who.int/icd/entity/1510094736,
http://id.who.int/icd/entity/218792925,http://id.who.int/icd/release/11/mms/218792925,8E66,,- - Intracranial hypotension due to lumbar puncture,category,1.0,False,08,,True,True,BlockL1-8E6,,,,,,http://id.who.int/icd/entity/1510094736,
http://id.who.int/icd/entity/525068797,http://id.who.int/icd/release/11/mms/525068797,8E67,,- - Cerebrospinal fluid leak due to surgery or lumbar puncture,category,1.0,False,08,,True,True,BlockL1-8E6,,,,,,http://id.who.int/icd/entity/1510094736,
,http://id.who.int/icd/release/11/mms/1296093776/other,8E7Y,,- Other specified diseases of the nervous system,category,1.0,True,08,,True,True,,,,,,,http://id.who.int/icd/entity/1296093776,
,http://id.who.int/icd/release/11/mms/1296093776/unspecified,8E7Z,,"- Diseases of the nervous system, unspecified",category,1.0,True,08,,True,True,,,,,,,http://id.who.int/icd/entity/1296093776,
